{
	"credit": "Nelonn",
	"textures": {
		"texture": "ggo_assets:models/item/coin"
	},
	"elements": [
		{
			"name": "hexadecagon",
			"from": [6, 7.25, 10.5],
			"to": [10, 8.75, 11.5],
			"rotation": {"angle": 0, "axis": "y", "origin": [8, 8.75, 10.25]},
			"faces": {
				"north": {"uv": [0, 0, 1, 1], "texture": "#texture"},
				"east": {"uv": [0, 0, 1, 1], "texture": "#texture"},
				"south": {"uv": [0, 0, 1, 1], "texture": "#texture"},
				"west": {"uv": [0, 0, 1, 1], "texture": "#texture"},
				"up": {"uv": [0, 0, 1, 1], "texture": "#texture"},
				"down": {"uv": [0, 0, 1, 1], "texture": "#texture"}
			}
		},
		{
			"name": "hexadecagon",
			"from": [5, 7.25, 10.5],
			"to": [6, 8.75, 11.915],
			"rotation": {"angle": 45, "axis": "y", "origin": [5, 8.75, 10.5]},
			"faces": {
				"north": {"uv": [0, 0, 1, 1], "texture": "#texture"},
				"east": {"uv": [0, 0, 1, 1], "texture": "#texture"},
				"south": {"uv": [0, 0, 1, 1], "texture": "#texture"},
				"west": {"uv": [0, 0, 1, 1], "texture": "#texture"},
				"up": {"uv": [0, 0, 1, 1], "texture": "#texture"},
				"down": {"uv": [0, 0, 1, 1], "texture": "#texture"}
			}
		},
		{
			"name": "hexadecagon",
			"from": [5, 7.25, 7.5],
			"to": [6, 8.75, 8.915],
			"rotation": {"angle": 45, "axis": "y", "origin": [5, 8.75, 7.5]},
			"faces": {
				"north": {"uv": [0, 0, 1, 1], "texture": "#texture"},
				"east": {"uv": [0, 0, 1, 1], "texture": "#texture"},
				"south": {"uv": [0, 0, 1, 1], "texture": "#texture"},
				"west": {"uv": [0, 0, 1, 1], "texture": "#texture"},
				"up": {"uv": [0, 0, 1, 1], "texture": "#texture"},
				"down": {"uv": [0, 0, 1, 1], "texture": "#texture"}
			}
		},
		{
			"name": "hexadecagon",
			"from": [9, 7.25, 4.5],
			"to": [10, 8.75, 5.915],
			"rotation": {"angle": 45, "axis": "y", "origin": [10, 8.75, 4.5]},
			"faces": {
				"north": {"uv": [0, 0, 1, 1], "texture": "#texture"},
				"east": {"uv": [0, 0, 1, 1], "texture": "#texture"},
				"south": {"uv": [0, 0, 1, 1], "texture": "#texture"},
				"west": {"uv": [0, 0, 1, 1], "texture": "#texture"},
				"up": {"uv": [0, 0, 1, 1], "texture": "#texture"},
				"down": {"uv": [0, 0, 1, 1], "texture": "#texture"}
			}
		},
		{
			"name": "hexadecagon",
			"from": [4.99944, 7.25, 4.08523],
			"to": [5.99944, 8.75, 5.50023],
			"rotation": {"angle": -45, "axis": "y", "origin": [4.99944, 8.75, 5.49944]},
			"faces": {
				"north": {"uv": [0, 0, 1, 1], "texture": "#texture"},
				"east": {"uv": [0, 0, 1, 1], "texture": "#texture"},
				"south": {"uv": [0, 0, 1, 1], "texture": "#texture"},
				"west": {"uv": [0, 0, 1, 1], "texture": "#texture"},
				"up": {"uv": [0, 0, 1, 1], "texture": "#texture"},
				"down": {"uv": [0, 0, 1, 1], "texture": "#texture"}
			}
		},
		{
			"name": "hexadecagon",
			"from": [9.99866, 7.25, 10.49944],
			"to": [11.41366, 8.75, 11.49944],
			"rotation": {"angle": 45, "axis": "y", "origin": [9.99944, 8.75, 11.49944]},
			"faces": {
				"north": {"uv": [0, 0, 1, 1], "texture": "#texture"},
				"east": {"uv": [0, 0, 1, 1], "texture": "#texture"},
				"south": {"uv": [0, 0, 1, 1], "texture": "#texture"},
				"west": {"uv": [0, 0, 1, 1], "texture": "#texture"},
				"up": {"uv": [0, 0, 1, 1], "texture": "#texture"},
				"down": {"uv": [0, 0, 1, 1], "texture": "#texture"}
			}
		},
		{
			"name": "hexadecagon",
			"from": [6, 7.25, 4.5],
			"to": [10, 8.75, 5.5],
			"rotation": {"angle": 0, "axis": "y", "origin": [8, 8.75, 9.25]},
			"faces": {
				"north": {"uv": [0, 0, 1, 1], "texture": "#texture"},
				"east": {"uv": [0, 0, 1, 1], "texture": "#texture"},
				"south": {"uv": [0, 0, 1, 1], "texture": "#texture"},
				"west": {"uv": [0, 0, 1, 1], "texture": "#texture"},
				"up": {"uv": [0, 0, 1, 1], "texture": "#texture"},
				"down": {"uv": [0, 0, 1, 1], "texture": "#texture"}
			}
		},
		{
			"name": "hexadecagon",
			"from": [6, 7.25, 7.5],
			"to": [8, 8.75, 8.5],
			"rotation": {"angle": 0, "axis": "y", "origin": [6, 8.75, 12.25]},
			"faces": {
				"north": {"uv": [0, 0, 1, 1], "texture": "#texture"},
				"east": {"uv": [0, 0, 1, 1], "texture": "#texture"},
				"south": {"uv": [0, 0, 1, 1], "texture": "#texture"},
				"west": {"uv": [0, 0, 1, 1], "texture": "#texture"},
				"up": {"uv": [0, 0, 1, 1], "texture": "#texture"},
				"down": {"uv": [0, 0, 1, 1], "texture": "#texture"}
			}
		},
		{
			"name": "hexadecagon",
			"from": [5, 7.25, 5.5],
			"to": [6, 8.75, 7.5],
			"rotation": {"angle": 0, "axis": "y", "origin": [8, 8.625, 2.5]},
			"faces": {
				"north": {"uv": [0, 0, 1, 1], "texture": "#texture"},
				"east": {"uv": [0, 0, 1, 1], "texture": "#texture"},
				"south": {"uv": [0, 0, 1, 1], "texture": "#texture"},
				"west": {"uv": [0, 0, 1, 1], "texture": "#texture"},
				"up": {"uv": [0, 0, 1, 1], "texture": "#texture"},
				"down": {"uv": [0, 0, 1, 1], "texture": "#texture"}
			}
		},
		{
			"name": "hexadecagon",
			"from": [10, 7.25, 5.5],
			"to": [11, 8.75, 10.5],
			"rotation": {"angle": 0, "axis": "y", "origin": [13, 8.625, 8.5]},
			"faces": {
				"north": {"uv": [0, 0, 1, 1], "texture": "#texture"},
				"east": {"uv": [0, 0, 1, 1], "texture": "#texture"},
				"south": {"uv": [0, 0, 1, 1], "texture": "#texture"},
				"west": {"uv": [0, 0, 1, 1], "texture": "#texture"},
				"up": {"uv": [0, 0, 1, 1], "texture": "#texture"},
				"down": {"uv": [0, 0, 1, 1], "texture": "#texture"}
			}
		},
		{
			"name": "hexadecagon",
			"from": [5, 7.25, 9.5],
			"to": [6, 8.75, 10.5],
			"rotation": {"angle": 0, "axis": "y", "origin": [8, 8.625, 9.5]},
			"faces": {
				"north": {"uv": [0, 0, 1, 1], "texture": "#texture"},
				"east": {"uv": [0, 0, 1, 1], "texture": "#texture"},
				"south": {"uv": [0, 0, 1, 1], "texture": "#texture"},
				"west": {"uv": [0, 0, 1, 1], "texture": "#texture"},
				"up": {"uv": [0, 0, 1, 1], "texture": "#texture"},
				"down": {"uv": [0, 0, 1, 1], "texture": "#texture"}
			}
		},
		{
			"name": "hexadecagon",
			"from": [6.4087, 7, 0],
			"to": [9.5913, 9, 2],
			"rotation": {"angle": -45, "axis": "y", "origin": [8, 8, 8]},
			"faces": {
				"north": {"uv": [0, 1, 7, 6], "texture": "#texture"},
				"east": {"uv": [2, 0, 3, 1], "texture": "#texture"},
				"south": {"uv": [2, 0, 3, 1], "texture": "#texture"},
				"west": {"uv": [2, 0, 3, 1], "texture": "#texture"},
				"up": {"uv": [2, 0, 3, 1], "texture": "#texture"},
				"down": {"uv": [2, 0, 3, 1], "texture": "#texture"}
			}
		},
		{
			"name": "hexadecagon",
			"from": [6.4087, 7, 0],
			"to": [9.5913, 9, 2],
			"rotation": {"angle": -22.5, "axis": "y", "origin": [8, 8, 8]},
			"faces": {
				"north": {"uv": [0, 1, 7, 6], "texture": "#texture"},
				"east": {"uv": [2, 0, 3, 1], "texture": "#texture"},
				"south": {"uv": [2, 0, 3, 1], "texture": "#texture"},
				"west": {"uv": [2, 0, 3, 1], "texture": "#texture"},
				"up": {"uv": [2, 0, 3, 1], "texture": "#texture"},
				"down": {"uv": [2, 0, 3, 1], "texture": "#texture"}
			}
		},
		{
			"name": "hexadecagon",
			"from": [6.4087, 7, 0],
			"to": [9.5913, 9, 2],
			"faces": {
				"north": {"uv": [0, 1, 7, 6], "texture": "#texture"},
				"east": {"uv": [2, 0, 3, 1], "texture": "#texture"},
				"south": {"uv": [2, 0, 3, 1], "texture": "#texture"},
				"west": {"uv": [2, 0, 3, 1], "texture": "#texture"},
				"up": {"uv": [2, 0, 3, 1], "texture": "#texture"},
				"down": {"uv": [2, 0, 3, 1], "texture": "#texture"}
			}
		},
		{
			"name": "hexadecagon",
			"from": [6.4087, 7, 0],
			"to": [9.5913, 9, 2],
			"rotation": {"angle": 22.5, "axis": "y", "origin": [8, 8, 8]},
			"faces": {
				"north": {"uv": [0, 1, 7, 6], "texture": "#texture"},
				"east": {"uv": [2, 0, 3, 1], "texture": "#texture"},
				"south": {"uv": [2, 0, 3, 1], "texture": "#texture"},
				"west": {"uv": [2, 0, 3, 1], "texture": "#texture"},
				"up": {"uv": [2, 0, 3, 1], "texture": "#texture"},
				"down": {"uv": [2, 0, 3, 1], "texture": "#texture"}
			}
		},
		{
			"name": "hexadecagon",
			"from": [6.4087, 7, 0],
			"to": [9.5913, 9, 2],
			"rotation": {"angle": 45, "axis": "y", "origin": [8, 8, 8]},
			"faces": {
				"north": {"uv": [0, 1, 7, 6], "texture": "#texture"},
				"east": {"uv": [2, 0, 3, 1], "texture": "#texture"},
				"south": {"uv": [2, 0, 3, 1], "texture": "#texture"},
				"west": {"uv": [2, 0, 3, 1], "texture": "#texture"},
				"up": {"uv": [2, 0, 3, 1], "texture": "#texture"},
				"down": {"uv": [2, 0, 3, 1], "texture": "#texture"}
			}
		},
		{
			"name": "hexadecagon",
			"from": [0, 7, 6.4087],
			"to": [2, 9, 9.5913],
			"rotation": {"angle": -22.5, "axis": "y", "origin": [8, 8, 8]},
			"faces": {
				"north": {"uv": [2, 0, 3, 1], "texture": "#texture"},
				"east": {"uv": [2, 0, 3, 1], "texture": "#texture"},
				"south": {"uv": [2, 0, 3, 1], "texture": "#texture"},
				"west": {"uv": [0, 1, 7, 6], "texture": "#texture"},
				"up": {"uv": [2, 0, 3, 1], "texture": "#texture"},
				"down": {"uv": [2, 0, 3, 1], "texture": "#texture"}
			}
		},
		{
			"name": "hexadecagon",
			"from": [0, 7, 6.4087],
			"to": [2, 9, 9.5913],
			"faces": {
				"north": {"uv": [2, 0, 3, 1], "texture": "#texture"},
				"east": {"uv": [2, 0, 3, 1], "texture": "#texture"},
				"south": {"uv": [2, 0, 3, 1], "texture": "#texture"},
				"west": {"uv": [0, 1, 7, 6], "texture": "#texture"},
				"up": {"uv": [2, 0, 3, 1], "texture": "#texture"},
				"down": {"uv": [2, 0, 3, 1], "texture": "#texture"}
			}
		},
		{
			"name": "hexadecagon",
			"from": [0, 7, 6.4087],
			"to": [2, 9, 9.5913],
			"rotation": {"angle": 22.5, "axis": "y", "origin": [8, 8, 8]},
			"faces": {
				"north": {"uv": [2, 0, 3, 1], "texture": "#texture"},
				"east": {"uv": [2, 0, 3, 1], "texture": "#texture"},
				"south": {"uv": [2, 0, 3, 1], "texture": "#texture"},
				"west": {"uv": [0, 1, 7, 6], "texture": "#texture"},
				"up": {"uv": [2, 0, 3, 1], "texture": "#texture"},
				"down": {"uv": [2, 0, 3, 1], "texture": "#texture"}
			}
		},
		{
			"name": "hexadecagon",
			"from": [14, 7, 6.4087],
			"to": [16, 9, 9.5913],
			"rotation": {"angle": 22.5, "axis": "y", "origin": [8, 8, 8]},
			"faces": {
				"north": {"uv": [2, 0, 3, 1], "texture": "#texture"},
				"east": {"uv": [0, 1, 7, 6], "texture": "#texture"},
				"south": {"uv": [2, 0, 3, 1], "texture": "#texture"},
				"west": {"uv": [2, 0, 3, 1], "texture": "#texture"},
				"up": {"uv": [2, 0, 3, 1], "texture": "#texture"},
				"down": {"uv": [2, 0, 3, 1], "texture": "#texture"}
			}
		},
		{
			"name": "hexadecagon",
			"from": [6.4087, 7, 14],
			"to": [9.5913, 9, 16],
			"rotation": {"angle": -45, "axis": "y", "origin": [8, 8, 8]},
			"faces": {
				"north": {"uv": [2, 0, 3, 1], "texture": "#texture"},
				"east": {"uv": [2, 0, 3, 1], "texture": "#texture"},
				"south": {"uv": [0, 1, 7, 6], "texture": "#texture"},
				"west": {"uv": [2, 0, 3, 1], "texture": "#texture"},
				"up": {"uv": [2, 0, 3, 1], "texture": "#texture"},
				"down": {"uv": [2, 0, 3, 1], "texture": "#texture"}
			}
		},
		{
			"name": "hexadecagon",
			"from": [6.4087, 7, 14],
			"to": [9.5913, 9, 16],
			"rotation": {"angle": -22.5, "axis": "y", "origin": [8, 8, 8]},
			"faces": {
				"north": {"uv": [2, 0, 3, 1], "texture": "#texture"},
				"east": {"uv": [2, 0, 3, 1], "texture": "#texture"},
				"south": {"uv": [0, 1, 7, 6], "texture": "#texture"},
				"west": {"uv": [2, 0, 3, 1], "texture": "#texture"},
				"up": {"uv": [2, 0, 3, 1], "texture": "#texture"},
				"down": {"uv": [2, 0, 3, 1], "texture": "#texture"}
			}
		},
		{
			"name": "hexadecagon",
			"from": [6.4087, 7, 14],
			"to": [9.5913, 9, 16],
			"faces": {
				"north": {"uv": [2, 0, 3, 1], "texture": "#texture"},
				"east": {"uv": [2, 0, 3, 1], "texture": "#texture"},
				"south": {"uv": [0, 1, 7, 6], "texture": "#texture"},
				"west": {"uv": [2, 0, 3, 1], "texture": "#texture"},
				"up": {"uv": [2, 0, 3, 1], "texture": "#texture"},
				"down": {"uv": [2, 0, 3, 1], "texture": "#texture"}
			}
		},
		{
			"name": "hexadecagon",
			"from": [6.4087, 7, 14],
			"to": [9.5913, 9, 16],
			"rotation": {"angle": 22.5, "axis": "y", "origin": [8, 8, 8]},
			"faces": {
				"north": {"uv": [2, 0, 3, 1], "texture": "#texture"},
				"east": {"uv": [2, 0, 3, 1], "texture": "#texture"},
				"south": {"uv": [0, 1, 7, 6], "texture": "#texture"},
				"west": {"uv": [2, 0, 3, 1], "texture": "#texture"},
				"up": {"uv": [2, 0, 3, 1], "texture": "#texture"},
				"down": {"uv": [2, 0, 3, 1], "texture": "#texture"}
			}
		},
		{
			"name": "hexadecagon",
			"from": [6.4087, 7, 14],
			"to": [9.5913, 9, 16],
			"rotation": {"angle": 45, "axis": "y", "origin": [8, 8, 8]},
			"faces": {
				"north": {"uv": [2, 0, 3, 1], "texture": "#texture"},
				"east": {"uv": [2, 0, 3, 1], "texture": "#texture"},
				"south": {"uv": [0, 1, 7, 6], "texture": "#texture"},
				"west": {"uv": [2, 0, 3, 1], "texture": "#texture"},
				"up": {"uv": [2, 0, 3, 1], "texture": "#texture"},
				"down": {"uv": [2, 0, 3, 1], "texture": "#texture"}
			}
		},
		{
			"name": "hexadecagon",
			"from": [14, 7, 6.4087],
			"to": [16, 9, 9.5913],
			"rotation": {"angle": -22.5, "axis": "y", "origin": [8, 8, 8]},
			"faces": {
				"north": {"uv": [2, 0, 3, 1], "texture": "#texture"},
				"east": {"uv": [0, 1, 7, 6], "texture": "#texture"},
				"south": {"uv": [2, 0, 3, 1], "texture": "#texture"},
				"west": {"uv": [2, 0, 3, 1], "texture": "#texture"},
				"up": {"uv": [2, 0, 3, 1], "texture": "#texture"},
				"down": {"uv": [2, 0, 3, 1], "texture": "#texture"}
			}
		},
		{
			"name": "hexadecagon",
			"from": [14, 7, 6.4087],
			"to": [16, 9, 9.5913],
			"faces": {
				"north": {"uv": [2, 0, 3, 1], "texture": "#texture"},
				"east": {"uv": [0, 1, 7, 6], "texture": "#texture"},
				"south": {"uv": [2, 0, 3, 1], "texture": "#texture"},
				"west": {"uv": [2, 0, 3, 1], "texture": "#texture"},
				"up": {"uv": [2, 0, 3, 1], "texture": "#texture"},
				"down": {"uv": [2, 0, 3, 1], "texture": "#texture"}
			}
		},
		{
			"name": "hexadecagon",
			"from": [6.4087, 7.5, 2],
			"to": [9.5913, 8.5, 14],
			"rotation": {"angle": -45, "axis": "y", "origin": [8, 8.5, 8]},
			"faces": {
				"north": {"uv": [1, 0, 2, 1], "texture": "#texture"},
				"east": {"uv": [1, 0, 2, 1], "texture": "#texture"},
				"south": {"uv": [1, 0, 2, 1], "texture": "#texture"},
				"west": {"uv": [1, 0, 2, 1], "texture": "#texture"},
				"up": {"uv": [1, 0, 2, 1], "texture": "#texture"},
				"down": {"uv": [1, 0, 2, 1], "texture": "#texture"}
			}
		},
		{
			"name": "hexadecagon",
			"from": [6.4087, 7.5, 2],
			"to": [9.5913, 8.5, 14],
			"rotation": {"angle": -22.5, "axis": "y", "origin": [8, 8.5, 8]},
			"faces": {
				"north": {"uv": [1, 0, 2, 1], "texture": "#texture"},
				"east": {"uv": [1, 0, 2, 1], "texture": "#texture"},
				"south": {"uv": [1, 0, 2, 1], "texture": "#texture"},
				"west": {"uv": [1, 0, 2, 1], "texture": "#texture"},
				"up": {"uv": [1, 0, 2, 1], "texture": "#texture"},
				"down": {"uv": [1, 0, 2, 1], "texture": "#texture"}
			}
		},
		{
			"name": "hexadecagon",
			"from": [6.4087, 7.5, 2],
			"to": [9.5913, 8.5, 14],
			"rotation": {"angle": 0, "axis": "y", "origin": [8, 8.5, 8]},
			"faces": {
				"north": {"uv": [1, 0, 2, 1], "texture": "#texture"},
				"east": {"uv": [1, 0, 2, 1], "texture": "#texture"},
				"south": {"uv": [1, 0, 2, 1], "texture": "#texture"},
				"west": {"uv": [1, 0, 2, 1], "texture": "#texture"},
				"up": {"uv": [1, 0, 2, 1], "texture": "#texture"},
				"down": {"uv": [1, 0, 2, 1], "texture": "#texture"}
			}
		},
		{
			"name": "hexadecagon",
			"from": [6.4087, 7.5, 2],
			"to": [9.5913, 8.5, 14],
			"rotation": {"angle": 22.5, "axis": "y", "origin": [8, 8.5, 8]},
			"faces": {
				"north": {"uv": [1, 0, 2, 1], "texture": "#texture"},
				"east": {"uv": [1, 0, 2, 1], "texture": "#texture"},
				"south": {"uv": [1, 0, 2, 1], "texture": "#texture"},
				"west": {"uv": [1, 0, 2, 1], "texture": "#texture"},
				"up": {"uv": [1, 0, 2, 1], "texture": "#texture"},
				"down": {"uv": [1, 0, 2, 1], "texture": "#texture"}
			}
		},
		{
			"name": "hexadecagon",
			"from": [6.4087, 7.5, 2],
			"to": [9.5913, 8.5, 14],
			"rotation": {"angle": 45, "axis": "y", "origin": [8, 8.5, 8]},
			"faces": {
				"north": {"uv": [1, 0, 2, 1], "texture": "#texture"},
				"east": {"uv": [1, 0, 2, 1], "texture": "#texture"},
				"south": {"uv": [1, 0, 2, 1], "texture": "#texture"},
				"west": {"uv": [1, 0, 2, 1], "texture": "#texture"},
				"up": {"uv": [1, 0, 2, 1], "texture": "#texture"},
				"down": {"uv": [1, 0, 2, 1], "texture": "#texture"}
			}
		},
		{
			"name": "hexadecagon",
			"from": [2, 7.5, 6.4087],
			"to": [14, 8.5, 9.5913],
			"rotation": {"angle": -22.5, "axis": "y", "origin": [8, 8.5, 8]},
			"faces": {
				"north": {"uv": [1, 0, 2, 1], "texture": "#texture"},
				"east": {"uv": [1, 0, 2, 1], "texture": "#texture"},
				"south": {"uv": [1, 0, 2, 1], "texture": "#texture"},
				"west": {"uv": [1, 0, 2, 1], "texture": "#texture"},
				"up": {"uv": [1, 0, 2, 1], "texture": "#texture"},
				"down": {"uv": [1, 0, 2, 1], "texture": "#texture"}
			}
		},
		{
			"name": "hexadecagon",
			"from": [2, 7.5, 6.4087],
			"to": [14, 8.5, 9.5913],
			"rotation": {"angle": 0, "axis": "y", "origin": [8, 8.5, 8]},
			"faces": {
				"north": {"uv": [1, 0, 2, 1], "texture": "#texture"},
				"east": {"uv": [1, 0, 2, 1], "texture": "#texture"},
				"south": {"uv": [1, 0, 2, 1], "texture": "#texture"},
				"west": {"uv": [1, 0, 2, 1], "texture": "#texture"},
				"up": {"uv": [1, 0, 2, 1], "texture": "#texture"},
				"down": {"uv": [1, 0, 2, 1], "texture": "#texture"}
			}
		},
		{
			"name": "hexadecagon",
			"from": [2, 7.5, 6.4087],
			"to": [14, 8.5, 9.5913],
			"rotation": {"angle": 22.5, "axis": "y", "origin": [8, 8.5, 8]},
			"faces": {
				"north": {"uv": [1, 0, 2, 1], "texture": "#texture"},
				"east": {"uv": [1, 0, 2, 1], "texture": "#texture"},
				"south": {"uv": [1, 0, 2, 1], "texture": "#texture"},
				"west": {"uv": [1, 0, 2, 1], "texture": "#texture"},
				"up": {"uv": [1, 0, 2, 1], "texture": "#texture"},
				"down": {"uv": [1, 0, 2, 1], "texture": "#texture"}
			}
		}
	],
	"display": {
		"thirdperson_righthand": {
			"rotation": [90, -180, 0],
			"translation": [0, 2.25, 1],
			"scale": [0.3, 0.3, 0.3]
		},
		"thirdperson_lefthand": {
			"rotation": [90, -180, 0],
			"translation": [0, 2.25, 1],
			"scale": [0.3, 0.3, 0.3]
		},
		"firstperson_righthand": {
			"rotation": [90, -180, -30],
			"translation": [-0.75, 3.25, 0.5],
			"scale": [0.4, 0.4, 0.4]
		},
		"firstperson_lefthand": {
			"rotation": [90, -180, -30],
			"translation": [-0.75, 3.25, 0.5],
			"scale": [0.4, 0.4, 0.4]
		},
		"ground": {
			"scale": [0.5, 0.5, 0.5]
		},
		"gui": {
			"rotation": [50, 165, 0],
			"scale": [0.85, 0.85, 0.85]
		},
		"head": {
			"translation": [0, 7.5, 0]
		},
		"fixed": {
			"rotation": [-90, 0, 0]
		}
	},
	"groups": [
		{
			"name": "G",
			"origin": [8, 8, 8],
			"children": [0, 1, 2, 3, 4, 5, 6, 7, 8, 9, 10]
		},
		{
			"name": "outline",
			"origin": [8, 8, 8],
			"children": [11, 12, 13, 14, 15, 16, 17, 18, 19, 20, 21, 22, 23, 24, 25, 26]
		},
		{
			"name": "innerline",
			"origin": [8, 8, 8],
			"children": [27, 28, 29, 30, 31, 32, 33, 34]
		}
	]
}