{
	"credit": "Nelonn",
	"textures": {
		"texture": "ggo_assets:models/item/medkit"
	},
	"elements": [
		{
			"from": [2, 0, 6],
			"to": [14, 12, 10],
			"faces": {
				"north": {"uv": [0, 0, 6, 6], "texture": "#texture"},
				"east": {"uv": [6, 0, 8, 6], "texture": "#texture"},
				"south": {"uv": [0, 6, 6, 12], "texture": "#texture"},
				"west": {"uv": [6, 6, 8, 12], "texture": "#texture"},
				"up": {"uv": [0, 12, 6, 14], "texture": "#texture"},
				"down": {"uv": [0, 14, 6, 16], "texture": "#texture"}
			}
		},
		{
			"from": [3, 12, 7],
			"to": [5, 14, 9],
			"faces": {
				"north": {"uv": [12, 5, 13, 6], "texture": "#texture"},
				"east": {"uv": [11, 5, 12, 6], "texture": "#texture"},
				"south": {"uv": [12, 7, 13, 8], "texture": "#texture"},
				"west": {"uv": [13, 5, 14, 6], "texture": "#texture"},
				"up": {"uv": [12, 4, 13, 5], "texture": "#texture"},
				"down": {"uv": [12, 6, 13, 7], "texture": "#texture"}
			}
		},
		{
			"from": [11, 12, 7],
			"to": [13, 14, 9],
			"faces": {
				"north": {"uv": [9, 5, 10, 6], "texture": "#texture"},
				"east": {"uv": [8, 5, 9, 6], "texture": "#texture"},
				"south": {"uv": [9, 7, 10, 8], "texture": "#texture"},
				"west": {"uv": [10, 5, 11, 6], "texture": "#texture"},
				"up": {"uv": [9, 4, 10, 5], "texture": "#texture"},
				"down": {"uv": [9, 6, 10, 7], "texture": "#texture"}
			}
		},
		{
			"from": [3, 14, 7],
			"to": [13, 16, 9],
			"faces": {
				"north": {"uv": [8, 1, 13, 2], "texture": "#texture"},
				"east": {"uv": [13, 0, 14, 1], "texture": "#texture"},
				"south": {"uv": [8, 3, 13, 4], "texture": "#texture"},
				"west": {"uv": [14, 0, 15, 1], "texture": "#texture"},
				"up": {"uv": [8, 0, 13, 1], "texture": "#texture"},
				"down": {"uv": [8, 2, 13, 3], "texture": "#texture"}
			}
		}
	],
	"gui_light": "front",
	"display": {
		"thirdperson_righthand": {
			"translation": [0, 2.75, 1.75],
			"scale": [0.5, 0.5, 0.5]
		},
		"thirdperson_lefthand": {
			"translation": [0, 2.75, 1.75],
			"scale": [0.5, 0.5, 0.5]
		},
		"firstperson_righthand": {
			"translation": [0, 2, 0],
			"scale": [0.5, 0.5, 0.5]
		},
		"firstperson_lefthand": {
			"translation": [0, 2, 0],
			"scale": [0.5, 0.5, 0.5]
		},
		"ground": {
			"translation": [0, 2.75, 0],
			"scale": [0.5, 0.5, 0.5]
		},
		"gui": {
			"rotation": [0, -180, 0],
			"scale": [0.9, 0.9, 0.9]
		},
		"head": {
			"translation": [0, 12.5, 0],
			"scale": [0.75, 0.75, 0.75]
		}
	}
}