{
	"credit": "Nelonn",
	"texture_size": [32, 32],
	"textures": {
		"texture": "ggo_assets:models/item/rad-x"
	},
	"elements": [
		{
			"from": [5, 0, 5],
			"to": [11, 10, 11],
			"rotation": {"angle": 0, "axis": "y", "origin": [8, 0.5, 8]},
			"faces": {
				"north": {"uv": [3, 3, 6, 8], "texture": "#texture"},
				"east": {"uv": [0, 3, 3, 8], "texture": "#texture"},
				"south": {"uv": [9, 3, 12, 8], "texture": "#texture"},
				"west": {"uv": [6, 3, 9, 8], "texture": "#texture"},
				"up": {"uv": [6, 3, 3, 0], "texture": "#texture"},
				"down": {"uv": [9, 0, 6, 3], "texture": "#texture"}
			}
		},
		{
			"from": [6, 10, 6],
			"to": [10, 12, 10],
			"rotation": {"angle": 0, "axis": "y", "origin": [8, 10.5, 8]},
			"faces": {
				"north": {"uv": [2, 10, 4, 11], "texture": "#texture"},
				"east": {"uv": [0, 10, 2, 11], "texture": "#texture"},
				"south": {"uv": [6, 10, 8, 11], "texture": "#texture"},
				"west": {"uv": [4, 10, 6, 11], "texture": "#texture"},
				"up": {"uv": [4, 10, 2, 8], "texture": "#texture"},
				"down": {"uv": [6, 8, 4, 10], "texture": "#texture"}
			}
		}
	],
	"display": {
		"thirdperson_righthand": {
			"rotation": [75, 45, 0],
			"translation": [0, 1.75, 2],
			"scale": [0.375, 0.375, 0.375]
		},
		"thirdperson_lefthand": {
			"rotation": [75, 45, 0],
			"translation": [0, 1.75, 2],
			"scale": [0.375, 0.375, 0.375]
		},
		"firstperson_righthand": {
			"rotation": [0, 125, 0],
			"translation": [0, 3, 0.5],
			"scale": [0.5, 0.5, 0.5]
		},
		"firstperson_lefthand": {
			"rotation": [0, 125, 0],
			"translation": [0, 3, 0.5],
			"scale": [0.5, 0.5, 0.5]
		},
		"ground": {
			"translation": [0, 3, 0],
			"scale": [0.3, 0.3, 0.3]
		},
		"gui": {
			"rotation": [30, 145, 0],
			"translation": [0, 1.75, 0]
		},
		"head": {
			"translation": [0, 14.25, 0]
		},
		"fixed": {
			"translation": [0, 1.25, 0],
			"scale": [0.75, 0.75, 0.75]
		}
	}
}