{"credit":"thebradqq's guns","textures":{"6":"mgs:misc/reticles","9":"mgs:gun/metal_dark","10":"mgs:gun/holodetails","particle":"mgs:misc/reticles"},"elements":[{"from":[6.391,10.142,7.8375],"to":[6.541,10.467,8.1625],"rotation":{"angle":0,"axis":"x","origin":[6.465,10.35,8.0125]},"faces":{"west":{"uv":[8,0,16,8],"rotation":90,"texture":"#6"}}},{"from":[4.35,8.6,7.199],"to":[9.9,9.65,8.801],"rotation":{"angle":0,"axis":"y","origin":[6.9,8.3,8]},"faces":{"north":{"uv":[7.5,7.75,8.75,11.5],"rotation":90,"texture":"#9"},"south":{"uv":[7.5,7.75,8.75,11.5],"rotation":270,"texture":"#9"},"west":{"uv":[0,10,3,12],"texture":"#9"},"up":{"uv":[11.5,6.5,13.5,12.25],"rotation":270,"texture":"#9"},"down":{"uv":[15.75,15.75,16,16],"texture":"#9"}}},{"from":[6.35,9.551,7.86022],"to":[7.4,9.651,8.13978],"rotation":{"angle":0,"axis":"x","origin":[5.425,5.96022,8.6]},"faces":{"up":{"uv":[0,6.5,1,8],"texture":"#9"}}},{"from":[9.71643,9.02711,7.1995],"to":[9.96643,9.57711,8.8005],"rotation":{"angle":-22.5,"axis":"z","origin":[9.99143,9.15211,8.0005]},"faces":{"north":{"uv":[10.5,11,11,11.5],"rotation":180,"texture":"#9"},"south":{"uv":[10.5,11,11,11.5],"rotation":180,"texture":"#9"},"up":{"uv":[8.5,11.75,10.5,12],"rotation":270,"texture":"#9"}}},{"from":[9.98777,9.20862,7.2],"to":[10.23777,9.75862,8.8],"rotation":{"angle":-45,"axis":"z","origin":[9.81277,9.48362,8.001]},"faces":{"north":{"uv":[10.5,11,11,11.5],"rotation":180,"texture":"#9"},"south":{"uv":[10.5,11,11,11.5],"rotation":180,"texture":"#9"},"up":{"uv":[11.75,11.5,13.75,11.75],"rotation":270,"texture":"#9"}}},{"from":[9.52037,8.97093,7.1995],"to":[10.07037,9.22093,8.8005],"rotation":{"angle":22.5,"axis":"z","origin":[9.79537,9.89593,8.0005]},"faces":{"north":{"uv":[10.5,11,11,11.5],"rotation":90,"texture":"#9"},"east":{"uv":[11.75,11.5,13.75,11.75],"rotation":180,"texture":"#9"},"south":{"uv":[10.5,11,11,11.5],"rotation":270,"texture":"#9"}}},{"from":[9.87842,8.5996,7.2],"to":[10.40342,9.1466,8.802],"rotation":{"angle":0,"axis":"z","origin":[9.62842,9.92158,8.001]},"faces":{"north":{"uv":[10,11.25,10.5,11.75],"rotation":90,"texture":"#9"},"east":{"uv":[10.75,11.25,12.75,11.75],"rotation":180,"texture":"#9"},"south":{"uv":[10,11.25,10.5,11.75],"rotation":270,"texture":"#9"},"down":{"uv":[15.75,15.75,16,16],"texture":"#9"}}},{"from":[7.75,8.25,7.249],"to":[9.95,8.6,8.751],"rotation":{"angle":0,"axis":"y","origin":[6.9,8.1,7.95]},"faces":{"north":{"uv":[10.75,8,11,8.75],"texture":"#9"},"east":{"uv":[15.75,15.75,16,16],"texture":"#9"},"south":{"uv":[10.75,8,11,8.75],"texture":"#9"},"west":{"uv":[15.75,15.75,16,16],"texture":"#9"},"down":{"uv":[15.75,15.75,16,16],"texture":"#9"}}},{"from":[4.75,8.25,7.249],"to":[6.95,8.6,8.751],"rotation":{"angle":0,"axis":"y","origin":[6.9,8.1,7.95]},"faces":{"north":{"uv":[10.75,8,11,8.75],"texture":"#9"},"east":{"uv":[15.75,15.75,16,16],"texture":"#9"},"south":{"uv":[10.75,8,11,8.75],"texture":"#9"},"west":{"uv":[15.75,15.75,16,16],"texture":"#9"},"down":{"uv":[15.75,15.75,16,16],"texture":"#9"}}},{"from":[4.325,8.575,7.074],"to":[6.4,9.65,7.174],"rotation":{"angle":0,"axis":"y","origin":[7,7.425,7.875]},"faces":{"north":{"uv":[0,9.25,2,10.25],"rotation":180,"texture":"#9"},"south":{"uv":[15.75,15.75,16,16],"texture":"#9"},"west":{"uv":[15.75,15.75,16,16],"texture":"#9"},"down":{"uv":[15.75,15.75,16,16],"texture":"#9"}}},{"from":[5,8.9,7.073],"to":[5.25,9.15,8.927],"rotation":{"angle":0,"axis":"y","origin":[7.8,8.3,7.999]},"faces":{"north":{"uv":[13.5,13.5,16,16],"texture":"#10"},"east":{"uv":[15.75,15.75,16,16],"texture":"#9"},"south":{"uv":[16,13.5,13.5,16],"texture":"#10"},"west":{"uv":[15.75,15.75,16,16],"texture":"#9"},"up":{"uv":[15.75,15.75,16,16],"texture":"#9"},"down":{"uv":[15.75,15.75,16,16],"texture":"#9"}}},{"from":[6.1,8.7,6.973],"to":[6.55,9.15,7.927],"rotation":{"angle":0,"axis":"y","origin":[7.8,8.3,7.999]},"faces":{"north":{"uv":[16,13,13,16],"rotation":270,"texture":"#10"},"east":{"uv":[10.5,4.75,10.75,6.25],"texture":"#9"},"west":{"uv":[11,9.25,11.25,10.25],"texture":"#9"},"up":{"uv":[10.5,4,10.75,5.5],"rotation":90,"texture":"#9"},"down":{"uv":[15.75,15.75,16,16],"texture":"#9"}}},{"from":[4.224,8.9,7.449],"to":[4.478,9.15,7.799],"rotation":{"angle":0,"axis":"y","origin":[7.75,8.3,7.999]},"faces":{"north":{"uv":[6.75,4.75,7.25,5.75],"texture":"#9"},"south":{"uv":[6.75,4.75,7.25,5.75],"texture":"#9"},"west":{"uv":[7,0,0.5,5.5],"texture":"#10"},"up":{"uv":[3,4.75,4.75,5.75],"rotation":270,"texture":"#9"},"down":{"uv":[9.5,9,10,9.5],"texture":"#9"}}},{"from":[4.224,8.9,8.201],"to":[4.478,9.15,8.551],"rotation":{"angle":0,"axis":"y","origin":[7.75,8.3,8.001]},"faces":{"north":{"uv":[6.75,4.75,7.25,5.75],"texture":"#9"},"south":{"uv":[6.75,4.75,7.25,5.75],"texture":"#9"},"west":{"uv":[14,0,7.5,5.5],"texture":"#10"},"up":{"uv":[3,4.75,4.75,5.75],"rotation":270,"texture":"#9"},"down":{"uv":[9.5,9,10,9.5],"texture":"#9"}}},{"from":[4.2676,9.2,7.92544],"to":[4.5724,9.56,8.07456],"rotation":{"angle":0,"axis":"y","origin":[4.4212,9.38,8]},"faces":{"west":{"uv":[3,9.5,3.5,10],"rotation":270,"texture":"#10"},"up":{"uv":[4,6,4.5,6.5],"rotation":270,"texture":"#10"},"down":{"uv":[13,15.5,13.5,16],"rotation":270,"texture":"#10"}}},{"from":[4.267,9.25,7.87],"to":[4.5718,9.51,8.13],"rotation":{"angle":0,"axis":"y","origin":[4.4212,9.38,7.99456]},"faces":{"west":{"uv":[0.5,6,5.5,10],"texture":"#10"}}},{"from":[4.2688,9.30544,7.82],"to":[4.5736,9.45456,8.18],"rotation":{"angle":0,"axis":"x","origin":[4.4212,9.38,8]},"faces":{"north":{"uv":[3,9.5,3.5,10],"rotation":270,"texture":"#10"},"south":{"uv":[3,9.5,3.5,10],"rotation":270,"texture":"#10"},"west":{"uv":[3,9.5,3.5,10],"rotation":270,"texture":"#10"}}},{"from":[4.2688,9.2,7.92544],"to":[4.5736,9.56,8.07456],"rotation":{"angle":-45,"axis":"x","origin":[4.4212,9.38,8]},"faces":{"west":{"uv":[3,9.5,3.5,10],"rotation":270,"texture":"#10"},"up":{"uv":[4,6,4.5,6.5],"rotation":270,"texture":"#10"},"down":{"uv":[15.5,15.5,16,16],"rotation":270,"texture":"#10"}}},{"from":[4.2688,9.2,7.92544],"to":[4.5736,9.56,8.07456],"rotation":{"angle":45,"axis":"x","origin":[4.4212,9.38,8]},"faces":{"west":{"uv":[3,9.5,3.5,10],"rotation":270,"texture":"#10"},"up":{"uv":[4,6,4.5,6.5],"rotation":270,"texture":"#10"},"down":{"uv":[3,9.5,3.5,10],"rotation":270,"texture":"#10"}}},{"from":[7.1,8.9,7.073],"to":[7.35,9.15,8.927],"rotation":{"angle":0,"axis":"y","origin":[7.8,8.3,7.999]},"faces":{"north":{"uv":[13.5,13.5,16,16],"texture":"#10"},"east":{"uv":[15.75,15.75,16,16],"texture":"#9"},"south":{"uv":[16,13.5,13.5,16],"texture":"#10"},"west":{"uv":[15.75,15.75,16,16],"texture":"#9"},"up":{"uv":[15.75,15.75,16,16],"texture":"#9"},"down":{"uv":[15.75,15.75,16,16],"texture":"#9"}}},{"from":[6.2703,8.69242,7.075],"to":[6.7703,10.17202,7.173],"rotation":{"angle":45,"axis":"z","origin":[6.5953,9.83222,7.124]},"faces":{"north":{"uv":[11.25,10,11.5,10.25],"rotation":180,"texture":"#9"},"east":{"uv":[8.75,4.25,9,5.5],"texture":"#9"},"south":{"uv":[15.75,15.75,16,16],"texture":"#9"}}},{"from":[6.14324,9.02713,7.0745],"to":[6.66824,10.45673,7.1735],"rotation":{"angle":22.5,"axis":"z","origin":[6.39324,9.76693,7.124]},"faces":{"north":{"uv":[11.25,10,11.5,10.25],"rotation":180,"texture":"#9"},"east":{"uv":[11.25,3.75,11.5,5],"rotation":180,"texture":"#9"},"south":{"uv":[15.75,15.75,16,16],"texture":"#9"}}},{"from":[4.75,9.65,7.074],"to":[6.4,10.8296,7.174],"rotation":{"angle":0,"axis":"y","origin":[7,8.4,7.875]},"faces":{"north":{"uv":[0.25,9.25,1.75,10.25],"rotation":180,"texture":"#9"},"east":{"uv":[11,5.25,11.25,5.5],"rotation":180,"texture":"#9"},"south":{"uv":[15.75,15.75,16,16],"texture":"#9"},"west":{"uv":[11.75,8.5,12,8.75],"texture":"#9"}}},{"from":[4.32321,9.46139,7.0745],"to":[4.72321,10.59099,7.1735],"rotation":{"angle":-22.5,"axis":"z","origin":[4.79821,9.55119,7.124]},"faces":{"north":{"uv":[0,9.25,0.5,10.25],"rotation":180,"texture":"#9"},"south":{"uv":[15.75,15.75,16,16],"texture":"#9"},"west":{"uv":[10.75,6.75,11,7.5],"rotation":180,"texture":"#9"}}},{"from":[6.4,8.575,7.074],"to":[7.525,9.15,7.174],"rotation":{"angle":0,"axis":"y","origin":[7,7.425,7.875]},"faces":{"north":{"uv":[2.25,9.25,3,9.75],"rotation":180,"texture":"#9"},"east":{"uv":[7.5,7.5,7.75,8.25],"texture":"#9"},"south":{"uv":[15.75,15.75,16,16],"texture":"#9"},"down":{"uv":[15.75,15.75,16,16],"texture":"#9"}}},{"from":[4.325,8.575,8.826],"to":[6.4,9.65,8.926],"rotation":{"angle":0,"axis":"y","origin":[7,7.425,8.125]},"faces":{"north":{"uv":[15.75,15.75,16,16],"texture":"#9"},"south":{"uv":[2,9.25,0,10.25],"rotation":180,"texture":"#9"},"west":{"uv":[15.75,15.75,16,16],"texture":"#9"},"down":{"uv":[15.75,15.75,16,16],"texture":"#9"}}},{"from":[6.4,8.575,8.826],"to":[7.525,9.15,8.926],"rotation":{"angle":0,"axis":"y","origin":[7,7.425,8.125]},"faces":{"north":{"uv":[15.75,15.75,16,16],"texture":"#9"},"east":{"uv":[7.5,7.5,7.75,8.25],"texture":"#9"},"south":{"uv":[2.25,9.25,3,9.75],"rotation":180,"texture":"#9"},"down":{"uv":[15.75,15.75,16,16],"texture":"#9"}}},{"from":[6.2703,8.69242,8.827],"to":[6.7703,10.17202,8.925],"rotation":{"angle":45,"axis":"z","origin":[6.5953,9.83222,8.876]},"faces":{"north":{"uv":[15.75,15.75,16,16],"texture":"#9"},"east":{"uv":[8.75,4.25,9,5.5],"texture":"#9"},"south":{"uv":[11.25,10,11.5,10.25],"rotation":180,"texture":"#9"}}},{"from":[6.14324,9.02713,8.8265],"to":[6.66824,10.45673,8.9255],"rotation":{"angle":22.5,"axis":"z","origin":[6.39324,9.76693,8.876]},"faces":{"north":{"uv":[15.75,15.75,16,16],"texture":"#9"},"east":{"uv":[11.25,3.75,11.5,5],"rotation":180,"texture":"#9"},"south":{"uv":[11.25,10,11.5,10.25],"rotation":180,"texture":"#9"}}},{"from":[4.75,9.65,8.826],"to":[6.4,10.8296,8.926],"rotation":{"angle":0,"axis":"y","origin":[7,8.4,8.125]},"faces":{"north":{"uv":[15.75,15.75,16,16],"texture":"#9"},"east":{"uv":[11,5.25,11.25,5.5],"rotation":180,"texture":"#9"},"south":{"uv":[0.25,9.25,1.75,10.25],"rotation":180,"texture":"#9"},"west":{"uv":[11.75,8.5,12,8.75],"texture":"#9"}}},{"from":[4.32321,9.46139,8.8265],"to":[4.72321,10.59099,8.9255],"rotation":{"angle":-22.5,"axis":"z","origin":[4.79821,9.55119,8.876]},"faces":{"north":{"uv":[15.75,15.75,16,16],"texture":"#9"},"south":{"uv":[0,9.25,0.5,10.25],"texture":"#9"},"west":{"uv":[10.75,6.75,11,7.5],"rotation":180,"texture":"#9"}}},{"from":[4.75,10.75,8.826],"to":[6.4,10.82956,8.926],"rotation":{"angle":-22.5,"axis":"x","origin":[5.425,10.78978,8.726]},"faces":{"north":{"uv":[15.75,15.75,16,16],"texture":"#9"},"east":{"uv":[11,5.25,11.25,5.5],"rotation":180,"texture":"#9"},"south":{"uv":[5.75,5.5,6.5,5.75],"texture":"#9"},"west":{"uv":[11.75,8.5,12,8.75],"texture":"#9"}}},{"from":[4.7502,10.88978,8.68622],"to":[6.4002,10.98978,8.76578],"rotation":{"angle":22.5,"axis":"x","origin":[5.425,10.78978,8.726]},"faces":{"east":{"uv":[11,5.25,11.25,5.5],"rotation":180,"texture":"#9"},"west":{"uv":[11.75,5,12,5.25],"texture":"#9"},"up":{"uv":[8.5,5,9.25,5.25],"texture":"#9"},"down":{"uv":[15.75,15.75,16,16],"texture":"#9"}}},{"from":[4.75,10.75,8.826],"to":[6.4,10.82956,8.926],"rotation":{"angle":-45,"axis":"x","origin":[5.425,10.78978,8.726]},"faces":{"north":{"uv":[15.75,15.75,16,16],"texture":"#9"},"east":{"uv":[11,5.25,11.25,5.5],"rotation":180,"texture":"#9"},"south":{"uv":[5.75,5,6.5,5.25],"texture":"#9"},"west":{"uv":[11.75,8.5,12,8.75],"texture":"#9"}}},{"from":[4.75,10.88978,7.23422],"to":[6.4,10.98978,8.76922],"rotation":{"angle":0,"axis":"x","origin":[5.56988,10.93553,8.01108]},"faces":{"east":{"uv":[11,5.25,11.25,5.5],"rotation":180,"texture":"#9"},"west":{"uv":[11,7,11.25,8.25],"rotation":90,"texture":"#9"},"up":{"uv":[5.5,12.5,8,10.25],"rotation":180,"texture":"#9"},"down":{"uv":[15.75,15.75,16,16],"texture":"#9"}}},{"from":[4.7502,10.88978,7.23422],"to":[6.4002,10.98978,7.31378],"rotation":{"angle":-22.5,"axis":"x","origin":[5.425,10.78978,7.274]},"faces":{"east":{"uv":[11,5.25,11.25,5.5],"rotation":180,"texture":"#9"},"west":{"uv":[11.75,8.5,12,8.75],"texture":"#9"},"up":{"uv":[6,5.5,6.75,5.75],"texture":"#9"},"down":{"uv":[15.75,15.75,16,16],"texture":"#9"}}},{"from":[4.75,10.75,7.074],"to":[6.4,10.82956,7.174],"rotation":{"angle":45,"axis":"x","origin":[5.425,10.78978,7.274]},"faces":{"north":{"uv":[5.5,5.25,6.25,5.5],"texture":"#9"},"east":{"uv":[11,5.25,11.25,5.5],"rotation":180,"texture":"#9"},"south":{"uv":[15.75,15.75,16,16],"texture":"#9"},"west":{"uv":[11.75,8.5,12,8.75],"texture":"#9"}}},{"from":[4.75,10.75,7.074],"to":[6.4,10.82956,7.174],"rotation":{"angle":22.5,"axis":"x","origin":[5.425,10.78978,7.274]},"faces":{"north":{"uv":[5.5,6,6.25,6.25],"texture":"#9"},"east":{"uv":[11,5.25,11.25,5.5],"rotation":180,"texture":"#9"},"south":{"uv":[15.75,15.75,16,16],"texture":"#9"},"west":{"uv":[11.75,8.5,12,8.75],"texture":"#9"}}},{"from":[4.45,9.65,8.701],"to":[6.4,9.8296,8.801],"rotation":{"angle":0,"axis":"y","origin":[7,8.3,8]},"faces":{"north":{"uv":[15.75,15.75,16,16],"texture":"#9"},"east":{"uv":[11,5.25,11.25,5.5],"rotation":180,"texture":"#9"},"south":{"uv":[15.75,15.75,16,16],"texture":"#9"},"west":{"uv":[15.75,15.75,16,16],"texture":"#9"}}},{"from":[4.45,9.63978,8.56122],"to":[6.4,9.73978,8.64078],"rotation":{"angle":-45,"axis":"x","origin":[5.425,9.83978,8.601]},"faces":{"east":{"uv":[11,5.25,11.25,5.5],"rotation":180,"texture":"#9"},"west":{"uv":[15.75,15.75,16,16],"texture":"#9"},"up":{"uv":[12.25,8,12.5,8.25],"texture":"#9"}}},{"from":[4.45,9.8,8.701],"to":[6.4,9.87956,8.801],"rotation":{"angle":22.5,"axis":"x","origin":[5.425,9.83978,8.601]},"faces":{"north":{"uv":[15.75,15.75,16,16],"texture":"#9"},"east":{"uv":[11,5.25,11.25,5.5],"rotation":180,"texture":"#9"},"west":{"uv":[15.75,15.75,16,16],"texture":"#9"}}},{"from":[4.45,9.61478,8.46122],"to":[6.4,9.73978,8.64078],"rotation":{"angle":-22.5,"axis":"x","origin":[5.425,9.83978,8.601]},"faces":{"east":{"uv":[11,5.25,11.25,5.5],"rotation":180,"texture":"#9"},"west":{"uv":[15.75,15.75,16,16],"texture":"#9"},"up":{"uv":[12.25,8.5,12.5,8.75],"texture":"#9"}}},{"from":[4.45,9.63522,7.36122],"to":[6.4,9.73522,8.64078],"rotation":{"angle":0,"axis":"x","origin":[5.425,5.96022,8.601]},"faces":{"east":{"uv":[11,5.25,11.25,5.5],"rotation":180,"texture":"#9"},"west":{"uv":[15.75,15.75,16,16],"texture":"#9"},"up":{"uv":[9.75,8.5,10,8.75],"texture":"#9"}}},{"from":[4.45,9.63978,7.35922],"to":[6.4,9.73978,7.43878],"rotation":{"angle":45,"axis":"x","origin":[5.425,9.83978,7.399]},"faces":{"east":{"uv":[11,5.25,11.25,5.5],"rotation":180,"texture":"#9"},"west":{"uv":[15.75,15.75,16,16],"texture":"#9"},"up":{"uv":[12.25,8,12.5,8.25],"texture":"#9"}}},{"from":[4.45,9.61478,7.35922],"to":[6.4,9.73978,7.53878],"rotation":{"angle":22.5,"axis":"x","origin":[5.425,9.83978,7.399]},"faces":{"east":{"uv":[11,5.25,11.25,5.5],"rotation":180,"texture":"#9"},"west":{"uv":[15.75,15.75,16,16],"texture":"#9"},"up":{"uv":[12.25,8.5,12.5,8.75],"texture":"#9"}}},{"from":[4.45,9.8,7.199],"to":[6.4,9.87956,7.299],"rotation":{"angle":-22.5,"axis":"x","origin":[5.425,9.83978,7.399]},"faces":{"east":{"uv":[11,5.25,11.25,5.5],"rotation":180,"texture":"#9"},"south":{"uv":[15.75,15.75,16,16],"texture":"#9"},"west":{"uv":[15.75,15.75,16,16],"texture":"#9"}}},{"from":[4.44821,9.64099,7.199],"to":[4.74821,10.44559,7.298],"rotation":{"angle":-22.5,"axis":"z","origin":[4.92321,9.73079,7.249]},"faces":{"north":{"uv":[15.75,15.75,16,16],"texture":"#9"},"south":{"uv":[15.75,15.75,16,16],"texture":"#9"},"west":{"uv":[6.75,8,7,9],"rotation":180,"texture":"#9"}}},{"from":[4.45,9.65,7.199],"to":[6.4,9.8296,7.299],"rotation":{"angle":0,"axis":"y","origin":[7,8.3,8]},"faces":{"north":{"uv":[15.75,15.75,16,16],"texture":"#9"},"east":{"uv":[11,5.25,11.25,5.5],"rotation":180,"texture":"#9"},"south":{"uv":[15.75,15.75,16,16],"texture":"#9"},"west":{"uv":[15.75,15.75,16,16],"texture":"#9"}}},{"from":[4.44821,9.64099,8.702],"to":[4.74821,10.44559,8.801],"rotation":{"angle":-22.5,"axis":"z","origin":[4.92321,9.73079,8.751]},"faces":{"north":{"uv":[15.75,15.75,16,16],"texture":"#9"},"south":{"uv":[15.75,15.75,16,16],"texture":"#9"},"west":{"uv":[6.75,8,7,9],"rotation":180,"texture":"#9"}}},{"from":[4.75,9.825,7.199],"to":[6.4,10.7296,7.299],"rotation":{"angle":0,"axis":"y","origin":[7,8.3,8]},"faces":{"north":{"uv":[15.75,15.75,16,16],"texture":"#9"},"east":{"uv":[11,5.25,11.25,5.5],"rotation":180,"texture":"#9"},"south":{"uv":[15.75,15.75,16,16],"texture":"#9"},"west":{"uv":[15.75,15.75,16,16],"texture":"#9"}}},{"from":[4.75,9.825,8.701],"to":[6.4,10.7296,8.801],"rotation":{"angle":0,"axis":"y","origin":[7,8.3,8]},"faces":{"north":{"uv":[15.75,15.75,16,16],"texture":"#9"},"east":{"uv":[11,5.25,11.25,5.5],"rotation":180,"texture":"#9"},"south":{"uv":[15.75,15.75,16,16],"texture":"#9"},"west":{"uv":[15.75,15.75,16,16],"texture":"#9"}}},{"from":[4.75,10.65,8.701],"to":[6.4,10.72956,8.801],"rotation":{"angle":-22.5,"axis":"x","origin":[5.425,10.68978,8.601]},"faces":{"north":{"uv":[15.75,15.75,16,16],"texture":"#9"},"east":{"uv":[11,5.25,11.25,5.5],"rotation":180,"texture":"#9"},"south":{"uv":[15.75,15.75,16,16],"texture":"#9"},"west":{"uv":[15.75,15.75,16,16],"texture":"#9"}}},{"from":[4.75,10.65,8.701],"to":[6.4,10.72956,8.801],"rotation":{"angle":-45,"axis":"x","origin":[5.425,10.68978,8.601]},"faces":{"north":{"uv":[15.75,15.75,16,16],"texture":"#9"},"east":{"uv":[11,5.25,11.25,5.5],"rotation":180,"texture":"#9"},"south":{"uv":[15.75,15.75,16,16],"texture":"#9"},"west":{"uv":[15.75,15.75,16,16],"texture":"#9"}}},{"from":[4.75,10.78978,8.56122],"to":[6.4,10.88978,8.64078],"rotation":{"angle":22.5,"axis":"x","origin":[5.425,10.68978,8.601]},"faces":{"east":{"uv":[11,5.25,11.25,5.5],"rotation":180,"texture":"#9"},"west":{"uv":[15.75,15.75,16,16],"texture":"#9"},"up":{"uv":[15.75,15.75,16,16],"texture":"#9"},"down":{"uv":[15.75,15.75,16,16],"texture":"#9"}}},{"from":[4.75,10.78978,7.36122],"to":[6.4,10.88978,8.64078],"rotation":{"angle":0,"axis":"x","origin":[5.425,10.68978,8.601]},"faces":{"east":{"uv":[11,5.25,11.25,5.5],"rotation":180,"texture":"#9"},"west":{"uv":[15.75,15.75,16,16],"texture":"#9"},"down":{"uv":[15.75,15.75,16,16],"texture":"#9"}}},{"from":[4.75,10.78978,7.35922],"to":[6.4,10.88978,7.43878],"rotation":{"angle":-22.5,"axis":"x","origin":[5.425,10.68978,7.399]},"faces":{"east":{"uv":[11,5.25,11.25,5.5],"rotation":180,"texture":"#9"},"west":{"uv":[15.75,15.75,16,16],"texture":"#9"},"up":{"uv":[15.75,15.75,16,16],"texture":"#9"},"down":{"uv":[15.75,15.75,16,16],"texture":"#9"}}},{"from":[4.75,10.65,7.199],"to":[6.4,10.72956,7.299],"rotation":{"angle":45,"axis":"x","origin":[5.425,10.68978,7.399]},"faces":{"north":{"uv":[15.75,15.75,16,16],"texture":"#9"},"east":{"uv":[11,5.25,11.25,5.5],"rotation":180,"texture":"#9"},"south":{"uv":[15.75,15.75,16,16],"texture":"#9"},"west":{"uv":[15.75,15.75,16,16],"texture":"#9"}}},{"from":[4.75,10.65,7.199],"to":[6.4,10.72956,7.299],"rotation":{"angle":22.5,"axis":"x","origin":[5.425,10.68978,7.399]},"faces":{"north":{"uv":[15.75,15.75,16,16],"texture":"#9"},"east":{"uv":[11,5.25,11.25,5.5],"rotation":180,"texture":"#9"},"south":{"uv":[15.75,15.75,16,16],"texture":"#9"},"west":{"uv":[15.75,15.75,16,16],"texture":"#9"}}}],"gui_light":"front","display":{"thirdperson_righthand":{"rotation":[0,100,0],"translation":[-0.5,0.5,-1.5]},"thirdperson_lefthand":{"rotation":[0,-90,-170],"translation":[-2,-4.5,7]},"firstperson_righthand":{"rotation":[0,90,0],"translation":[-1,3,-1.25],"scale":[1.75,1.75,1.75]},"firstperson_lefthand":{"translation":[2,3.75,-0.5],"scale":[0,0,0]},"ground":{"translation":[0,1.5,0]},"gui":{"rotation":[0,0,45],"translation":[-1.2,0,0]},"head":{"scale":[2,2,2]},"fixed":{"translation":[0,3,-2],"scale":[-2,2,-2]}}}