{"credit":"thebradqq's guns","textures":{"0":"mgs:misc/reticle_mk4","1":"mgs:gun/mk4details","2":"mgs:gun/metal_dark","3":"mgs:gun/metal","particle":"mgs:misc/reticle_mk4"},"elements":[{"from":[4.38283,9.053,7.4605],"to":[5.01283,10.12868,8.5395],"rotation":{"angle":0,"axis":"y","origin":[12.4,7.725,8]},"faces":{"north":{"uv":[9.25,7.5,10,8.75],"rotation":180,"texture":"#2"},"east":{"uv":[9.5,8.25,10.25,9.5],"rotation":180,"texture":"#2"},"south":{"uv":[9.25,7.5,10,8.75],"rotation":180,"texture":"#2"},"west":{"uv":[9.5,8.25,10.25,9.5],"rotation":180,"texture":"#2"},"down":{"uv":[15.75,15.75,16,16],"texture":"#2"}}},{"from":[7.90783,9.053,7.4605],"to":[8.53783,10.12868,8.5395],"rotation":{"angle":0,"axis":"y","origin":[15.925,7.725,8]},"faces":{"north":{"uv":[9.25,7.5,10,8.75],"rotation":180,"texture":"#2"},"east":{"uv":[9.5,8.25,10.25,9.5],"rotation":180,"texture":"#2"},"south":{"uv":[9.25,7.5,10,8.75],"rotation":180,"texture":"#2"},"west":{"uv":[9.5,8.25,10.25,9.5],"rotation":180,"texture":"#2"},"down":{"uv":[15.75,15.75,16,16],"texture":"#2"}}},{"from":[4.38466,10.29692,8.4565],"to":[5.01134,10.95262,8.664],"rotation":{"angle":45,"axis":"x","origin":[4.515,10.5055,8]},"faces":{"east":{"uv":[9.75,8,10,8.25],"texture":"#2"},"south":{"uv":[8.5,7.75,9.25,8.25],"rotation":180,"texture":"#2"},"west":{"uv":[9.75,8,10,8.25],"texture":"#2"}}},{"from":[7.90966,10.29692,8.4565],"to":[8.53634,10.95262,8.664],"rotation":{"angle":45,"axis":"x","origin":[8.04,10.5055,8]},"faces":{"east":{"uv":[9.75,8,10,8.25],"texture":"#2"},"south":{"uv":[8.5,7.75,9.25,8.25],"rotation":180,"texture":"#2"},"west":{"uv":[9.75,8,10,8.25],"texture":"#2"}}},{"from":[4.383,10.35128,8.60319],"to":[5.013,11.07952,8.78569],"rotation":{"angle":0,"axis":"y","origin":[5.428,7.7274,7.99719]},"faces":{"east":{"uv":[9.75,8,10,8.5],"rotation":180,"texture":"#2"},"south":{"uv":[10.75,5,11.5,6],"texture":"#2"},"west":{"uv":[9.75,8,10,8.5],"rotation":180,"texture":"#2"}}},{"from":[7.908,10.35128,8.60319],"to":[8.538,11.07952,8.78569],"rotation":{"angle":0,"axis":"y","origin":[8.953,7.7274,7.99719]},"faces":{"east":{"uv":[9.75,8,10,8.5],"rotation":180,"texture":"#2"},"south":{"uv":[10.75,5,11.5,6],"texture":"#2"},"west":{"uv":[9.75,8,10,8.5],"rotation":180,"texture":"#2"}}},{"from":[4.3835,10.47904,8.45651],"to":[5.0125,11.13474,8.66401],"rotation":{"angle":-45,"axis":"x","origin":[4.51334,10.92616,8.00001]},"faces":{"east":{"uv":[11,11.25,11.25,11.75],"rotation":90,"texture":"#2"},"south":{"uv":[12.5,4.25,13.25,5.25],"texture":"#2"},"west":{"uv":[11,11.25,11.25,11.75],"rotation":90,"texture":"#2"}}},{"from":[7.908,10.47904,8.45651],"to":[8.53468,11.13474,8.66401],"rotation":{"angle":-45,"axis":"x","origin":[8.03834,10.92616,8.00001]},"faces":{"east":{"uv":[11,11.25,11.25,11.75],"rotation":90,"texture":"#2"},"south":{"uv":[12.5,4.25,13.25,5.25],"texture":"#2"},"west":{"uv":[11,11.25,11.25,11.75],"rotation":90,"texture":"#2"}}},{"from":[4.383,11.3355,7.67796],"to":[5.013,11.54317,8.32204],"rotation":{"angle":0,"axis":"y","origin":[9.578,7.725,7.76262]},"faces":{"east":{"uv":[11.75,11.5,12,12],"rotation":180,"texture":"#2"},"west":{"uv":[11.75,11.5,12,12],"rotation":180,"texture":"#2"},"up":{"uv":[12,1.5,12.75,2.5],"texture":"#2"}}},{"from":[7.908,11.3355,7.67796],"to":[8.538,11.54317,8.32204],"rotation":{"angle":0,"axis":"y","origin":[13.103,7.725,7.76262]},"faces":{"east":{"uv":[11.75,11.5,12,12],"rotation":180,"texture":"#2"},"west":{"uv":[11.75,11.5,12,12],"rotation":180,"texture":"#2"},"up":{"uv":[12,1.5,12.75,2.5],"texture":"#2"}}},{"from":[4.3835,10.47904,7.33599],"to":[5.0125,11.13474,7.54349],"rotation":{"angle":45,"axis":"x","origin":[4.51334,10.92616,7.99999]},"faces":{"north":{"uv":[12.5,4.25,13.25,5.25],"texture":"#2"},"east":{"uv":[11,11.25,11.25,11.75],"rotation":270,"texture":"#2"},"west":{"uv":[11,11.25,11.25,11.75],"rotation":90,"texture":"#2"}}},{"from":[7.908,10.47904,7.33599],"to":[8.53468,11.13474,7.54349],"rotation":{"angle":45,"axis":"x","origin":[8.03834,10.92616,7.99999]},"faces":{"north":{"uv":[12.5,4.25,13.25,5.25],"texture":"#2"},"east":{"uv":[11,11.25,11.25,11.75],"rotation":270,"texture":"#2"},"west":{"uv":[11,11.25,11.25,11.75],"rotation":90,"texture":"#2"}}},{"from":[4.383,10.35128,7.21431],"to":[5.013,11.07952,7.39681],"rotation":{"angle":0,"axis":"y","origin":[5.428,7.7274,8.00281]},"faces":{"north":{"uv":[10.75,5,11.5,6],"texture":"#2"},"east":{"uv":[9.75,8,10,8.5],"rotation":180,"texture":"#2"},"west":{"uv":[9.75,8,10,8.5],"rotation":180,"texture":"#2"}}},{"from":[7.908,10.35128,7.21431],"to":[8.538,11.07952,7.39681],"rotation":{"angle":0,"axis":"y","origin":[8.953,7.7274,8.00281]},"faces":{"north":{"uv":[10.75,5,11.5,6],"texture":"#2"},"east":{"uv":[9.75,8,10,8.5],"rotation":180,"texture":"#2"},"west":{"uv":[9.75,8,10,8.5],"rotation":180,"texture":"#2"}}},{"from":[4.38466,10.29692,7.336],"to":[5.01134,10.95262,7.5435],"rotation":{"angle":-45,"axis":"x","origin":[4.515,10.5055,8]},"faces":{"north":{"uv":[8.5,7.75,9.25,8.25],"rotation":180,"texture":"#2"},"east":{"uv":[9.75,8,10,8.25],"texture":"#2"},"west":{"uv":[9.75,8,10,8.25],"texture":"#2"}}},{"from":[7.90966,10.29692,7.336],"to":[8.53634,10.95262,7.5435],"rotation":{"angle":-45,"axis":"x","origin":[8.04,10.5055,8]},"faces":{"north":{"uv":[8.5,7.75,9.25,8.25],"rotation":180,"texture":"#2"},"east":{"uv":[9.75,8,10,8.25],"texture":"#2"},"west":{"uv":[9.75,8,10,8.25],"texture":"#2"}}},{"from":[6.673,10.327,8.76],"to":[6.85202,11.227,9.46],"rotation":{"angle":0,"axis":"x","origin":[6.76251,10.777,9.11]},"faces":{"south":{"uv":[7,0,7.5,3.49],"texture":"#1"},"up":{"uv":[1.5,3.5,3,0],"texture":"#1"},"down":{"uv":[11.5,3.5,13,0],"rotation":180,"texture":"#1"}}},{"from":[6.548,10.552,9.2605],"to":[6.97702,11.002,9.4605],"rotation":{"angle":0,"axis":"x","origin":[6.76251,10.777,9.11]},"faces":{"south":{"uv":[11,5.5,16,10.5],"texture":"#1"}}},{"from":[6.31251,10.68749,8.76],"to":[7.21251,10.86651,9.46],"rotation":{"angle":0,"axis":"z","origin":[6.76251,10.777,9.11]},"faces":{"east":{"uv":[5.5,0,7,3.5],"rotation":270,"texture":"#1"},"south":{"uv":[0.5,0,1,3.5],"rotation":90,"texture":"#1"},"west":{"uv":[3.5,0,5,3.5],"rotation":90,"texture":"#1"}}},{"from":[6.31251,10.68749,8.76],"to":[7.21251,10.86651,9.46],"rotation":{"angle":22.5,"axis":"z","origin":[6.76251,10.777,9.11]},"faces":{"east":{"uv":[0,3.5,1.5,0],"rotation":90,"texture":"#1"},"south":{"uv":[1,0,1.5,3.49],"rotation":90,"texture":"#1"},"west":{"uv":[5,0,6.5,3.5],"rotation":90,"texture":"#1"}}},{"from":[6.31251,10.68749,8.7599],"to":[7.21251,10.86651,9.4599],"rotation":{"angle":-22.5,"axis":"z","origin":[6.76251,10.777,9.11]},"faces":{"east":{"uv":[7,3.5,8.5,0],"rotation":90,"texture":"#1"},"south":{"uv":[1,0,1.5,3.49],"rotation":270,"texture":"#1"},"west":{"uv":[14,0,15.5,3.5],"rotation":90,"texture":"#1"}}},{"from":[6.673,10.327,8.7599],"to":[6.85202,11.227,9.4599],"rotation":{"angle":-45,"axis":"z","origin":[6.76251,10.777,9.11]},"faces":{"south":{"uv":[1,0,1.5,3.49],"texture":"#1"},"up":{"uv":[0.5,3.5,2,0],"texture":"#1"},"down":{"uv":[6.5,3.5,8,0],"rotation":180,"texture":"#1"}}},{"from":[6.673,10.327,8.7599],"to":[6.85202,11.227,9.4599],"rotation":{"angle":45,"axis":"z","origin":[6.76251,10.777,9.11]},"faces":{"south":{"uv":[1,0,1.5,3.49],"texture":"#1"},"up":{"uv":[0.5,3.5,2,0],"texture":"#1"},"down":{"uv":[8.5,0,10,3.5],"texture":"#1"}}},{"from":[6.673,10.327,8.7599],"to":[6.85202,11.227,9.4599],"rotation":{"angle":-22.5,"axis":"z","origin":[6.76251,10.777,9.11]},"faces":{"south":{"uv":[7,0,7.5,3.49],"texture":"#1"},"up":{"uv":[4,0,5.5,3.5],"rotation":180,"texture":"#1"},"down":{"uv":[7,3.5,8.5,0],"rotation":180,"texture":"#1"}}},{"from":[6.673,10.327,8.76],"to":[6.85202,11.227,9.46],"rotation":{"angle":22.5,"axis":"z","origin":[6.76251,10.777,9.11]},"faces":{"south":{"uv":[7,0,7.5,3.49],"texture":"#1"},"up":{"uv":[2,3.5,3.5,0],"texture":"#1"},"down":{"uv":[10,3.5,11.5,0],"rotation":180,"texture":"#1"}}},{"from":[6.09366,10.55638,8.6225],"to":[7.79184,11.28462,8.913],"rotation":{"angle":-22.5,"axis":"x","origin":[7.337,10.713,8]},"faces":{"east":{"uv":[9.75,8,10,8.25],"texture":"#2"},"south":{"uv":[10,4.5,12,5.5],"texture":"#2"},"west":{"uv":[9.75,8,10,8.5],"rotation":180,"texture":"#2"},"down":{"uv":[15.75,15.75,16,16],"rotation":180,"texture":"#2"}}},{"from":[6.092,10.59788,8.664],"to":[7.7935,10.91112,8.83],"rotation":{"angle":0,"axis":"y","origin":[8.25,7.725,8]},"faces":{"east":{"uv":[9.75,8,10,8.25],"texture":"#2"},"south":{"uv":[10.75,5,12.75,5.5],"rotation":180,"texture":"#2"},"west":{"uv":[9.75,8,10,8.25],"texture":"#2"}}},{"from":[6.09366,10.41538,8.6225],"to":[7.79184,10.94362,8.913],"rotation":{"angle":22.5,"axis":"x","origin":[7.337,10.787,8]},"faces":{"east":{"uv":[9.75,8,10,8.25],"texture":"#2"},"south":{"uv":[11.25,8,13.25,8.75],"rotation":180,"texture":"#2"},"west":{"uv":[9.75,8,10,8.25],"texture":"#2"},"up":{"uv":[12.5,4,12.75,4.25],"rotation":180,"texture":"#2"},"down":{"uv":[15.75,15.75,16,16],"rotation":180,"texture":"#2"}}},{"from":[6.092,11.3355,7.29284],"to":[7.7935,11.62617,8.70716],"rotation":{"angle":0,"axis":"y","origin":[12.4,7.725,7.751]},"faces":{"north":{"uv":[10.75,5.25,12.75,5.75],"texture":"#2"},"east":{"uv":[9.75,8,10,8.25],"texture":"#2"},"south":{"uv":[10.75,5.25,12.75,5.75],"texture":"#2"},"west":{"uv":[11.75,11.5,12,12.25],"rotation":180,"texture":"#2"},"up":{"uv":[3.25,0.75,5.25,2.25],"texture":"#2"}}},{"from":[6.09217,11.294,7.6689],"to":[7.79333,11.5015,8.0406],"rotation":{"angle":-22.5,"axis":"x","origin":[10.159,10.713,8]},"faces":{"east":{"uv":[9.75,8,10,8.25],"texture":"#2"},"west":{"uv":[11,11.25,11.25,11.5],"rotation":270,"texture":"#2"}}},{"from":[6.09366,10.55638,7.087],"to":[7.79184,11.28462,7.3775],"rotation":{"angle":22.5,"axis":"x","origin":[7.337,10.713,8]},"faces":{"north":{"uv":[10,4.5,12,5.5],"texture":"#2"},"east":{"uv":[9.75,8,10,8.25],"texture":"#2"},"west":{"uv":[9.75,8,10,8.5],"rotation":180,"texture":"#2"},"down":{"uv":[15.75,15.75,16,16],"rotation":180,"texture":"#2"}}},{"from":[6.092,10.59788,7.17],"to":[7.7935,10.91112,7.336],"rotation":{"angle":0,"axis":"y","origin":[8.25,7.725,8]},"faces":{"north":{"uv":[10.75,5,12.75,5.5],"rotation":180,"texture":"#2"},"east":{"uv":[9.75,8,10,8.25],"texture":"#2"},"west":{"uv":[9.75,8,10,8.25],"texture":"#2"},"down":{"uv":[15.75,15.75,16,16],"rotation":180,"texture":"#2"}}},{"from":[6.09217,11.294,7.9594],"to":[7.79333,11.5015,8.3311],"rotation":{"angle":22.5,"axis":"x","origin":[10.159,10.713,8]},"faces":{"east":{"uv":[9.75,8,10,8.25],"texture":"#2"},"west":{"uv":[11,11.25,11.25,11.5],"rotation":270,"texture":"#2"}}},{"from":[0.025,11.377,7.8349],"to":[2.353,11.543,8.1651],"rotation":{"angle":-22.5,"axis":"x","origin":[1.689,10.713,8]},"faces":{"east":{"uv":[4.5,4.5,5,5],"rotation":270,"texture":"#2"},"west":{"uv":[10,4.25,10.25,5],"texture":"#2"},"up":{"uv":[0,12,2.25,12.5],"texture":"#3"},"down":{"uv":[15.75,15.75,16,16],"texture":"#2"}}},{"from":[0.0245,11.377,7.8349],"to":[2.3525,11.543,8.1651],"rotation":{"angle":-45,"axis":"x","origin":[1.689,10.713,8]},"faces":{"east":{"uv":[7.25,4.75,7.75,5.25],"rotation":270,"texture":"#2"},"west":{"uv":[10,4.25,10.25,5],"texture":"#2"},"up":{"uv":[7.25,4.75,9.5,5.25],"rotation":180,"texture":"#2"},"down":{"uv":[9.75,8,10,8.25],"texture":"#2"}}},{"from":[0.025,10.5479,7.17],"to":[2.353,10.8781,7.336],"rotation":{"angle":22.5,"axis":"x","origin":[1.689,10.713,8]},"faces":{"north":{"uv":[1.75,5,4,5.5],"texture":"#2"},"east":{"uv":[1.75,5,2.25,5.5],"texture":"#2"},"south":{"uv":[9.75,8.25,10,8.5],"texture":"#2"},"west":{"uv":[11,4.5,11.25,5.25],"rotation":270,"texture":"#2"}}},{"from":[0.025,10.5479,7.17],"to":[2.353,10.8781,7.336],"rotation":{"angle":0,"axis":"y","origin":[11.4,7.725,8]},"faces":{"north":{"uv":[8.5,5.25,10.75,5.75],"texture":"#2"},"east":{"uv":[8.5,5.25,9,5.75],"texture":"#2"},"south":{"uv":[9.5,8.5,9.75,8.75],"texture":"#2"},"west":{"uv":[11,4.5,11.25,5.25],"rotation":270,"texture":"#2"}}},{"from":[0.0245,10.5479,7.17],"to":[2.3525,10.8781,7.336],"rotation":{"angle":-22.5,"axis":"x","origin":[1.689,10.713,8]},"faces":{"north":{"uv":[8.5,5.5,10.75,6],"texture":"#2"},"east":{"uv":[8.5,5.5,9,6],"texture":"#2"},"south":{"uv":[9.75,8.75,10,9],"texture":"#2"},"west":{"uv":[11,4.75,11.25,5.5],"rotation":270,"texture":"#2"}}},{"from":[0.025,9.883,7.8349],"to":[2.353,10.049,8.1651],"rotation":{"angle":45,"axis":"x","origin":[1.689,10.713,8]},"faces":{"east":{"uv":[6.5,8,7,8.5],"rotation":270,"texture":"#2"},"west":{"uv":[10.5,5,10.75,5.75],"rotation":180,"texture":"#2"},"up":{"uv":[9,11,9.25,11.25],"texture":"#2"},"down":{"uv":[6.5,8,8.75,8.5],"texture":"#2"}}},{"from":[0.0245,9.883,7.8349],"to":[2.3525,10.049,8.1651],"rotation":{"angle":22.5,"axis":"x","origin":[1.689,10.713,8]},"faces":{"east":{"uv":[15.75,15.75,16,16],"rotation":180,"texture":"#2"},"west":{"uv":[10.5,5.25,10.75,6],"rotation":180,"texture":"#2"},"up":{"uv":[8.75,11.5,9,11.75],"texture":"#2"},"down":{"uv":[15.75,15.75,16,16],"rotation":180,"texture":"#2"}}},{"from":[0.025,9.883,7.8349],"to":[2.353,10.049,8.1651],"rotation":{"angle":0,"axis":"y","origin":[11.4,7.725,8]},"faces":{"east":{"uv":[15.75,15.75,16,16],"rotation":180,"texture":"#2"},"west":{"uv":[10,5.5,10.25,6.25],"rotation":180,"texture":"#2"},"up":{"uv":[8.75,11.5,9,11.75],"texture":"#2"},"down":{"uv":[15.75,15.75,16,16],"rotation":180,"texture":"#2"}}},{"from":[0.0245,9.883,7.8349],"to":[2.3525,10.049,8.1651],"rotation":{"angle":-22.5,"axis":"x","origin":[1.689,10.713,8]},"faces":{"east":{"uv":[15.75,15.75,16,16],"rotation":180,"texture":"#2"},"west":{"uv":[10.5,5.25,10.75,6],"rotation":180,"texture":"#2"},"up":{"uv":[8.75,11.5,9,11.75],"texture":"#2"},"down":{"uv":[15.75,15.75,16,16],"rotation":180,"texture":"#2"}}},{"from":[0.025,9.883,7.8349],"to":[2.353,10.049,8.1651],"rotation":{"angle":-45,"axis":"x","origin":[1.689,10.713,8]},"faces":{"east":{"uv":[6.5,8,7,8.5],"rotation":90,"texture":"#2"},"west":{"uv":[10.5,5,10.75,5.75],"rotation":180,"texture":"#2"},"up":{"uv":[9,11,9.25,11.25],"texture":"#2"},"down":{"uv":[6.5,8,8.75,8.5],"rotation":180,"texture":"#2"}}},{"from":[0.0245,10.5479,8.664],"to":[2.3525,10.8781,8.83],"rotation":{"angle":22.5,"axis":"x","origin":[1.689,10.713,8]},"faces":{"north":{"uv":[9.75,8.75,10,9],"texture":"#2"},"east":{"uv":[8.5,5.5,9,6],"texture":"#2"},"south":{"uv":[8.5,5.5,10.75,6],"texture":"#2"},"west":{"uv":[11,4.75,11.25,5.5],"rotation":90,"texture":"#2"}}},{"from":[0.025,10.5479,8.664],"to":[2.353,10.8781,8.83],"rotation":{"angle":0,"axis":"y","origin":[11.4,7.725,8]},"faces":{"north":{"uv":[9.5,8.5,9.75,8.75],"texture":"#2"},"east":{"uv":[6.25,5.25,6.75,5.75],"texture":"#2"},"south":{"uv":[6.25,5.25,8.5,5.75],"texture":"#2"},"west":{"uv":[11,4.5,11.25,5.25],"rotation":90,"texture":"#2"}}},{"from":[0.025,10.5479,8.664],"to":[2.353,10.8781,8.83],"rotation":{"angle":-22.5,"axis":"x","origin":[1.689,10.713,8]},"faces":{"north":{"uv":[9.75,8.25,10,8.5],"texture":"#2"},"east":{"uv":[3.75,5,4.25,5.5],"texture":"#2"},"south":{"uv":[3.75,5,6,5.5],"texture":"#2"},"west":{"uv":[11,4.5,11.25,5.25],"rotation":90,"texture":"#2"}}},{"from":[0.0245,11.377,7.8349],"to":[2.3525,11.543,8.1651],"rotation":{"angle":45,"axis":"x","origin":[1.689,10.713,8]},"faces":{"east":{"uv":[6.25,4.75,6.75,5.25],"rotation":90,"texture":"#2"},"west":{"uv":[10,4.25,10.25,5],"texture":"#2"},"up":{"uv":[6.25,4.75,8.5,5.25],"texture":"#2"},"down":{"uv":[9.75,8,10,8.25],"texture":"#2"}}},{"from":[0.025,11.377,7.8349],"to":[2.353,11.543,8.1651],"rotation":{"angle":22.5,"axis":"x","origin":[1.689,10.713,8]},"faces":{"east":{"uv":[9.25,4.5,9.75,5],"rotation":90,"texture":"#2"},"west":{"uv":[10,4.25,10.25,5],"texture":"#2"},"up":{"uv":[1.5,12,3.75,12.5],"texture":"#3"},"down":{"uv":[15.75,15.75,16,16],"texture":"#2"}}},{"from":[0.025,11.377,7.8349],"to":[2.3532,11.543,8.1651],"rotation":{"angle":0,"axis":"y","origin":[11.4,7.725,8]},"faces":{"east":{"uv":[11.5,2,12,2.5],"rotation":90,"texture":"#2"},"west":{"uv":[10,4.25,10.25,5],"texture":"#2"},"up":{"uv":[1.25,12,3.5,12.5],"texture":"#3"},"down":{"uv":[15.75,15.75,16,16],"texture":"#2"}}},{"from":[2.155,11.294,7.86793],"to":[8.878,11.377,8.13207],"rotation":{"angle":0,"axis":"y","origin":[11.7,7.725,8]},"faces":{"east":{"uv":[15.75,15.75,16,16],"texture":"#2"},"west":{"uv":[15.75,15.75,16,16],"texture":"#2"},"up":{"uv":[0.75,4,7.25,4.5],"rotation":180,"texture":"#2"},"down":{"uv":[15.75,15.75,16,16],"texture":"#2"}}},{"from":[2.155,11.294,7.86793],"to":[8.878,11.377,8.13207],"rotation":{"angle":22.5,"axis":"x","origin":[2.819,10.713,8]},"faces":{"east":{"uv":[15.75,15.75,16,16],"texture":"#2"},"west":{"uv":[15.75,15.75,16,16],"texture":"#2"},"up":{"uv":[9.25,4.5,15.75,5],"texture":"#2"},"down":{"uv":[15.75,15.75,16,16],"texture":"#2"}}},{"from":[2.155,11.294,7.86793],"to":[8.878,11.377,8.13207],"rotation":{"angle":45,"axis":"x","origin":[2.819,10.713,8]},"faces":{"east":{"uv":[15.75,15.75,16,16],"texture":"#2"},"west":{"uv":[15.75,15.75,16,16],"texture":"#2"},"up":{"uv":[5.25,4.75,11.75,5.25],"texture":"#2"},"down":{"uv":[15.75,15.75,16,16],"texture":"#2"}}},{"from":[2.155,10.58093,8.581],"to":[8.878,10.84507,8.664],"rotation":{"angle":-22.5,"axis":"x","origin":[2.819,10.713,8]},"faces":{"north":{"uv":[15.75,15.75,16,16],"texture":"#2"},"east":{"uv":[15.75,15.75,16,16],"texture":"#2"},"south":{"uv":[3.75,5,10.25,5.5],"texture":"#2"},"west":{"uv":[15.75,15.75,16,16],"texture":"#2"}}},{"from":[2.155,10.58093,8.581],"to":[8.878,10.84507,8.664],"rotation":{"angle":22.5,"axis":"x","origin":[2.819,10.713,8]},"faces":{"north":{"uv":[15.75,15.75,16,16],"texture":"#2"},"east":{"uv":[15.75,15.75,16,16],"texture":"#2"},"south":{"uv":[8.5,5.5,15,6],"texture":"#2"},"west":{"uv":[15.75,15.75,16,16],"texture":"#2"}}},{"from":[2.155,10.58093,8.581],"to":[8.878,10.84507,8.664],"rotation":{"angle":0,"axis":"y","origin":[11.7,7.725,8]},"faces":{"north":{"uv":[15.75,15.75,16,16],"texture":"#2"},"east":{"uv":[15.75,15.75,16,16],"texture":"#2"},"south":{"uv":[6.25,5.25,12.75,5.75],"texture":"#2"},"west":{"uv":[15.75,15.75,16,16],"texture":"#2"}}},{"from":[2.155,10.049,7.86793],"to":[8.878,10.132,8.13207],"rotation":{"angle":-45,"axis":"x","origin":[2.819,10.713,8]},"faces":{"east":{"uv":[15.75,15.75,16,16],"texture":"#2"},"west":{"uv":[15.75,15.75,16,16],"texture":"#2"},"up":{"uv":[15.75,15.75,16,16],"texture":"#2"},"down":{"uv":[6.5,8,13,8.5],"rotation":180,"texture":"#2"}}},{"from":[2.155,10.049,7.86793],"to":[8.878,10.132,8.13207],"rotation":{"angle":-22.5,"axis":"x","origin":[2.819,10.713,8]},"faces":{"east":{"uv":[15.75,15.75,16,16],"texture":"#2"},"west":{"uv":[15.75,15.75,16,16],"texture":"#2"},"up":{"uv":[15.75,15.75,16,16],"texture":"#2"},"down":{"uv":[15.75,15.75,16,16],"rotation":180,"texture":"#2"}}},{"from":[2.155,10.049,7.86793],"to":[8.878,10.132,8.13207],"rotation":{"angle":0,"axis":"y","origin":[11.7,7.725,8]},"faces":{"east":{"uv":[15.75,15.75,16,16],"texture":"#2"},"west":{"uv":[15.75,15.75,16,16],"texture":"#2"},"up":{"uv":[15.75,15.75,16,16],"texture":"#2"},"down":{"uv":[15.75,15.75,16,16],"rotation":180,"texture":"#2"}}},{"from":[2.155,10.049,7.86793],"to":[8.878,10.132,8.13207],"rotation":{"angle":22.5,"axis":"x","origin":[2.819,10.713,8]},"faces":{"east":{"uv":[15.75,15.75,16,16],"texture":"#2"},"west":{"uv":[15.75,15.75,16,16],"texture":"#2"},"up":{"uv":[15.75,15.75,16,16],"texture":"#2"},"down":{"uv":[15.75,15.75,16,16],"rotation":180,"texture":"#2"}}},{"from":[2.155,10.049,7.86793],"to":[8.878,10.132,8.13207],"rotation":{"angle":45,"axis":"x","origin":[2.819,10.713,8]},"faces":{"east":{"uv":[15.75,15.75,16,16],"texture":"#2"},"west":{"uv":[15.75,15.75,16,16],"texture":"#2"},"up":{"uv":[15.75,15.75,16,16],"texture":"#2"},"down":{"uv":[6.5,8,13,8.5],"texture":"#2"}}},{"from":[2.155,10.58093,7.336],"to":[8.878,10.84507,7.419],"rotation":{"angle":-22.5,"axis":"x","origin":[2.819,10.713,8]},"faces":{"north":{"uv":[8.5,5.5,15,6],"texture":"#2"},"east":{"uv":[15.75,15.75,16,16],"texture":"#2"},"south":{"uv":[15.75,15.75,16,16],"texture":"#2"},"west":{"uv":[15.75,15.75,16,16],"texture":"#2"}}},{"from":[2.155,10.58093,7.336],"to":[8.878,10.84507,7.419],"rotation":{"angle":0,"axis":"y","origin":[11.7,7.725,8]},"faces":{"north":{"uv":[8.5,5.25,15,5.75],"texture":"#2"},"east":{"uv":[15.75,15.75,16,16],"texture":"#2"},"south":{"uv":[15.75,15.75,16,16],"texture":"#2"},"west":{"uv":[15.75,15.75,16,16],"texture":"#2"}}},{"from":[2.155,10.58093,7.336],"to":[8.878,10.84507,7.419],"rotation":{"angle":22.5,"axis":"x","origin":[2.819,10.713,8]},"faces":{"north":{"uv":[1.75,5,8.25,5.5],"texture":"#2"},"east":{"uv":[15.75,15.75,16,16],"texture":"#2"},"south":{"uv":[15.75,15.75,16,16],"texture":"#2"},"west":{"uv":[15.75,15.75,16,16],"texture":"#2"}}},{"from":[2.155,11.294,7.86793],"to":[8.878,11.377,8.13207],"rotation":{"angle":-45,"axis":"x","origin":[2.819,10.713,8]},"faces":{"east":{"uv":[15.75,15.75,16,16],"texture":"#2"},"west":{"uv":[15.75,15.75,16,16],"texture":"#2"},"up":{"uv":[8.5,4.75,15,5.25],"rotation":180,"texture":"#2"},"down":{"uv":[15.75,15.75,16,16],"texture":"#2"}}},{"from":[2.155,11.294,7.86793],"to":[8.878,11.377,8.13207],"rotation":{"angle":-22.5,"axis":"x","origin":[2.819,10.713,8]},"faces":{"east":{"uv":[15.75,15.75,16,16],"texture":"#2"},"west":{"uv":[15.75,15.75,16,16],"texture":"#2"},"up":{"uv":[4.5,4.5,11,5],"rotation":180,"texture":"#2"},"down":{"uv":[15.75,15.75,16,16],"texture":"#2"}}},{"from":[8.7945,11.377,7.8349],"to":[10.1225,11.543,8.1651],"rotation":{"angle":0,"axis":"y","origin":[11.7,7.725,8]},"faces":{"east":{"uv":[15.75,15.75,16,16],"texture":"#2"},"west":{"uv":[11.5,2,12,2.5],"rotation":90,"texture":"#2"},"up":{"uv":[1.25,12,3.5,12.5],"texture":"#3"},"down":{"uv":[15.75,15.75,16,16],"texture":"#2"}}},{"from":[8.795,11.377,7.8349],"to":[10.123,11.543,8.1651],"rotation":{"angle":22.5,"axis":"x","origin":[9.459,10.713,8]},"faces":{"east":{"uv":[15.75,15.75,16,16],"texture":"#2"},"west":{"uv":[9.25,4.5,9.75,5],"rotation":270,"texture":"#2"},"up":{"uv":[4.75,12,7,12.5],"texture":"#3"},"down":{"uv":[15.75,15.75,16,16],"texture":"#2"}}},{"from":[8.795,11.377,7.8349],"to":[10.123,11.543,8.1651],"rotation":{"angle":45,"axis":"x","origin":[9.459,10.713,8]},"faces":{"east":{"uv":[15.75,15.75,16,16],"texture":"#2"},"west":{"uv":[6.25,4.75,6.75,5.25],"rotation":270,"texture":"#2"},"up":{"uv":[6.25,4.75,8.5,5.25],"texture":"#2"},"down":{"uv":[15.75,15.75,16,16],"texture":"#2"}}},{"from":[8.795,10.5479,8.664],"to":[10.123,10.8781,8.83],"rotation":{"angle":-22.5,"axis":"x","origin":[9.459,10.713,8]},"faces":{"north":{"uv":[15.75,15.75,16,16],"texture":"#2"},"east":{"uv":[15.75,15.75,16,16],"texture":"#2"},"south":{"uv":[3.75,5,6,5.5],"texture":"#2"},"west":{"uv":[1.75,5,2.25,5.5],"texture":"#2"}}},{"from":[8.795,10.5479,8.664],"to":[10.123,10.8781,8.83],"rotation":{"angle":0,"axis":"y","origin":[11.7,7.725,8]},"faces":{"north":{"uv":[15.75,15.75,16,16],"texture":"#2"},"east":{"uv":[15.75,15.75,16,16],"texture":"#2"},"south":{"uv":[6.25,5.25,8.5,5.75],"texture":"#2"},"west":{"uv":[8.5,5.25,9,5.75],"texture":"#2"}}},{"from":[8.795,10.5479,8.664],"to":[10.123,10.8781,8.83],"rotation":{"angle":22.5,"axis":"x","origin":[9.459,10.713,8]},"faces":{"north":{"uv":[15.75,15.75,16,16],"texture":"#2"},"east":{"uv":[15.75,15.75,16,16],"texture":"#2"},"south":{"uv":[8.5,5.5,10.75,6],"texture":"#2"},"west":{"uv":[8.5,5.5,9,6],"texture":"#2"}}},{"from":[8.795,9.883,7.8349],"to":[10.123,10.049,8.1651],"rotation":{"angle":-45,"axis":"x","origin":[9.459,10.713,8]},"faces":{"east":{"uv":[15.75,15.75,16,16],"texture":"#2"},"west":{"uv":[6.5,8,7,8.5],"rotation":270,"texture":"#2"},"up":{"uv":[15.75,15.75,16,16],"texture":"#2"},"down":{"uv":[6.5,8,8.75,8.5],"rotation":180,"texture":"#2"}}},{"from":[8.795,9.883,7.8349],"to":[10.123,10.049,8.1651],"rotation":{"angle":0,"axis":"y","origin":[11.7,7.725,8]},"faces":{"east":{"uv":[15.75,15.75,16,16],"texture":"#2"},"west":{"uv":[15.75,15.75,16,16],"rotation":180,"texture":"#2"},"up":{"uv":[15.75,15.75,16,16],"texture":"#2"},"down":{"uv":[15.75,15.75,16,16],"rotation":180,"texture":"#2"}}},{"from":[8.795,9.883,7.8349],"to":[10.123,10.049,8.1651],"rotation":{"angle":-22.5,"axis":"x","origin":[9.459,10.713,8]},"faces":{"east":{"uv":[15.75,15.75,16,16],"texture":"#2"},"west":{"uv":[15.75,15.75,16,16],"rotation":180,"texture":"#2"},"up":{"uv":[15.75,15.75,16,16],"texture":"#2"},"down":{"uv":[15.75,15.75,16,16],"rotation":180,"texture":"#2"}}},{"from":[8.795,9.883,7.8349],"to":[10.123,10.049,8.1651],"rotation":{"angle":22.5,"axis":"x","origin":[9.459,10.713,8]},"faces":{"east":{"uv":[15.75,15.75,16,16],"texture":"#2"},"west":{"uv":[15.75,15.75,16,16],"rotation":180,"texture":"#2"},"up":{"uv":[15.75,15.75,16,16],"texture":"#2"},"down":{"uv":[15.75,15.75,16,16],"rotation":180,"texture":"#2"}}},{"from":[8.795,9.883,7.8349],"to":[10.123,10.049,8.1651],"rotation":{"angle":45,"axis":"x","origin":[9.459,10.713,8]},"faces":{"east":{"uv":[15.75,15.75,16,16],"texture":"#2"},"west":{"uv":[6.5,8,7,8.5],"rotation":90,"texture":"#2"},"up":{"uv":[15.75,15.75,16,16],"texture":"#2"},"down":{"uv":[6.5,8,8.75,8.5],"texture":"#2"}}},{"from":[8.795,10.5479,7.17],"to":[10.123,10.8781,7.336],"rotation":{"angle":-22.5,"axis":"x","origin":[9.459,10.713,8]},"faces":{"north":{"uv":[8.5,5.5,10.75,6],"texture":"#2"},"east":{"uv":[15.75,15.75,16,16],"texture":"#2"},"south":{"uv":[15.75,15.75,16,16],"texture":"#2"},"west":{"uv":[8.5,5.5,9,6],"texture":"#2"}}},{"from":[8.795,10.5479,7.17],"to":[10.123,10.8781,7.336],"rotation":{"angle":0,"axis":"y","origin":[11.7,7.725,8]},"faces":{"north":{"uv":[8.5,5.25,10.75,5.75],"texture":"#2"},"east":{"uv":[15.75,15.75,16,16],"texture":"#2"},"south":{"uv":[15.75,15.75,16,16],"texture":"#2"},"west":{"uv":[8.5,5.25,9,5.75],"texture":"#2"}}},{"from":[8.795,10.5479,7.17],"to":[10.123,10.8781,7.336],"rotation":{"angle":22.5,"axis":"x","origin":[9.459,10.713,8]},"faces":{"north":{"uv":[1.75,5,4,5.5],"texture":"#2"},"east":{"uv":[15.75,15.75,16,16],"texture":"#2"},"south":{"uv":[15.75,15.75,16,16],"texture":"#2"},"west":{"uv":[1.75,5,2.25,5.5],"texture":"#2"}}},{"from":[8.795,11.377,7.8349],"to":[10.123,11.543,8.1651],"rotation":{"angle":-45,"axis":"x","origin":[9.459,10.713,8]},"faces":{"east":{"uv":[15.75,15.75,16,16],"texture":"#2"},"west":{"uv":[7.25,4.75,7.75,5.25],"rotation":90,"texture":"#2"},"up":{"uv":[9,4.75,11.25,5.25],"rotation":180,"texture":"#2"},"down":{"uv":[15.75,15.75,16,16],"texture":"#2"}}},{"from":[8.795,11.377,7.8349],"to":[10.123,11.543,8.1651],"rotation":{"angle":-22.5,"axis":"x","origin":[9.459,10.713,8]},"faces":{"east":{"uv":[15.75,15.75,16,16],"texture":"#2"},"west":{"uv":[4.5,4.5,5,5],"rotation":90,"texture":"#2"},"up":{"uv":[1.5,12,3.75,12.5],"texture":"#3"},"down":{"uv":[15.75,15.75,16,16],"texture":"#2"}}},{"from":[10.1225,11.543,7.80188],"to":[11.4505,11.709,8.19812],"rotation":{"angle":0,"axis":"y","origin":[11.7,7.725,8]},"faces":{"east":{"uv":[15.75,15.75,16,16],"texture":"#2"},"west":{"uv":[11.5,2,12,2.5],"rotation":90,"texture":"#2"},"up":{"uv":[1.5,4.25,3.75,4.75],"texture":"#2"},"down":{"uv":[15.75,15.75,16,16],"texture":"#2"}}},{"from":[10.123,11.543,7.80188],"to":[11.451,11.709,8.19812],"rotation":{"angle":-22.5,"axis":"x","origin":[10.787,10.713,8]},"faces":{"east":{"uv":[15.75,15.75,16,16],"texture":"#2"},"west":{"uv":[4.5,4.5,5,5],"rotation":90,"texture":"#2"},"up":{"uv":[4.5,12,6.75,12.5],"texture":"#3"},"down":{"uv":[15.75,15.75,16,16],"texture":"#2"}}},{"from":[10.123,11.543,7.80188],"to":[11.451,11.709,8.19812],"rotation":{"angle":-45,"axis":"x","origin":[10.787,10.713,8]},"faces":{"east":{"uv":[9.75,8,10,8.25],"texture":"#2"},"west":{"uv":[7.25,4.75,7.75,5.25],"rotation":90,"texture":"#2"},"up":{"uv":[7.25,4.75,9.5,5.25],"rotation":180,"texture":"#2"},"down":{"uv":[15.75,15.75,16,16],"texture":"#2"}}},{"from":[10.123,10.51488,7.004],"to":[11.451,10.91112,7.17],"rotation":{"angle":22.5,"axis":"x","origin":[10.787,10.713,8]},"faces":{"north":{"uv":[1.75,5,4,5.5],"texture":"#2"},"east":{"uv":[9.75,8.25,10,8.5],"texture":"#2"},"south":{"uv":[15.75,15.75,16,16],"texture":"#2"},"west":{"uv":[1.75,5,2.25,5.5],"texture":"#2"}}},{"from":[10.123,10.51488,7.004],"to":[11.451,10.91112,7.17],"rotation":{"angle":0,"axis":"y","origin":[11.7,7.725,8]},"faces":{"north":{"uv":[8.5,5.25,10.75,5.75],"texture":"#2"},"east":{"uv":[9.5,8.5,9.75,8.75],"texture":"#2"},"south":{"uv":[15.75,15.75,16,16],"texture":"#2"},"west":{"uv":[8.5,5.25,9,5.75],"texture":"#2"}}},{"from":[10.123,10.51488,7.004],"to":[11.451,10.91112,7.17],"rotation":{"angle":-22.5,"axis":"x","origin":[10.787,10.713,8]},"faces":{"north":{"uv":[8.5,5.5,10.75,6],"texture":"#2"},"east":{"uv":[9.75,8.75,10,9],"texture":"#2"},"south":{"uv":[15.75,15.75,16,16],"texture":"#2"},"west":{"uv":[8.5,5.5,9,6],"texture":"#2"}}},{"from":[10.123,9.717,7.80188],"to":[11.451,9.883,8.19812],"rotation":{"angle":45,"axis":"x","origin":[10.787,10.713,8]},"faces":{"east":{"uv":[9,11,9.25,11.25],"texture":"#2"},"west":{"uv":[6.5,8,7,8.5],"rotation":90,"texture":"#2"},"up":{"uv":[15.75,15.75,16,16],"texture":"#2"},"down":{"uv":[6.5,8,8.75,8.5],"texture":"#2"}}},{"from":[10.123,9.717,7.80188],"to":[11.451,9.883,8.19812],"rotation":{"angle":22.5,"axis":"x","origin":[10.787,10.713,8]},"faces":{"east":{"uv":[9,11.5,9.25,11.75],"texture":"#2"},"west":{"uv":[15.75,15.75,16,16],"rotation":180,"texture":"#2"},"up":{"uv":[15.75,15.75,16,16],"texture":"#2"},"down":{"uv":[15.75,15.75,16,16],"rotation":180,"texture":"#2"}}},{"from":[10.123,9.717,7.80188],"to":[11.451,9.883,8.19812],"rotation":{"angle":0,"axis":"y","origin":[11.7,7.725,8]},"faces":{"east":{"uv":[8.75,11.5,9,11.75],"texture":"#2"},"west":{"uv":[15.75,15.75,16,16],"rotation":180,"texture":"#2"},"up":{"uv":[15.75,15.75,16,16],"texture":"#2"},"down":{"uv":[15.75,15.75,16,16],"rotation":180,"texture":"#2"}}},{"from":[10.123,9.717,7.80188],"to":[11.451,9.883,8.19812],"rotation":{"angle":-22.5,"axis":"x","origin":[10.787,10.713,8]},"faces":{"east":{"uv":[8.75,11.5,9,11.75],"texture":"#2"},"west":{"uv":[15.75,15.75,16,16],"rotation":180,"texture":"#2"},"up":{"uv":[15.75,15.75,16,16],"texture":"#2"},"down":{"uv":[15.75,15.75,16,16],"rotation":180,"texture":"#2"}}},{"from":[10.123,9.717,7.80188],"to":[11.451,9.883,8.19812],"rotation":{"angle":-45,"axis":"x","origin":[10.787,10.713,8]},"faces":{"east":{"uv":[9,11,9.25,11.25],"texture":"#2"},"west":{"uv":[6.5,8,7,8.5],"rotation":270,"texture":"#2"},"up":{"uv":[15.75,15.75,16,16],"texture":"#2"},"down":{"uv":[6.5,8,8.75,8.5],"rotation":180,"texture":"#2"}}},{"from":[10.123,10.51488,8.83],"to":[11.451,10.91112,8.996],"rotation":{"angle":22.5,"axis":"x","origin":[10.787,10.713,8]},"faces":{"north":{"uv":[15.75,15.75,16,16],"texture":"#2"},"east":{"uv":[9.5,8.5,9.75,8.75],"texture":"#2"},"south":{"uv":[8.5,5.5,10.75,6],"texture":"#2"},"west":{"uv":[8.5,5.5,9,6],"texture":"#2"}}},{"from":[10.123,10.51488,8.83],"to":[11.451,10.91112,8.996],"rotation":{"angle":0,"axis":"y","origin":[11.7,7.725,8]},"faces":{"north":{"uv":[15.75,15.75,16,16],"texture":"#2"},"east":{"uv":[9.5,8.5,9.75,8.75],"texture":"#2"},"south":{"uv":[6.25,5.25,8.5,5.75],"texture":"#2"},"west":{"uv":[8.5,5.25,9,5.75],"texture":"#2"}}},{"from":[11.451,10.48186,8.996],"to":[14.271,10.94414,9.162],"rotation":{"angle":-22.5,"axis":"x","origin":[13.111,10.713,8]},"faces":{"north":{"uv":[9.75,8.25,10,8.5],"texture":"#2"},"east":{"uv":[11,4.5,11.25,5.25],"rotation":270,"texture":"#2"},"south":{"uv":[3.75,5,7,5.5],"texture":"#2"},"west":{"uv":[1.75,5,2.25,5.5],"texture":"#2"}}},{"from":[10.123,11.543,7.80188],"to":[11.451,11.709,8.19812],"rotation":{"angle":45,"axis":"x","origin":[10.787,10.713,8]},"faces":{"east":{"uv":[9.75,8,10,8.25],"texture":"#2"},"west":{"uv":[6.25,4.75,6.75,5.25],"rotation":270,"texture":"#2"},"up":{"uv":[8.5,4.75,10.75,5.25],"texture":"#2"},"down":{"uv":[15.75,15.75,16,16],"texture":"#2"}}},{"from":[10.123,10.51488,8.83],"to":[11.451,10.91112,8.996],"rotation":{"angle":-22.5,"axis":"x","origin":[10.787,10.713,8]},"faces":{"north":{"uv":[15.75,15.75,16,16],"texture":"#2"},"east":{"uv":[9.75,8.25,10,8.5],"texture":"#2"},"south":{"uv":[3.75,5,6,5.5],"texture":"#2"},"west":{"uv":[1.75,5,2.25,5.5],"texture":"#2"}}},{"from":[10.123,11.543,7.80188],"to":[11.451,11.709,8.19812],"rotation":{"angle":22.5,"axis":"x","origin":[10.787,10.713,8]},"faces":{"east":{"uv":[15.75,15.75,16,16],"texture":"#2"},"west":{"uv":[9.25,4.5,9.75,5],"rotation":270,"texture":"#2"},"up":{"uv":[1.5,12,3.75,12.5],"texture":"#3"},"down":{"uv":[15.75,15.75,16,16],"texture":"#2"}}},{"from":[11.451,11.709,7.76886],"to":[14.271,11.875,8.23114],"rotation":{"angle":22.5,"axis":"x","origin":[13.111,10.713,8]},"faces":{"east":{"uv":[10,4.25,10.25,5],"texture":"#2"},"west":{"uv":[9.25,4.5,9.75,5],"rotation":270,"texture":"#2"},"up":{"uv":[9.25,4.5,12.5,5],"texture":"#2"},"down":{"uv":[15.75,15.75,16,16],"texture":"#2"}}},{"from":[11.451,11.709,7.76886],"to":[14.271,11.875,8.23114],"rotation":{"angle":45,"axis":"x","origin":[13.111,10.713,8]},"faces":{"east":{"uv":[10,4.25,10.25,5],"texture":"#2"},"west":{"uv":[6.25,4.75,6.75,5.25],"rotation":270,"texture":"#2"},"up":{"uv":[6.25,4.75,9.5,5.25],"texture":"#2"},"down":{"uv":[9.75,8,10,8.25],"texture":"#2"}}},{"from":[11.451,10.48186,8.996],"to":[14.271,10.94414,9.162],"rotation":{"angle":0,"axis":"y","origin":[11.7,7.725,8]},"faces":{"north":{"uv":[9.5,8.5,9.75,8.75],"texture":"#2"},"east":{"uv":[11,4.5,11.25,5.25],"rotation":270,"texture":"#2"},"south":{"uv":[6.25,5.25,9.5,5.75],"texture":"#2"},"west":{"uv":[8.5,5.25,9,5.75],"texture":"#2"}}},{"from":[11.451,10.48186,8.996],"to":[14.271,10.94414,9.162],"rotation":{"angle":22.5,"axis":"x","origin":[13.111,10.713,8]},"faces":{"north":{"uv":[9.5,8.5,9.75,8.75],"texture":"#2"},"east":{"uv":[11,4.75,11.25,5.5],"rotation":270,"texture":"#2"},"south":{"uv":[8.5,5.5,11.75,6],"texture":"#2"},"west":{"uv":[8.5,5.5,9,6],"texture":"#2"}}},{"from":[11.451,9.551,7.76886],"to":[14.271,9.717,8.23114],"rotation":{"angle":-45,"axis":"x","origin":[13.111,10.713,8]},"faces":{"east":{"uv":[10.5,5,10.75,5.75],"rotation":180,"texture":"#2"},"west":{"uv":[6.5,8,7,8.5],"rotation":270,"texture":"#2"},"up":{"uv":[9,11,9.25,11.25],"texture":"#2"},"down":{"uv":[6.5,8,9.75,8.5],"rotation":180,"texture":"#2"}}},{"from":[11.451,9.551,7.76886],"to":[14.271,9.717,8.23114],"rotation":{"angle":-22.5,"axis":"x","origin":[13.111,10.713,8]},"faces":{"east":{"uv":[10.5,5.25,10.75,6],"rotation":180,"texture":"#2"},"west":{"uv":[15.75,15.75,16,16],"rotation":180,"texture":"#2"},"up":{"uv":[8.75,11.5,9,11.75],"texture":"#2"},"down":{"uv":[15.75,15.75,16,16],"rotation":180,"texture":"#2"}}},{"from":[11.451,9.551,7.76886],"to":[14.271,9.717,8.23114],"rotation":{"angle":0,"axis":"y","origin":[11.7,7.725,8]},"faces":{"east":{"uv":[10,5.5,10.25,6.25],"texture":"#2"},"west":{"uv":[15.75,15.75,16,16],"rotation":180,"texture":"#2"},"up":{"uv":[8.75,11.5,9,11.75],"texture":"#2"},"down":{"uv":[15.75,15.75,16,16],"rotation":180,"texture":"#2"}}},{"from":[11.451,9.551,7.76886],"to":[14.271,9.717,8.23114],"rotation":{"angle":22.5,"axis":"x","origin":[13.111,10.713,8]},"faces":{"east":{"uv":[10.5,5.25,10.75,6],"rotation":180,"texture":"#2"},"west":{"uv":[15.75,15.75,16,16],"rotation":180,"texture":"#2"},"up":{"uv":[9,11.5,9.25,11.75],"texture":"#2"},"down":{"uv":[15.75,15.75,16,16],"rotation":180,"texture":"#2"}}},{"from":[11.451,9.551,7.76886],"to":[14.271,9.717,8.23114],"rotation":{"angle":45,"axis":"x","origin":[13.111,10.713,8]},"faces":{"east":{"uv":[10.5,5,10.75,5.75],"rotation":180,"texture":"#2"},"west":{"uv":[6.5,8,7,8.5],"rotation":90,"texture":"#2"},"up":{"uv":[9,11,9.25,11.25],"texture":"#2"},"down":{"uv":[6.5,8,9.75,8.5],"texture":"#2"}}},{"from":[11.451,10.48186,6.838],"to":[14.271,10.94414,7.004],"rotation":{"angle":-22.5,"axis":"x","origin":[13.111,10.713,8]},"faces":{"north":{"uv":[8.5,5.5,11.75,6],"texture":"#2"},"east":{"uv":[11,4.75,11.25,5.5],"rotation":90,"texture":"#2"},"south":{"uv":[9.75,8.75,10,9],"texture":"#2"},"west":{"uv":[8.5,5.5,9,6],"texture":"#2"}}},{"from":[11.451,10.48186,6.838],"to":[14.271,10.94414,7.004],"rotation":{"angle":0,"axis":"y","origin":[11.7,7.725,8]},"faces":{"north":{"uv":[8.5,5.25,11.75,5.75],"texture":"#2"},"east":{"uv":[11,4.5,11.25,5.25],"rotation":90,"texture":"#2"},"south":{"uv":[9.5,8.5,9.75,8.75],"texture":"#2"},"west":{"uv":[8.5,5.25,9,5.75],"texture":"#2"}}},{"from":[11.451,10.48186,6.838],"to":[14.271,10.94414,7.004],"rotation":{"angle":22.5,"axis":"x","origin":[13.111,10.713,8]},"faces":{"north":{"uv":[1.75,5,5,5.5],"texture":"#2"},"east":{"uv":[11,4.5,11.25,5.25],"rotation":90,"texture":"#2"},"south":{"uv":[9.75,8.25,10,8.5],"texture":"#2"},"west":{"uv":[1.75,5,2.25,5.5],"texture":"#2"}}},{"from":[11.451,11.709,7.76886],"to":[14.271,11.875,8.23114],"rotation":{"angle":-22.5,"axis":"x","origin":[13.111,10.713,8]},"faces":{"east":{"uv":[10,4.25,10.25,5],"texture":"#2"},"west":{"uv":[4.5,4.5,5,5],"rotation":90,"texture":"#2"},"up":{"uv":[4.5,4.5,7.75,5],"rotation":180,"texture":"#2"},"down":{"uv":[15.75,15.75,16,16],"texture":"#2"}}},{"from":[11.451,11.709,7.76886],"to":[14.271,11.875,8.23114],"rotation":{"angle":-45,"axis":"x","origin":[13.111,10.713,8]},"faces":{"east":{"uv":[10,4.25,10.25,5],"texture":"#2"},"west":{"uv":[7.25,4.75,7.75,5.25],"rotation":90,"texture":"#2"},"up":{"uv":[8.5,4.75,11.75,5.25],"rotation":180,"texture":"#2"},"down":{"uv":[9.75,8,10,8.25],"texture":"#2"}}},{"from":[11.4505,11.709,7.76886],"to":[14.2705,11.875,8.23117],"rotation":{"angle":0,"axis":"y","origin":[11.7,7.725,8]},"faces":{"east":{"uv":[10,4.25,10.25,5],"texture":"#2"},"west":{"uv":[10.75,1.25,11.25,1.75],"rotation":90,"texture":"#2"},"up":{"uv":[0.75,4,4,4.5],"rotation":180,"texture":"#2"},"down":{"uv":[15.75,15.75,16,16],"texture":"#2"}}},{"from":[8.878,10.1,7.4],"to":[10.04,11.3,8.6],"rotation":{"angle":0,"axis":"y","origin":[11.7,7.725,8.005]},"faces":{"west":{"uv":[3,3,13,13],"rotation":90,"texture":"#0"}}},{"from":[6.673,11.626,7.336],"to":[6.93716,12.226,8.664],"rotation":{"angle":0,"axis":"y","origin":[11.902,7.891,7.4681]},"faces":{"north":{"uv":[7,3.5,8.5,0],"rotation":180,"texture":"#1"},"south":{"uv":[11,3.5,12.5,0],"rotation":180,"texture":"#1"},"up":{"uv":[7,1.5,7.5,2],"rotation":180,"texture":"#1"}}},{"from":[6.248,12.1265,7.436],"to":[7.36216,12.2265,8.564],"rotation":{"angle":0,"axis":"y","origin":[11.902,7.891,7.4681]},"faces":{"up":{"uv":[0.5,6,10,15.5],"rotation":270,"texture":"#1"}}},{"from":[6.14107,11.626,7.8679],"to":[7.46907,12.226,8.13204],"rotation":{"angle":0,"axis":"y","origin":[11.902,7.891,8]},"faces":{"east":{"uv":[7,3.5,8.5,0],"rotation":180,"texture":"#1"},"west":{"uv":[11,3.5,12.5,0],"rotation":180,"texture":"#1"},"up":{"uv":[7,1.5,7.5,2],"rotation":180,"texture":"#1"}}},{"from":[6.673,11.626,7.336],"to":[6.93716,12.226,8.664],"rotation":{"angle":22.5,"axis":"y","origin":[6.80507,11.958,8]},"faces":{"north":{"uv":[7,3.5,8.5,0],"rotation":180,"texture":"#1"},"south":{"uv":[9,3.5,10.5,0],"rotation":180,"texture":"#1"},"up":{"uv":[7,1.5,7.5,2],"rotation":180,"texture":"#1"}}},{"from":[6.14107,11.626,7.86793],"to":[7.46907,12.226,8.13207],"rotation":{"angle":-22.5,"axis":"y","origin":[6.80507,11.958,8]},"faces":{"east":{"uv":[7,3.5,8.5,0],"rotation":180,"texture":"#1"},"west":{"uv":[11,3.5,12.5,0],"rotation":180,"texture":"#1"},"up":{"uv":[7,1.5,7.5,2],"rotation":180,"texture":"#1"}}},{"from":[6.673,11.6259,7.336],"to":[6.93716,12.2259,8.664],"rotation":{"angle":45,"axis":"y","origin":[6.80507,11.958,8]},"faces":{"north":{"uv":[9,3.5,10.5,0],"rotation":180,"texture":"#1"},"south":{"uv":[11,3.5,12.5,0],"rotation":180,"texture":"#1"},"up":{"uv":[7,1.5,7.5,2],"rotation":180,"texture":"#1"}}},{"from":[6.673,11.626,7.336],"to":[6.93716,12.226,8.664],"rotation":{"angle":-22.5,"axis":"y","origin":[6.80507,11.958,8]},"faces":{"north":{"uv":[11,3.5,12.5,0],"rotation":180,"texture":"#1"},"south":{"uv":[9,3.5,10.5,0],"rotation":180,"texture":"#1"},"up":{"uv":[7,1.5,7.5,2],"rotation":180,"texture":"#1"}}},{"from":[6.673,11.6259,7.336],"to":[6.93716,12.2259,8.664],"rotation":{"angle":-45,"axis":"y","origin":[6.80507,11.958,8]},"faces":{"north":{"uv":[7,3.5,8.5,0],"rotation":180,"texture":"#1"},"south":{"uv":[11,3.5,12.5,0],"rotation":180,"texture":"#1"},"up":{"uv":[7,1.5,7.5,2],"rotation":180,"texture":"#1"}}},{"from":[6.14107,11.626,7.86793],"to":[7.46907,12.226,8.13207],"rotation":{"angle":22.5,"axis":"y","origin":[6.80507,11.958,8]},"faces":{"east":{"uv":[11,3.5,12.5,0],"rotation":180,"texture":"#1"},"west":{"uv":[9,3.5,10.5,0],"rotation":180,"texture":"#1"},"up":{"uv":[7,1.5,7.5,2],"rotation":180,"texture":"#1"}}}],"gui_light":"front","display":{"thirdperson_righthand":{"rotation":[0,90,0],"translation":[-1,1.7,-0.5],"scale":[0.6,0.6,0.6]},"thirdperson_lefthand":{"rotation":[0,-90,-170],"translation":[-2,-5.5,7],"scale":[0.6,0.6,0.6]},"firstperson_righthand":{"rotation":[0,90,0],"translation":[-8.97,4.82,7.5],"scale":[0.2,1.3,1.3]},"firstperson_lefthand":{"translation":[2,3,-2],"scale":[0,0,0]},"ground":{"translation":[0,3.5,0],"scale":[0.6,0.6,0.6]},"gui":{"rotation":[0,0,45],"translation":[-1.2,0,0],"scale":[0.6,0.6,0.6]},"head":{"scale":[1.2,1.2,1.2]},"fixed":{"translation":[0,5.5,-2.5],"scale":[-1.2,1.2,-1.2]}}}