{"credit":"thebradqq's guns","textures":{"0":"mgs:gun/metal","1":"mgs:misc/reticle_pso1","2":"mgs:gun/metal_dark","3":"mgs:gun/pso1details"},"elements":[{"from":[2.75,9.9,7.86076],"to":[5.25,10.2,8.13924],"faces":{"east":{"uv":[13.5,5.25,14,6],"rotation":180,"texture":"#0"},"west":{"uv":[13.5,5.25,14,6],"rotation":180,"texture":"#0"},"down":{"uv":[1.75,6,5.75,5.5],"texture":"#0"}}},{"from":[3.95,11.3001,7.6],"to":[4.10913,11.6501,8.4],"faces":{"north":{"uv":[2,0,4,5.49],"rotation":180,"texture":"#3"},"south":{"uv":[2,0,4,5.49],"rotation":180,"texture":"#3"},"up":{"uv":[4.5,5,8.5,5.49],"rotation":90,"texture":"#3"}}},{"from":[2.7505,9.9,7.86076],"to":[5.2505,10.2,8.13924],"rotation":{"angle":22.5,"axis":"x","origin":[4.25,10.6,8]},"faces":{"east":{"uv":[13.5,5.25,14,6],"rotation":180,"texture":"#0"},"west":{"uv":[13.5,5.25,14,6],"rotation":180,"texture":"#0"},"down":{"uv":[12,5.75,16,5.25],"texture":"#0"}}},{"from":[2.7505,9.9,7.86076],"to":[5.2505,10.2,8.13924],"rotation":{"angle":-22.5,"axis":"x","origin":[4.25,10.6,8]},"faces":{"east":{"uv":[13.5,5.25,14,6],"rotation":180,"texture":"#0"},"west":{"uv":[13.5,5.25,14,6],"rotation":180,"texture":"#0"},"down":{"uv":[12,5.75,16,5.25],"rotation":180,"texture":"#0"}}},{"from":[2.75,9.9,7.86076],"to":[5.249,10.2,8.13924],"rotation":{"angle":-45,"axis":"x","origin":[4.25,10.6,8]},"faces":{"east":{"uv":[13,4.75,13.5,5.5],"rotation":180,"texture":"#0"},"west":{"uv":[13,4.75,13.5,5.5],"rotation":180,"texture":"#0"},"down":{"uv":[9.25,5.5,13.25,5],"rotation":180,"texture":"#0"}}},{"from":[2.75,9.9,7.86076],"to":[5.25,10.2,8.13924],"rotation":{"angle":45,"axis":"x","origin":[4.25,10.6,8]},"faces":{"east":{"uv":[13,4.75,13.5,5.5],"rotation":180,"texture":"#0"},"west":{"uv":[13,4.75,13.5,5.5],"rotation":180,"texture":"#0"},"down":{"uv":[9.25,5.5,13.25,5],"texture":"#0"}}},{"from":[2.7495,10.46076,7.3],"to":[5.2495,10.73924,7.6],"rotation":{"angle":22.5,"axis":"x","origin":[4.25,10.6,8]},"faces":{"north":{"uv":[5.75,4.75,9.75,4.25],"rotation":180,"texture":"#0"},"east":{"uv":[7.5,4,8,4.75],"rotation":90,"texture":"#0"},"west":{"uv":[12.5,4.25,13,5],"rotation":270,"texture":"#0"}}},{"from":[2.7505,10.46076,7.3],"to":[5.2495,10.73924,7.6],"rotation":{"angle":-22.5,"axis":"x","origin":[4.25,10.6,8]},"faces":{"north":{"uv":[4.75,5.25,8.75,4.75],"rotation":180,"texture":"#0"},"east":{"uv":[12.75,4.5,13.25,5.25],"rotation":90,"texture":"#0"},"west":{"uv":[12.75,4.5,13.25,5.25],"rotation":270,"texture":"#0"}}},{"from":[2.75,10.46076,7.3],"to":[5.25,10.73924,7.6],"faces":{"north":{"uv":[7.25,5,11.25,4.5],"rotation":180,"texture":"#0"},"east":{"uv":[12.5,4.25,13,5],"rotation":90,"texture":"#0"},"west":{"uv":[12.5,4.25,13,5],"rotation":270,"texture":"#0"}}},{"from":[2.7505,10.46076,8.4],"to":[5.2505,10.73924,8.7],"rotation":{"angle":22.5,"axis":"x","origin":[4.25,10.6,8]},"faces":{"east":{"uv":[12.75,4.5,13.25,5.25],"rotation":270,"texture":"#0"},"south":{"uv":[4.75,5.25,8.75,4.75],"rotation":180,"texture":"#0"},"west":{"uv":[12.75,4.5,13.25,5.25],"rotation":90,"texture":"#0"}}},{"from":[2.75,10.26076,8.4],"to":[5.25,10.88924,8.7],"faces":{"east":{"uv":[12.5,4.25,13,5],"rotation":270,"texture":"#0"},"south":{"uv":[7.25,5,11.25,4.25],"rotation":180,"texture":"#0"},"west":{"uv":[12.5,4.25,13,5],"rotation":90,"texture":"#0"},"up":{"uv":[10.75,1.25,14.75,1.5],"rotation":180,"texture":"#0"},"down":{"uv":[1.75,6,5.75,6.25],"texture":"#0"}}},{"from":[2.75,11,7.86076],"to":[5.25,11.3,8.13924],"rotation":{"angle":-45,"axis":"x","origin":[4.25,10.6,8]},"faces":{"east":{"uv":[7.5,4,8,4.75],"texture":"#0"},"west":{"uv":[7.5,4,8,4.75],"texture":"#0"},"up":{"uv":[8,3.75,12,3.25],"rotation":180,"texture":"#0"}}},{"from":[2.7502,11,7.86076],"to":[5.2502,11.3,8.13924],"rotation":{"angle":-22.5,"axis":"x","origin":[4.25,10.6,8]},"faces":{"east":{"uv":[10.75,4,11.25,4.75],"texture":"#0"},"west":{"uv":[10.75,4,11.25,4.75],"texture":"#0"}}},{"from":[2.7505,11,7.58575],"to":[5.2495,11.3,8.41425],"faces":{"north":{"uv":[10.25,2.5,14.25,2.75],"rotation":180,"texture":"#0"},"east":{"uv":[10.25,4,11.5,4.75],"texture":"#0"},"south":{"uv":[8,3.75,12,4],"rotation":180,"texture":"#0"},"west":{"uv":[10.25,4,11.5,4.75],"texture":"#0"},"up":{"uv":[10.75,1.25,14.75,2.5],"rotation":180,"texture":"#0"}}},{"from":[2.7502,11,7.86076],"to":[5.2502,11.3,8.13924],"rotation":{"angle":22.5,"axis":"x","origin":[4.25,10.6,8]},"faces":{"east":{"uv":[10.75,4,11.25,4.75],"texture":"#0"},"west":{"uv":[10.25,4,10.75,4.75],"texture":"#0"}}},{"from":[2.75,11,7.86076],"to":[5.25,11.3,8.13924],"rotation":{"angle":45,"axis":"x","origin":[4.25,10.6,8]},"faces":{"east":{"uv":[7.5,4,8,4.75],"texture":"#0"},"west":{"uv":[11.75,4,12.25,4.75],"texture":"#0"},"up":{"uv":[8,3.75,12,3.25],"rotation":180,"texture":"#0"}}},{"from":[2.7495,10.46076,8.4],"to":[5.2495,10.73924,8.7],"rotation":{"angle":-22.5,"axis":"x","origin":[4.25,10.6,8]},"faces":{"east":{"uv":[7.5,4,8,4.75],"rotation":270,"texture":"#0"},"south":{"uv":[5.75,4.75,9.75,4.25],"rotation":180,"texture":"#0"},"west":{"uv":[12.5,4.25,13,5],"rotation":90,"texture":"#0"}}},{"from":[-1.05,10,7.88065],"to":[0.95,10.1,8.11935],"faces":{"east":{"uv":[15.75,15.75,16,16],"texture":"#2"},"west":{"uv":[15.75,15.75,16,16],"texture":"#2"},"down":{"uv":[15.75,15.75,16,16],"texture":"#2"}}},{"from":[-1.05,10,7.88065],"to":[0.95,10.1,8.11935],"rotation":{"angle":22.5,"axis":"x","origin":[-0.65,10.6,8]},"faces":{"east":{"uv":[15.75,15.75,16,16],"texture":"#2"},"west":{"uv":[15.75,15.75,16,16],"texture":"#2"},"down":{"uv":[15.75,15.75,16,16],"texture":"#2"}}},{"from":[-1.05,10,7.88065],"to":[0.95,10.1,8.11935],"rotation":{"angle":-22.5,"axis":"x","origin":[-0.65,10.6,8]},"faces":{"east":{"uv":[15.75,15.75,16,16],"texture":"#2"},"west":{"uv":[15.75,15.75,16,16],"texture":"#2"},"down":{"uv":[15.75,15.75,16,16],"texture":"#2"}}},{"from":[-1.05,10,7.88065],"to":[0.95,10.1,8.11935],"rotation":{"angle":45,"axis":"x","origin":[-0.65,10.6,8]},"faces":{"east":{"uv":[6,8,6.25,8.25],"texture":"#2"},"west":{"uv":[6,8,6.25,8.25],"texture":"#2"},"down":{"uv":[6,8,6.25,8.25],"texture":"#2"}}},{"from":[-1.05,10,7.88065],"to":[0.95,10.1,8.11935],"rotation":{"angle":-45,"axis":"x","origin":[-0.65,10.6,8]},"faces":{"east":{"uv":[6,8,6.25,8.25],"texture":"#2"},"west":{"uv":[6,8,6.25,8.25],"texture":"#2"},"down":{"uv":[6,8,6.25,8.25],"texture":"#2"}}},{"from":[-1.05,10.48065,7.4],"to":[0.95,10.71935,7.5],"rotation":{"angle":-22.5,"axis":"x","origin":[-0.65,10.6,8]},"faces":{"north":{"uv":[6,8,11.25,8.5],"rotation":180,"texture":"#2"},"east":{"uv":[6,8,6.25,8.25],"texture":"#2"},"west":{"uv":[6,8,6.25,8.25],"texture":"#2"}}},{"from":[-1.05,10.48065,7.4],"to":[0.95,10.71935,7.5],"rotation":{"angle":22.5,"axis":"x","origin":[-0.65,10.6,8]},"faces":{"north":{"uv":[8,11.25,13.25,11.75],"rotation":180,"texture":"#2"},"east":{"uv":[3.75,11.25,4,11.5],"rotation":180,"texture":"#2"},"west":{"uv":[3.75,11.25,4,11.5],"rotation":180,"texture":"#2"}}},{"from":[-1.05,10.48065,7.4],"to":[0.95,10.71935,7.5],"faces":{"north":{"uv":[8.75,8.5,14,9],"rotation":180,"texture":"#2"},"east":{"uv":[8.75,8.5,9,8.75],"rotation":180,"texture":"#2"},"west":{"uv":[8.75,8.5,9,8.75],"rotation":180,"texture":"#2"}}},{"from":[-1.05,11.1,7.88065],"to":[0.95,11.2,8.11935],"rotation":{"angle":-45,"axis":"x","origin":[-0.65,10.6,8]},"faces":{"east":{"uv":[1.5,11.5,1.75,11.75],"texture":"#2"},"west":{"uv":[1.5,11.5,1.75,11.75],"texture":"#2"},"up":{"uv":[1.5,11.5,6.75,12],"texture":"#2"}}},{"from":[-1.05,11.1,7.88065],"to":[0.95,11.2,8.11935],"rotation":{"angle":45,"axis":"x","origin":[-0.65,10.6,8]},"faces":{"east":{"uv":[1.5,11.5,1.75,11.75],"texture":"#2"},"west":{"uv":[1.5,11.5,1.75,11.75],"texture":"#2"},"up":{"uv":[6.75,12,1.5,11.5],"texture":"#2"}}},{"from":[-1.05,11.1,7.88065],"to":[0.95,11.2,8.11935],"rotation":{"angle":22.5,"axis":"x","origin":[-0.65,10.6,8]},"faces":{"east":{"uv":[1.5,12,1.75,12.25],"texture":"#2"},"west":{"uv":[1.5,12,1.75,12.25],"texture":"#2"},"up":{"uv":[6.75,12.5,1.5,12],"texture":"#2"}}},{"from":[-1.05,11.1,7.88065],"to":[0.95,11.2,8.11935],"faces":{"east":{"uv":[5,15,5.25,15.25],"texture":"#2"},"west":{"uv":[5,15,5.25,15.25],"texture":"#2"},"up":{"uv":[5,15,10.25,15.5],"texture":"#2"}}},{"from":[-1.05,11.1,7.88065],"to":[0.95,11.2,8.11935],"rotation":{"angle":-22.5,"axis":"x","origin":[-0.65,10.6,8]},"faces":{"east":{"uv":[1.5,12,1.75,12.25],"texture":"#2"},"west":{"uv":[1.5,12,1.75,12.25],"texture":"#2"},"up":{"uv":[1.5,12,6.75,12.5],"texture":"#2"}}},{"from":[-1.05,10.48065,8.5],"to":[0.95,10.71935,8.6],"faces":{"east":{"uv":[8.75,8.5,9,8.75],"rotation":180,"texture":"#2"},"south":{"uv":[8.75,8.5,14,9],"rotation":180,"texture":"#2"},"west":{"uv":[8.75,8.5,9,8.75],"rotation":180,"texture":"#2"}}},{"from":[-1.05,10.48065,8.5],"to":[0.95,10.71935,8.6],"rotation":{"angle":22.5,"axis":"x","origin":[-0.65,10.6,8]},"faces":{"east":{"uv":[6,8,6.25,8.25],"texture":"#2"},"south":{"uv":[6,8,11.25,8.5],"rotation":180,"texture":"#2"},"west":{"uv":[6,8,6.25,8.25],"texture":"#2"}}},{"from":[-1.85,10.50054,7.5],"to":[0.95,10.69946,7.6],"faces":{"north":{"uv":[5,8.5,13,9],"rotation":180,"texture":"#2"},"south":{"uv":[8.75,8.25,9,8.5],"texture":"#2"}}},{"from":[0.35,10.50054,7.5],"to":[1.15,10.69946,7.6],"faces":{"north":{"uv":[10.25,5.5,12.25,5],"rotation":180,"texture":"#0"},"east":{"uv":[12.25,5,12.5,5.5],"texture":"#0"}}},{"from":[6.95,10.50054,7.5],"to":[7.75,10.69946,7.6],"faces":{"north":{"uv":[12.25,5.5,10.25,5],"rotation":180,"texture":"#0"},"east":{"uv":[12.5,5,12.25,5.5],"texture":"#0"},"south":{"uv":[8.75,8.25,9,8.5],"texture":"#2"},"west":{"uv":[12.5,5,12.25,5.5],"texture":"#0"}}},{"from":[-1.85,10.50054,7.5],"to":[0.95,10.69946,7.6],"rotation":{"angle":22.5,"axis":"x","origin":[0.55,10.6,8]},"faces":{"north":{"uv":[3.75,11.25,11.75,11.75],"rotation":180,"texture":"#2"},"south":{"uv":[8.75,8,9,8.25],"texture":"#2"}}},{"from":[0.35,10.50054,7.5],"to":[1.15,10.69946,7.6],"rotation":{"angle":22.5,"axis":"x","origin":[0.55,10.6,8]},"faces":{"north":{"uv":[9.25,5.25,11.25,4.75],"rotation":180,"texture":"#0"},"east":{"uv":[12.25,4.75,12.5,5.25],"texture":"#0"}}},{"from":[6.95,10.50054,7.5],"to":[7.75,10.69946,7.6],"rotation":{"angle":22.5,"axis":"x","origin":[15.45,10.6,8]},"faces":{"north":{"uv":[11.25,5.25,9.25,4.75],"rotation":180,"texture":"#0"},"east":{"uv":[12.5,4.75,12.25,5.25],"texture":"#0"},"south":{"uv":[8.75,8,9,8.25],"texture":"#2"},"west":{"uv":[12.5,4.75,12.25,5.25],"texture":"#0"}}},{"from":[-1.85,11,7.90054],"to":[0.95,11.1,8.09946],"rotation":{"angle":-45,"axis":"x","origin":[0.55,10.6,8]},"faces":{"up":{"uv":[5,11.5,13,12],"texture":"#2"},"down":{"uv":[15.75,15.75,16,16],"texture":"#2"}}},{"from":[0.35,11,7.90054],"to":[1.15,11.1,8.09946],"rotation":{"angle":-45,"axis":"x","origin":[0.55,10.6,8]},"faces":{"east":{"uv":[11.75,4.5,12,5],"rotation":270,"texture":"#0"},"up":{"uv":[13.75,4.75,15.75,4.25],"texture":"#0"}}},{"from":[6.95,11,7.90054],"to":[7.75,11.1,8.09946],"rotation":{"angle":-45,"axis":"x","origin":[15.45,10.6,8]},"faces":{"east":{"uv":[11.75,5,12,4.5],"rotation":90,"texture":"#0"},"west":{"uv":[11.75,5,12,4.5],"rotation":270,"texture":"#0"},"up":{"uv":[15.75,4.75,13.75,4.25],"texture":"#0"},"down":{"uv":[15.75,15.75,16,16],"texture":"#2"}}},{"from":[-1.85,11,7.90054],"to":[0.95,11.1,8.09946],"rotation":{"angle":-22.5,"axis":"x","origin":[0.55,10.6,8]},"faces":{"up":{"uv":[7.75,12,15.75,12.5],"texture":"#2"},"down":{"uv":[15.75,15.75,16,16],"texture":"#2"}}},{"from":[0.35,11,7.90054],"to":[1.15,11.1,8.09946],"rotation":{"angle":-22.5,"axis":"x","origin":[0.55,10.6,8]},"faces":{"east":{"uv":[11,4.5,11.5,4.75],"texture":"#0"},"up":{"uv":[11,4.5,13,4],"texture":"#0"}}},{"from":[6.95,11,7.90054],"to":[7.75,11.1,8.09946],"rotation":{"angle":-22.5,"axis":"x","origin":[15.45,10.6,8]},"faces":{"east":{"uv":[9.5,4,9,4.25],"rotation":180,"texture":"#0"},"west":{"uv":[11.5,4.5,11,4.75],"texture":"#0"},"up":{"uv":[13,4.5,11,4],"texture":"#0"},"down":{"uv":[15.75,15.75,16,16],"texture":"#2"}}},{"from":[-1.85,11,7.90054],"to":[0.95,11.1,8.09946],"faces":{"up":{"uv":[0,15,8,15.5],"texture":"#2"},"down":{"uv":[15.75,15.75,16,16],"texture":"#2"}}},{"from":[0.35,11,7.90054],"to":[1.15,11.1,8.09946],"faces":{"east":{"uv":[12,1.25,12.5,1.5],"texture":"#0"},"up":{"uv":[12,1.25,14,1.75],"texture":"#0"}}},{"from":[6.95,11,7.90054],"to":[7.75,11.1,8.09946],"faces":{"east":{"uv":[12.5,1.25,12,1.5],"texture":"#0"},"west":{"uv":[12.5,1.25,12,1.5],"texture":"#0"},"up":{"uv":[14,1.25,12,1.75],"texture":"#0"},"down":{"uv":[15.75,15.75,16,16],"texture":"#2"}}},{"from":[-1.85,11,7.90054],"to":[0.95,11.1,8.09946],"rotation":{"angle":22.5,"axis":"x","origin":[0.55,10.6,8]},"faces":{"up":{"uv":[15.75,12.5,7.75,12],"texture":"#2"},"down":{"uv":[15.75,15.75,16,16],"texture":"#2"}}},{"from":[0.35,11,7.90054],"to":[1.15,11.1,8.09946],"rotation":{"angle":22.5,"axis":"x","origin":[0.55,10.6,8]},"faces":{"east":{"uv":[9,4,9.5,4.25],"rotation":180,"texture":"#0"},"up":{"uv":[9,4,11,4.5],"texture":"#0"}}},{"from":[6.95,11,7.90054],"to":[7.75,11.1,8.09946],"rotation":{"angle":22.5,"axis":"x","origin":[15.45,10.6,8]},"faces":{"east":{"uv":[11.5,4.5,11,4.75],"texture":"#0"},"west":{"uv":[9.5,4,9,4.25],"rotation":180,"texture":"#0"},"up":{"uv":[11,4,9,4.5],"texture":"#0"},"down":{"uv":[15.75,15.75,16,16],"texture":"#2"}}},{"from":[-1.85,11,7.90054],"to":[0.95,11.1,8.09946],"rotation":{"angle":45,"axis":"x","origin":[0.55,10.6,8]},"faces":{"up":{"uv":[13,12,5,11.5],"texture":"#2"},"down":{"uv":[15.75,15.75,16,16],"texture":"#2"}}},{"from":[0.35,11,7.90054],"to":[1.15,11.1,8.09946],"rotation":{"angle":45,"axis":"x","origin":[0.55,10.6,8]},"faces":{"east":{"uv":[11.75,4.5,12,5],"rotation":90,"texture":"#0"},"up":{"uv":[6.25,4.25,8.25,4.75],"texture":"#0"}}},{"from":[6.95,11,7.90054],"to":[7.75,11.1,8.09946],"rotation":{"angle":45,"axis":"x","origin":[15.45,10.6,8]},"faces":{"east":{"uv":[11.75,5,12,4.5],"rotation":270,"texture":"#0"},"west":{"uv":[11.75,5,12,4.5],"rotation":90,"texture":"#0"},"up":{"uv":[8.25,4.25,6.25,4.75],"texture":"#0"},"down":{"uv":[15.75,15.75,16,16],"texture":"#2"}}},{"from":[-1.85,10.50054,8.4],"to":[0.95,10.69946,8.5],"rotation":{"angle":-22.5,"axis":"x","origin":[0.55,10.6,8]},"faces":{"north":{"uv":[8.75,8,9,8.25],"texture":"#2"},"south":{"uv":[11.75,11.25,3.75,11.75],"rotation":180,"texture":"#2"}}},{"from":[0.35,10.50054,8.4],"to":[1.15,10.69946,8.5],"rotation":{"angle":-22.5,"axis":"x","origin":[0.55,10.6,8]},"faces":{"east":{"uv":[12.25,4.75,12.5,5.25],"texture":"#0"},"south":{"uv":[4.5,4.5,6.5,5],"texture":"#0"}}},{"from":[6.95,10.50054,8.4],"to":[7.75,10.69946,8.5],"rotation":{"angle":-22.5,"axis":"x","origin":[15.45,10.6,8]},"faces":{"north":{"uv":[8.75,8,9,8.25],"texture":"#2"},"east":{"uv":[12.5,4.75,12.25,5.25],"texture":"#0"},"south":{"uv":[6.5,4.5,4.5,5],"texture":"#0"},"west":{"uv":[12.5,4.75,12.25,5.25],"texture":"#0"}}},{"from":[-1.85,10.50054,8.4],"to":[0.95,10.69946,8.5],"faces":{"north":{"uv":[8.75,8.25,9,8.5],"texture":"#2"},"south":{"uv":[5,8.5,13,9],"rotation":180,"texture":"#2"}}},{"from":[0.35,10.50054,8.4],"to":[1.15,10.69946,8.5],"faces":{"east":{"uv":[12.25,5,12.5,5.5],"texture":"#0"},"south":{"uv":[10.25,5.5,12.25,5],"rotation":180,"texture":"#0"}}},{"from":[6.95,10.50054,8.4],"to":[7.75,10.69946,8.5],"faces":{"north":{"uv":[8.75,8.25,9,8.5],"texture":"#2"},"east":{"uv":[12.5,5,12.25,5.5],"texture":"#0"},"south":{"uv":[12.25,5.5,10.25,5],"rotation":180,"texture":"#0"},"west":{"uv":[12.5,5,12.25,5.5],"texture":"#0"}}},{"from":[-1.85,10.50054,8.4],"to":[0.95,10.69946,8.5],"rotation":{"angle":22.5,"axis":"x","origin":[0.55,10.6,8]},"faces":{"north":{"uv":[8.75,8.5,9,8.75],"texture":"#2"},"south":{"uv":[6,8,14,8.5],"rotation":180,"texture":"#2"}}},{"from":[0.35,10.50054,8.4],"to":[1.15,10.69946,8.5],"rotation":{"angle":22.5,"axis":"x","origin":[0.55,10.6,8]},"faces":{"east":{"uv":[9.75,5.25,10,5.75],"texture":"#0"},"south":{"uv":[6.5,5.75,8.5,5.25],"rotation":180,"texture":"#0"}}},{"from":[6.95,10.50054,8.4],"to":[7.75,10.69946,8.5],"rotation":{"angle":22.5,"axis":"x","origin":[15.45,10.6,8]},"faces":{"north":{"uv":[8.75,8.25,9,8.5],"texture":"#2"},"east":{"uv":[10,5.25,9.75,5.75],"texture":"#0"},"south":{"uv":[8.5,5.75,6.5,5.25],"rotation":180,"texture":"#0"},"west":{"uv":[10,5.25,9.75,5.75],"texture":"#0"}}},{"from":[-1.85,10.1,7.90054],"to":[0.95,10.2,8.09946],"rotation":{"angle":-45,"axis":"x","origin":[0.55,10.6,8]},"faces":{"up":{"uv":[10.5,11.5,10.75,11.75],"texture":"#2"},"down":{"uv":[6,8,6.25,8.25],"texture":"#2"}}},{"from":[0.35,10.1,7.90054],"to":[1.15,10.2,8.09946],"rotation":{"angle":-45,"axis":"x","origin":[0.55,10.6,8]},"faces":{"east":{"uv":[7.5,5.5,7.75,6],"texture":"#0"},"down":{"uv":[5.25,6,7.25,5.5],"rotation":180,"texture":"#0"}}},{"from":[6.95,10.1,7.90054],"to":[7.75,10.2,8.09946],"rotation":{"angle":-45,"axis":"x","origin":[15.45,10.6,8]},"faces":{"east":{"uv":[7.75,5.5,7.5,6],"texture":"#0"},"west":{"uv":[7.75,5.5,7.5,6],"texture":"#0"},"up":{"uv":[10.5,11.5,10.75,11.75],"texture":"#2"},"down":{"uv":[7.25,6,5.25,5.5],"rotation":180,"texture":"#0"}}},{"from":[-1.85,10.1,7.90054],"to":[0.95,10.2,8.09946],"rotation":{"angle":-22.5,"axis":"x","origin":[0.55,10.6,8]},"faces":{"up":{"uv":[10.75,11.75,11,12],"texture":"#2"},"down":{"uv":[15.75,15.75,16,16],"texture":"#2"}}},{"from":[0.35,10.1,7.90054],"to":[1.15,10.2,8.09946],"rotation":{"angle":-22.5,"axis":"x","origin":[0.55,10.6,8]},"faces":{"east":{"uv":[7.5,5.5,7.75,6],"texture":"#0"},"down":{"uv":[3,6.5,5,6],"texture":"#0"}}},{"from":[6.95,10.1,7.90054],"to":[7.75,10.2,8.09946],"rotation":{"angle":-22.5,"axis":"x","origin":[15.45,10.6,8]},"faces":{"east":{"uv":[7.75,5.5,7.5,6],"texture":"#0"},"west":{"uv":[7.75,5.5,7.5,6],"texture":"#0"},"up":{"uv":[10.75,11.75,11,12],"texture":"#2"},"down":{"uv":[5,6.5,3,6],"texture":"#0"}}},{"from":[-1.85,10.1,7.90054],"to":[0.95,10.2,8.09946],"faces":{"up":{"uv":[10.75,11.75,11,12],"texture":"#2"},"down":{"uv":[15.75,15.75,16,16],"texture":"#2"}}},{"from":[0.35,10.1,7.90054],"to":[1.15,10.2,8.09946],"faces":{"east":{"uv":[7.5,5.5,7.75,6],"texture":"#0"},"down":{"uv":[10,6.5,12,6],"texture":"#0"}}},{"from":[6.95,10.1,7.90054],"to":[7.75,10.2,8.09946],"faces":{"east":{"uv":[7.75,5.5,7.5,6],"texture":"#0"},"west":{"uv":[7.75,5.5,7.5,6],"texture":"#0"},"up":{"uv":[10.75,11.75,11,12],"texture":"#2"},"down":{"uv":[12,6.5,10,6],"texture":"#0"}}},{"from":[-1.85,10.1,7.90054],"to":[0.95,10.2,8.09946],"rotation":{"angle":22.5,"axis":"x","origin":[0.55,10.6,8]},"faces":{"up":{"uv":[10.75,11.75,11,12],"texture":"#2"},"down":{"uv":[15.75,15.75,16,16],"texture":"#2"}}},{"from":[0.35,10.1,7.90054],"to":[1.15,10.2,8.09946],"rotation":{"angle":22.5,"axis":"x","origin":[0.55,10.6,8]},"faces":{"east":{"uv":[7.5,5.5,7.75,6],"texture":"#0"},"down":{"uv":[1.25,6.25,3.25,5.75],"texture":"#0"}}},{"from":[6.95,10.1,7.90054],"to":[7.75,10.2,8.09946],"rotation":{"angle":22.5,"axis":"x","origin":[15.45,10.6,8]},"faces":{"east":{"uv":[7.75,5.5,7.5,6],"texture":"#0"},"west":{"uv":[7.75,5.5,7.5,6],"texture":"#0"},"up":{"uv":[10.75,11.75,11,12],"texture":"#2"},"down":{"uv":[3.25,6.25,1.25,5.75],"texture":"#0"}}},{"from":[-1.85,10.1,7.90054],"to":[0.95,10.2,8.09946],"rotation":{"angle":45,"axis":"x","origin":[0.55,10.6,8]},"faces":{"up":{"uv":[10.5,11.5,10.75,11.75],"texture":"#2"},"down":{"uv":[6,8,6.25,8.25],"texture":"#2"}}},{"from":[0.35,10.1,7.90054],"to":[1.15,10.2,8.09946],"rotation":{"angle":45,"axis":"x","origin":[0.55,10.6,8]},"faces":{"east":{"uv":[7.5,5.5,7.75,6],"texture":"#0"},"down":{"uv":[5.25,6,7.25,5.5],"texture":"#0"}}},{"from":[6.95,10.1,7.90054],"to":[7.75,10.2,8.09946],"rotation":{"angle":45,"axis":"x","origin":[15.45,10.6,8]},"faces":{"east":{"uv":[7.75,5.5,7.5,6],"texture":"#0"},"west":{"uv":[7.75,5.5,7.5,6],"texture":"#0"},"up":{"uv":[10.5,11.5,10.75,11.75],"texture":"#2"},"down":{"uv":[7.25,6,5.25,5.5],"texture":"#0"}}},{"from":[-1.85,10.50054,7.5],"to":[0.95,10.69946,7.6],"rotation":{"angle":-22.5,"axis":"x","origin":[0.55,10.6,8]},"faces":{"north":{"uv":[6,8,14,8.5],"rotation":180,"texture":"#2"},"south":{"uv":[8.75,8.5,9,8.75],"texture":"#2"}}},{"from":[0.35,10.50054,7.5],"to":[1.15,10.69946,7.6],"rotation":{"angle":-22.5,"axis":"x","origin":[0.55,10.6,8]},"faces":{"north":{"uv":[8.25,5.75,10.25,5.25],"rotation":180,"texture":"#0"},"east":{"uv":[9.75,5.25,10,5.75],"texture":"#0"}}},{"from":[6.95,10.50054,7.5],"to":[7.75,10.69946,7.6],"rotation":{"angle":-22.5,"axis":"x","origin":[15.45,10.6,8]},"faces":{"north":{"uv":[10.25,5.75,8.25,5.25],"rotation":180,"texture":"#0"},"east":{"uv":[10,5.25,9.75,5.75],"texture":"#0"},"south":{"uv":[8.75,8.25,9,8.5],"texture":"#2"},"west":{"uv":[10,5.25,9.75,5.75],"texture":"#0"}}},{"from":[-1.65,10.2,7.92044],"to":[7.1,10.25,8.07956],"faces":{"east":{"uv":[15.75,15.75,16,16],"texture":"#2"},"west":{"uv":[15.75,15.75,16,16],"texture":"#2"},"up":{"uv":[15.75,15.75,16,16],"texture":"#2"},"down":{"uv":[0,6.5,16,6],"texture":"#0"}}},{"from":[-1.65,10.2,7.92044],"to":[7.1,10.25,8.07956],"rotation":{"angle":22.5,"axis":"x","origin":[-1.25,10.6,8]},"faces":{"east":{"uv":[15.75,15.75,16,16],"texture":"#2"},"west":{"uv":[15.75,15.75,16,16],"texture":"#2"},"up":{"uv":[15.75,15.75,16,16],"texture":"#2"},"down":{"uv":[0,6.25,16,5.75],"texture":"#0"}}},{"from":[-1.65,10.2,7.92044],"to":[7.1,10.25,8.07956],"rotation":{"angle":-22.5,"axis":"x","origin":[-1.25,10.6,8]},"faces":{"east":{"uv":[15.75,15.75,16,16],"texture":"#2"},"west":{"uv":[15.75,15.75,16,16],"texture":"#2"},"up":{"uv":[15.75,15.75,16,16],"texture":"#2"},"down":{"uv":[0,6.5,16,6],"texture":"#0"}}},{"from":[-1.65,10.2,7.92044],"to":[7.1,10.25,8.07956],"rotation":{"angle":45,"axis":"x","origin":[-1.25,10.6,8]},"faces":{"east":{"uv":[15.75,15.75,16,16],"texture":"#2"},"west":{"uv":[15.75,15.75,16,16],"texture":"#2"},"up":{"uv":[15.75,15.75,16,16],"texture":"#2"},"down":{"uv":[0,6,16,5.5],"texture":"#0"}}},{"from":[-1.65,10.52044,7.6],"to":[7.1,10.67956,7.65],"rotation":{"angle":-22.5,"axis":"x","origin":[-1.25,10.6,8]},"faces":{"north":{"uv":[0,5.75,16,5.25],"rotation":180,"texture":"#0"},"east":{"uv":[15.75,15.75,16,16],"texture":"#2"},"south":{"uv":[15.75,15.75,16,16],"texture":"#2"},"west":{"uv":[15.75,15.75,16,16],"texture":"#2"}}},{"from":[-1.65,10.2,7.92044],"to":[7.1,10.25,8.07956],"rotation":{"angle":-45,"axis":"x","origin":[-1.25,10.6,8]},"faces":{"east":{"uv":[15.75,15.75,16,16],"texture":"#2"},"west":{"uv":[15.75,15.75,16,16],"texture":"#2"},"up":{"uv":[15.75,15.75,16,16],"texture":"#2"},"down":{"uv":[0,6.25,16,5.75],"rotation":180,"texture":"#0"}}},{"from":[-1.65,10.52044,7.6],"to":[7.1,10.67956,7.65],"faces":{"north":{"uv":[0,5,16,4.5],"rotation":180,"texture":"#0"},"east":{"uv":[15.75,15.75,16,16],"texture":"#2"},"south":{"uv":[15.75,15.75,16,16],"texture":"#2"},"west":{"uv":[15.75,15.75,16,16],"texture":"#2"}}},{"from":[-1.65,10.52044,7.6],"to":[7.1,10.67956,7.65],"rotation":{"angle":22.5,"axis":"x","origin":[-1.25,10.6,8]},"faces":{"north":{"uv":[16,4.75,0,4.25],"rotation":180,"texture":"#0"},"east":{"uv":[15.75,15.75,16,16],"texture":"#2"},"south":{"uv":[15.75,15.75,16,16],"texture":"#2"},"west":{"uv":[15.75,15.75,16,16],"texture":"#2"}}},{"from":[-1.65,10.52044,8.35],"to":[7.1,10.67956,8.4],"rotation":{"angle":-22.5,"axis":"x","origin":[-1.25,10.6,8]},"faces":{"north":{"uv":[15.75,15.75,16,16],"texture":"#2"},"east":{"uv":[15.75,15.75,16,16],"texture":"#2"},"south":{"uv":[0,4.25,16,4.75],"texture":"#0"},"west":{"uv":[15.75,15.75,16,16],"texture":"#2"}}},{"from":[-1.65,10.52044,8.35],"to":[7.1,10.67956,8.4],"faces":{"north":{"uv":[15.75,15.75,16,16],"texture":"#2"},"east":{"uv":[15.75,15.75,16,16],"texture":"#2"},"south":{"uv":[0,5.25,16,4.75],"rotation":180,"texture":"#0"},"west":{"uv":[15.75,15.75,16,16],"texture":"#2"}}},{"from":[-1.65,10.52044,8.35],"to":[7.1,10.67956,8.4],"rotation":{"angle":22.5,"axis":"x","origin":[-1.25,10.6,8]},"faces":{"north":{"uv":[15.75,15.75,16,16],"texture":"#2"},"east":{"uv":[15.75,15.75,16,16],"texture":"#2"},"south":{"uv":[0,5.75,16,5.25],"rotation":180,"texture":"#0"},"west":{"uv":[15.75,15.75,16,16],"texture":"#2"},"up":{"uv":[15.75,15.75,16,16],"texture":"#2"}}},{"from":[-1.65,10.95,7.92044],"to":[7.1,11,8.07956],"rotation":{"angle":-45,"axis":"x","origin":[-1.25,10.6,8]},"faces":{"east":{"uv":[15.75,15.75,16,16],"texture":"#2"},"west":{"uv":[15.75,15.75,16,16],"texture":"#2"},"up":{"uv":[0,4.5,16,4],"texture":"#0"},"down":{"uv":[15.75,15.75,16,16],"texture":"#2"}}},{"from":[-1.65,10.95,7.92044],"to":[7.1,11,8.07956],"rotation":{"angle":-22.5,"axis":"x","origin":[-1.25,10.6,8]},"faces":{"east":{"uv":[15.75,15.75,16,16],"texture":"#2"},"west":{"uv":[15.75,15.75,16,16],"texture":"#2"},"up":{"uv":[0,3.75,16,3.25],"texture":"#0"},"down":{"uv":[15.75,15.75,16,16],"texture":"#2"}}},{"from":[-1.65,10.95,7.92044],"to":[7.1,11,8.07956],"faces":{"east":{"uv":[15.75,15.75,16,16],"texture":"#2"},"west":{"uv":[15.75,15.75,16,16],"texture":"#2"},"up":{"uv":[0,1.25,16,1.75],"texture":"#0"},"down":{"uv":[15.75,15.75,16,16],"texture":"#2"}}},{"from":[-1.65,10.95,7.92044],"to":[7.1,11,8.07956],"rotation":{"angle":22.5,"axis":"x","origin":[-1.25,10.6,8]},"faces":{"east":{"uv":[15.75,15.75,16,16],"texture":"#2"},"west":{"uv":[15.75,15.75,16,16],"texture":"#2"},"up":{"uv":[0,4.5,16,4],"rotation":180,"texture":"#0"},"down":{"uv":[15.75,15.75,16,16],"texture":"#2"}}},{"from":[-1.65,10.95,7.92044],"to":[7.1,11,8.07956],"rotation":{"angle":45,"axis":"x","origin":[-1.25,10.6,8]},"faces":{"east":{"uv":[15.75,15.75,16,16],"texture":"#2"},"west":{"uv":[15.75,15.75,16,16],"texture":"#2"},"up":{"uv":[0,4.75,16,4.25],"rotation":180,"texture":"#0"},"down":{"uv":[15.75,15.75,16,16],"texture":"#2"}}},{"from":[3.95,11.3,7.6],"to":[4.10913,11.65,8.4],"rotation":{"angle":22.5,"axis":"y","origin":[4.02956,11.5,8]},"faces":{"north":{"uv":[0,0,2,5.49],"rotation":180,"texture":"#3"},"south":{"uv":[0,0,2,5.49],"rotation":180,"texture":"#3"},"up":{"uv":[4.5,5,8.5,5.49],"rotation":90,"texture":"#3"}}},{"from":[3.95,11.3,7.6],"to":[4.10913,11.65,8.4],"rotation":{"angle":-22.5,"axis":"y","origin":[4.02956,11.5,8]},"faces":{"north":{"uv":[4,0,6,5.49],"rotation":180,"texture":"#3"},"south":{"uv":[7.5,0,5.5,5.49],"rotation":180,"texture":"#3"},"up":{"uv":[4.5,5,8.5,5.49],"rotation":90,"texture":"#3"}}},{"from":[3.95,11.3,7.6],"to":[4.10913,11.65,8.4],"rotation":{"angle":45,"axis":"y","origin":[4.02956,11.5,8]},"faces":{"north":{"uv":[6,0,8,5.49],"rotation":180,"texture":"#3"},"south":{"uv":[6,0,8,5.49],"rotation":180,"texture":"#3"},"up":{"uv":[4.5,5,8.5,5.49],"rotation":90,"texture":"#3"}}},{"from":[3.95,11.3,7.6],"to":[4.10913,11.65,8.4],"rotation":{"angle":-45,"axis":"y","origin":[4.02956,11.5,8]},"faces":{"north":{"uv":[6,0,8,5.49],"rotation":180,"texture":"#3"},"south":{"uv":[5.5,0,3.5,5.49],"rotation":180,"texture":"#3"},"up":{"uv":[4.5,5,8.5,5.49],"rotation":90,"texture":"#3"}}},{"from":[3.62956,11.3,7.92044],"to":[4.42956,11.65,8.07956],"rotation":{"angle":-22.5,"axis":"y","origin":[4.02956,11.5,8]},"faces":{"east":{"uv":[4,0,6,5.49],"rotation":180,"texture":"#3"},"west":{"uv":[4,0,6,5.49],"rotation":180,"texture":"#3"},"up":{"uv":[4.5,5,8.5,5.49],"texture":"#3"}}},{"from":[3.62956,11.3,7.92044],"to":[4.42956,11.65,8.07956],"rotation":{"angle":22.5,"axis":"y","origin":[4.02956,11.5,8]},"faces":{"east":{"uv":[4,0,6,5.49],"rotation":180,"texture":"#3"},"west":{"uv":[4,0,6,5.49],"rotation":180,"texture":"#3"},"up":{"uv":[4.5,5,8.5,5.49],"rotation":180,"texture":"#3"}}},{"from":[3.62956,11.3002,7.92044],"to":[4.42956,11.6502,8.07956],"faces":{"east":{"uv":[6,0,8,5.49],"rotation":180,"texture":"#3"},"west":{"uv":[6,0,8,5.49],"rotation":180,"texture":"#3"},"up":{"uv":[4.5,5,8.5,5.49],"rotation":180,"texture":"#3"}}},{"from":[5.3,10.225,7.65],"to":[6,10.925,8.35],"faces":{"west":{"uv":[0,0,16,16],"texture":"#1"}}},{"from":[-1.35,11.1,7.88065],"to":[-1.25,11.2,8.11935],"rotation":{"angle":-22.5,"axis":"x","origin":[-0.95,10.6,8]},"faces":{"east":{"uv":[1.5,12,1.75,12.25],"texture":"#2"},"west":{"uv":[1.5,12,1.75,12.25],"texture":"#2"},"up":{"uv":[1.5,12,1.75,12.25],"texture":"#2"}}},{"from":[-1.35,11.1,7.88065],"to":[-1.25,11.2,8.11935],"rotation":{"angle":-45,"axis":"x","origin":[-0.95,10.6,8]},"faces":{"east":{"uv":[1.5,11.5,1.75,11.75],"texture":"#2"},"west":{"uv":[1.5,11.5,1.75,11.75],"texture":"#2"},"up":{"uv":[1.5,11.5,1.75,11.75],"texture":"#2"}}},{"from":[-1.35,10.48065,7.4],"to":[-1.25,10.71935,7.5],"rotation":{"angle":22.5,"axis":"x","origin":[-0.95,10.6,8]},"faces":{"north":{"uv":[3.75,11.25,4,11.5],"rotation":180,"texture":"#2"},"east":{"uv":[3.75,11.25,4,11.5],"rotation":180,"texture":"#2"},"west":{"uv":[3.75,11.25,4,11.5],"rotation":180,"texture":"#2"}}},{"from":[-1.35,10.48065,7.4],"to":[-1.25,10.71935,7.5],"faces":{"north":{"uv":[8.75,8.5,9,8.75],"rotation":180,"texture":"#2"},"east":{"uv":[8.75,8.5,9,8.75],"rotation":180,"texture":"#2"},"west":{"uv":[8.75,8.5,9,8.75],"rotation":180,"texture":"#2"}}},{"from":[-1.35,10.48065,7.4],"to":[-1.25,10.71935,7.5],"rotation":{"angle":-22.5,"axis":"x","origin":[-0.95,10.6,8]},"faces":{"north":{"uv":[6,8,6.25,8.25],"texture":"#2"},"east":{"uv":[6,8,6.25,8.25],"texture":"#2"},"west":{"uv":[6,8,6.25,8.25],"texture":"#2"}}},{"from":[-1.35,10,7.88065],"to":[-1.25,10.1,8.11935],"rotation":{"angle":45,"axis":"x","origin":[-0.95,10.6,8]},"faces":{"east":{"uv":[6,8,6.25,8.25],"texture":"#2"},"west":{"uv":[6,8,6.25,8.25],"texture":"#2"},"down":{"uv":[6,8,6.25,8.25],"texture":"#2"}}},{"from":[-1.35,10,7.88065],"to":[-1.25,10.1,8.11935],"rotation":{"angle":22.5,"axis":"x","origin":[-0.95,10.6,8]},"faces":{"east":{"uv":[15.75,15.75,16,16],"texture":"#2"},"west":{"uv":[15.75,15.75,16,16],"texture":"#2"},"down":{"uv":[15.75,15.75,16,16],"texture":"#2"}}},{"from":[-1.35,10,7.88065],"to":[-1.25,10.1,8.11935],"faces":{"east":{"uv":[15.75,15.75,16,16],"texture":"#2"},"west":{"uv":[15.75,15.75,16,16],"texture":"#2"},"down":{"uv":[15.75,15.75,16,16],"texture":"#2"}}},{"from":[-1.35,10,7.88065],"to":[-1.25,10.1,8.11935],"rotation":{"angle":-22.5,"axis":"x","origin":[-0.95,10.6,8]},"faces":{"east":{"uv":[15.75,15.75,16,16],"texture":"#2"},"west":{"uv":[15.75,15.75,16,16],"texture":"#2"},"down":{"uv":[15.75,15.75,16,16],"texture":"#2"}}},{"from":[-1.35,10,7.88065],"to":[-1.25,10.1,8.11935],"rotation":{"angle":-45,"axis":"x","origin":[-0.95,10.6,8]},"faces":{"east":{"uv":[6,8,6.25,8.25],"texture":"#2"},"west":{"uv":[6,8,6.25,8.25],"texture":"#2"},"down":{"uv":[6,8,6.25,8.25],"texture":"#2"}}},{"from":[-1.35,10.48065,8.5],"to":[-1.25,10.71935,8.6],"rotation":{"angle":22.5,"axis":"x","origin":[-0.95,10.6,8]},"faces":{"east":{"uv":[6,8,6.25,8.25],"texture":"#2"},"south":{"uv":[6,8,6.25,8.25],"texture":"#2"},"west":{"uv":[6,8,6.25,8.25],"texture":"#2"}}},{"from":[-1.35,10.48065,8.5],"to":[-1.25,10.71935,8.6],"faces":{"east":{"uv":[8.75,8.5,9,8.75],"rotation":180,"texture":"#2"},"south":{"uv":[8.75,8.5,9,8.75],"rotation":180,"texture":"#2"},"west":{"uv":[8.75,8.5,9,8.75],"rotation":180,"texture":"#2"}}},{"from":[-1.35,10.48065,8.5],"to":[-1.25,10.71935,8.6],"rotation":{"angle":-22.5,"axis":"x","origin":[-0.95,10.6,8]},"faces":{"east":{"uv":[3.75,11.25,4,11.5],"rotation":180,"texture":"#2"},"south":{"uv":[3.75,11.25,4,11.5],"rotation":180,"texture":"#2"},"west":{"uv":[3.75,11.25,4,11.5],"rotation":180,"texture":"#2"}}},{"from":[-1.35,11.1,7.88065],"to":[-1.25,11.2,8.11935],"rotation":{"angle":45,"axis":"x","origin":[-0.95,10.6,8]},"faces":{"east":{"uv":[1.5,11.5,1.75,11.75],"texture":"#2"},"west":{"uv":[1.5,11.5,1.75,11.75],"texture":"#2"},"up":{"uv":[1.5,11.5,1.75,11.75],"texture":"#2"}}},{"from":[-1.35,11.1,7.88065],"to":[-1.25,11.2,8.11935],"rotation":{"angle":22.5,"axis":"x","origin":[-0.95,10.6,8]},"faces":{"east":{"uv":[1.5,12,1.75,12.25],"texture":"#2"},"west":{"uv":[1.5,12,1.75,12.25],"texture":"#2"},"up":{"uv":[1.5,12,1.75,12.25],"texture":"#2"}}},{"from":[-1.35,11.1,7.88065],"to":[-1.25,11.2,8.11935],"faces":{"east":{"uv":[5,15,5.25,15.25],"texture":"#2"},"west":{"uv":[5,15,5.25,15.25],"texture":"#2"},"up":{"uv":[5,15,5.25,15.25],"texture":"#2"}}},{"from":[-1.65,11.1,7.88065],"to":[-1.55,11.2,8.11935],"rotation":{"angle":-22.5,"axis":"x","origin":[-1.25,10.6,8]},"faces":{"east":{"uv":[1.5,12,1.75,12.25],"texture":"#2"},"west":{"uv":[1.5,12,1.75,12.25],"texture":"#2"},"up":{"uv":[1.5,12,1.75,12.25],"texture":"#2"}}},{"from":[-1.65,11.1,7.88065],"to":[-1.55,11.2,8.11935],"rotation":{"angle":-45,"axis":"x","origin":[-1.25,10.6,8]},"faces":{"east":{"uv":[1.5,11.5,1.75,11.75],"texture":"#2"},"west":{"uv":[1.5,11.5,1.75,11.75],"texture":"#2"},"up":{"uv":[1.5,11.5,1.75,11.75],"texture":"#2"}}},{"from":[-1.65,10.48065,7.4],"to":[-1.55,10.71935,7.5],"rotation":{"angle":22.5,"axis":"x","origin":[-1.25,10.6,8]},"faces":{"north":{"uv":[3.75,11.25,4,11.5],"rotation":180,"texture":"#2"},"east":{"uv":[3.75,11.25,4,11.5],"rotation":180,"texture":"#2"},"west":{"uv":[3.75,11.25,4,11.5],"rotation":180,"texture":"#2"}}},{"from":[-1.65,10.48065,7.4],"to":[-1.55,10.71935,7.5],"faces":{"north":{"uv":[8.75,8.5,9,8.75],"rotation":180,"texture":"#2"},"east":{"uv":[8.75,8.5,9,8.75],"rotation":180,"texture":"#2"},"west":{"uv":[8.75,8.5,9,8.75],"rotation":180,"texture":"#2"}}},{"from":[-1.65,10.48065,7.4],"to":[-1.55,10.71935,7.5],"rotation":{"angle":-22.5,"axis":"x","origin":[-1.25,10.6,8]},"faces":{"north":{"uv":[6,8,6.25,8.25],"texture":"#2"},"east":{"uv":[6,8,6.25,8.25],"texture":"#2"},"west":{"uv":[6,8,6.25,8.25],"texture":"#2"}}},{"from":[-1.65,10,7.88065],"to":[-1.55,10.1,8.11935],"rotation":{"angle":45,"axis":"x","origin":[-1.25,10.6,8]},"faces":{"east":{"uv":[6,8,6.25,8.25],"texture":"#2"},"west":{"uv":[6,8,6.25,8.25],"texture":"#2"},"down":{"uv":[6,8,6.25,8.25],"texture":"#2"}}},{"from":[-1.65,10,7.88065],"to":[-1.55,10.1,8.11935],"rotation":{"angle":22.5,"axis":"x","origin":[-1.25,10.6,8]},"faces":{"east":{"uv":[15.75,15.75,16,16],"texture":"#2"},"west":{"uv":[15.75,15.75,16,16],"texture":"#2"},"down":{"uv":[15.75,15.75,16,16],"texture":"#2"}}},{"from":[-1.65,10,7.88065],"to":[-1.55,10.1,8.11935],"faces":{"east":{"uv":[15.75,15.75,16,16],"texture":"#2"},"west":{"uv":[15.75,15.75,16,16],"texture":"#2"},"down":{"uv":[15.75,15.75,16,16],"texture":"#2"}}},{"from":[-1.65,10,7.88065],"to":[-1.55,10.1,8.11935],"rotation":{"angle":-22.5,"axis":"x","origin":[-1.25,10.6,8]},"faces":{"east":{"uv":[15.75,15.75,16,16],"texture":"#2"},"west":{"uv":[15.75,15.75,16,16],"texture":"#2"},"down":{"uv":[15.75,15.75,16,16],"texture":"#2"}}},{"from":[-1.65,10,7.88065],"to":[-1.55,10.1,8.11935],"rotation":{"angle":-45,"axis":"x","origin":[-1.25,10.6,8]},"faces":{"east":{"uv":[6,8,6.25,8.25],"texture":"#2"},"west":{"uv":[6,8,6.25,8.25],"texture":"#2"},"down":{"uv":[6,8,6.25,8.25],"texture":"#2"}}},{"from":[-1.65,10.48065,8.5],"to":[-1.55,10.71935,8.6],"rotation":{"angle":22.5,"axis":"x","origin":[-1.25,10.6,8]},"faces":{"east":{"uv":[6,8,6.25,8.25],"texture":"#2"},"south":{"uv":[6,8,6.25,8.25],"texture":"#2"},"west":{"uv":[6,8,6.25,8.25],"texture":"#2"}}},{"from":[-1.65,10.48065,8.5],"to":[-1.55,10.71935,8.6],"faces":{"east":{"uv":[8.75,8.5,9,8.75],"rotation":180,"texture":"#2"},"south":{"uv":[8.75,8.5,9,8.75],"rotation":180,"texture":"#2"},"west":{"uv":[8.75,8.5,9,8.75],"rotation":180,"texture":"#2"}}},{"from":[-1.65,10.48065,8.5],"to":[-1.55,10.71935,8.6],"rotation":{"angle":-22.5,"axis":"x","origin":[-1.25,10.6,8]},"faces":{"east":{"uv":[3.75,11.25,4,11.5],"rotation":180,"texture":"#2"},"south":{"uv":[3.75,11.25,4,11.5],"rotation":180,"texture":"#2"},"west":{"uv":[3.75,11.25,4,11.5],"rotation":180,"texture":"#2"}}},{"from":[-1.65,11.1,7.88065],"to":[-1.55,11.2,8.11935],"rotation":{"angle":45,"axis":"x","origin":[-1.25,10.6,8]},"faces":{"east":{"uv":[1.5,11.5,1.75,11.75],"texture":"#2"},"west":{"uv":[1.5,11.5,1.75,11.75],"texture":"#2"},"up":{"uv":[1.5,11.5,1.75,11.75],"texture":"#2"}}},{"from":[-1.65,11.1,7.88065],"to":[-1.55,11.2,8.11935],"rotation":{"angle":22.5,"axis":"x","origin":[-1.25,10.6,8]},"faces":{"east":{"uv":[1.5,12,1.75,12.25],"texture":"#2"},"west":{"uv":[1.5,12,1.75,12.25],"texture":"#2"},"up":{"uv":[1.5,12,1.75,12.25],"texture":"#2"}}},{"from":[-1.65,11.1,7.88065],"to":[-1.55,11.2,8.11935],"faces":{"east":{"uv":[5,15,5.25,15.25],"texture":"#2"},"west":{"uv":[5,15,5.25,15.25],"texture":"#2"},"up":{"uv":[5,15,5.25,15.25],"texture":"#2"}}},{"from":[-1.85,11,7.86076],"to":[-1.75,11.3,8.13924],"rotation":{"angle":-22.5,"axis":"x","origin":[-0.85,10.6,8]},"faces":{"east":{"uv":[1.5,12,1.75,12.25],"texture":"#2"},"west":{"uv":[1.5,12,2,12.5],"rotation":180,"texture":"#2"},"up":{"uv":[1.5,12,1.75,12.25],"texture":"#2"}}},{"from":[-1.8501,11,7.86076],"to":[-1.7501,11.3,8.13924],"rotation":{"angle":-45,"axis":"x","origin":[-0.85,10.6,8]},"faces":{"east":{"uv":[1.5,11.5,1.75,11.75],"texture":"#2"},"west":{"uv":[1.5,11.5,2,12],"rotation":180,"texture":"#2"},"up":{"uv":[1.5,11.5,1.75,11.75],"texture":"#2"}}},{"from":[-1.851,10.46076,7.3],"to":[-1.751,10.73924,7.6],"rotation":{"angle":22.5,"axis":"x","origin":[-0.85,10.6,8]},"faces":{"north":{"uv":[3.75,11.25,4,11.5],"rotation":180,"texture":"#2"},"east":{"uv":[3.75,11.25,4,11.5],"rotation":180,"texture":"#2"},"west":{"uv":[3.75,11.25,4.25,11.75],"rotation":90,"texture":"#2"}}},{"from":[-1.85,10.46076,7.3],"to":[-1.75,10.73924,7.6],"faces":{"north":{"uv":[8.75,8.5,9,8.75],"rotation":180,"texture":"#2"},"east":{"uv":[8.75,8.5,9,8.75],"rotation":180,"texture":"#2"},"west":{"uv":[8.75,8.5,9.25,9],"rotation":180,"texture":"#2"}}},{"from":[-1.849,10.46076,7.3],"to":[-1.75,10.73924,7.6],"rotation":{"angle":-22.5,"axis":"x","origin":[-0.85,10.6,8]},"faces":{"north":{"uv":[6,8,6.25,8.25],"texture":"#2"},"east":{"uv":[6,8,6.25,8.25],"texture":"#2"},"west":{"uv":[6,8,6.25,8.25],"texture":"#2"}}},{"from":[-1.8499,9.9,7.86076],"to":[-1.7499,10.2,8.13924],"rotation":{"angle":45,"axis":"x","origin":[-0.85,10.6,8]},"faces":{"east":{"uv":[6,8,6.25,8.25],"texture":"#2"},"west":{"uv":[6,8,6.25,8.25],"texture":"#2"},"down":{"uv":[6,8,6.25,8.25],"texture":"#2"}}},{"from":[-1.85,9.9,7.86076],"to":[-1.75,10.2,8.13924],"rotation":{"angle":22.5,"axis":"x","origin":[-0.85,10.6,8]},"faces":{"east":{"uv":[15.75,15.75,16,16],"texture":"#2"},"west":{"uv":[6,8,6.25,8.25],"texture":"#2"},"down":{"uv":[15.75,15.75,16,16],"texture":"#2"}}},{"from":[-1.8501,9.9,7.86076],"to":[-1.7501,10.2,8.13924],"faces":{"east":{"uv":[15.75,15.75,16,16],"texture":"#2"},"west":{"uv":[6,8,6.25,8.25],"texture":"#2"},"down":{"uv":[15.75,15.75,16,16],"texture":"#2"}}},{"from":[-1.849,9.9,7.86076],"to":[-1.75,10.2,8.13924],"rotation":{"angle":-45,"axis":"x","origin":[-0.85,10.6,8]},"faces":{"east":{"uv":[6,8,6.25,8.25],"texture":"#2"},"west":{"uv":[6,8,6.25,8.25],"texture":"#2"},"down":{"uv":[6,8,6.25,8.25],"texture":"#2"}}},{"from":[-1.85,9.9,7.86076],"to":[-1.75,10.2,8.13924],"rotation":{"angle":-22.5,"axis":"x","origin":[-0.85,10.6,8]},"faces":{"east":{"uv":[15.75,15.75,16,16],"texture":"#2"},"west":{"uv":[6,8,6.25,8.25],"texture":"#2"},"down":{"uv":[15.75,15.75,16,16],"texture":"#2"}}},{"from":[-1.85,10.46076,8.4],"to":[-1.75,10.73924,8.7],"rotation":{"angle":22.5,"axis":"x","origin":[-0.85,10.6,8]},"faces":{"east":{"uv":[6,8,6.25,8.25],"texture":"#2"},"south":{"uv":[6,8,6.25,8.25],"texture":"#2"},"west":{"uv":[6,8,6.25,8.25],"texture":"#2"}}},{"from":[-1.851,10.46076,8.4],"to":[-1.751,10.73924,8.7],"faces":{"east":{"uv":[8.75,8.5,9,8.75],"rotation":180,"texture":"#2"},"south":{"uv":[8.75,8.5,9,8.75],"rotation":180,"texture":"#2"},"west":{"uv":[8.75,8.5,9.25,9],"rotation":180,"texture":"#2"}}},{"from":[-1.85,10.46076,8.4],"to":[-1.75,10.73924,8.7],"rotation":{"angle":-22.5,"axis":"x","origin":[-0.85,10.6,8]},"faces":{"east":{"uv":[3.75,11.25,4,11.5],"rotation":180,"texture":"#2"},"south":{"uv":[3.75,11.25,4,11.5],"rotation":180,"texture":"#2"},"west":{"uv":[3.75,11.25,4.25,11.75],"rotation":270,"texture":"#2"}}},{"from":[-1.8501,11,7.86076],"to":[-1.7501,11.3,8.13924],"rotation":{"angle":45,"axis":"x","origin":[-0.85,10.6,8]},"faces":{"east":{"uv":[1.5,11.5,1.75,11.75],"texture":"#2"},"west":{"uv":[1.5,11.5,2,12],"rotation":180,"texture":"#2"},"up":{"uv":[1.5,11.5,1.75,11.75],"texture":"#2"}}},{"from":[-1.85,11,7.86076],"to":[-1.75,11.3,8.13924],"rotation":{"angle":22.5,"axis":"x","origin":[-0.85,10.6,8]},"faces":{"east":{"uv":[1.5,12,1.75,12.25],"texture":"#2"},"west":{"uv":[1.5,12,2,12.5],"rotation":180,"texture":"#2"},"up":{"uv":[1.5,12,1.75,12.25],"texture":"#2"}}},{"from":[-1.8501,11,7.86076],"to":[-1.7501,11.3,8.13926],"faces":{"east":{"uv":[5,15,5.25,15.25],"texture":"#2"},"west":{"uv":[5,15,5.5,15.5],"texture":"#2"},"up":{"uv":[5,15,5.25,15.25],"texture":"#2"}}},{"from":[3.72956,10.52044,8.7],"to":[4.32956,10.63979,8.95],"faces":{"east":{"uv":[8,0,10,5.49],"rotation":90,"texture":"#3"},"south":{"uv":[5,5,9,5.49],"texture":"#3"},"west":{"uv":[7.5,0,5.5,5.49],"rotation":270,"texture":"#3"}}},{"from":[3.72956,10.52044,8.7],"to":[4.32956,10.63979,8.95],"rotation":{"angle":22.5,"axis":"z","origin":[4.02956,10.58011,8.875]},"faces":{"east":{"uv":[6,0,8,5.49],"rotation":90,"texture":"#3"},"south":{"uv":[5,5,9,5.49],"texture":"#3"},"west":{"uv":[9.5,0,7.5,5.49],"rotation":270,"texture":"#3"}}},{"from":[3.72956,10.52044,8.7001],"to":[4.32956,10.63979,8.9501],"rotation":{"angle":45,"axis":"z","origin":[4.02956,10.58011,8.875]},"faces":{"east":{"uv":[4,0,6,5.49],"rotation":90,"texture":"#3"},"south":{"uv":[5,5,9,5.49],"texture":"#3"},"west":{"uv":[11.5,0,9.5,5.49],"rotation":270,"texture":"#3"}}},{"from":[3.72956,10.52044,8.7],"to":[4.32956,10.63979,8.95],"rotation":{"angle":-22.5,"axis":"z","origin":[4.02956,10.58011,8.875]},"faces":{"east":{"uv":[10,0,12,5.49],"rotation":90,"texture":"#3"},"south":{"uv":[5,5,9,5.49],"texture":"#3"},"west":{"uv":[5.5,0,3.5,5.49],"rotation":270,"texture":"#3"}}},{"from":[3.72956,10.52044,8.7002],"to":[4.32956,10.63979,8.9502],"rotation":{"angle":-45,"axis":"z","origin":[4.02956,10.58011,8.875]},"faces":{"east":{"uv":[12,0,14,5.49],"rotation":90,"texture":"#3"},"south":{"uv":[5,5,9,5.49],"texture":"#3"},"west":{"uv":[0,0,2,5.49],"rotation":270,"texture":"#3"}}},{"from":[3.96989,10.28011,8.7],"to":[4.08923,10.88011,8.95],"rotation":{"angle":22.5,"axis":"z","origin":[4.02956,10.58011,8.875]},"faces":{"south":{"uv":[5,5,9,5.49],"rotation":90,"texture":"#3"},"up":{"uv":[2,0,4,5.49],"texture":"#3"},"down":{"uv":[14,0,16,5.49],"rotation":180,"texture":"#3"}}},{"from":[3.96989,10.28011,8.7],"to":[4.08923,10.88011,8.95],"rotation":{"angle":-22.5,"axis":"z","origin":[4.02956,10.58011,8.875]},"faces":{"south":{"uv":[5,5,9,5.49],"rotation":90,"texture":"#3"},"up":{"uv":[2,0,4,5.49],"texture":"#3"},"down":{"uv":[13.5,0,11.5,5.49],"rotation":180,"texture":"#3"}}},{"from":[3.96989,10.28011,8.7],"to":[4.08923,10.88011,8.95],"faces":{"south":{"uv":[5,5,9,5.49],"rotation":90,"texture":"#3"},"up":{"uv":[0,0,2,5.49],"texture":"#3"},"down":{"uv":[15.5,0,13.5,5.49],"rotation":180,"texture":"#3"}}},{"from":[3.7495,10.16176,7.3],"to":[4.2495,10.46076,7.5],"rotation":{"angle":0,"axis":"y","origin":[8.7015,8.01176,8]},"faces":{"north":{"uv":[4.75,5.25,5.5,4.75],"rotation":180,"texture":"#0"},"east":{"uv":[4.75,5.25,5,4.75],"rotation":180,"texture":"#0"},"west":{"uv":[4.75,5.25,5,4.75],"rotation":180,"texture":"#0"},"down":{"uv":[1.75,6,2.5,6.5],"texture":"#0"}}},{"from":[-1.05,10.48065,8.5],"to":[0.95,10.71935,8.6],"rotation":{"angle":-22.5,"axis":"x","origin":[-0.65,10.6,8]},"faces":{"east":{"uv":[3.75,11.25,4,11.5],"rotation":180,"texture":"#2"},"south":{"uv":[8,11.25,13.25,11.75],"rotation":180,"texture":"#2"},"west":{"uv":[3.75,11.25,4,11.5],"rotation":180,"texture":"#2"}}}],"gui_light":"front","display":{"thirdperson_righthand":{"rotation":[0,100,0],"translation":[-2,0.5,-4],"scale":[0.9,0.9,0.9]},"thirdperson_lefthand":{"rotation":[0,-90,-170],"translation":[-2,-4.5,9],"scale":[0.9,0.9,0.9]},"firstperson_righthand":{"rotation":[0,90,0],"translation":[-2,2.5,-9],"scale":[1.8,1.8,1.8]},"firstperson_lefthand":{"translation":[2,3.75,-0.5],"scale":[0,0,0]},"ground":{"translation":[0,-0.5,0],"scale":[0.9,0.9,0.9]},"gui":{"rotation":[0,0,45],"scale":[0.9,0.9,0.9]},"head":{"scale":[1.8,1.8,1.8]},"fixed":{"translation":[0,0.5,-2.25],"scale":[-1.8,1.8,-1.8]}}}