{
	"entity.grenade.explode": {
		"sounds": [
			"guns:grenade/explode"
		],
	  "subtitle": "subtitles.guns.entity.grenade.explode"
	},
	"entity.grenade.land": {
		"sounds": [
			"guns:grenade/land"
		],
	  "subtitle": "subtitles.guns.entity.grenade.land"
	},
	"entity.grenade.ring1": {
		"sounds": [
			"guns:grenade/ring1"
		],
	  "subtitle": "subtitles.guns.entity.grenade.ring"
	},
	"entity.grenade.ring2": {
		"sounds": [
			"guns:grenade/ring2"
		],
	  "subtitle": "subtitles.guns.entity.grenade.ring"
	},
	"entity.grenade.smoke": {
		"sounds": [
			{
				"name": "guns:grenade/smoke",
				"stream": false
			}
		],
	  "subtitle": "subtitles.guns.entity.grenade.smoke"
	},
	"entity.target.hit": {
		"sounds": [
			"guns:target/hit_01",
			"guns:target/hit_02",
			"guns:target/hit_03",
			"guns:target/hit_04",
			"guns:target/hit_05",
			"guns:target/hit_06",
			"guns:target/hit_07",
			"guns:target/hit_08"
		],
	  "subtitle": "subtitles.guns.entity.target.hit"
	},
	"hitmarker": {
		"sounds": [
			"guns:hitmarker"
		],
	  "subtitle": "subtitles.guns.hitmarker"
	}
}
