{
	"credit": "Made with Blockbench",
	"textures": {
		"1": "block/chorus_flower"
	},
	"elements": [
		{
			"name": "Center",
			"from": [7.2, 0, 7.2],
			"to": [7.8, 1, 7.8],
			"faces": {
				"north": {"uv": [2, 2, 14, 14], "texture": "#1"},
				"east": {"uv": [2, 2, 14, 14], "texture": "#1"},
				"south": {"uv": [2, 0, 14, 16], "texture": "#1"},
				"west": {"uv": [2, 2, 14, 14], "texture": "#1"},
				"up": {"uv": [2, 2, 14, 14], "texture": "#1"},
				"down": {"uv": [2, 2, 14, 14], "texture": "#1"}
			}
		},
		{
			"name": "Side",
			"from": [7.2, 0.2, 7],
			"to": [7.8, 0.8, 8],
			"faces": {
				"north": {"uv": [2, 2, 14, 14], "texture": "#1"},
				"east": {"uv": [0, 2, 16, 14], "texture": "#1"},
				"south": {"uv": [2, 2, 14, 14], "texture": "#1"},
				"west": {"uv": [0, 2, 16, 14], "texture": "#1"},
				"up": {"uv": [2, 0, 14, 16], "texture": "#1"},
				"down": {"uv": [2, 0, 14, 16], "texture": "#1"}
			}
		},
		{
			"name": "Side",
			"from": [7, 0.2, 7.2],
			"to": [8, 0.8, 7.8],
			"faces": {
				"north": {"uv": [0, 2, 16, 14], "texture": "#1"},
				"east": {"uv": [2, 2, 14, 14], "texture": "#1"},
				"south": {"uv": [0, 2, 16, 14], "texture": "#1"},
				"west": {"uv": [2, 2, 14, 14], "texture": "#1"},
				"up": {"uv": [0, 2, 16, 14], "texture": "#1"},
				"down": {"uv": [0, 2, 16, 14], "texture": "#1"}
			}
		}
	],
	"groups": [
		{
			"name": "Flower",
			"origin": [8, 8, 8],
			"children": [0, 1, 2]
		}
	],
    "display": {
        "thirdperson_righthand": {
            "rotation": [ 75, 0, -10 ],
            "translation": [ -8.5, -6, -5 ],
            "scale": [ 0.3, 0.3, 0.3 ]
        }
    }
}