{
	"credit": "Made with Blockbench",
	"textures": {
		"0": "block/chorus_plant",
		"2": "block/chorus_flower_dead",
		"particle": "block/chorus_plant"
	},
	"elements": [
		{
			"name": "Shoot",
			"from": [7.3, 0, 7.3],
			"to": [7.7, 1, 7.7],
			"faces": {
				"north": {"uv": [4, 0, 12, 16], "texture": "#0"},
				"east": {"uv": [4, 0, 12, 16], "texture": "#0"},
				"south": {"uv": [4, 0, 12, 16], "texture": "#0"},
				"west": {"uv": [4, 0, 12, 16], "texture": "#0"},
				"up": {"uv": [4, 0, 12, 16], "texture": "#0"},
				"down": {"uv": [0, 0, 16, 16], "texture": "#0"}
			}
		},
		{
			"name": "Shoot",
			"from": [7.3, 2, 7.3],
			"to": [7.7, 3, 7.7],
			"faces": {
				"north": {"uv": [4, 0, 12, 16], "texture": "#0"},
				"east": {"uv": [4, 0, 12, 16], "texture": "#0"},
				"south": {"uv": [4, 0, 12, 16], "texture": "#0"},
				"west": {"uv": [4, 0, 12, 16], "texture": "#0"},
				"up": {"uv": [4, 0, 12, 16], "texture": "#0"},
				"down": {"uv": [0, 0, 16, 16], "texture": "#0"}
			}
		},
		{
			"name": "Shoot",
			"from": [7.3, 1, 7.3],
			"to": [7.7, 2, 7.7],
			"faces": {
				"north": {"uv": [4, 0, 12, 16], "texture": "#0"},
				"east": {"uv": [4, 0, 12, 16], "texture": "#0"},
				"south": {"uv": [4, 0, 12, 16], "texture": "#0"},
				"west": {"uv": [4, 0, 12, 16], "texture": "#0"},
				"up": {"uv": [4, 0, 12, 16], "texture": "#0"},
				"down": {"uv": [0, 0, 16, 16], "texture": "#0"}
			}
		},
		{
			"name": "Center",
			"from": [6.2, 5, 7.2],
			"to": [6.8, 6, 7.8],
			"rotation": {"angle": 0, "axis": "y", "origin": [7, 13, 8]},
			"faces": {
				"north": {"uv": [2, 2, 14, 14], "texture": "#2"},
				"east": {"uv": [2, 2, 14, 14], "texture": "#2"},
				"south": {"uv": [2, 0, 14, 16], "texture": "#2"},
				"west": {"uv": [2, 2, 14, 14], "texture": "#2"},
				"up": {"uv": [2, 2, 14, 14], "texture": "#2"},
				"down": {"uv": [2, 2, 14, 14], "texture": "#2"}
			}
		},
		{
			"name": "Side",
			"from": [6.2, 5.2, 7],
			"to": [6.8, 5.8, 8],
			"rotation": {"angle": 0, "axis": "y", "origin": [7, 13, 8]},
			"faces": {
				"north": {"uv": [2, 2, 14, 14], "texture": "#2"},
				"east": {"uv": [0, 2, 16, 14], "texture": "#2"},
				"south": {"uv": [2, 2, 14, 14], "texture": "#2"},
				"west": {"uv": [0, 2, 16, 14], "texture": "#2"},
				"up": {"uv": [2, 0, 14, 16], "texture": "#0"},
				"down": {"uv": [2, 0, 14, 16], "texture": "#2"}
			}
		},
		{
			"name": "Side",
			"from": [6, 5.2, 7.2],
			"to": [7, 5.8, 7.8],
			"rotation": {"angle": 0, "axis": "y", "origin": [7, 13, 8]},
			"faces": {
				"north": {"uv": [0, 2, 16, 14], "texture": "#2"},
				"east": {"uv": [2, 2, 14, 14], "texture": "#2"},
				"south": {"uv": [0, 2, 16, 14], "texture": "#2"},
				"west": {"uv": [2, 2, 14, 14], "texture": "#2"},
				"up": {"uv": [0, 2, 16, 14], "texture": "#0"},
				"down": {"uv": [0, 2, 16, 14], "texture": "#2"}
			}
		},
		{
			"name": "Center",
			"from": [7.2, 8, 5.2],
			"to": [7.8, 9, 5.8],
			"rotation": {"angle": 0, "axis": "y", "origin": [8, 16, 6]},
			"faces": {
				"north": {"uv": [2, 2, 14, 14], "texture": "#2"},
				"east": {"uv": [2, 2, 14, 14], "texture": "#2"},
				"south": {"uv": [2, 0, 14, 16], "texture": "#2"},
				"west": {"uv": [2, 2, 14, 14], "texture": "#2"},
				"up": {"uv": [2, 2, 14, 14], "texture": "#2"},
				"down": {"uv": [2, 2, 14, 14], "texture": "#2"}
			}
		},
		{
			"name": "Side",
			"from": [7.2, 8.2, 5],
			"to": [7.8, 8.8, 6],
			"rotation": {"angle": 0, "axis": "y", "origin": [8, 16, 6]},
			"faces": {
				"north": {"uv": [2, 2, 14, 14], "texture": "#2"},
				"east": {"uv": [0, 2, 16, 14], "texture": "#2"},
				"south": {"uv": [2, 2, 14, 14], "texture": "#2"},
				"west": {"uv": [0, 2, 16, 14], "texture": "#2"},
				"up": {"uv": [2, 0, 14, 16], "texture": "#0"},
				"down": {"uv": [2, 0, 14, 16], "texture": "#2"}
			}
		},
		{
			"name": "Side",
			"from": [7, 8.2, 5.2],
			"to": [8, 8.8, 5.8],
			"rotation": {"angle": 0, "axis": "y", "origin": [8, 16, 6]},
			"faces": {
				"north": {"uv": [0, 2, 16, 14], "texture": "#2"},
				"east": {"uv": [2, 2, 14, 14], "texture": "#2"},
				"south": {"uv": [0, 2, 16, 14], "texture": "#2"},
				"west": {"uv": [2, 2, 14, 14], "texture": "#2"},
				"up": {"uv": [0, 2, 16, 14], "texture": "#0"},
				"down": {"uv": [0, 2, 16, 14], "texture": "#2"}
			}
		},
		{
			"name": "Shoot",
			"from": [7.3, 3, 7.3],
			"to": [7.7, 4, 7.7],
			"faces": {
				"north": {"uv": [4, 0, 12, 16], "texture": "#0"},
				"east": {"uv": [4, 0, 12, 16], "texture": "#0"},
				"south": {"uv": [4, 0, 12, 16], "texture": "#0"},
				"west": {"uv": [4, 0, 12, 16], "texture": "#0"},
				"up": {"uv": [4, 4, 11, 11], "texture": "#0"},
				"down": {"uv": [0, 0, 16, 16], "texture": "#0"}
			}
		},
		{
			"name": "Shoot",
			"from": [6.3, 4, 7.3],
			"to": [6.7, 5, 7.7],
			"faces": {
				"north": {"uv": [4, 0, 12, 16], "texture": "#0"},
				"east": {"uv": [4, 0, 12, 16], "texture": "#0"},
				"south": {"uv": [4, 0, 12, 16], "texture": "#0"},
				"west": {"uv": [4, 0, 12, 16], "texture": "#0"},
				"up": {"uv": [4, 4, 11, 11], "texture": "#0"},
				"down": {"uv": [0, 0, 16, 16], "texture": "#0"}
			}
		},
		{
			"name": "Shoot",
			"from": [7.3, 7, 5.3],
			"to": [7.7, 8, 5.7],
			"faces": {
				"north": {"uv": [4, 0, 12, 16], "texture": "#0"},
				"east": {"uv": [4, 0, 12, 16], "texture": "#0"},
				"south": {"uv": [4, 0, 12, 16], "texture": "#0"},
				"west": {"uv": [4, 0, 12, 16], "texture": "#0"},
				"up": {"uv": [4, 4, 11, 11], "texture": "#0"},
				"down": {"uv": [0, 0, 16, 16], "texture": "#0"}
			}
		},
		{
			"name": "Shoot",
			"from": [7.3, 6, 5.3],
			"to": [7.7, 7, 5.7],
			"faces": {
				"north": {"uv": [4, 0, 12, 16], "texture": "#0"},
				"east": {"uv": [4, 0, 12, 16], "texture": "#0"},
				"south": {"uv": [4, 0, 12, 16], "texture": "#0"},
				"west": {"uv": [4, 0, 12, 16], "texture": "#0"},
				"up": {"uv": [4, 4, 11, 11], "texture": "#0"},
				"down": {"uv": [0, 0, 16, 16], "texture": "#0"}
			}
		},
		{
			"name": "Shoot",
			"from": [7.3, 4, 6.3],
			"to": [7.7, 5, 6.7],
			"faces": {
				"north": {"uv": [4, 0, 12, 16], "texture": "#0"},
				"east": {"uv": [4, 0, 12, 16], "texture": "#0"},
				"south": {"uv": [4, 0, 12, 16], "texture": "#0"},
				"west": {"uv": [4, 0, 12, 16], "texture": "#0"},
				"up": {"uv": [4, 4, 11, 11], "texture": "#0"},
				"down": {"uv": [0, 0, 16, 16], "texture": "#0"}
			}
		},
		{
			"name": "Shoot",
			"from": [7.3, 4, 8.3],
			"to": [7.7, 5, 8.7],
			"faces": {
				"north": {"uv": [4, 0, 12, 16], "texture": "#0"},
				"east": {"uv": [4, 0, 12, 16], "texture": "#0"},
				"south": {"uv": [4, 0, 12, 16], "texture": "#0"},
				"west": {"uv": [4, 0, 12, 16], "texture": "#0"},
				"up": {"uv": [4, 4, 11, 11], "texture": "#0"},
				"down": {"uv": [0, 0, 16, 16], "texture": "#0"}
			}
		},
		{
			"name": "Shoot",
			"from": [7.3, 5, 8.3],
			"to": [7.7, 6, 8.7],
			"faces": {
				"north": {"uv": [4, 0, 12, 16], "texture": "#0"},
				"east": {"uv": [4, 0, 12, 16], "texture": "#0"},
				"south": {"uv": [4, 0, 12, 16], "texture": "#0"},
				"west": {"uv": [4, 0, 12, 16], "texture": "#0"},
				"up": {"uv": [4, 4, 11, 11], "texture": "#0"},
				"down": {"uv": [0, 0, 16, 16], "texture": "#0"}
			}
		},
		{
			"name": "Shoot",
			"from": [7.3, 5, 6.3],
			"to": [7.7, 5.8, 6.7],
			"faces": {
				"north": {"uv": [4, 0, 12, 16], "texture": "#0"},
				"east": {"uv": [4, 0, 12, 16], "texture": "#0"},
				"south": {"uv": [4, 0, 12, 16], "texture": "#0"},
				"west": {"uv": [4, 0, 12, 16], "texture": "#0"},
				"up": {"uv": [4, 4, 11, 11], "texture": "#0"},
				"down": {"uv": [0, 0, 16, 16], "texture": "#0"}
			}
		},
		{
			"name": "Shoot",
			"from": [7.3, 6, 8.3],
			"to": [7.7, 7, 8.7],
			"faces": {
				"north": {"uv": [4, 0, 12, 16], "texture": "#0"},
				"east": {"uv": [4, 0, 12, 16], "texture": "#0"},
				"south": {"uv": [4, 0, 12, 16], "texture": "#0"},
				"west": {"uv": [4, 0, 12, 16], "texture": "#0"},
				"up": {"uv": [4, 4, 11, 11], "texture": "#0"},
				"down": {"uv": [0, 0, 16, 16], "texture": "#0"}
			}
		},
		{
			"name": "Shoot",
			"from": [6.3, 3.2, 7.3],
			"to": [6.7, 4, 7.7],
			"faces": {
				"north": {"uv": [4, 2, 12, 16], "texture": "#0"},
				"east": {"uv": [4, 2, 12, 16], "texture": "#0"},
				"south": {"uv": [4, 2, 12, 16], "texture": "#0"},
				"west": {"uv": [4, 2, 12, 16], "texture": "#0"},
				"up": {"uv": [4, 2, 12, 16], "texture": "#0"},
				"down": {"uv": [4, 3, 12, 11], "texture": "#0"}
			}
		},
		{
			"name": "Shoot",
			"from": [7.3, 3.2, 6.3],
			"to": [7.7, 4, 6.7],
			"faces": {
				"north": {"uv": [4, 2, 12, 16], "texture": "#0"},
				"east": {"uv": [4, 2, 12, 16], "texture": "#0"},
				"south": {"uv": [4, 2, 12, 16], "texture": "#0"},
				"west": {"uv": [4, 2, 12, 16], "texture": "#0"},
				"up": {"uv": [4, 2, 12, 16], "texture": "#0"},
				"down": {"uv": [4, 3, 12, 11], "texture": "#0"}
			}
		},
		{
			"name": "Shoot",
			"from": [7.3, 3.2, 8.3],
			"to": [7.7, 4, 8.7],
			"faces": {
				"north": {"uv": [4, 2, 12, 16], "texture": "#0"},
				"east": {"uv": [4, 2, 12, 16], "texture": "#0"},
				"south": {"uv": [4, 2, 12, 16], "texture": "#0"},
				"west": {"uv": [4, 2, 12, 16], "texture": "#0"},
				"up": {"uv": [4, 2, 12, 16], "texture": "#0"},
				"down": {"uv": [4, 3, 12, 11], "texture": "#0"}
			}
		},
		{
			"name": "Shoot",
			"from": [7.3, 5.2, 5.3],
			"to": [7.7, 6, 5.7],
			"faces": {
				"north": {"uv": [4, 2, 12, 16], "texture": "#0"},
				"east": {"uv": [4, 2, 12, 16], "texture": "#0"},
				"south": {"uv": [4, 2, 12, 16], "texture": "#0"},
				"west": {"uv": [4, 2, 12, 16], "texture": "#0"},
				"up": {"uv": [4, 2, 12, 16], "texture": "#0"},
				"down": {"uv": [4, 3, 12, 11], "texture": "#0"}
			}
		},
		{
			"name": "Shoot",
			"from": [7.3, 6.2, 9.3],
			"to": [7.7, 7, 9.7],
			"faces": {
				"north": {"uv": [4, 2, 12, 16], "texture": "#0"},
				"east": {"uv": [4, 2, 12, 16], "texture": "#0"},
				"south": {"uv": [4, 2, 12, 16], "texture": "#0"},
				"west": {"uv": [4, 2, 12, 16], "texture": "#0"},
				"up": {"uv": [4, 2, 12, 16], "texture": "#0"},
				"down": {"uv": [4, 3, 12, 11], "texture": "#0"}
			}
		},
		{
			"name": "Connector",
			"from": [7.25, 3.3, 7.7],
			"to": [7.75, 3.7, 8.8],
			"faces": {
				"north": {"uv": [0, 4, 16, 10], "texture": "#0"},
				"east": {"uv": [0, 4, 16, 10], "texture": "#0"},
				"south": {"uv": [0, 4, 16, 10], "texture": "#0"},
				"west": {"uv": [0, 4, 16, 10], "texture": "#0"},
				"up": {"uv": [4, 0, 9, 16], "texture": "#0"},
				"down": {"uv": [0, 4, 16, 10], "texture": "#0"}
			}
		},
		{
			"name": "Connector",
			"from": [7.25, 3.3, 6.2],
			"to": [7.75, 3.7, 7.3],
			"faces": {
				"north": {"uv": [0, 4, 16, 10], "texture": "#0"},
				"east": {"uv": [0, 4, 16, 10], "texture": "#0"},
				"south": {"uv": [0, 4, 16, 10], "texture": "#0"},
				"west": {"uv": [0, 4, 16, 10], "texture": "#0"},
				"up": {"uv": [4, 0, 9, 16], "texture": "#0"},
				"down": {"uv": [0, 4, 16, 10], "texture": "#0"}
			}
		},
		{
			"name": "Connector",
			"from": [7.25, 5.3, 5.2],
			"to": [7.75, 5.7, 6.8],
			"faces": {
				"north": {"uv": [0, 4, 16, 10], "texture": "#0"},
				"east": {"uv": [0, 5, 16, 10], "texture": "#0"},
				"south": {"uv": [0, 4, 16, 10], "texture": "#0"},
				"west": {"uv": [0, 4, 16, 10], "texture": "#0"},
				"up": {"uv": [4, 0, 9, 16], "texture": "#0"},
				"down": {"uv": [0, 4, 16, 10], "texture": "#0"}
			}
		},
		{
			"name": "Connector",
			"from": [7.25, 6.3, 8.6],
			"to": [7.75, 6.7, 9.8],
			"faces": {
				"north": {"uv": [0, 4, 16, 10], "texture": "#0"},
				"east": {"uv": [0, 4, 16, 10], "texture": "#0"},
				"south": {"uv": [0, 4, 16, 10], "texture": "#0"},
				"west": {"uv": [0, 4, 16, 10], "texture": "#0"},
				"up": {"uv": [4, 0, 9, 16], "texture": "#0"},
				"down": {"uv": [0, 4, 16, 10], "texture": "#0"}
			}
		},
		{
			"name": "Connector",
			"from": [7.2, 6.3, 8.25],
			"to": [8.4, 6.7, 8.75],
			"faces": {
				"north": {"uv": [0, 4, 16, 10], "texture": "#0"},
				"east": {"uv": [0, 4, 16, 10], "texture": "#0"},
				"south": {"uv": [0, 4, 16, 10], "texture": "#0"},
				"west": {"uv": [0, 4, 16, 10], "texture": "#0"},
				"up": {"uv": [4, 0, 9, 16], "rotation": 270, "texture": "#0"},
				"down": {"uv": [0, 4, 16, 10], "rotation": 90, "texture": "#0"}
			}
		},
		{
			"name": "Connector",
			"from": [6.2, 3.3, 7.25],
			"to": [7.3, 3.7, 7.75],
			"faces": {
				"north": {"uv": [0, 4, 16, 10], "texture": "#0"},
				"east": {"uv": [0, 4, 16, 10], "texture": "#0"},
				"south": {"uv": [0, 4, 16, 10], "texture": "#0"},
				"west": {"uv": [5, 5, 11, 11], "texture": "#0"},
				"up": {"uv": [0, 4, 16, 10], "texture": "#0"},
				"down": {"uv": [0, 4, 16, 10], "texture": "#0"}
			}
		},
		{
			"name": "Center",
			"from": [8.2, 6, 8.2],
			"to": [8.8, 7, 8.8],
			"rotation": {"angle": 0, "axis": "y", "origin": [9, 14, 9]},
			"faces": {
				"north": {"uv": [2, 2, 14, 14], "texture": "#2"},
				"east": {"uv": [2, 2, 14, 14], "texture": "#2"},
				"south": {"uv": [2, 0, 14, 16], "texture": "#2"},
				"west": {"uv": [2, 2, 14, 14], "texture": "#2"},
				"up": {"uv": [2, 2, 14, 14], "texture": "#2"},
				"down": {"uv": [2, 2, 14, 14], "texture": "#2"}
			}
		},
		{
			"name": "Side",
			"from": [8.2, 6.2, 8],
			"to": [8.8, 6.8, 9],
			"rotation": {"angle": 0, "axis": "y", "origin": [9, 14, 9]},
			"faces": {
				"north": {"uv": [2, 2, 14, 14], "texture": "#2"},
				"east": {"uv": [0, 2, 16, 14], "texture": "#2"},
				"south": {"uv": [2, 2, 14, 14], "texture": "#2"},
				"west": {"uv": [0, 2, 16, 14], "texture": "#2"},
				"up": {"uv": [2, 0, 14, 16], "texture": "#0"},
				"down": {"uv": [2, 0, 14, 16], "texture": "#2"}
			}
		},
		{
			"name": "Side",
			"from": [8, 6.2, 8.2],
			"to": [9, 6.8, 8.8],
			"rotation": {"angle": 0, "axis": "y", "origin": [9, 14, 9]},
			"faces": {
				"north": {"uv": [0, 2, 16, 14], "texture": "#2"},
				"east": {"uv": [2, 2, 14, 14], "texture": "#2"},
				"south": {"uv": [0, 2, 16, 14], "texture": "#2"},
				"west": {"uv": [2, 2, 14, 14], "texture": "#2"},
				"up": {"uv": [0, 2, 16, 14], "texture": "#0"},
				"down": {"uv": [0, 2, 16, 14], "texture": "#2"}
			}
		},
		{
			"name": "Center",
			"from": [7.2, 7, 9.2],
			"to": [7.8, 8, 9.8],
			"rotation": {"angle": 0, "axis": "y", "origin": [8, 15, 10]},
			"faces": {
				"north": {"uv": [2, 2, 14, 14], "texture": "#2"},
				"east": {"uv": [2, 2, 14, 14], "texture": "#2"},
				"south": {"uv": [2, 0, 14, 16], "texture": "#2"},
				"west": {"uv": [2, 2, 14, 14], "texture": "#2"},
				"up": {"uv": [2, 2, 14, 14], "texture": "#2"},
				"down": {"uv": [2, 2, 14, 14], "texture": "#2"}
			}
		},
		{
			"name": "Side",
			"from": [7.2, 7.2, 9],
			"to": [7.8, 7.8, 10],
			"rotation": {"angle": 0, "axis": "y", "origin": [8, 15, 10]},
			"faces": {
				"north": {"uv": [2, 2, 14, 14], "texture": "#2"},
				"east": {"uv": [0, 2, 16, 14], "texture": "#2"},
				"south": {"uv": [2, 2, 14, 14], "texture": "#2"},
				"west": {"uv": [0, 2, 16, 14], "texture": "#2"},
				"up": {"uv": [2, 0, 14, 16], "texture": "#0"},
				"down": {"uv": [2, 0, 14, 16], "texture": "#2"}
			}
		},
		{
			"name": "Side",
			"from": [7, 7.2, 9.2],
			"to": [8, 7.8, 9.8],
			"rotation": {"angle": 0, "axis": "y", "origin": [8, 15, 10]},
			"faces": {
				"north": {"uv": [0, 2, 16, 14], "texture": "#2"},
				"east": {"uv": [2, 2, 14, 14], "texture": "#2"},
				"south": {"uv": [0, 2, 16, 14], "texture": "#2"},
				"west": {"uv": [2, 2, 14, 14], "texture": "#2"},
				"up": {"uv": [0, 2, 16, 14], "texture": "#0"},
				"down": {"uv": [0, 2, 16, 14], "texture": "#2"}
			}
		}
	],
	"groups": [0, 1, 2,
		{
			"name": "Flower",
			"origin": [8, 8, 8],
			"children": [3, 4, 5]
		},
		{
			"name": "Flower",
			"origin": [8, 8, 8],
			"children": [6, 7, 8]
		},
		{
			"name": "ShootConnect",
			"origin": [8, 8, 8],
			"children": [9, 10, 11, 12, 13, 14, 15, 16, 17, 18, 19, 20, 21, 22, 23, 24, 25, 26, 27, 28]
		},
		{
			"name": "Flower",
			"origin": [8, 8, 8],
			"children": [29, 30, 31]
		},
		{
			"name": "Flower",
			"origin": [8, 8, 8],
			"children": [32, 33, 34]
		}
	],
    "display": {
        "thirdperson_righthand": {
            "rotation": [ 75, 0, -10 ],
            "translation": [ -6, -4, 4 ],
            "scale": [ 1.5, 1.5, 1.5 ]
        }
    }
}