{
	"credit": "Made with Blockbench",
	"textures": {
		"0": "block/chorus_plant",
		"1": "block/chorus_flower",
		"particle": "block/chorus_plant"
	},
	"elements": [
		{
			"name": "Center",
			"from": [7.2, 3, 7.2],
			"to": [7.8, 4, 7.8],
			"rotation": {"angle": 0, "axis": "y", "origin": [8, 11, 8]},
			"faces": {
				"north": {"uv": [2, 2, 14, 14], "texture": "#1"},
				"east": {"uv": [2, 2, 14, 14], "texture": "#1"},
				"south": {"uv": [2, 0, 14, 16], "texture": "#1"},
				"west": {"uv": [2, 2, 14, 14], "texture": "#1"},
				"up": {"uv": [2, 2, 14, 14], "texture": "#1"},
				"down": {"uv": [2, 2, 14, 14], "texture": "#1"}
			}
		},
		{
			"name": "Side",
			"from": [7.2, 3.2, 7],
			"to": [7.8, 3.8, 8],
			"rotation": {"angle": 0, "axis": "y", "origin": [8, 11, 8]},
			"faces": {
				"north": {"uv": [2, 2, 14, 14], "texture": "#1"},
				"east": {"uv": [0, 2, 16, 14], "texture": "#1"},
				"south": {"uv": [2, 2, 14, 14], "texture": "#1"},
				"west": {"uv": [0, 2, 16, 14], "texture": "#1"},
				"up": {"uv": [2, 0, 14, 16], "texture": "#1"},
				"down": {"uv": [2, 0, 14, 16], "texture": "#1"}
			}
		},
		{
			"name": "Side",
			"from": [7, 3.2, 7.2],
			"to": [8, 3.8, 7.8],
			"rotation": {"angle": 0, "axis": "y", "origin": [8, 11, 8]},
			"faces": {
				"north": {"uv": [0, 2, 16, 14], "texture": "#1"},
				"east": {"uv": [2, 2, 14, 14], "texture": "#1"},
				"south": {"uv": [0, 2, 16, 14], "texture": "#1"},
				"west": {"uv": [2, 2, 14, 14], "texture": "#1"},
				"up": {"uv": [0, 2, 16, 14], "texture": "#1"},
				"down": {"uv": [0, 2, 16, 14], "texture": "#1"}
			}
		},
		{
			"name": "Shoot",
			"from": [7.3, 0, 7.3],
			"to": [7.7, 1, 7.7],
			"faces": {
				"north": {"uv": [4, 0, 12, 16], "texture": "#0"},
				"east": {"uv": [4, 0, 12, 16], "texture": "#0"},
				"south": {"uv": [4, 0, 12, 16], "texture": "#0"},
				"west": {"uv": [4, 0, 12, 16], "texture": "#0"},
				"up": {"uv": [4, 0, 12, 16], "texture": "#0"},
				"down": {"uv": [0, 0, 16, 16], "texture": "#0"}
			}
		},
		{
			"name": "Shoot",
			"from": [7.3, 2, 7.3],
			"to": [7.7, 3, 7.7],
			"faces": {
				"north": {"uv": [4, 0, 12, 16], "texture": "#0"},
				"east": {"uv": [4, 0, 12, 16], "texture": "#0"},
				"south": {"uv": [4, 0, 12, 16], "texture": "#0"},
				"west": {"uv": [4, 0, 12, 16], "texture": "#0"},
				"up": {"uv": [4, 0, 12, 16], "texture": "#0"},
				"down": {"uv": [0, 0, 16, 16], "texture": "#0"}
			}
		},
		{
			"name": "Shoot",
			"from": [7.3, 1, 7.3],
			"to": [7.7, 2, 7.7],
			"faces": {
				"north": {"uv": [4, 0, 12, 16], "texture": "#0"},
				"east": {"uv": [4, 0, 12, 16], "texture": "#0"},
				"south": {"uv": [4, 0, 12, 16], "texture": "#0"},
				"west": {"uv": [4, 0, 12, 16], "texture": "#0"},
				"up": {"uv": [4, 0, 12, 16], "texture": "#0"},
				"down": {"uv": [0, 0, 16, 16], "texture": "#0"}
			}
		}
	],
	"groups": [
		{
			"name": "Flower",
			"origin": [8, 8, 8],
			"children": [0, 1, 2]
		}, 3, 4, 5],
    "display": {
        "thirdperson_righthand": {
            "rotation": [ 75, 0, -10 ],
            "translation": [ -7.5, -5.5, -0.2 ],
            "scale": [ 0.9, 0.9, 0.9 ]
        }
    }
}