{
	"credit": "Made with Blockbench",
	"textures": {
		"0": "block/chorus_plant",
		"1": "block/chorus_flower",
		"particle": "block/chorus_plant"
	},
	"elements": [
		{
			"name": "Center",
			"from": [7.2, 3, 6.2],
			"to": [7.8, 4, 6.8],
			"rotation": {"angle": 0, "axis": "y", "origin": [8, 11, 7]},
			"faces": {
				"north": {"uv": [2, 2, 14, 14], "texture": "#1"},
				"east": {"uv": [2, 2, 14, 14], "texture": "#1"},
				"south": {"uv": [2, 0, 14, 16], "texture": "#1"},
				"west": {"uv": [2, 2, 14, 14], "texture": "#1"},
				"up": {"uv": [2, 2, 14, 14], "texture": "#1"},
				"down": {"uv": [2, 2, 14, 14], "texture": "#1"}
			}
		},
		{
			"name": "Side",
			"from": [7.2, 3.2, 6],
			"to": [7.8, 3.8, 7],
			"rotation": {"angle": 0, "axis": "y", "origin": [8, 11, 7]},
			"faces": {
				"north": {"uv": [2, 2, 14, 14], "texture": "#1"},
				"east": {"uv": [0, 2, 16, 14], "texture": "#1"},
				"south": {"uv": [2, 2, 14, 14], "texture": "#1"},
				"west": {"uv": [0, 2, 16, 14], "texture": "#1"},
				"up": {"uv": [2, 0, 14, 16], "texture": "#1"},
				"down": {"uv": [2, 0, 14, 16], "texture": "#1"}
			}
		},
		{
			"name": "Side",
			"from": [7, 3.2, 6.2],
			"to": [8, 3.8, 6.8],
			"rotation": {"angle": 0, "axis": "y", "origin": [8, 11, 7]},
			"faces": {
				"north": {"uv": [0, 2, 16, 14], "texture": "#1"},
				"east": {"uv": [2, 2, 14, 14], "texture": "#1"},
				"south": {"uv": [0, 2, 16, 14], "texture": "#1"},
				"west": {"uv": [2, 2, 14, 14], "texture": "#1"},
				"up": {"uv": [0, 2, 16, 14], "texture": "#1"},
				"down": {"uv": [0, 2, 16, 14], "texture": "#1"}
			}
		},
		{
			"name": "Shoot",
			"from": [7.3, 0, 7.3],
			"to": [7.7, 1, 7.7],
			"faces": {
				"north": {"uv": [4, 0, 12, 16], "texture": "#0"},
				"east": {"uv": [4, 0, 12, 16], "texture": "#0"},
				"south": {"uv": [4, 0, 12, 16], "texture": "#0"},
				"west": {"uv": [4, 0, 12, 16], "texture": "#0"},
				"up": {"uv": [4, 0, 12, 16], "texture": "#0"},
				"down": {"uv": [0, 0, 16, 16], "texture": "#0"}
			}
		},
		{
			"name": "Shoot",
			"from": [7.3, 2, 7.3],
			"to": [7.7, 3, 7.7],
			"faces": {
				"north": {"uv": [4, 0, 12, 16], "texture": "#0"},
				"east": {"uv": [4, 0, 12, 16], "texture": "#0"},
				"south": {"uv": [4, 0, 12, 16], "texture": "#0"},
				"west": {"uv": [4, 0, 12, 16], "texture": "#0"},
				"up": {"uv": [4, 0, 12, 16], "texture": "#0"},
				"down": {"uv": [0, 0, 16, 16], "texture": "#0"}
			}
		},
		{
			"name": "Shoot",
			"from": [7.3, 1, 7.3],
			"to": [7.7, 2, 7.7],
			"faces": {
				"north": {"uv": [4, 0, 12, 16], "texture": "#0"},
				"east": {"uv": [4, 0, 12, 16], "texture": "#0"},
				"south": {"uv": [4, 0, 12, 16], "texture": "#0"},
				"west": {"uv": [4, 0, 12, 16], "texture": "#0"},
				"up": {"uv": [4, 0, 12, 16], "texture": "#0"},
				"down": {"uv": [0, 0, 16, 16], "texture": "#0"}
			}
		},
		{
			"name": "Center",
			"from": [7.2, 3, 8.2],
			"to": [7.8, 4, 8.8],
			"rotation": {"angle": 0, "axis": "y", "origin": [8, 11, 9]},
			"faces": {
				"north": {"uv": [2, 2, 14, 14], "texture": "#1"},
				"east": {"uv": [2, 2, 14, 14], "texture": "#1"},
				"south": {"uv": [2, 0, 14, 16], "texture": "#1"},
				"west": {"uv": [2, 2, 14, 14], "texture": "#1"},
				"up": {"uv": [2, 2, 14, 14], "texture": "#1"},
				"down": {"uv": [2, 2, 14, 14], "texture": "#1"}
			}
		},
		{
			"name": "Side",
			"from": [7.2, 3.2, 8],
			"to": [7.8, 3.8, 9],
			"rotation": {"angle": 0, "axis": "y", "origin": [8, 11, 9]},
			"faces": {
				"north": {"uv": [2, 2, 14, 14], "texture": "#1"},
				"east": {"uv": [0, 2, 16, 14], "texture": "#1"},
				"south": {"uv": [2, 2, 14, 14], "texture": "#1"},
				"west": {"uv": [0, 2, 16, 14], "texture": "#1"},
				"up": {"uv": [2, 0, 14, 16], "texture": "#1"},
				"down": {"uv": [2, 0, 14, 16], "texture": "#1"}
			}
		},
		{
			"name": "Side",
			"from": [7, 3.2, 8.2],
			"to": [8, 3.8, 8.8],
			"rotation": {"angle": 0, "axis": "y", "origin": [8, 11, 9]},
			"faces": {
				"north": {"uv": [0, 2, 16, 14], "texture": "#1"},
				"east": {"uv": [2, 2, 14, 14], "texture": "#1"},
				"south": {"uv": [0, 2, 16, 14], "texture": "#1"},
				"west": {"uv": [2, 2, 14, 14], "texture": "#1"},
				"up": {"uv": [0, 2, 16, 14], "texture": "#1"},
				"down": {"uv": [0, 2, 16, 14], "texture": "#1"}
			}
		},
		{
			"name": "Center",
			"from": [6.2, 3, 7.2],
			"to": [6.8, 4, 7.8],
			"rotation": {"angle": 0, "axis": "y", "origin": [7, 11, 8]},
			"faces": {
				"north": {"uv": [2, 2, 14, 14], "texture": "#1"},
				"east": {"uv": [2, 2, 14, 14], "texture": "#1"},
				"south": {"uv": [2, 0, 14, 16], "texture": "#1"},
				"west": {"uv": [2, 2, 14, 14], "texture": "#1"},
				"up": {"uv": [2, 2, 14, 14], "texture": "#1"},
				"down": {"uv": [2, 2, 14, 14], "texture": "#1"}
			}
		},
		{
			"name": "Side",
			"from": [6.2, 3.2, 7],
			"to": [6.8, 3.8, 8],
			"rotation": {"angle": 0, "axis": "y", "origin": [7, 11, 8]},
			"faces": {
				"north": {"uv": [2, 2, 14, 14], "texture": "#1"},
				"east": {"uv": [0, 2, 16, 14], "texture": "#1"},
				"south": {"uv": [2, 2, 14, 14], "texture": "#1"},
				"west": {"uv": [0, 2, 16, 14], "texture": "#1"},
				"up": {"uv": [2, 0, 14, 16], "texture": "#1"},
				"down": {"uv": [2, 0, 14, 16], "texture": "#1"}
			}
		},
		{
			"name": "Side",
			"from": [6, 3.2, 7.2],
			"to": [7, 3.8, 7.8],
			"rotation": {"angle": 0, "axis": "y", "origin": [7, 11, 8]},
			"faces": {
				"north": {"uv": [0, 2, 16, 14], "texture": "#1"},
				"east": {"uv": [2, 2, 14, 14], "texture": "#1"},
				"south": {"uv": [0, 2, 16, 14], "texture": "#1"},
				"west": {"uv": [2, 2, 14, 14], "texture": "#1"},
				"up": {"uv": [0, 2, 16, 14], "texture": "#1"},
				"down": {"uv": [0, 2, 16, 14], "texture": "#1"}
			}
		},
		{
			"name": "Shoot",
			"from": [7.3, 3, 7.3],
			"to": [7.7, 4, 7.7],
			"faces": {
				"north": {"uv": [4, 0, 12, 16], "texture": "#0"},
				"east": {"uv": [4, 0, 12, 16], "texture": "#0"},
				"south": {"uv": [4, 0, 12, 16], "texture": "#0"},
				"west": {"uv": [4, 0, 12, 16], "texture": "#0"},
				"up": {"uv": [4, 4, 11, 11], "texture": "#0"},
				"down": {"uv": [0, 0, 16, 16], "texture": "#0"}
			}
		},
		{
			"name": "Connector",
			"from": [7.25, 3.3, 7],
			"to": [7.75, 3.7, 8],
			"faces": {
				"north": {"uv": [0, 4, 16, 10], "texture": "#0"},
				"east": {"uv": [0, 4, 16, 10], "texture": "#0"},
				"south": {"uv": [0, 4, 16, 10], "texture": "#0"},
				"west": {"uv": [0, 4, 16, 10], "texture": "#0"},
				"up": {"uv": [4, 0, 9, 16], "texture": "#0"},
				"down": {"uv": [0, 4, 16, 10], "texture": "#0"}
			}
		},
		{
			"name": "Connector",
			"from": [7, 3.3, 7.25],
			"to": [7.3, 3.7, 7.75],
			"faces": {
				"north": {"uv": [0, 4, 5, 10], "texture": "#0"},
				"east": {"uv": [0, 4, 5, 10], "texture": "#0"},
				"south": {"uv": [0, 4, 5, 10], "texture": "#0"},
				"west": {"uv": [0, 4, 5, 10], "texture": "#0"},
				"up": {"uv": [0, 4, 7, 10], "texture": "#0"},
				"down": {"uv": [0, 4, 5, 10], "texture": "#0"}
			}
		}
	],
	"groups": [
		{
			"name": "Flower",
			"origin": [8, 8, 8],
			"children": [0, 1, 2]
		}, 3, 4, 5,
		{
			"name": "Flower",
			"origin": [8, 8, 8],
			"children": [6, 7, 8]
		},
		{
			"name": "Flower",
			"origin": [8, 8, 8],
			"children": [9, 10, 11]
		},
		{
			"name": "ShootConnect",
			"origin": [8, 8, 8],
			"children": [12, 13, 14]
		}
	],
    "display": {
        "thirdperson_righthand": {
            "rotation": [ 75, 0, -10 ],
            "translation": [ -7, -5, 2 ],
            "scale": [ 1.2, 1.2, 1.2 ]
        }
    }
}