{
	"credit": "Nelonn",
	"texture_size": [32, 32],
	"textures": {
		"texture": "guns:entity/target"
	},
	"elements": [
		{
			"from": [3, 0, 7],
			"to": [13, 17, 9],
			"faces": {
				"north": {"uv": [1, 1, 6, 9.5], "texture": "#texture"},
				"east": {"uv": [0, 1, 1, 9.5], "texture": "#texture"},
				"south": {"uv": [7, 1, 12, 9.5], "texture": "#texture"},
				"west": {"uv": [6, 1, 7, 9.5], "texture": "#texture"},
				"up": {"uv": [1, 0, 6, 1], "rotation": 180, "texture": "#texture"},
				"down": {"uv": [1, 9.5, 6, 10.5], "rotation": 180, "texture": "#texture"}
			}
		},
		{
			"from": [5, 17, 7],
			"to": [11, 23, 9],
			"rotation": {"angle": 0, "axis": "y", "origin": [16, 25, 15]},
			"faces": {
				"north": {"uv": [1, 11.5, 4, 14.5], "texture": "#texture"},
				"east": {"uv": [0, 11.5, 1, 14.5], "texture": "#texture"},
				"south": {"uv": [5, 11.5, 8, 14.5], "texture": "#texture"},
				"west": {"uv": [4, 11.5, 5, 14.5], "texture": "#texture"},
				"up": {"uv": [1, 10.5, 4, 11.5], "rotation": 180, "texture": "#texture"},
				"down": {"uv": [1, 14.5, 4, 15.5], "texture": "#texture"}
			}
		}
	],
	"display": {
		"head": {
			"translation": [0, -27.2, 0],
			"scale": [2, 2, 2]
		}
	}
}