{
    "ambientocclusion": false,
    "textures": {
        "base": "block/light_gray_concrete",
        "stick": "block/white_concrete",
		"handle": "block/gray_concrete"
    },
    "elements": [
        {   "from": [ 2, 0, 4 ],
            "to": [ 14, 3, 12 ],
            "faces": {
                "down":  { "uv": [ 2, 4, 14, 12 ], "texture": "#base", "cullface": "down" },
                "up":    { "uv": [ 2, 4, 14, 12 ], "texture": "#base" },
                "north": { "uv": [ 2, 0, 14,  3 ], "texture": "#base" },
                "south": { "uv": [ 2, 0, 14,  3 ], "texture": "#base" },
                "west":  { "uv": [ 4, 0, 12,  3 ], "texture": "#base" },
                "east":  { "uv": [ 4, 0, 12,  3 ], "texture": "#base" }
            }
        },
        {   "from": [ 7, 1, 7 ],
            "to": [ 9, 9, 9 ],
            "rotation": { "origin": [ 8, 1, 8 ], "axis": "x", "angle": 45 },
            "faces": {
                "up":    { "uv": [ 7, 6, 9,  8 ], "texture": "#stick" },
                "north": { "uv": [ 7, 6, 9, 14 ], "texture": "#stick" },
                "south": { "uv": [ 7, 6, 9, 14 ], "texture": "#stick" },
                "west":  { "uv": [ 7, 6, 9, 14 ], "texture": "#stick" },
                "east":  { "uv": [ 7, 6, 9, 14 ], "texture": "#stick" }
            }
        },
        {   "from": [ 3, 1, 7 ],
            "to": [ 5, 9, 9 ],
            "rotation": { "origin": [ 8, 1, 8 ], "axis": "x", "angle": 45 },
            "faces": {
                "up":    { "uv": [ 7, 6, 9,  8 ], "texture": "#stick" },
                "north": { "uv": [ 7, 6, 9, 14 ], "texture": "#stick" },
                "south": { "uv": [ 7, 6, 9, 14 ], "texture": "#stick" },
                "west":  { "uv": [ 7, 6, 9, 14 ], "texture": "#stick" },
                "east":  { "uv": [ 7, 6, 9, 14 ], "texture": "#stick" }
            }
        },
        {   "from": [ 11, 1, 7 ],
            "to": [ 13, 9, 9 ],
            "rotation": { "origin": [ 8, 1, 8 ], "axis": "x", "angle": 45 },
            "faces": {
                "north": { "uv": [ 7, 6, 9, 14 ], "texture": "#stick" },
                "south": { "uv": [ 7, 6, 9, 14 ], "texture": "#stick" },
                "west":  { "uv": [ 7, 6, 9, 14 ], "texture": "#stick" },
                "east":  { "uv": [ 7, 6, 9, 14 ], "texture": "#stick" }
            }
        },
        {   "from": [ 3, 9, 7 ],
            "to": [ 13, 11, 9 ],
            "rotation": { "origin": [ 8, 1, 8 ], "axis": "x", "angle": 45 },
            "faces": {
				"up":    { "uv": [ 3, 7, 13,  9 ], "texture": "#handle" },
				"down":  { "uv": [ 3, 7, 13,  9 ], "texture": "#handle" },
                "north": { "uv": [ 3, 9, 13, 11 ], "texture": "#handle" },
                "south": { "uv": [ 3, 9, 13, 11 ], "texture": "#handle" },
                "west":  { "uv": [ 7, 9, 9, 11 ], "texture": "#handle" },
                "east":  { "uv": [ 7, 9, 9, 11 ], "texture": "#handle" }
            }
        }
    ]
}
