{
	"credit": "Nelonn",
	"texture_size": [64, 64],
	"textures": {
		"0": "ggo:models/item/med_kit",
		"particle": "ggo:models/item/med_kit"
	},
	"elements": [
		{
			"from": [2.5, 0, 2],
			"to": [13.5, 4, 14],
			"rotation": {"angle": 0, "axis": "y", "origin": [16.125, 8, 17]},
			"faces": {
				"north": {"uv": [3, 3, 5.75, 4], "texture": "#0"},
				"east": {"uv": [0, 3, 3, 4], "texture": "#0"},
				"south": {"uv": [8.75, 3, 11.5, 4], "texture": "#0"},
				"west": {"uv": [5.75, 3, 8.75, 4], "texture": "#0"},
				"up": {"uv": [5.75, 3, 3, 0], "texture": "#0"},
				"down": {"uv": [8.5, 0, 5.75, 3], "texture": "#0"}
			}
		}
	],
	"display": {
		"thirdperson_righthand": {
			"rotation": [75, 45, 0],
			"translation": [0, 3, 1.5],
			"scale": [0.375, 0.375, 0.375]
		},
		"thirdperson_lefthand": {
			"rotation": [75, 45, 0],
			"translation": [0, 3, 1.5],
			"scale": [0.375, 0.375, 0.375]
		},
		"firstperson_righthand": {
			"rotation": [0, 125, 0],
			"translation": [0.75, 4.25, 0],
			"scale": [0.4, 0.4, 0.4]
		},
		"firstperson_lefthand": {
			"rotation": [0, 125, 0],
			"translation": [0.75, 4.25, 0],
			"scale": [0.4, 0.4, 0.4]
		},
		"ground": {
			"translation": [0, 4, 0],
			"scale": [0.5, 0.5, 0.5]
		},
		"gui": {
			"rotation": [30, 135, 0],
			"translation": [0, 4.5, 0],
			"scale": [0.9, 0.9, 0.9]
		},
		"head": {
			"translation": [0, 14.25, 0]
		},
		"fixed": {
			"rotation": [-90, 0, 0],
			"translation": [0, 0, -6]
		}
	}
}