{
	"credit": "Nelonn",
	"textures": {
		"texture": "guns:models/item/stun_grenade"
	},
	"elements": [
		{
			"name": "Top",
			"from": [6.75, 5, 6.75],
			"to": [9.25, 6, 9.25],
			"rotation": {"angle": 0, "axis": "y", "origin": [15, 13, 15]},
			"faces": {
				"north": {"uv": [2, 6, 4, 7], "texture": "#texture"},
				"east": {"uv": [0, 6, 2, 7], "texture": "#texture"},
				"south": {"uv": [6, 6, 8, 7], "texture": "#texture"},
				"west": {"uv": [4, 6, 6, 7], "texture": "#texture"},
				"up": {"uv": [4, 6, 2, 4], "texture": "#texture"},
				"down": {"uv": [6, 4, 4, 6], "texture": "#texture"}
			}
		},
		{
			"name": "Middle",
			"from": [7, 1, 7],
			"to": [9, 5, 9],
			"rotation": {"angle": 0, "axis": "y", "origin": [15, 9, 15]},
			"faces": {
				"north": {"uv": [2, 0, 4, 4], "texture": "#texture"},
				"east": {"uv": [0, 0, 2, 4], "texture": "#texture"},
				"south": {"uv": [6, 0, 8, 4], "texture": "#texture"},
				"west": {"uv": [4, 0, 6, 4], "texture": "#texture"}
			}
		},
		{
			"name": "Bottom",
			"from": [6.75, 0, 6.75],
			"to": [9.25, 1, 9.25],
			"rotation": {"angle": 0, "axis": "y", "origin": [15, 8, 15]},
			"faces": {
				"north": {"uv": [2, 9, 4, 10], "texture": "#texture"},
				"east": {"uv": [0, 9, 2, 10], "texture": "#texture"},
				"south": {"uv": [6, 9, 8, 10], "texture": "#texture"},
				"west": {"uv": [4, 9, 6, 10], "texture": "#texture"},
				"up": {"uv": [4, 9, 2, 7], "texture": "#texture"},
				"down": {"uv": [6, 7, 4, 9], "texture": "#texture"}
			}
		},
		{
			"name": "Handle Top",
			"from": [6, 6.125, 7.501],
			"to": [8, 6.625, 8.499],
			"shade": false,
			"rotation": {"angle": 22.5, "axis": "z", "origin": [6, 6.625, 8]},
			"faces": {
				"north": {"uv": [8, 3, 9, 7], "rotation": 270, "texture": "#texture"},
				"east": {"uv": [9, 2, 11, 3], "texture": "#texture"},
				"south": {"uv": [11, 3, 12, 7], "rotation": 90, "texture": "#texture"},
				"up": {"uv": [9, 3, 11, 7], "rotation": 90, "texture": "#texture"},
				"down": {"uv": [12, 3, 14, 7], "rotation": 90, "texture": "#texture"}
			}
		},
		{
			"name": "Handle Bottom",
			"from": [6, 3.625, 7.5],
			"to": [6.5, 6.625, 8.5],
			"shade": false,
			"rotation": {"angle": 0, "axis": "y", "origin": [14.5, 11.125, 15]},
			"faces": {
				"north": {"uv": [8, 8, 9, 14], "texture": "#texture"},
				"east": {"uv": [12, 8, 14, 14], "texture": "#texture"},
				"south": {"uv": [11, 8, 12, 14], "texture": "#texture"},
				"west": {"uv": [9, 8, 11, 14], "texture": "#texture"},
				"down": {"uv": [11, 7, 13, 8], "rotation": 270, "texture": "#texture"}
			}
		},
		{
			"name": "Top",
			"from": [7.25, 6, 7.25],
			"to": [8.75, 7, 8.75],
			"rotation": {"angle": 0, "axis": "y", "origin": [15, 14, 15]},
			"faces": {
				"north": {"uv": [9, 1, 10, 2], "texture": "#texture"},
				"east": {"uv": [8, 1, 9, 2], "texture": "#texture"},
				"south": {"uv": [11, 1, 12, 2], "texture": "#texture"},
				"west": {"uv": [10, 1, 11, 2], "texture": "#texture"},
				"up": {"uv": [10, 1, 9, 0], "texture": "#texture"}
			}
		}
	],
	"display": {
		"thirdperson_righthand": {
			"rotation": [0, -180, 0],
			"translation": [0, 5.5, 0.5]
		},
		"thirdperson_lefthand": {
			"rotation": [0, -180, 0],
			"translation": [0, 5.5, 0.5],
			"scale": [-1, 1, 1]
		},
		"firstperson_righthand": {
			"rotation": [0, 130, 0],
			"translation": [-0.25, 7.5, 1.5]
		},
		"firstperson_lefthand": {
			"rotation": [0, -50, 0],
			"translation": [-0.25, 7.5, 1.5]
		},
		"ground": {
			"translation": [0, 5, 0]
		},
		"gui": {
			"rotation": [-180, 0, -136],
			"translation": [6.25, 6.75, 0],
			"scale": [2, 2, 2]
		},
		"head": {
			"rotation": [-90, 0, 90],
			"translation": [-9.25, -30.5, -0.25],
			"scale": [2, 2, 2]
		},
		"fixed": {
			"translation": [0, 8.75, 0],
			"scale": [2, 2, 2]
		}
	}
}