{"credit":"thebradqq's guns","textures":{"1":"mgs:gun/metal","2":"mgs:gun/copper","3":"mgs:gun/metal_dark","particle":"mgs:gun/metal_dark"},"gui_light":"front","display":{"thirdperson_righthand":{"rotation":[0,100,0],"translation":[-1,-2,-0.5],"scale":[0.125,0.125,0.125]},"thirdperson_lefthand":{"rotation":[0,-77,0],"translation":[-1,-2,-0.5],"scale":[0.125,0.125,0.125]},"firstperson_righthand":{"rotation":[34,96,-37],"translation":[1,-1.5,0.5],"scale":[0.25,0.25,0.25]},"firstperson_lefthand":{"rotation":[-77,-99,-74],"translation":[2,-2,0.5],"scale":[0.25,0.25,0.25]},"ground":{"translation":[0,2,0],"scale":[0.125,0.125,0.125]},"gui":{"rotation":[0,180,10],"translation":[1,-1.5,0],"scale":[0.5,0.5,0.5]},"head":{"scale":[0.25,0.25,0.25]},"fixed":{"translation":[0,0,-2],"scale":[-0.25,0.25,-0.25]}},"elements":[{"from":[11.23916,15.8,5.449],"to":[11.83916,27.899,10.551],"faces":{"east":{"uv":[0,15,3,16],"rotation":90,"texture":"#3"},"west":{"uv":[7,10.5,10,11],"rotation":90,"texture":"#3"},"up":{"uv":[8,15.5,11,16],"rotation":90,"texture":"#3"}}},{"from":[-1.66084,-0.6,5.45],"to":[10.83916,15.8,10.55],"rotation":{"angle":22.5,"axis":"z","origin":[-1.66084,15.8,5.75]},"faces":{"north":{"uv":[6.75,12.5,9.25,15.5],"rotation":270,"texture":"#3"},"east":{"uv":[4.5,15,7.5,16],"rotation":90,"texture":"#3"},"south":{"uv":[4.5,12.5,7,15.5],"rotation":270,"texture":"#3"},"west":{"uv":[5.75,11.75,8.75,12.75],"rotation":90,"texture":"#3"}}},{"from":[4.62416,-15.73,5.449],"to":[18.12416,0.67,10.551],"rotation":{"angle":45,"axis":"z","origin":[4.63916,0.65,5.375]},"faces":{"north":{"uv":[0,12.5,2.5,15.5],"rotation":270,"texture":"#3"},"east":{"uv":[11.25,15,14.25,16],"rotation":90,"texture":"#3"},"south":{"uv":[0,12.5,2.5,15.5],"rotation":270,"texture":"#3"},"west":{"uv":[6.5,11.75,9.5,12.75],"rotation":90,"texture":"#3"},"down":{"uv":[5.25,11.75,6.25,13],"rotation":270,"texture":"#3"}}},{"from":[-1.66084,27.9,5.449],"to":[5.03916,29.5,5.651],"rotation":{"angle":22.5,"axis":"x","origin":[0.93916,27.9,5.449]},"faces":{"north":{"uv":[7.75,15,9,15.5],"texture":"#3"},"east":{"uv":[6.5,11.5,9.5,12],"rotation":270,"texture":"#3"},"south":{"uv":[7,10.5,10,11],"rotation":90,"texture":"#3"},"west":{"uv":[6.5,11.5,9.5,12],"rotation":270,"texture":"#3"},"up":{"uv":[8,15.5,11,16],"rotation":180,"texture":"#3"}}},{"from":[-1.66084,27.9,10.349],"to":[5.03916,29.5,10.551],"rotation":{"angle":-22.5,"axis":"x","origin":[0.93916,27.9,10.551]},"faces":{"north":{"uv":[7,10.5,10,11],"rotation":90,"texture":"#3"},"east":{"uv":[6.5,11.5,9.5,12],"rotation":90,"texture":"#3"},"south":{"uv":[7.75,15,9,15.5],"texture":"#3"},"west":{"uv":[6.5,11.5,9.5,12],"rotation":270,"texture":"#3"},"up":{"uv":[8,15.5,11,16],"rotation":180,"texture":"#3"}}},{"from":[-1.66084,15.8,5.449],"to":[11.83916,27.9,5.651],"faces":{"north":{"uv":[4.5,12.5,7,15.5],"rotation":270,"texture":"#3"},"south":{"uv":[7,10.5,10,11],"rotation":90,"texture":"#3"},"up":{"uv":[8,15.5,11,16],"rotation":180,"texture":"#3"}}},{"from":[-1.66084,15.8,10.349],"to":[11.83916,27.9,10.551],"faces":{"north":{"uv":[7,10.5,10,11],"rotation":90,"texture":"#3"},"south":{"uv":[12.5,12.5,15,15.5],"rotation":270,"texture":"#3"},"up":{"uv":[8,15.5,11,16],"rotation":180,"texture":"#3"}}},{"from":[-1.66084,15.8,5.449],"to":[-1.36084,27.9,10.551],"faces":{"east":{"uv":[7,10.5,10,11],"rotation":90,"texture":"#3"},"west":{"uv":[4,11.75,5.5,12.75],"rotation":90,"texture":"#3"},"up":{"uv":[8,15.5,11,16],"rotation":90,"texture":"#3"}}},{"from":[-3.16084,24.3,6.5],"to":[-1.36084,25.2,9.5],"faces":{"north":{"uv":[15.25,7.25,16,7.75],"texture":"#3"},"south":{"uv":[15.25,7.25,16,7.75],"texture":"#3"},"west":{"uv":[6.25,7.25,8,7.75],"texture":"#3"},"up":{"uv":[7.25,5,9,5.75],"rotation":270,"texture":"#3"},"down":{"uv":[10,10,10.75,10.5],"texture":"#3"}}},{"from":[-1.56084,17.8,5.549],"to":[11.63916,27.399,10.451],"faces":{"up":{"uv":[2.75,15,5.75,16],"rotation":180,"texture":"#3"}}},{"from":[-1.06084,18.8,5.849],"to":[5.23916,28.299,7.951],"faces":{"north":{"uv":[3.75,11.5,5,12.25],"texture":"#3"},"south":{"uv":[3.75,11.5,5,12.25],"texture":"#3"},"west":{"uv":[3.75,11.5,5,12.25],"texture":"#3"},"up":{"uv":[3.5,11.75,4.75,12.5],"texture":"#3"}}},{"from":[-0.71343,28.49924,5.849],"to":[1.08657,30.49824,7.951],"rotation":{"angle":-45,"axis":"z","origin":[-0.39186,22.21321,6.9]},"faces":{"north":{"uv":[3.75,11.5,5,12.25],"texture":"#3"},"south":{"uv":[3.75,11.5,5,12.25],"texture":"#3"},"up":{"uv":[6.25,15,7,15.75],"rotation":180,"texture":"#3"}}}]}