{"credit":"thebradqq's guns","textures":{"3":"mgs:gun/metal","1_0":"mgs:gun/metal_bright","1_1":"mgs:gun/brass","1_2":"mgs:gun/copper"},"gui_light":"front","display":{"thirdperson_righthand":{"rotation":[0,100,0],"translation":[-0.5,0,0],"scale":[0.15,0.15,0.15]},"thirdperson_lefthand":{"rotation":[0,-81,-13],"translation":[-0.5,0,0],"scale":[0.15,0.15,0.15]},"firstperson_righthand":{"rotation":[-71,71,60],"translation":[3,0,0.5],"scale":[0.3,0.3,0.3]},"firstperson_lefthand":{"rotation":[-28,-113,-29],"translation":[3,0,0.5],"scale":[0.3,0.3,0.3]},"ground":{"translation":[0,2.75,0],"scale":[0.15,0.15,0.15]},"gui":{"rotation":[0,180,30],"translation":[-0.5,0.75,0],"scale":[0.6,0.6,0.6]},"head":{"scale":[0.3,0.3,0.3]},"fixed":{"translation":[0,1.5,-1.5],"scale":[-0.3,0.3,-0.3]}},"elements":[{"from":[10.86799,14.08308,5.21822],"to":[13.61166,15.272,10.78178],"rotation":{"angle":22.5,"axis":"z","origin":[7.90351,13.55184,8]},"faces":{"north":{"uv":[3,8,4.25,8.5],"rotation":180,"texture":"#3"},"east":{"uv":[3,11.25,4.25,11.75],"rotation":180,"texture":"#3"},"south":{"uv":[3,11.75,6.5,8.75],"rotation":90,"texture":"#3"},"west":{"uv":[2.75,10.5,4,11],"rotation":180,"texture":"#3"},"up":{"uv":[3.25,11.75,5.25,12.5],"texture":"#3"},"down":{"uv":[2.75,8,4,8.25],"rotation":180,"texture":"#3"}}},{"from":[5.6855,14.08308,5.21822],"to":[8.42917,15.272,10.78178],"rotation":{"angle":22.5,"axis":"z","origin":[7.90351,13.55184,8]},"faces":{"north":{"uv":[3,8,4.25,8.5],"rotation":180,"texture":"#3"},"east":{"uv":[3,11.25,4.25,11.75],"rotation":180,"texture":"#3"},"south":{"uv":[3,11.75,6.5,8.75],"rotation":90,"texture":"#3"},"west":{"uv":[2.75,10.5,4,11],"rotation":180,"texture":"#3"},"up":{"uv":[3.25,11.75,5.25,12.5],"texture":"#3"},"down":{"uv":[2.75,8,4,8.25],"rotation":180,"texture":"#3"}}},{"from":[0.503,14.08308,5.21822],"to":[3.24668,15.272,10.78178],"rotation":{"angle":22.5,"axis":"z","origin":[7.90351,13.55184,8]},"faces":{"north":{"uv":[3,8,4.25,8.5],"rotation":180,"texture":"#3"},"east":{"uv":[3,11.25,4.25,11.75],"rotation":180,"texture":"#3"},"south":{"uv":[3,11.75,6.5,8.75],"rotation":90,"texture":"#3"},"west":{"uv":[2.75,10.5,4,11],"rotation":180,"texture":"#3"},"up":{"uv":[3.25,11.75,5.25,12.5],"texture":"#3"},"down":{"uv":[2.75,8,4,8.25],"rotation":180,"texture":"#3"}}},{"from":[-0.6,-8.68264,5.67552],"to":[8.93,13.46652,10.32447],"rotation":{"angle":0,"axis":"z","origin":[10.3189,-10.05739,5.67552]},"faces":{"north":{"uv":[3.75,7.75,13.5,9.75],"rotation":90,"texture":"#3"},"east":{"uv":[5.75,7,6.25,7.5],"rotation":90,"texture":"#3"},"south":{"uv":[3.75,7.75,13.5,9.75],"rotation":270,"texture":"#3"},"west":{"uv":[2.75,9.5,12.5,11],"rotation":90,"texture":"#3"},"down":{"uv":[5.75,9.5,7.25,11.5],"rotation":90,"texture":"#3"}}},{"from":[-0.8,11.11736,5.47552],"to":[14.18,21.56652,5.72447],"rotation":{"angle":0,"axis":"z","origin":[10.3189,-10.05739,5.67552]},"faces":{"north":{"uv":[3.75,8.75,5.75,12],"rotation":90,"texture":"#3"},"east":{"uv":[5.25,10.75,7.5,11],"rotation":90,"texture":"#1_0"},"south":{"uv":[3.25,9.75,3.75,10.25],"rotation":90,"texture":"#3"},"west":{"uv":[2.75,10.5,5.25,10.75],"rotation":90,"texture":"#3"},"up":{"uv":[2.25,15.5,4.25,15.75],"rotation":180,"texture":"#3"},"down":{"uv":[15.75,15.75,16,16],"rotation":90,"texture":"#3"}}},{"from":[14,11.11736,5.71303],"to":[14.18,21.56652,10.28697],"rotation":{"angle":0,"axis":"z","origin":[10.3189,-10.05739,5.73803]},"faces":{"east":{"uv":[5.25,9.75,7.5,11.25],"rotation":90,"texture":"#1_0"},"west":{"uv":[3.25,9.75,3.75,10.25],"rotation":90,"texture":"#3"},"up":{"uv":[2.25,15.5,4.25,15.75],"rotation":90,"texture":"#3"},"down":{"uv":[15.75,15.75,16,16],"rotation":90,"texture":"#3"}}},{"from":[-0.8,11.11736,5.71303],"to":[-0.62,21.56652,10.28697],"rotation":{"angle":0,"axis":"z","origin":[5.6611,-10.05739,5.73803]},"faces":{"east":{"uv":[3.25,9.75,3.75,10.25],"rotation":90,"texture":"#3"},"west":{"uv":[2.75,9.5,5.25,11],"rotation":90,"texture":"#3"},"up":{"uv":[2.25,15.5,4.25,15.75],"rotation":90,"texture":"#3"},"down":{"uv":[15.75,15.75,16,16],"rotation":90,"texture":"#3"}}},{"from":[-0.8,11.11736,10.27552],"to":[14.18,21.56652,10.52447],"rotation":{"angle":0,"axis":"z","origin":[10.3189,-10.05739,5.67552]},"faces":{"north":{"uv":[3.25,9.75,3.75,10.25],"rotation":90,"texture":"#3"},"east":{"uv":[5.25,10.75,7.5,11],"rotation":90,"texture":"#1_0"},"south":{"uv":[3.75,12,5.75,8.75],"rotation":90,"texture":"#3"},"west":{"uv":[2.75,10.5,5.25,10.75],"rotation":90,"texture":"#3"},"up":{"uv":[2.25,15.5,4.25,15.75],"rotation":180,"texture":"#3"},"down":{"uv":[15.75,15.75,16,16],"rotation":90,"texture":"#3"}}},{"from":[11.08,-8.68264,5.67552],"to":[13.96,13.46652,10.32447],"rotation":{"angle":0,"axis":"z","origin":[10.3189,-10.05739,5.67552]},"faces":{"north":{"uv":[3.75,11.25,13.5,12],"rotation":90,"texture":"#3"},"east":{"uv":[2,11.5,11.75,13],"rotation":90,"texture":"#3"},"south":{"uv":[3.75,11.25,13.5,12],"rotation":270,"texture":"#3"},"west":{"uv":[15.75,15.75,16,16],"rotation":90,"texture":"#3"},"down":{"uv":[11.25,11,12.75,11.75],"rotation":270,"texture":"#3"}}},{"from":[8.3074,-7.18468,5.98292],"to":[11.31992,13.42748,10.01708],"rotation":{"angle":0,"axis":"z","origin":[10.3189,-10.05739,5.36813]},"faces":{"north":{"uv":[3.5,8,13.25,8.5],"rotation":270,"texture":"#3"},"south":{"uv":[3.5,8,13.25,8.5],"rotation":90,"texture":"#3"}}},{"from":[8.93,-8.67864,5.67552],"to":[11.08,-7.01868,10.32447],"rotation":{"angle":0,"axis":"z","origin":[10.3189,-10.05739,5.67552]},"faces":{"north":{"uv":[4.5,9.75,5,10.25],"rotation":90,"texture":"#3"},"south":{"uv":[4.5,9.75,5,10.25],"rotation":90,"texture":"#3"},"up":{"uv":[8,4.5,8.5,5],"rotation":270,"texture":"#3"},"down":{"uv":[8.75,10.25,10.25,10.75],"rotation":90,"texture":"#3"}}},{"from":[-0.8,20.67424,6.0387],"to":[6.9,21.97424,6.2407],"rotation":{"angle":22.5,"axis":"x","origin":[3.05,22.53601,8]},"faces":{"north":{"uv":[5,8.75,5.25,10.5],"rotation":90,"texture":"#3"},"east":{"uv":[5.25,10.75,6.25,11],"rotation":90,"texture":"#1_0"},"south":{"uv":[6.75,8,7,8.25],"rotation":180,"texture":"#3"},"west":{"uv":[2.75,10.5,3.75,10.75],"rotation":90,"texture":"#3"}}},{"from":[-0.8,21.26644,6.40297],"to":[6.9,21.96644,6.60497],"rotation":{"angle":45,"axis":"x","origin":[3.05,22.53601,8]},"faces":{"north":{"uv":[5,8.75,5.25,10.5],"rotation":90,"texture":"#3"},"east":{"uv":[5.25,10.75,6.25,11],"rotation":90,"texture":"#1_0"},"south":{"uv":[6.75,8,7,8.25],"rotation":180,"texture":"#3"},"west":{"uv":[2.75,10.5,3.75,10.75],"rotation":90,"texture":"#3"},"up":{"uv":[2.25,15.5,4.25,15.75],"rotation":180,"texture":"#3"}}},{"from":[-0.8,20.67424,9.7593],"to":[6.9,21.97424,9.9613],"rotation":{"angle":-22.5,"axis":"x","origin":[3.05,22.53601,8]},"faces":{"north":{"uv":[6.75,8,7,8.25],"rotation":180,"texture":"#3"},"east":{"uv":[5.25,10.75,6.25,11],"rotation":90,"texture":"#1_0"},"south":{"uv":[5,8.75,5.25,10.5],"rotation":270,"texture":"#3"},"west":{"uv":[2.75,10.5,3.75,10.75],"rotation":90,"texture":"#3"}}},{"from":[-0.8,21.26645,9.39503],"to":[6.9,21.96645,9.59703],"rotation":{"angle":-45,"axis":"x","origin":[3.05,22.53601,8]},"faces":{"north":{"uv":[6.75,8,7,8.25],"rotation":180,"texture":"#3"},"east":{"uv":[5.25,10.75,6.25,11],"rotation":90,"texture":"#1_0"},"south":{"uv":[5,8.75,5.25,10.5],"rotation":270,"texture":"#3"},"west":{"uv":[2.75,10.5,3.75,10.75],"rotation":90,"texture":"#3"},"up":{"uv":[2.25,15.5,4.25,15.75],"rotation":180,"texture":"#3"}}},{"from":[8.205,21.255,6.88357],"to":[8.6325,23.145,7.66643],"rotation":{"angle":0,"axis":"y","origin":[8.01866,8,8]},"faces":{"east":{"uv":[9.5,7.25,10.25,8.25],"texture":"#1_1"},"up":{"uv":[1.25,3.75,1.75,4.5],"rotation":180,"texture":"#1_1"},"down":{"uv":[6.25,7.75,6.75,8.5],"texture":"#1_1"}}},{"from":[-0.29991,22.08811,6.7125],"to":[-0.20991,22.31189,7.8375],"rotation":{"angle":0,"axis":"y","origin":[8.01866,8,8]},"faces":{"north":{"uv":[6.25,4.5,6.5,5],"texture":"#1_0"},"south":{"uv":[6.25,4.5,6.5,5],"texture":"#1_0"},"west":{"uv":[6.25,4.5,6.75,5],"texture":"#1_0"}}},{"from":[-0.3,20.72976,1.33358],"to":[-0.21,20.95353,2.45858],"rotation":{"angle":22.5,"axis":"x","origin":[8.01866,8,8]},"faces":{"north":{"uv":[7.25,4.25,7.5,4.75],"texture":"#1_0"},"south":{"uv":[6.25,5,6.5,5.5],"texture":"#1_0"},"west":{"uv":[9.25,4.5,9.75,5.25],"rotation":270,"texture":"#1_0"}}},{"from":[-0.3,21.28465,12.20179],"to":[-0.21,21.50842,13.32679],"rotation":{"angle":-22.5,"axis":"x","origin":[8.01866,8,8]},"faces":{"north":{"uv":[6.25,5,6.5,5.5],"texture":"#1_0"},"south":{"uv":[7.25,4.25,7.5,4.75],"texture":"#1_0"},"west":{"uv":[9,4.5,9.5,5.25],"rotation":90,"texture":"#1_0"}}},{"from":[-0.29991,17.41638,-3.11607],"to":[-0.20991,17.64015,-1.99107],"rotation":{"angle":45,"axis":"x","origin":[8.01866,8,8]},"faces":{"north":{"uv":[8.25,4.5,8.5,5],"texture":"#1_0"},"south":{"uv":[6,5.5,6.25,6],"texture":"#1_0"},"west":{"uv":[6.25,4.5,6.75,5.25],"rotation":270,"texture":"#1_0"}}},{"from":[-0.29991,18.44168,16.96576],"to":[-0.20991,18.66546,18.09076],"rotation":{"angle":-45,"axis":"x","origin":[8.01866,8,8]},"faces":{"north":{"uv":[6,5.5,6.25,6],"texture":"#1_0"},"south":{"uv":[3.75,4,4,4.5],"texture":"#1_0"},"west":{"uv":[6.25,4.5,6.75,5.25],"rotation":90,"texture":"#1_0"}}},{"from":[-0.3,20.83403,12.6524],"to":[-0.21,21.95903,12.87618],"rotation":{"angle":-22.5,"axis":"x","origin":[8.01866,8,8]},"faces":{"west":{"uv":[5.25,4.5,5.75,5.25],"texture":"#1_0"},"up":{"uv":[7.25,4.25,7.5,4.75],"rotation":180,"texture":"#1_0"},"down":{"uv":[9,8,9.25,8.5],"rotation":180,"texture":"#1_0"}}},{"from":[-0.3,20.27914,1.78419],"to":[-0.21,21.40414,2.00797],"rotation":{"angle":22.5,"axis":"x","origin":[8.01866,8,8]},"faces":{"west":{"uv":[5.25,4.5,5.75,5.25],"texture":"#1_0"},"up":{"uv":[3.25,4,3.5,4.5],"texture":"#1_0"},"down":{"uv":[9,8,9.25,8.5],"texture":"#1_0"}}},{"from":[-0.29991,21.6375,7.16311],"to":[-0.20991,22.7625,7.38689],"rotation":{"angle":0,"axis":"y","origin":[8.01866,8,8]},"faces":{"west":{"uv":[6.25,4.5,6.75,5.25],"texture":"#1_0"},"up":{"uv":[3.25,4,3.5,4.5],"texture":"#1_0"},"down":{"uv":[9.5,8,9.75,8.25],"texture":"#1_0"}}},{"from":[0.375,19.71664,1.67231],"to":[8.205,21.96664,2.11986],"rotation":{"angle":22.5,"axis":"x","origin":[8.01866,8,8]},"faces":{"east":{"uv":[9.5,7.25,10.25,8.25],"texture":"#1_1"},"west":{"uv":[12.5,7.5,13,8],"texture":"#1_1"},"up":{"uv":[2,3.75,6,4.25],"texture":"#1_1"},"down":{"uv":[3,9,7,9.5],"rotation":180,"texture":"#1_1"}}},{"from":[0.375,20.27153,12.54052],"to":[8.205,22.52153,12.98807],"rotation":{"angle":-22.5,"axis":"x","origin":[8.01866,8,8]},"faces":{"east":{"uv":[9.5,7.25,10.25,8.25],"texture":"#1_1"},"west":{"uv":[12.5,7.5,13,8],"texture":"#1_1"},"up":{"uv":[0,3.25,4,3.75],"texture":"#1_1"},"down":{"uv":[3.5,8,7.5,8.5],"rotation":180,"texture":"#1_1"}}},{"from":[0.375,16.40326,-2.77734],"to":[8.205,18.65326,-2.32979],"rotation":{"angle":45,"axis":"x","origin":[8.01866,8,8]},"faces":{"east":{"uv":[9.5,7.25,10.25,8.25],"texture":"#1_1"},"west":{"uv":[12.5,7.5,13,8],"texture":"#1_1"},"up":{"uv":[5.25,4.25,9.25,4.75],"texture":"#1_1"},"down":{"uv":[5.75,5.5,9.75,6],"rotation":180,"texture":"#1_1"}}},{"from":[0.375,17.42857,17.30449],"to":[8.205,19.67857,17.75204],"rotation":{"angle":-45,"axis":"x","origin":[8.01866,8,8]},"faces":{"east":{"uv":[9.5,7.25,10.25,8.25],"texture":"#1_1"},"west":{"uv":[12.5,7.5,13,8],"texture":"#1_1"},"up":{"uv":[1.25,4.25,5.25,4.75],"rotation":180,"texture":"#1_1"},"down":{"uv":[4.5,5.5,8.5,6],"texture":"#1_1"}}},{"from":[0.375,21.17276,11.63929],"to":[8.205,21.62031,13.88929],"rotation":{"angle":-22.5,"axis":"x","origin":[8.01866,8,8]},"faces":{"north":{"uv":[6.25,5,10.25,5.5],"texture":"#1_1"},"east":{"uv":[9.5,7.25,10.25,7.75],"texture":"#1_1"},"south":{"uv":[5.25,4.75,9.25,5.25],"texture":"#1_1"},"west":{"uv":[12.5,7.5,13,8],"rotation":90,"texture":"#1_1"}}},{"from":[0.375,20.61787,0.77108],"to":[8.205,21.06542,3.02108],"rotation":{"angle":22.5,"axis":"x","origin":[8.01866,8,8]},"faces":{"north":{"uv":[5.25,4.75,9.25,5.25],"texture":"#1_1"},"east":{"uv":[9.5,7.25,10.25,7.75],"texture":"#1_1"},"south":{"uv":[6.25,5,10.25,5.5],"texture":"#1_1"},"west":{"uv":[12.5,7.5,13,8],"rotation":270,"texture":"#1_1"}}},{"from":[0.375,21.97622,6.15],"to":[8.205,22.42378,8.4],"rotation":{"angle":0,"axis":"y","origin":[8.01866,8,8]},"faces":{"north":{"uv":[3,12.25,7,12.75],"texture":"#1_1"},"south":{"uv":[0,12,4,12.5],"texture":"#1_1"},"west":{"uv":[12.5,7.5,13,8],"texture":"#1_1"}}},{"from":[2.32619,21.32977,7.05122],"to":[3.45119,22.22977,7.49878],"rotation":{"angle":-22.5,"axis":"z","origin":[8.01866,8,8]},"faces":{"north":{"uv":[10.5,2.75,11,3.25],"rotation":180,"texture":"#1_1"},"south":{"uv":[10.5,2.75,11,3.25],"rotation":180,"texture":"#1_1"},"up":{"uv":[2,3.25,2.75,3.75],"texture":"#1_1"}}},{"from":[13.19441,20.00842,7.05122],"to":[14.31941,20.90842,7.49878],"rotation":{"angle":22.5,"axis":"z","origin":[8.01866,8,8]},"faces":{"north":{"uv":[7.5,8,7.75,8.25],"rotation":180,"texture":"#1_1"},"south":{"uv":[7.5,8,7.75,8.25],"rotation":180,"texture":"#1_1"},"down":{"uv":[5.5,7.75,6.25,8.25],"rotation":180,"texture":"#1_1"}}},{"from":[8.03774,21.97622,7.54087],"to":[9.16274,22.42378,8.44087],"rotation":{"angle":22.5,"axis":"y","origin":[8.01866,8,8]},"faces":{"south":{"uv":[0,12,0.75,12.5],"texture":"#1_1"},"up":{"uv":[4.5,12,5,12.5],"rotation":180,"texture":"#1_1"},"down":{"uv":[4.5,12,5,12.5],"rotation":180,"texture":"#1_1"}}},{"from":[7.48285,21.97622,6.21951],"to":[8.60785,22.42378,7.11951],"rotation":{"angle":-22.5,"axis":"y","origin":[8.01866,8,8]},"faces":{"north":{"uv":[0,12,0.75,12.5],"texture":"#1_1"},"up":{"uv":[4.5,12,5,12.5],"rotation":180,"texture":"#1_1"},"down":{"uv":[4.5,12,5,12.5],"rotation":180,"texture":"#1_1"}}},{"from":[0.375,21.075,7.05122],"to":[8.205,23.325,7.49879],"rotation":{"angle":0,"axis":"y","origin":[8.01866,8,8]},"faces":{"west":{"uv":[12.5,7.5,13,8],"texture":"#1_1"},"up":{"uv":[2,3.25,6,3.75],"texture":"#1_1"},"down":{"uv":[5.5,7.75,9.5,8.25],"rotation":180,"texture":"#1_1"}}},{"from":[8.205,17.60857,17.13684],"to":[8.6325,19.49857,17.91969],"rotation":{"angle":-45,"axis":"x","origin":[8.01866,8,8]},"faces":{"east":{"uv":[9.5,7.25,10.25,8.25],"texture":"#1_1"},"up":{"uv":[1.25,4.25,1.75,5],"rotation":180,"texture":"#1_1"},"down":{"uv":[2,5.75,2.5,6.5],"rotation":180,"texture":"#1_1"}}},{"from":[8.205,16.58326,-2.945],"to":[8.6325,18.47326,-2.16214],"rotation":{"angle":45,"axis":"x","origin":[8.01866,8,8]},"faces":{"east":{"uv":[9.5,7.25,10.25,8.25],"texture":"#1_1"},"up":{"uv":[1.25,4.25,1.75,5],"texture":"#1_1"},"down":{"uv":[2,5.75,2.5,6.5],"texture":"#1_1"}}},{"from":[8.205,21.80857,6.33],"to":[8.6325,22.59143,8.22],"rotation":{"angle":0,"axis":"y","origin":[8.01866,8,8]},"faces":{"north":{"uv":[3,4.75,3.5,5.5],"texture":"#1_1"},"east":{"uv":[9.5,7.25,10.25,8.25],"texture":"#1_1"},"south":{"uv":[3,4.75,3.5,5.5],"texture":"#1_1"}}},{"from":[8.4525,21.4125,7.11836],"to":[10.2525,22.9875,7.43165],"rotation":{"angle":0,"axis":"y","origin":[8.01866,8,8]},"faces":{"east":{"uv":[5.25,10.5,5.75,11],"texture":"#1_1"},"up":{"uv":[3.5,4,4.5,4.25],"rotation":180,"texture":"#1_1"},"down":{"uv":[7.25,8,8.25,8.25],"rotation":180,"texture":"#1_1"}}},{"from":[8.4525,20.05414,1.73944],"to":[10.2525,21.62914,2.05273],"rotation":{"angle":22.5,"axis":"x","origin":[8.01866,8,8]},"faces":{"east":{"uv":[5.25,10.5,5.75,11],"texture":"#1_1"},"up":{"uv":[5.25,4.25,6.25,4.5],"rotation":180,"texture":"#1_1"},"down":{"uv":[5.25,7.75,6.25,8],"rotation":180,"texture":"#1_1"}}},{"from":[8.4525,20.60903,12.60765],"to":[10.2525,22.18403,12.92094],"rotation":{"angle":-22.5,"axis":"x","origin":[8.01866,8,8]},"faces":{"east":{"uv":[5.25,10.5,5.75,11],"texture":"#1_1"},"up":{"uv":[4.75,4.25,5.75,4.5],"rotation":180,"texture":"#1_1"},"down":{"uv":[2.5,8.25,3.5,8.5],"rotation":180,"texture":"#1_1"}}},{"from":[8.4525,16.74076,-2.71021],"to":[10.2525,18.31576,-2.39692],"rotation":{"angle":45,"axis":"x","origin":[8.01866,8,8]},"faces":{"east":{"uv":[5.25,10.5,5.75,11],"texture":"#1_1"},"up":{"uv":[6.75,4.5,7.75,4.75],"rotation":180,"texture":"#1_1"},"down":{"uv":[4.75,5.5,5.75,5.75],"rotation":180,"texture":"#1_1"}}},{"from":[8.4525,17.76607,17.37162],"to":[10.2525,19.34107,17.68491],"rotation":{"angle":-45,"axis":"x","origin":[8.01866,8,8]},"faces":{"east":{"uv":[5.25,10.5,5.75,11],"texture":"#1_1"},"up":{"uv":[1.25,4.25,2.25,4.5],"rotation":180,"texture":"#1_1"},"down":{"uv":[4.25,5.75,5.25,6],"rotation":180,"texture":"#1_1"}}},{"from":[8.4525,21.23989,11.97679],"to":[10.2525,21.55318,13.55179],"rotation":{"angle":-22.5,"axis":"x","origin":[8.01866,8,8]},"faces":{"north":{"uv":[3,5.25,4,5.5],"rotation":180,"texture":"#1_1"},"east":{"uv":[5.25,10.5,5.75,11],"texture":"#1_1"},"south":{"uv":[6.75,4.75,7.75,5],"rotation":180,"texture":"#1_1"}}},{"from":[8.4525,20.685,1.10858],"to":[10.2525,20.99829,2.68358],"rotation":{"angle":22.5,"axis":"x","origin":[8.01866,8,8]},"faces":{"north":{"uv":[1.5,4.75,2.5,5],"rotation":180,"texture":"#1_1"},"east":{"uv":[5.25,10.5,5.75,11],"texture":"#1_1"},"south":{"uv":[8,5.25,9,5.5],"rotation":180,"texture":"#1_1"}}},{"from":[8.4525,22.04336,6.4875],"to":[10.2525,22.35665,8.0625],"rotation":{"angle":0,"axis":"y","origin":[8.01866,8,8]},"faces":{"north":{"uv":[2,5,3,5.25],"rotation":180,"texture":"#1_1"},"east":{"uv":[5.25,10.5,5.75,11],"texture":"#1_1"},"south":{"uv":[5,5,6,5.25],"rotation":180,"texture":"#1_1"}}},{"from":[10.2525,21.48,7.13178],"to":[11.3325,22.92,7.41822],"rotation":{"angle":0,"axis":"y","origin":[8.01866,8,8]},"faces":{"east":{"uv":[11,7.5,11.5,8],"texture":"#1_2"},"up":{"uv":[3.25,4,3.75,4.25],"texture":"#1_2"},"down":{"uv":[7.75,8,8.25,8.25],"rotation":180,"texture":"#1_2"}}},{"from":[10.2525,20.67653,12.62108],"to":[11.3325,22.11653,12.90751],"rotation":{"angle":-22.5,"axis":"x","origin":[8.01866,8,8]},"faces":{"east":{"uv":[11,7.5,11.5,8],"texture":"#1_2"},"up":{"uv":[7.5,4.25,8,4.5],"texture":"#1_2"},"down":{"uv":[4.25,8,4.75,8.25],"rotation":180,"texture":"#1_2"}}},{"from":[10.2525,20.12164,1.75287],"to":[11.3325,21.56164,2.0393],"rotation":{"angle":22.5,"axis":"x","origin":[8.01866,8,8]},"faces":{"east":{"uv":[11,7.5,11.5,8],"texture":"#1_2"},"up":{"uv":[5.5,4.25,6,4.5],"texture":"#1_2"},"down":{"uv":[4.25,8,4.75,8.25],"texture":"#1_2"}}},{"from":[10.2525,17.83357,17.38505],"to":[11.3325,19.27357,17.67148],"rotation":{"angle":-45,"axis":"x","origin":[8.01866,8,8]},"faces":{"east":{"uv":[11,7.5,11.5,8],"texture":"#1_2"},"up":{"uv":[6.5,4.75,7,5],"rotation":180,"texture":"#1_2"},"down":{"uv":[2.75,9.25,3.25,9.5],"rotation":180,"texture":"#1_2"}}},{"from":[10.2525,16.80826,-2.69679],"to":[11.3325,18.24826,-2.41035],"rotation":{"angle":45,"axis":"x","origin":[8.01866,8,8]},"faces":{"east":{"uv":[11,7.5,11.5,8],"texture":"#1_2"},"up":{"uv":[8.5,4.75,9,5],"texture":"#1_2"},"down":{"uv":[2.75,9.25,3.25,9.75],"rotation":180,"texture":"#1_2"}}},{"from":[10.2525,20.69843,1.17608],"to":[11.3325,20.98486,2.61608],"rotation":{"angle":22.5,"axis":"x","origin":[8.01866,8,8]},"faces":{"north":{"uv":[5.5,11.5,6,11.75],"rotation":180,"texture":"#1_2"},"east":{"uv":[11,7.5,11.5,8],"rotation":90,"texture":"#1_2"},"south":{"uv":[1.25,9.75,1.75,10],"rotation":180,"texture":"#1_2"}}},{"from":[10.2525,21.25332,12.04429],"to":[11.3325,21.53975,13.48429],"rotation":{"angle":-22.5,"axis":"x","origin":[8.01866,8,8]},"faces":{"north":{"uv":[2.5,10,3,10.5],"rotation":180,"texture":"#1_2"},"east":{"uv":[11,7.5,11.5,8],"rotation":270,"texture":"#1_2"},"south":{"uv":[5.5,11.5,6,11.75],"rotation":180,"texture":"#1_2"}}},{"from":[10.2525,22.05678,6.555],"to":[11.3325,22.34322,7.995],"rotation":{"angle":0,"axis":"y","origin":[8.01866,8,8]},"faces":{"north":{"uv":[5.5,11,6,11.25],"rotation":180,"texture":"#1_2"},"east":{"uv":[11,7.5,11.5,8],"texture":"#1_2"},"south":{"uv":[5.5,11,6,11.25],"rotation":180,"texture":"#1_2"}}},{"from":[11.3325,21.525,7.14074],"to":[11.9625,22.875,7.40926],"rotation":{"angle":0,"axis":"y","origin":[8.01866,8,8]},"faces":{"east":{"uv":[11,7.5,11.5,8],"texture":"#1_2"},"up":{"uv":[3.25,4,3.75,4.25],"texture":"#1_2"},"down":{"uv":[7.75,8,8.25,8.25],"rotation":180,"texture":"#1_2"}}},{"from":[11.3325,20.16664,1.76182],"to":[11.9625,21.51664,2.03034],"rotation":{"angle":22.5,"axis":"x","origin":[8.01866,8,8]},"faces":{"east":{"uv":[11,7.5,11.5,8],"texture":"#1_2"},"up":{"uv":[12.75,2.25,13.25,2.5],"texture":"#1_2"},"down":{"uv":[4.25,8,4.75,8.25],"texture":"#1_2"}}},{"from":[11.3325,20.72153,12.63003],"to":[11.9625,22.07153,12.89855],"rotation":{"angle":-22.5,"axis":"x","origin":[8.01866,8,8]},"faces":{"east":{"uv":[11,7.5,11.5,8],"texture":"#1_2"},"up":{"uv":[8.5,4.25,9,4.5],"texture":"#1_2"},"down":{"uv":[4.25,8,4.75,8.25],"rotation":180,"texture":"#1_2"}}},{"from":[11.3325,16.85326,-2.68783],"to":[11.9625,18.20326,-2.41931],"rotation":{"angle":45,"axis":"x","origin":[8.01866,8,8]},"faces":{"east":{"uv":[11,7.5,11.5,8],"texture":"#1_2"},"up":{"uv":[9.25,4.75,9.75,5],"texture":"#1_2"},"down":{"uv":[2.75,9.25,3.25,9.75],"rotation":180,"texture":"#1_2"}}},{"from":[11.3325,17.87857,17.394],"to":[11.9625,19.22857,17.66253],"rotation":{"angle":-45,"axis":"x","origin":[8.01866,8,8]},"faces":{"east":{"uv":[11,7.5,11.5,8],"texture":"#1_2"},"up":{"uv":[5.75,4.75,6.25,5],"rotation":180,"texture":"#1_2"},"down":{"uv":[2.75,9.25,3.25,9.5],"rotation":180,"texture":"#1_2"}}},{"from":[11.3325,21.26227,12.08929],"to":[11.9625,21.5308,13.43929],"rotation":{"angle":-22.5,"axis":"x","origin":[8.01866,8,8]},"faces":{"north":{"uv":[2.5,10,3,10.5],"rotation":180,"texture":"#1_2"},"east":{"uv":[11,7.5,11.5,8],"rotation":270,"texture":"#1_2"},"south":{"uv":[6.25,11.5,6.75,11.75],"rotation":180,"texture":"#1_2"}}},{"from":[11.3325,20.70738,1.22108],"to":[11.9625,20.97591,2.57108],"rotation":{"angle":22.5,"axis":"x","origin":[8.01866,8,8]},"faces":{"north":{"uv":[4.75,11.5,5.25,11.75],"rotation":180,"texture":"#1_2"},"east":{"uv":[11,7.5,11.5,8],"rotation":90,"texture":"#1_2"},"south":{"uv":[1.25,9.75,1.75,10],"rotation":180,"texture":"#1_2"}}},{"from":[11.3325,22.06574,6.6],"to":[11.9625,22.33426,7.95],"rotation":{"angle":0,"axis":"y","origin":[8.01866,8,8]},"faces":{"north":{"uv":[6.5,11,7,11.25],"rotation":180,"texture":"#1_2"},"east":{"uv":[11,7.5,11.5,8],"texture":"#1_2"},"south":{"uv":[5.5,11,6,11.25],"rotation":180,"texture":"#1_2"}}},{"from":[11.9625,21.57,7.14968],"to":[12.3675,22.83,7.40032],"rotation":{"angle":0,"axis":"y","origin":[8.01866,8,8]},"faces":{"east":{"uv":[11,7.5,11.5,8],"texture":"#1_2"},"up":{"uv":[3.25,4,3.75,4.25],"texture":"#1_2"},"down":{"uv":[7.75,8,8.25,8.25],"rotation":180,"texture":"#1_2"}}},{"from":[11.9625,20.76653,12.63898],"to":[12.3675,22.02653,12.88961],"rotation":{"angle":-22.5,"axis":"x","origin":[8.01866,8,8]},"faces":{"east":{"uv":[11,7.5,11.5,8],"texture":"#1_2"},"up":{"uv":[8.75,4.25,9.25,4.5],"texture":"#1_2"},"down":{"uv":[4.25,8,4.75,8.25],"rotation":180,"texture":"#1_2"}}},{"from":[11.9625,20.21164,1.77077],"to":[12.3675,21.47164,2.0214],"rotation":{"angle":22.5,"axis":"x","origin":[8.01866,8,8]},"faces":{"east":{"uv":[11,7.5,11.5,8],"texture":"#1_2"},"up":{"uv":[10.5,2.75,11,3],"texture":"#1_2"},"down":{"uv":[4.25,8,4.75,8.25],"texture":"#1_2"}}},{"from":[11.9625,17.92357,17.40295],"to":[12.3675,19.18357,17.65358],"rotation":{"angle":-45,"axis":"x","origin":[8.01866,8,8]},"faces":{"east":{"uv":[11,7.5,11.5,8],"texture":"#1_2"},"up":{"uv":[7.5,4.75,8,5],"rotation":180,"texture":"#1_2"},"down":{"uv":[2.75,9.25,3.25,9.5],"rotation":180,"texture":"#1_2"}}},{"from":[11.9625,20.71633,1.26608],"to":[12.3675,20.96696,2.52608],"rotation":{"angle":22.5,"axis":"x","origin":[8.01866,8,8]},"faces":{"north":{"uv":[6.75,11.5,7.25,11.75],"rotation":180,"texture":"#1_2"},"east":{"uv":[11,7.5,11.5,8],"rotation":90,"texture":"#1_2"},"south":{"uv":[1.25,9.75,1.75,10],"rotation":180,"texture":"#1_2"}}},{"from":[11.9625,16.89826,-2.67888],"to":[12.3675,18.15826,-2.42825],"rotation":{"angle":45,"axis":"x","origin":[8.01866,8,8]},"faces":{"east":{"uv":[11,7.5,11.5,8],"texture":"#1_2"},"up":{"uv":[9,4.75,9.5,5],"texture":"#1_2"},"down":{"uv":[2.75,9.25,3.25,9.75],"rotation":180,"texture":"#1_2"}}},{"from":[11.9625,21.27122,12.13429],"to":[12.3675,21.52185,13.39429],"rotation":{"angle":-22.5,"axis":"x","origin":[8.01866,8,8]},"faces":{"north":{"uv":[2.5,10,3,10.5],"rotation":180,"texture":"#1_2"},"east":{"uv":[11,7.5,11.5,8],"rotation":270,"texture":"#1_2"},"south":{"uv":[6.25,11.5,6.75,11.75],"rotation":180,"texture":"#1_2"}}},{"from":[11.9625,22.07468,6.645],"to":[12.3675,22.32532,7.905],"rotation":{"angle":0,"axis":"y","origin":[8.01866,8,8]},"faces":{"north":{"uv":[4.75,11,5.25,11.25],"rotation":180,"texture":"#1_2"},"east":{"uv":[11,7.5,11.5,8],"texture":"#1_2"},"south":{"uv":[5.5,11,6,11.25],"rotation":180,"texture":"#1_2"}}},{"from":[12.3675,21.615,7.15864],"to":[12.6825,22.785,7.39136],"rotation":{"angle":0,"axis":"y","origin":[8.01866,8,8]},"faces":{"east":{"uv":[11,7.5,11.5,8],"texture":"#1_2"},"up":{"uv":[3.25,4,3.75,4.25],"texture":"#1_2"},"down":{"uv":[7.75,8,8.25,8.25],"rotation":180,"texture":"#1_2"}}},{"from":[12.3675,20.25664,1.77972],"to":[12.6825,21.42664,2.01244],"rotation":{"angle":22.5,"axis":"x","origin":[8.01866,8,8]},"faces":{"east":{"uv":[11,7.5,11.5,8],"texture":"#1_2"},"up":{"uv":[11.25,3.25,11.75,3.5],"texture":"#1_2"},"down":{"uv":[4.25,8,4.75,8.25],"texture":"#1_2"}}},{"from":[12.3675,20.81153,12.64793],"to":[12.6825,21.98153,12.88065],"rotation":{"angle":-22.5,"axis":"x","origin":[8.01866,8,8]},"faces":{"east":{"uv":[11,7.5,11.5,8],"texture":"#1_2"},"up":{"uv":[11,3,11.5,3.25],"texture":"#1_2"},"down":{"uv":[4.25,8,4.75,8.25],"rotation":180,"texture":"#1_2"}}},{"from":[12.3675,16.94326,-2.66993],"to":[12.6825,18.11326,-2.43721],"rotation":{"angle":45,"axis":"x","origin":[8.01866,8,8]},"faces":{"east":{"uv":[11,7.5,11.5,8],"texture":"#1_2"},"up":{"uv":[6.5,4.75,7,5],"texture":"#1_2"},"down":{"uv":[2.75,9.25,3.25,9.75],"rotation":180,"texture":"#1_2"}}},{"from":[12.3675,17.96857,17.4119],"to":[12.6825,19.13857,17.64462],"rotation":{"angle":-45,"axis":"x","origin":[8.01866,8,8]},"faces":{"east":{"uv":[11,7.5,11.5,8],"texture":"#1_2"},"up":{"uv":[8,4.75,8.5,5],"rotation":180,"texture":"#1_2"},"down":{"uv":[2.75,9.25,3.25,9.5],"rotation":180,"texture":"#1_2"}}},{"from":[12.3675,21.28017,12.17929],"to":[12.6825,21.5129,13.34929],"rotation":{"angle":-22.5,"axis":"x","origin":[8.01866,8,8]},"faces":{"north":{"uv":[2.5,10,3,10.5],"rotation":180,"texture":"#1_2"},"east":{"uv":[11,7.5,11.5,8],"rotation":270,"texture":"#1_2"},"south":{"uv":[7.5,11.5,8,11.75],"rotation":180,"texture":"#1_2"}}},{"from":[12.3675,20.72528,1.31108],"to":[12.6825,20.958,2.48108],"rotation":{"angle":22.5,"axis":"x","origin":[8.01866,8,8]},"faces":{"north":{"uv":[7,11.5,7.5,11.75],"rotation":180,"texture":"#1_2"},"east":{"uv":[11,7.5,11.5,8],"rotation":90,"texture":"#1_2"},"south":{"uv":[1.25,9.75,1.75,10],"rotation":180,"texture":"#1_2"}}},{"from":[12.3675,22.08364,6.69],"to":[12.6825,22.31636,7.86],"rotation":{"angle":0,"axis":"y","origin":[8.01866,8,8]},"faces":{"north":{"uv":[6.25,11,6.75,11.25],"rotation":180,"texture":"#1_2"},"east":{"uv":[11,7.5,11.5,8],"texture":"#1_2"},"south":{"uv":[5.5,11,6,11.25],"rotation":180,"texture":"#1_2"}}},{"from":[6.68673,23.04277,7.095],"to":[7.63173,23.40277,7.455],"rotation":{"angle":-22.5,"axis":"z","origin":[8.01866,8,8]},"faces":{"north":{"uv":[6,4.5,6.5,5],"texture":"#1_2"},"east":{"uv":[7.5,2,8,2.5],"texture":"#1_2"},"south":{"uv":[5.75,4.5,6.25,5],"texture":"#1_2"},"up":{"uv":[4,4,4.5,4.5],"texture":"#1_2"}}},{"from":[17.55494,18.83542,7.095],"to":[18.49994,19.19542,7.455],"rotation":{"angle":22.5,"axis":"z","origin":[8.01866,8,8]},"faces":{"north":{"uv":[5,8,5.5,8.5],"rotation":180,"texture":"#1_2"},"east":{"uv":[7.5,2,8,2.5],"texture":"#1_2"},"south":{"uv":[5,8,5.5,8.5],"rotation":180,"texture":"#1_2"},"down":{"uv":[15,8,15.5,8.5],"rotation":180,"texture":"#1_2"}}},{"from":[12.39829,22.02,9.20886],"to":[13.34329,22.38,9.61386],"rotation":{"angle":22.5,"axis":"y","origin":[8.01866,8,8]},"faces":{"east":{"uv":[7.5,2,8,2.5],"texture":"#1_2"},"south":{"uv":[4.75,11.25,5.25,11.75],"rotation":180,"texture":"#1_2"},"up":{"uv":[6.5,4.75,7,5.25],"texture":"#1_2"},"down":{"uv":[9,10.25,9.5,10.75],"rotation":180,"texture":"#1_2"}}},{"from":[11.84339,22.02,5.04651],"to":[12.78839,22.38,5.45151],"rotation":{"angle":-22.5,"axis":"y","origin":[8.01866,8,8]},"faces":{"north":{"uv":[4.75,11.25,5.25,11.75],"rotation":180,"texture":"#1_2"},"east":{"uv":[7.5,2,8,2.5],"texture":"#1_2"},"up":{"uv":[6.5,4.75,7,5.25],"rotation":180,"texture":"#1_2"},"down":{"uv":[9,10.25,9.5,10.75],"rotation":180,"texture":"#1_2"}}},{"from":[-0.21009,21.075,7.05122],"to":[0.015,23.325,7.49879],"rotation":{"angle":0,"axis":"y","origin":[8.01866,8,8]},"faces":{"east":{"uv":[12.5,7.5,13,8],"texture":"#1_1"},"west":{"uv":[8.25,4,8.75,6],"texture":"#1_1"},"up":{"uv":[3.5,3.75,4,4.25],"rotation":180,"texture":"#1_1"},"down":{"uv":[6.25,8,6.75,8.25],"rotation":180,"texture":"#1_1"}}},{"from":[-0.21,19.71664,1.6723],"to":[0.01509,21.96664,2.11987],"rotation":{"angle":22.5,"axis":"x","origin":[8.01866,8,8]},"faces":{"east":{"uv":[12.5,7.5,13,8],"texture":"#1_1"},"west":{"uv":[7.25,4,7.75,6],"texture":"#1_1"},"up":{"uv":[3.5,4.25,4,4.75],"texture":"#1_1"},"down":{"uv":[6.25,8,6.75,8.25],"rotation":180,"texture":"#1_1"}}},{"from":[-0.21,20.27153,12.54051],"to":[0.01509,22.52153,12.98808],"rotation":{"angle":-22.5,"axis":"x","origin":[8.01866,8,8]},"faces":{"east":{"uv":[12.5,7.5,13,8],"texture":"#1_1"},"west":{"uv":[7.25,4,7.75,6],"texture":"#1_1"},"up":{"uv":[3.5,4.25,4,4.75],"rotation":180,"texture":"#1_1"},"down":{"uv":[6.25,8,6.75,8.25],"rotation":180,"texture":"#1_1"}}},{"from":[-0.21009,16.40326,-2.77735],"to":[0.015,18.65326,-2.32978],"rotation":{"angle":45,"axis":"x","origin":[8.01866,8,8]},"faces":{"east":{"uv":[12.5,7.5,13,8],"texture":"#1_1"},"west":{"uv":[10.75,4.5,11.25,6.5],"texture":"#1_1"},"up":{"uv":[3.75,4.75,4.25,5.25],"texture":"#1_1"},"down":{"uv":[6.25,8,6.75,8.25],"rotation":180,"texture":"#1_1"}}},{"from":[-0.21009,17.42857,17.30448],"to":[0.015,19.67857,17.75205],"rotation":{"angle":-45,"axis":"x","origin":[8.01866,8,8]},"faces":{"east":{"uv":[12.5,7.5,13,8],"texture":"#1_1"},"west":{"uv":[6.75,4.5,7.25,6.5],"texture":"#1_1"},"up":{"uv":[7.75,4.75,8.25,5.25],"rotation":180,"texture":"#1_1"},"down":{"uv":[6.25,8,6.75,8.25],"rotation":180,"texture":"#1_1"}}},{"from":[-0.21,21.17275,11.63929],"to":[0.01509,21.62032,13.88929],"rotation":{"angle":-22.5,"axis":"x","origin":[8.01866,8,8]},"faces":{"north":{"uv":[6.75,8,7.25,8.5],"rotation":180,"texture":"#1_1"},"east":{"uv":[12.5,7.5,13,8],"rotation":270,"texture":"#1_1"},"south":{"uv":[5.25,5.5,5.75,6],"texture":"#1_1"},"west":{"uv":[0.5,4.75,1,6.75],"rotation":90,"texture":"#1_1"}}},{"from":[-0.21,20.61786,0.77108],"to":[0.01509,21.06543,3.02108],"rotation":{"angle":22.5,"axis":"x","origin":[8.01866,8,8]},"faces":{"north":{"uv":[6.75,5.5,7.25,6],"texture":"#1_1"},"east":{"uv":[12.5,7.5,13,8],"rotation":90,"texture":"#1_1"},"south":{"uv":[6,8,6.5,8.5],"rotation":180,"texture":"#1_1"},"west":{"uv":[0.75,4.75,1.25,6.75],"rotation":270,"texture":"#1_1"}}},{"from":[-0.21009,21.97622,6.15],"to":[0.015,22.42379,8.4],"rotation":{"angle":0,"axis":"y","origin":[8.01866,8,8]},"faces":{"north":{"uv":[4.25,8.25,4.75,8.75],"rotation":180,"texture":"#1_1"},"east":{"uv":[12.5,7.5,13,8],"texture":"#1_1"},"south":{"uv":[6.25,8.25,6.75,8.75],"rotation":180,"texture":"#1_1"},"west":{"uv":[7.25,9.5,7.75,11.5],"rotation":90,"texture":"#1_1"}}},{"from":[0.01491,21.3,7.09598],"to":[0.375,23.1,7.45402],"rotation":{"angle":0,"axis":"y","origin":[8.01866,8,8]},"faces":{"up":{"uv":[10,2.75,10.5,3.25],"rotation":180,"texture":"#1_1"},"down":{"uv":[5.75,8,6.25,8.25],"texture":"#1_1"}}},{"from":[0.01491,19.94164,1.71706],"to":[0.375,21.74164,2.0751],"rotation":{"angle":22.5,"axis":"x","origin":[8.01866,8,8]},"faces":{"up":{"uv":[11,2.5,11.5,3],"rotation":180,"texture":"#1_1"},"down":{"uv":[5.75,8,6.25,8.25],"texture":"#1_1"}}},{"from":[0.01491,20.49653,12.58527],"to":[0.375,22.29653,12.94331],"rotation":{"angle":-22.5,"axis":"x","origin":[8.01866,8,8]},"faces":{"up":{"uv":[8.5,4,9,4.5],"rotation":180,"texture":"#1_1"},"down":{"uv":[5.75,8,6.25,8.25],"texture":"#1_1"}}},{"from":[0.01491,16.62826,-2.73259],"to":[0.375,18.42826,-2.37455],"rotation":{"angle":45,"axis":"x","origin":[8.01866,8,8]},"faces":{"up":{"uv":[3.25,4.25,3.75,4.75],"texture":"#1_1"},"down":{"uv":[5.75,8,6.25,8.25],"texture":"#1_1"}}},{"from":[0.01491,21.21752,11.86429],"to":[0.375,21.57555,13.66429],"rotation":{"angle":-22.5,"axis":"x","origin":[8.01866,8,8]},"faces":{"north":{"uv":[3,8,3.5,8.5],"rotation":180,"texture":"#1_1"},"south":{"uv":[3.25,4.75,3.75,5.25],"texture":"#1_1"}}},{"from":[0.01491,17.65357,17.34924],"to":[0.375,19.45357,17.70728],"rotation":{"angle":-45,"axis":"x","origin":[8.01866,8,8]},"faces":{"up":{"uv":[3.25,4.25,3.75,4.75],"rotation":180,"texture":"#1_1"},"down":{"uv":[5.75,8,6.25,8.25],"texture":"#1_1"}}},{"from":[0.01491,20.66262,0.99608],"to":[0.375,21.02066,2.79608],"rotation":{"angle":22.5,"axis":"x","origin":[8.01866,8,8]},"faces":{"north":{"uv":[3.25,4.75,3.75,5.25],"texture":"#1_1"},"south":{"uv":[3,8,3.5,8.5],"rotation":180,"texture":"#1_1"}}},{"from":[0.01491,22.02098,6.375],"to":[0.375,22.37902,8.175],"rotation":{"angle":0,"axis":"y","origin":[8.01866,8,8]},"faces":{"north":{"uv":[3.25,5.25,3.75,5.75],"texture":"#1_1"},"south":{"uv":[3.25,5.25,3.75,5.75],"texture":"#1_1"}}},{"from":[8.205,19.955,8.75857],"to":[8.6325,21.845,9.54143],"rotation":{"angle":0,"axis":"y","origin":[8.01866,8,8]},"faces":{"east":{"uv":[9.5,7.25,10.25,8.25],"texture":"#1_1"},"up":{"uv":[1.25,3.75,1.75,4.5],"rotation":180,"texture":"#1_1"},"down":{"uv":[6.25,7.75,6.75,8.5],"texture":"#1_1"}}},{"from":[-0.29991,20.78811,8.5875],"to":[-0.20991,21.01189,9.7125],"rotation":{"angle":0,"axis":"y","origin":[8.01866,8,8]},"faces":{"north":{"uv":[6.25,4.5,6.5,5],"texture":"#1_0"},"south":{"uv":[6.25,4.5,6.5,5],"texture":"#1_0"},"west":{"uv":[6.25,4.5,6.75,5],"texture":"#1_0"}}},{"from":[-0.3,20.24624,3.56335],"to":[-0.21,20.47002,4.68835],"rotation":{"angle":22.5,"axis":"x","origin":[8.01866,8,8]},"faces":{"north":{"uv":[7.25,4.25,7.5,4.75],"texture":"#1_0"},"south":{"uv":[6.25,5,6.5,5.5],"texture":"#1_0"},"west":{"uv":[9.25,4.5,9.75,5.25],"rotation":270,"texture":"#1_0"}}},{"from":[-0.3,19.36607,13.43658],"to":[-0.21,19.58985,14.56158],"rotation":{"angle":-22.5,"axis":"x","origin":[8.01866,8,8]},"faces":{"north":{"uv":[6.25,5,6.5,5.5],"texture":"#1_0"},"south":{"uv":[7.25,4.25,7.5,4.75],"texture":"#1_0"},"west":{"uv":[9,4.5,9.5,5.25],"rotation":90,"texture":"#1_0"}}},{"from":[-0.29991,17.82296,-0.871],"to":[-0.20991,18.04674,0.254],"rotation":{"angle":45,"axis":"x","origin":[8.01866,8,8]},"faces":{"north":{"uv":[8.25,4.5,8.5,5],"texture":"#1_0"},"south":{"uv":[6,5.5,6.25,6],"texture":"#1_0"},"west":{"uv":[6.25,4.5,6.75,5.25],"rotation":270,"texture":"#1_0"}}},{"from":[-0.29991,16.19662,17.37235],"to":[-0.20991,16.42039,18.49735],"rotation":{"angle":-45,"axis":"x","origin":[8.01866,8,8]},"faces":{"north":{"uv":[6,5.5,6.25,6],"texture":"#1_0"},"south":{"uv":[3.75,4,4,4.5],"texture":"#1_0"},"west":{"uv":[6.25,4.5,6.75,5.25],"rotation":90,"texture":"#1_0"}}},{"from":[-0.3,18.91546,13.88719],"to":[-0.21,20.04046,14.11097],"rotation":{"angle":-22.5,"axis":"x","origin":[8.01866,8,8]},"faces":{"west":{"uv":[5.25,4.5,5.75,5.25],"texture":"#1_0"},"up":{"uv":[7.25,4.25,7.5,4.75],"rotation":180,"texture":"#1_0"},"down":{"uv":[9,8,9.25,8.5],"rotation":180,"texture":"#1_0"}}},{"from":[-0.3,19.79563,4.01396],"to":[-0.21,20.92063,4.23773],"rotation":{"angle":22.5,"axis":"x","origin":[8.01866,8,8]},"faces":{"west":{"uv":[5.25,4.5,5.75,5.25],"texture":"#1_0"},"up":{"uv":[3.25,4,3.5,4.5],"texture":"#1_0"},"down":{"uv":[9,8,9.25,8.5],"texture":"#1_0"}}},{"from":[-0.29991,20.3375,9.03811],"to":[-0.20991,21.4625,9.26189],"rotation":{"angle":0,"axis":"y","origin":[8.01866,8,8]},"faces":{"west":{"uv":[6.25,4.5,6.75,5.25],"texture":"#1_0"},"up":{"uv":[3.25,4,3.5,4.5],"texture":"#1_0"},"down":{"uv":[9.5,8,9.75,8.25],"texture":"#1_0"}}},{"from":[0.375,19.23313,3.90207],"to":[8.205,21.48313,4.34962],"rotation":{"angle":22.5,"axis":"x","origin":[8.01866,8,8]},"faces":{"east":{"uv":[9.5,7.25,10.25,8.25],"texture":"#1_1"},"west":{"uv":[12.5,7.5,13,8],"texture":"#1_1"},"up":{"uv":[2,3.75,6,4.25],"texture":"#1_1"},"down":{"uv":[3,9,7,9.5],"rotation":180,"texture":"#1_1"}}},{"from":[0.375,18.35296,13.7753],"to":[8.205,20.60296,14.22285],"rotation":{"angle":-22.5,"axis":"x","origin":[8.01866,8,8]},"faces":{"east":{"uv":[9.5,7.25,10.25,8.25],"texture":"#1_1"},"west":{"uv":[12.5,7.5,13,8],"texture":"#1_1"},"up":{"uv":[0,3.25,4,3.75],"texture":"#1_1"},"down":{"uv":[3.5,8,7.5,8.5],"rotation":180,"texture":"#1_1"}}},{"from":[0.375,16.80985,-0.53228],"to":[8.205,19.05985,-0.08473],"rotation":{"angle":45,"axis":"x","origin":[8.01866,8,8]},"faces":{"east":{"uv":[9.5,7.25,10.25,8.25],"texture":"#1_1"},"west":{"uv":[12.5,7.5,13,8],"texture":"#1_1"},"up":{"uv":[5.25,4.25,9.25,4.75],"texture":"#1_1"},"down":{"uv":[5.75,5.5,9.75,6],"rotation":180,"texture":"#1_1"}}},{"from":[0.375,15.1835,17.71107],"to":[8.205,17.4335,18.15863],"rotation":{"angle":-45,"axis":"x","origin":[8.01866,8,8]},"faces":{"east":{"uv":[9.5,7.25,10.25,8.25],"texture":"#1_1"},"west":{"uv":[12.5,7.5,13,8],"texture":"#1_1"},"up":{"uv":[1.25,4.25,5.25,4.75],"rotation":180,"texture":"#1_1"},"down":{"uv":[4.5,5.5,8.5,6],"texture":"#1_1"}}},{"from":[0.375,19.25418,12.87408],"to":[8.205,19.70174,15.12408],"rotation":{"angle":-22.5,"axis":"x","origin":[8.01866,8,8]},"faces":{"north":{"uv":[6.25,5,10.25,5.5],"texture":"#1_1"},"east":{"uv":[9.5,7.25,10.25,7.75],"texture":"#1_1"},"south":{"uv":[5.25,4.75,9.25,5.25],"texture":"#1_1"},"west":{"uv":[12.5,7.5,13,8],"rotation":90,"texture":"#1_1"}}},{"from":[0.375,20.13436,3.00085],"to":[8.205,20.58191,5.25085],"rotation":{"angle":22.5,"axis":"x","origin":[8.01866,8,8]},"faces":{"north":{"uv":[5.25,4.75,9.25,5.25],"texture":"#1_1"},"east":{"uv":[9.5,7.25,10.25,7.75],"texture":"#1_1"},"south":{"uv":[6.25,5,10.25,5.5],"texture":"#1_1"},"west":{"uv":[12.5,7.5,13,8],"rotation":270,"texture":"#1_1"}}},{"from":[0.375,20.67622,8.025],"to":[8.205,21.12378,10.275],"rotation":{"angle":0,"axis":"y","origin":[8.01866,8,8]},"faces":{"north":{"uv":[3,12.25,7,12.75],"texture":"#1_1"},"south":{"uv":[0,12,4,12.5],"texture":"#1_1"},"west":{"uv":[12.5,7.5,13,8],"texture":"#1_1"}}},{"from":[2.82368,20.12873,8.92622],"to":[3.94868,21.02873,9.37378],"rotation":{"angle":-22.5,"axis":"z","origin":[8.01866,8,8]},"faces":{"north":{"uv":[10.5,2.75,11,3.25],"rotation":180,"texture":"#1_1"},"south":{"uv":[10.5,2.75,11,3.25],"rotation":180,"texture":"#1_1"},"up":{"uv":[2,3.25,2.75,3.75],"texture":"#1_1"}}},{"from":[12.69692,18.80737,8.92622],"to":[13.82192,19.70737,9.37378],"rotation":{"angle":22.5,"axis":"z","origin":[8.01866,8,8]},"faces":{"north":{"uv":[7.5,8,7.75,8.25],"rotation":180,"texture":"#1_1"},"south":{"uv":[7.5,8,7.75,8.25],"rotation":180,"texture":"#1_1"},"down":{"uv":[5.5,7.75,6.25,8.25],"rotation":180,"texture":"#1_1"}}},{"from":[7.32021,20.67622,9.27314],"to":[8.44521,21.12378,10.17314],"rotation":{"angle":22.5,"axis":"y","origin":[8.01866,8,8]},"faces":{"south":{"uv":[0,12,0.75,12.5],"texture":"#1_1"},"up":{"uv":[4.5,12,5,12.5],"rotation":180,"texture":"#1_1"},"down":{"uv":[4.5,12,5,12.5],"rotation":180,"texture":"#1_1"}}},{"from":[8.20038,20.67622,7.95178],"to":[9.32538,21.12378,8.85178],"rotation":{"angle":-22.5,"axis":"y","origin":[8.01866,8,8]},"faces":{"north":{"uv":[0,12,0.75,12.5],"texture":"#1_1"},"up":{"uv":[4.5,12,5,12.5],"rotation":180,"texture":"#1_1"},"down":{"uv":[4.5,12,5,12.5],"rotation":180,"texture":"#1_1"}}},{"from":[0.375,19.775,8.92622],"to":[8.205,22.025,9.37379],"rotation":{"angle":0,"axis":"y","origin":[8.01866,8,8]},"faces":{"west":{"uv":[12.5,7.5,13,8],"texture":"#1_1"},"up":{"uv":[2,3.25,6,3.75],"texture":"#1_1"},"down":{"uv":[5.5,7.75,9.5,8.25],"rotation":180,"texture":"#1_1"}}},{"from":[8.205,15.3635,17.54342],"to":[8.6325,17.2535,18.32628],"rotation":{"angle":-45,"axis":"x","origin":[8.01866,8,8]},"faces":{"east":{"uv":[9.5,7.25,10.25,8.25],"texture":"#1_1"},"up":{"uv":[1.25,4.25,1.75,5],"rotation":180,"texture":"#1_1"},"down":{"uv":[2,5.75,2.5,6.5],"rotation":180,"texture":"#1_1"}}},{"from":[8.205,16.98985,-0.69993],"to":[8.6325,18.87985,0.08292],"rotation":{"angle":45,"axis":"x","origin":[8.01866,8,8]},"faces":{"east":{"uv":[9.5,7.25,10.25,8.25],"texture":"#1_1"},"up":{"uv":[1.25,4.25,1.75,5],"texture":"#1_1"},"down":{"uv":[2,5.75,2.5,6.5],"texture":"#1_1"}}},{"from":[8.205,20.50857,8.205],"to":[8.6325,21.29143,10.095],"rotation":{"angle":0,"axis":"y","origin":[8.01866,8,8]},"faces":{"north":{"uv":[3,4.75,3.5,5.5],"texture":"#1_1"},"east":{"uv":[9.5,7.25,10.25,8.25],"texture":"#1_1"},"south":{"uv":[3,4.75,3.5,5.5],"texture":"#1_1"}}},{"from":[8.4525,20.1125,8.99335],"to":[10.2525,21.6875,9.30664],"rotation":{"angle":0,"axis":"y","origin":[8.01866,8,8]},"faces":{"east":{"uv":[5.25,10.5,5.75,11],"texture":"#1_1"},"up":{"uv":[3.5,4,4.5,4.25],"rotation":180,"texture":"#1_1"},"down":{"uv":[7.25,8,8.25,8.25],"rotation":180,"texture":"#1_1"}}},{"from":[8.4525,19.57063,3.9692],"to":[10.2525,21.14563,4.28249],"rotation":{"angle":22.5,"axis":"x","origin":[8.01866,8,8]},"faces":{"east":{"uv":[5.25,10.5,5.75,11],"texture":"#1_1"},"up":{"uv":[5.25,4.25,6.25,4.5],"rotation":180,"texture":"#1_1"},"down":{"uv":[5.25,7.75,6.25,8],"rotation":180,"texture":"#1_1"}}},{"from":[8.4525,18.69046,13.84243],"to":[10.2525,20.26546,14.15572],"rotation":{"angle":-22.5,"axis":"x","origin":[8.01866,8,8]},"faces":{"east":{"uv":[5.25,10.5,5.75,11],"texture":"#1_1"},"up":{"uv":[4.75,4.25,5.75,4.5],"rotation":180,"texture":"#1_1"},"down":{"uv":[2.5,8.25,3.5,8.5],"rotation":180,"texture":"#1_1"}}},{"from":[8.4525,17.14735,-0.46515],"to":[10.2525,18.72235,-0.15186],"rotation":{"angle":45,"axis":"x","origin":[8.01866,8,8]},"faces":{"east":{"uv":[5.25,10.5,5.75,11],"texture":"#1_1"},"up":{"uv":[6.75,4.5,7.75,4.75],"rotation":180,"texture":"#1_1"},"down":{"uv":[4.75,5.5,5.75,5.75],"rotation":180,"texture":"#1_1"}}},{"from":[8.4525,15.521,17.77821],"to":[10.2525,17.096,18.0915],"rotation":{"angle":-45,"axis":"x","origin":[8.01866,8,8]},"faces":{"east":{"uv":[5.25,10.5,5.75,11],"texture":"#1_1"},"up":{"uv":[1.25,4.25,2.25,4.5],"rotation":180,"texture":"#1_1"},"down":{"uv":[4.25,5.75,5.25,6],"rotation":180,"texture":"#1_1"}}},{"from":[8.4525,19.32132,13.21158],"to":[10.2525,19.63461,14.78658],"rotation":{"angle":-22.5,"axis":"x","origin":[8.01866,8,8]},"faces":{"north":{"uv":[3,5.25,4,5.5],"rotation":180,"texture":"#1_1"},"east":{"uv":[5.25,10.5,5.75,11],"texture":"#1_1"},"south":{"uv":[6.75,4.75,7.75,5],"rotation":180,"texture":"#1_1"}}},{"from":[8.4525,20.20149,3.33835],"to":[10.2525,20.51478,4.91335],"rotation":{"angle":22.5,"axis":"x","origin":[8.01866,8,8]},"faces":{"north":{"uv":[1.5,4.75,2.5,5],"rotation":180,"texture":"#1_1"},"east":{"uv":[5.25,10.5,5.75,11],"texture":"#1_1"},"south":{"uv":[8,5.25,9,5.5],"rotation":180,"texture":"#1_1"}}},{"from":[8.4525,20.74335,8.3625],"to":[10.2525,21.05664,9.9375],"rotation":{"angle":0,"axis":"y","origin":[8.01866,8,8]},"faces":{"north":{"uv":[2,5,3,5.25],"rotation":180,"texture":"#1_1"},"east":{"uv":[5.25,10.5,5.75,11],"texture":"#1_1"},"south":{"uv":[5,5,6,5.25],"rotation":180,"texture":"#1_1"}}},{"from":[10.2525,20.18,9.00678],"to":[11.3325,21.62,9.29322],"rotation":{"angle":0,"axis":"y","origin":[8.01866,8,8]},"faces":{"east":{"uv":[11,7.5,11.5,8],"texture":"#1_2"},"up":{"uv":[3.25,4,3.75,4.25],"texture":"#1_2"},"down":{"uv":[7.75,8,8.25,8.25],"rotation":180,"texture":"#1_2"}}},{"from":[10.2525,18.75796,13.85586],"to":[11.3325,20.19796,14.14229],"rotation":{"angle":-22.5,"axis":"x","origin":[8.01866,8,8]},"faces":{"east":{"uv":[11,7.5,11.5,8],"texture":"#1_2"},"up":{"uv":[7.5,4.25,8,4.5],"texture":"#1_2"},"down":{"uv":[4.25,8,4.75,8.25],"rotation":180,"texture":"#1_2"}}},{"from":[10.2525,19.63813,3.98263],"to":[11.3325,21.07813,4.26906],"rotation":{"angle":22.5,"axis":"x","origin":[8.01866,8,8]},"faces":{"east":{"uv":[11,7.5,11.5,8],"texture":"#1_2"},"up":{"uv":[5.5,4.25,6,4.5],"texture":"#1_2"},"down":{"uv":[4.25,8,4.75,8.25],"texture":"#1_2"}}},{"from":[10.2525,15.5885,17.79163],"to":[11.3325,17.0285,18.07807],"rotation":{"angle":-45,"axis":"x","origin":[8.01866,8,8]},"faces":{"east":{"uv":[11,7.5,11.5,8],"texture":"#1_2"},"up":{"uv":[6.5,4.75,7,5],"rotation":180,"texture":"#1_2"},"down":{"uv":[2.75,9.25,3.25,9.5],"rotation":180,"texture":"#1_2"}}},{"from":[10.2525,17.21485,-0.45172],"to":[11.3325,18.65485,-0.16529],"rotation":{"angle":45,"axis":"x","origin":[8.01866,8,8]},"faces":{"east":{"uv":[11,7.5,11.5,8],"texture":"#1_2"},"up":{"uv":[8.5,4.75,9,5],"texture":"#1_2"},"down":{"uv":[2.75,9.25,3.25,9.75],"rotation":180,"texture":"#1_2"}}},{"from":[10.2525,20.21491,3.40585],"to":[11.3325,20.50135,4.84585],"rotation":{"angle":22.5,"axis":"x","origin":[8.01866,8,8]},"faces":{"north":{"uv":[5.5,11.5,6,11.75],"rotation":180,"texture":"#1_2"},"east":{"uv":[11,7.5,11.5,8],"rotation":90,"texture":"#1_2"},"south":{"uv":[1.25,9.75,1.75,10],"rotation":180,"texture":"#1_2"}}},{"from":[10.2525,19.33474,13.27908],"to":[11.3325,19.62118,14.71908],"rotation":{"angle":-22.5,"axis":"x","origin":[8.01866,8,8]},"faces":{"north":{"uv":[2.5,10,3,10.5],"rotation":180,"texture":"#1_2"},"east":{"uv":[11,7.5,11.5,8],"rotation":270,"texture":"#1_2"},"south":{"uv":[5.5,11.5,6,11.75],"rotation":180,"texture":"#1_2"}}},{"from":[10.2525,20.75678,8.43],"to":[11.3325,21.04322,9.87],"rotation":{"angle":0,"axis":"y","origin":[8.01866,8,8]},"faces":{"north":{"uv":[5.5,11,6,11.25],"rotation":180,"texture":"#1_2"},"east":{"uv":[11,7.5,11.5,8],"texture":"#1_2"},"south":{"uv":[5.5,11,6,11.25],"rotation":180,"texture":"#1_2"}}},{"from":[11.3325,20.225,9.01574],"to":[11.9625,21.575,9.28426],"rotation":{"angle":0,"axis":"y","origin":[8.01866,8,8]},"faces":{"east":{"uv":[11,7.5,11.5,8],"texture":"#1_2"},"up":{"uv":[3.25,4,3.75,4.25],"texture":"#1_2"},"down":{"uv":[7.75,8,8.25,8.25],"rotation":180,"texture":"#1_2"}}},{"from":[11.3325,19.68313,3.99158],"to":[11.9625,21.03313,4.26011],"rotation":{"angle":22.5,"axis":"x","origin":[8.01866,8,8]},"faces":{"east":{"uv":[11,7.5,11.5,8],"texture":"#1_2"},"up":{"uv":[12.75,2.25,13.25,2.5],"texture":"#1_2"},"down":{"uv":[4.25,8,4.75,8.25],"texture":"#1_2"}}},{"from":[11.3325,18.80296,13.86482],"to":[11.9625,20.15296,14.13334],"rotation":{"angle":-22.5,"axis":"x","origin":[8.01866,8,8]},"faces":{"east":{"uv":[11,7.5,11.5,8],"texture":"#1_2"},"up":{"uv":[8.5,4.25,9,4.5],"texture":"#1_2"},"down":{"uv":[4.25,8,4.75,8.25],"rotation":180,"texture":"#1_2"}}},{"from":[11.3325,17.25985,-0.44277],"to":[11.9625,18.60985,-0.17424],"rotation":{"angle":45,"axis":"x","origin":[8.01866,8,8]},"faces":{"east":{"uv":[11,7.5,11.5,8],"texture":"#1_2"},"up":{"uv":[9.25,4.75,9.75,5],"texture":"#1_2"},"down":{"uv":[2.75,9.25,3.25,9.75],"rotation":180,"texture":"#1_2"}}},{"from":[11.3325,15.6335,17.80059],"to":[11.9625,16.9835,18.06911],"rotation":{"angle":-45,"axis":"x","origin":[8.01866,8,8]},"faces":{"east":{"uv":[11,7.5,11.5,8],"texture":"#1_2"},"up":{"uv":[5.75,4.75,6.25,5],"rotation":180,"texture":"#1_2"},"down":{"uv":[2.75,9.25,3.25,9.5],"rotation":180,"texture":"#1_2"}}},{"from":[11.3325,19.3437,13.32408],"to":[11.9625,19.61222,14.67408],"rotation":{"angle":-22.5,"axis":"x","origin":[8.01866,8,8]},"faces":{"north":{"uv":[2.5,10,3,10.5],"rotation":180,"texture":"#1_2"},"east":{"uv":[11,7.5,11.5,8],"rotation":270,"texture":"#1_2"},"south":{"uv":[6.25,11.5,6.75,11.75],"rotation":180,"texture":"#1_2"}}},{"from":[11.3325,20.22387,3.45085],"to":[11.9625,20.49239,4.80085],"rotation":{"angle":22.5,"axis":"x","origin":[8.01866,8,8]},"faces":{"north":{"uv":[4.75,11.5,5.25,11.75],"rotation":180,"texture":"#1_2"},"east":{"uv":[11,7.5,11.5,8],"rotation":90,"texture":"#1_2"},"south":{"uv":[1.25,9.75,1.75,10],"rotation":180,"texture":"#1_2"}}},{"from":[11.3325,20.76574,8.475],"to":[11.9625,21.03426,9.825],"rotation":{"angle":0,"axis":"y","origin":[8.01866,8,8]},"faces":{"north":{"uv":[6.5,11,7,11.25],"rotation":180,"texture":"#1_2"},"east":{"uv":[11,7.5,11.5,8],"texture":"#1_2"},"south":{"uv":[5.5,11,6,11.25],"rotation":180,"texture":"#1_2"}}},{"from":[11.9625,20.27,9.02468],"to":[12.3675,21.53,9.27532],"rotation":{"angle":0,"axis":"y","origin":[8.01866,8,8]},"faces":{"east":{"uv":[11,7.5,11.5,8],"texture":"#1_2"},"up":{"uv":[3.25,4,3.75,4.25],"texture":"#1_2"},"down":{"uv":[7.75,8,8.25,8.25],"rotation":180,"texture":"#1_2"}}},{"from":[11.9625,18.84796,13.87376],"to":[12.3675,20.10796,14.12439],"rotation":{"angle":-22.5,"axis":"x","origin":[8.01866,8,8]},"faces":{"east":{"uv":[11,7.5,11.5,8],"texture":"#1_2"},"up":{"uv":[8.75,4.25,9.25,4.5],"texture":"#1_2"},"down":{"uv":[4.25,8,4.75,8.25],"rotation":180,"texture":"#1_2"}}},{"from":[11.9625,19.72813,4.00053],"to":[12.3675,20.98813,4.25116],"rotation":{"angle":22.5,"axis":"x","origin":[8.01866,8,8]},"faces":{"east":{"uv":[11,7.5,11.5,8],"texture":"#1_2"},"up":{"uv":[10.5,2.75,11,3],"texture":"#1_2"},"down":{"uv":[4.25,8,4.75,8.25],"texture":"#1_2"}}},{"from":[11.9625,15.6785,17.80953],"to":[12.3675,16.9385,18.06017],"rotation":{"angle":-45,"axis":"x","origin":[8.01866,8,8]},"faces":{"east":{"uv":[11,7.5,11.5,8],"texture":"#1_2"},"up":{"uv":[7.5,4.75,8,5],"rotation":180,"texture":"#1_2"},"down":{"uv":[2.75,9.25,3.25,9.5],"rotation":180,"texture":"#1_2"}}},{"from":[11.9625,20.23282,3.49585],"to":[12.3675,20.48345,4.75585],"rotation":{"angle":22.5,"axis":"x","origin":[8.01866,8,8]},"faces":{"north":{"uv":[6.75,11.5,7.25,11.75],"rotation":180,"texture":"#1_2"},"east":{"uv":[11,7.5,11.5,8],"rotation":90,"texture":"#1_2"},"south":{"uv":[1.25,9.75,1.75,10],"rotation":180,"texture":"#1_2"}}},{"from":[11.9625,17.30485,-0.43382],"to":[12.3675,18.56485,-0.18319],"rotation":{"angle":45,"axis":"x","origin":[8.01866,8,8]},"faces":{"east":{"uv":[11,7.5,11.5,8],"texture":"#1_2"},"up":{"uv":[9,4.75,9.5,5],"texture":"#1_2"},"down":{"uv":[2.75,9.25,3.25,9.75],"rotation":180,"texture":"#1_2"}}},{"from":[11.9625,19.35264,13.36908],"to":[12.3675,19.60328,14.62908],"rotation":{"angle":-22.5,"axis":"x","origin":[8.01866,8,8]},"faces":{"north":{"uv":[2.5,10,3,10.5],"rotation":180,"texture":"#1_2"},"east":{"uv":[11,7.5,11.5,8],"rotation":270,"texture":"#1_2"},"south":{"uv":[6.25,11.5,6.75,11.75],"rotation":180,"texture":"#1_2"}}},{"from":[11.9625,20.77468,8.52],"to":[12.3675,21.02532,9.78],"rotation":{"angle":0,"axis":"y","origin":[8.01866,8,8]},"faces":{"north":{"uv":[4.75,11,5.25,11.25],"rotation":180,"texture":"#1_2"},"east":{"uv":[11,7.5,11.5,8],"texture":"#1_2"},"south":{"uv":[5.5,11,6,11.25],"rotation":180,"texture":"#1_2"}}},{"from":[12.3675,20.315,9.03364],"to":[12.6825,21.485,9.26636],"rotation":{"angle":0,"axis":"y","origin":[8.01866,8,8]},"faces":{"east":{"uv":[11,7.5,11.5,8],"texture":"#1_2"},"up":{"uv":[3.25,4,3.75,4.25],"texture":"#1_2"},"down":{"uv":[7.75,8,8.25,8.25],"rotation":180,"texture":"#1_2"}}},{"from":[12.3675,19.77313,4.00948],"to":[12.6825,20.94313,4.24221],"rotation":{"angle":22.5,"axis":"x","origin":[8.01866,8,8]},"faces":{"east":{"uv":[11,7.5,11.5,8],"texture":"#1_2"},"up":{"uv":[11.25,3.25,11.75,3.5],"texture":"#1_2"},"down":{"uv":[4.25,8,4.75,8.25],"texture":"#1_2"}}},{"from":[12.3675,18.89296,13.88272],"to":[12.6825,20.06296,14.11544],"rotation":{"angle":-22.5,"axis":"x","origin":[8.01866,8,8]},"faces":{"east":{"uv":[11,7.5,11.5,8],"texture":"#1_2"},"up":{"uv":[11,3,11.5,3.25],"texture":"#1_2"},"down":{"uv":[4.25,8,4.75,8.25],"rotation":180,"texture":"#1_2"}}},{"from":[12.3675,17.34985,-0.42487],"to":[12.6825,18.51985,-0.19214],"rotation":{"angle":45,"axis":"x","origin":[8.01866,8,8]},"faces":{"east":{"uv":[11,7.5,11.5,8],"texture":"#1_2"},"up":{"uv":[6.5,4.75,7,5],"texture":"#1_2"},"down":{"uv":[2.75,9.25,3.25,9.75],"rotation":180,"texture":"#1_2"}}},{"from":[12.3675,15.7235,17.81849],"to":[12.6825,16.8935,18.05121],"rotation":{"angle":-45,"axis":"x","origin":[8.01866,8,8]},"faces":{"east":{"uv":[11,7.5,11.5,8],"texture":"#1_2"},"up":{"uv":[8,4.75,8.5,5],"rotation":180,"texture":"#1_2"},"down":{"uv":[2.75,9.25,3.25,9.5],"rotation":180,"texture":"#1_2"}}},{"from":[12.3675,19.3616,13.41408],"to":[12.6825,19.59432,14.58408],"rotation":{"angle":-22.5,"axis":"x","origin":[8.01866,8,8]},"faces":{"north":{"uv":[2.5,10,3,10.5],"rotation":180,"texture":"#1_2"},"east":{"uv":[11,7.5,11.5,8],"rotation":270,"texture":"#1_2"},"south":{"uv":[7.5,11.5,8,11.75],"rotation":180,"texture":"#1_2"}}},{"from":[12.3675,20.24177,3.54085],"to":[12.6825,20.47449,4.71085],"rotation":{"angle":22.5,"axis":"x","origin":[8.01866,8,8]},"faces":{"north":{"uv":[7,11.5,7.5,11.75],"rotation":180,"texture":"#1_2"},"east":{"uv":[11,7.5,11.5,8],"rotation":90,"texture":"#1_2"},"south":{"uv":[1.25,9.75,1.75,10],"rotation":180,"texture":"#1_2"}}},{"from":[12.3675,20.78364,8.565],"to":[12.6825,21.01636,9.735],"rotation":{"angle":0,"axis":"y","origin":[8.01866,8,8]},"faces":{"north":{"uv":[6.25,11,6.75,11.25],"rotation":180,"texture":"#1_2"},"east":{"uv":[11,7.5,11.5,8],"texture":"#1_2"},"south":{"uv":[5.5,11,6,11.25],"rotation":180,"texture":"#1_2"}}},{"from":[7.18421,21.84172,8.97],"to":[8.12921,22.20172,9.33],"rotation":{"angle":-22.5,"axis":"z","origin":[8.01866,8,8]},"faces":{"north":{"uv":[6,4.5,6.5,5],"texture":"#1_2"},"east":{"uv":[7.5,2,8,2.5],"texture":"#1_2"},"south":{"uv":[5.75,4.5,6.25,5],"texture":"#1_2"},"up":{"uv":[4,4,4.5,4.5],"texture":"#1_2"}}},{"from":[17.05746,17.63438,8.97],"to":[18.00246,17.99438,9.33],"rotation":{"angle":22.5,"axis":"z","origin":[8.01866,8,8]},"faces":{"north":{"uv":[5,8,5.5,8.5],"rotation":180,"texture":"#1_2"},"east":{"uv":[7.5,2,8,2.5],"texture":"#1_2"},"south":{"uv":[5,8,5.5,8.5],"rotation":180,"texture":"#1_2"},"down":{"uv":[15,8,15.5,8.5],"rotation":180,"texture":"#1_2"}}},{"from":[11.68075,20.72,10.94114],"to":[12.62575,21.08,11.34614],"rotation":{"angle":22.5,"axis":"y","origin":[8.01866,8,8]},"faces":{"east":{"uv":[7.5,2,8,2.5],"texture":"#1_2"},"south":{"uv":[4.75,11.25,5.25,11.75],"rotation":180,"texture":"#1_2"},"up":{"uv":[6.5,4.75,7,5.25],"texture":"#1_2"},"down":{"uv":[9,10.25,9.5,10.75],"rotation":180,"texture":"#1_2"}}},{"from":[12.56093,20.72,6.77878],"to":[13.50593,21.08,7.18378],"rotation":{"angle":-22.5,"axis":"y","origin":[8.01866,8,8]},"faces":{"north":{"uv":[4.75,11.25,5.25,11.75],"rotation":180,"texture":"#1_2"},"east":{"uv":[7.5,2,8,2.5],"texture":"#1_2"},"up":{"uv":[6.5,4.75,7,5.25],"rotation":180,"texture":"#1_2"},"down":{"uv":[9,10.25,9.5,10.75],"rotation":180,"texture":"#1_2"}}},{"from":[-0.21009,19.775,8.92621],"to":[0.015,22.025,9.37378],"rotation":{"angle":0,"axis":"y","origin":[8.01866,8,8]},"faces":{"east":{"uv":[12.5,7.5,13,8],"texture":"#1_1"},"west":{"uv":[8.25,4,8.75,6],"texture":"#1_1"},"up":{"uv":[3.5,3.75,4,4.25],"rotation":180,"texture":"#1_1"},"down":{"uv":[6.25,8,6.75,8.25],"rotation":180,"texture":"#1_1"}}},{"from":[-0.21,19.23313,3.90206],"to":[0.01509,21.48313,4.34963],"rotation":{"angle":22.5,"axis":"x","origin":[8.01866,8,8]},"faces":{"east":{"uv":[12.5,7.5,13,8],"texture":"#1_1"},"west":{"uv":[7.25,4,7.75,6],"texture":"#1_1"},"up":{"uv":[3.5,4.25,4,4.75],"texture":"#1_1"},"down":{"uv":[6.25,8,6.75,8.25],"rotation":180,"texture":"#1_1"}}},{"from":[-0.21,18.35296,13.77529],"to":[0.01509,20.60296,14.22286],"rotation":{"angle":-22.5,"axis":"x","origin":[8.01866,8,8]},"faces":{"east":{"uv":[12.5,7.5,13,8],"texture":"#1_1"},"west":{"uv":[7.25,4,7.75,6],"texture":"#1_1"},"up":{"uv":[3.5,4.25,4,4.75],"rotation":180,"texture":"#1_1"},"down":{"uv":[6.25,8,6.75,8.25],"rotation":180,"texture":"#1_1"}}},{"from":[-0.21009,16.80985,-0.53229],"to":[0.015,19.05985,-0.08472],"rotation":{"angle":45,"axis":"x","origin":[8.01866,8,8]},"faces":{"east":{"uv":[12.5,7.5,13,8],"texture":"#1_1"},"west":{"uv":[10.75,4.5,11.25,6.5],"texture":"#1_1"},"up":{"uv":[3.75,4.75,4.25,5.25],"texture":"#1_1"},"down":{"uv":[6.25,8,6.75,8.25],"rotation":180,"texture":"#1_1"}}},{"from":[-0.21009,15.1835,17.71107],"to":[0.015,17.4335,18.15864],"rotation":{"angle":-45,"axis":"x","origin":[8.01866,8,8]},"faces":{"east":{"uv":[12.5,7.5,13,8],"texture":"#1_1"},"west":{"uv":[6.75,4.5,7.25,6.5],"texture":"#1_1"},"up":{"uv":[7.75,4.75,8.25,5.25],"rotation":180,"texture":"#1_1"},"down":{"uv":[6.25,8,6.75,8.25],"rotation":180,"texture":"#1_1"}}},{"from":[-0.21,19.25418,12.87408],"to":[0.01509,19.70175,15.12408],"rotation":{"angle":-22.5,"axis":"x","origin":[8.01866,8,8]},"faces":{"north":{"uv":[6.75,8,7.25,8.5],"rotation":180,"texture":"#1_1"},"east":{"uv":[12.5,7.5,13,8],"rotation":270,"texture":"#1_1"},"south":{"uv":[5.25,5.5,5.75,6],"texture":"#1_1"},"west":{"uv":[0.5,4.75,1,6.75],"rotation":90,"texture":"#1_1"}}},{"from":[-0.21,20.13435,3.00085],"to":[0.01509,20.58192,5.25085],"rotation":{"angle":22.5,"axis":"x","origin":[8.01866,8,8]},"faces":{"north":{"uv":[6.75,5.5,7.25,6],"texture":"#1_1"},"east":{"uv":[12.5,7.5,13,8],"rotation":90,"texture":"#1_1"},"south":{"uv":[6,8,6.5,8.5],"rotation":180,"texture":"#1_1"},"west":{"uv":[0.75,4.75,1.25,6.75],"rotation":270,"texture":"#1_1"}}},{"from":[-0.21009,20.67622,8.025],"to":[0.015,21.12379,10.275],"rotation":{"angle":0,"axis":"y","origin":[8.01866,8,8]},"faces":{"north":{"uv":[4.25,8.25,4.75,8.75],"rotation":180,"texture":"#1_1"},"east":{"uv":[12.5,7.5,13,8],"texture":"#1_1"},"south":{"uv":[6.25,8.25,6.75,8.75],"rotation":180,"texture":"#1_1"},"west":{"uv":[7.25,9.5,7.75,11.5],"rotation":90,"texture":"#1_1"}}},{"from":[0.01491,20,8.97098],"to":[0.375,21.8,9.32902],"rotation":{"angle":0,"axis":"y","origin":[8.01866,8,8]},"faces":{"up":{"uv":[10,2.75,10.5,3.25],"rotation":180,"texture":"#1_1"},"down":{"uv":[5.75,8,6.25,8.25],"texture":"#1_1"}}},{"from":[0.01491,19.45813,3.94683],"to":[0.375,21.25813,4.30486],"rotation":{"angle":22.5,"axis":"x","origin":[8.01866,8,8]},"faces":{"up":{"uv":[11,2.5,11.5,3],"rotation":180,"texture":"#1_1"},"down":{"uv":[5.75,8,6.25,8.25],"texture":"#1_1"}}},{"from":[0.01491,18.57796,13.82006],"to":[0.375,20.37796,14.1781],"rotation":{"angle":-22.5,"axis":"x","origin":[8.01866,8,8]},"faces":{"up":{"uv":[8.5,4,9,4.5],"rotation":180,"texture":"#1_1"},"down":{"uv":[5.75,8,6.25,8.25],"texture":"#1_1"}}},{"from":[0.01491,17.03485,-0.48752],"to":[0.375,18.83485,-0.12949],"rotation":{"angle":45,"axis":"x","origin":[8.01866,8,8]},"faces":{"up":{"uv":[3.25,4.25,3.75,4.75],"texture":"#1_1"},"down":{"uv":[5.75,8,6.25,8.25],"texture":"#1_1"}}},{"from":[0.01491,19.29894,13.09908],"to":[0.375,19.65698,14.89908],"rotation":{"angle":-22.5,"axis":"x","origin":[8.01866,8,8]},"faces":{"north":{"uv":[3,8,3.5,8.5],"rotation":180,"texture":"#1_1"},"south":{"uv":[3.25,4.75,3.75,5.25],"texture":"#1_1"}}},{"from":[0.01491,15.4085,17.75583],"to":[0.375,17.2085,18.11387],"rotation":{"angle":-45,"axis":"x","origin":[8.01866,8,8]},"faces":{"up":{"uv":[3.25,4.25,3.75,4.75],"rotation":180,"texture":"#1_1"},"down":{"uv":[5.75,8,6.25,8.25],"texture":"#1_1"}}},{"from":[0.01491,20.17911,3.22585],"to":[0.375,20.53715,5.02585],"rotation":{"angle":22.5,"axis":"x","origin":[8.01866,8,8]},"faces":{"north":{"uv":[3.25,4.75,3.75,5.25],"texture":"#1_1"},"south":{"uv":[3,8,3.5,8.5],"rotation":180,"texture":"#1_1"}}},{"from":[0.01491,20.72098,8.25],"to":[0.375,21.07902,10.05],"rotation":{"angle":0,"axis":"y","origin":[8.01866,8,8]},"faces":{"north":{"uv":[3.25,5.25,3.75,5.75],"texture":"#1_1"},"south":{"uv":[3.25,5.25,3.75,5.75],"texture":"#1_1"}}},{"from":[-0.325,15.476,6.149],"to":[7.975,19.976,7.951],"rotation":{"angle":0,"axis":"y","origin":[8,17.6,8]},"faces":{"up":{"uv":[15.25,3.5,9.75,5],"rotation":180,"texture":"#1_1"}}},{"from":[7.975,15.476,6.349],"to":[9.575,19.976,7.751],"rotation":{"angle":0,"axis":"y","origin":[8,17.6,8]},"faces":{"up":{"uv":[15.25,3.5,9.75,5],"rotation":180,"texture":"#1_1"}}},{"from":[9.575,15.476,6.449],"to":[12.475,19.976,7.651],"rotation":{"angle":0,"axis":"y","origin":[8,17.6,8]},"faces":{"up":{"uv":[11,3.5,9.75,5],"rotation":180,"texture":"#1_2"}}},{"from":[12.475,15.476,6.749],"to":[13.475,19.976,7.351],"rotation":{"angle":0,"axis":"y","origin":[8,17.6,8]},"faces":{"up":{"uv":[11,3.5,9.75,5],"rotation":180,"texture":"#1_2"}}},{"from":[-0.78,13.41736,5.61303],"to":[14,19.96652,10.38697],"rotation":{"angle":0,"axis":"z","origin":[5.6811,-10.05739,5.73803]},"faces":{"up":{"uv":[8.75,8.75,7.5,10.25],"rotation":180,"texture":"#3"},"down":{"uv":[15.75,15.75,16,16],"rotation":90,"texture":"#3"}}}]}