{"credit":"thebradqq's guns","textures":{"0":"mgs:gun/brass","1":"mgs:gun/copper","2":"mgs:gun/metal_dark"},"gui_light":"front","display":{"thirdperson_righthand":{"rotation":[25,111,-23],"translation":[-0.5,1.25,0],"scale":[0.2,0.2,0.2]},"thirdperson_lefthand":{"rotation":[69,-71,65],"translation":[-0.25,0.5,0],"scale":[0.2,0.2,0.2]},"firstperson_righthand":{"rotation":[-87,65,68],"translation":[2,2.25,0],"scale":[0.4,0.4,0.4]},"firstperson_lefthand":{"rotation":[-40,-110,-27],"translation":[3.25,2,0],"scale":[0.4,0.4,0.4]},"ground":{"translation":[0,2.75,0],"scale":[0.2,0.2,0.2]},"gui":{"rotation":[0,180,30],"translation":[2.75,5.25,0],"scale":[0.73,0.73,0.73]},"head":{"scale":[0.4,0.4,0.4]},"fixed":{"rotation":[0,180,0],"translation":[0,2.25,-1],"scale":[0.4,0.4,0.4]}},"elements":[{"from":[5.4211,-11.5172,6.202],"to":[8.7483,-10.6041,9.798],"rotation":{"angle":0,"axis":"z","origin":[8.1472,-11.32315,8.25]},"faces":{"north":{"uv":[3,8.5,3.25,9.51],"rotation":270,"texture":"#2"},"east":{"uv":[2,10.25,2.5,11.76],"rotation":90,"texture":"#2"},"south":{"uv":[3,8.5,3.25,9.51],"rotation":90,"texture":"#2"},"west":{"uv":[2,10,2.5,11.51],"rotation":270,"texture":"#2"}}},{"from":[5.4211,-12.1303,6.202],"to":[6.5483,-11.5172,9.798],"rotation":{"angle":0,"axis":"z","origin":[8.1472,-11.23625,8.25]},"faces":{"north":{"uv":[3,8.5,3.25,9.01],"rotation":270,"texture":"#2"},"east":{"uv":[2,10.25,2.5,11.76],"rotation":90,"texture":"#2"},"south":{"uv":[3,8.5,3.25,9.01],"rotation":90,"texture":"#2"},"west":{"uv":[2,10,2.5,11.51],"rotation":270,"texture":"#2"}}},{"from":[4.63896,-12.75114,5.93881],"to":[11.35416,-11.89334,9.9675],"rotation":{"angle":22.5,"axis":"z","origin":[5.4039,-10.6933,6.20855]},"faces":{"north":{"uv":[2.75,7.25,5.75,7.75],"texture":"#2"},"east":{"uv":[15.25,7.25,15.75,7.75],"texture":"#2"},"south":{"uv":[2.75,7.25,5.75,7.75],"texture":"#2"},"west":{"uv":[0,7.25,0.5,7.75],"texture":"#2"},"up":{"uv":[7,10,9.25,11.75],"rotation":270,"texture":"#2"},"down":{"uv":[7,10,9.25,11.75],"rotation":270,"texture":"#2"}}},{"from":[5.4211,-10.6041,6.2],"to":[5.5211,8.3959,9.8],"rotation":{"angle":0,"axis":"z","origin":[6.9211,-0.6041,6.9]},"faces":{"east":{"uv":[8.5,8,8.75,8.25],"rotation":270,"texture":"#2"},"west":{"uv":[2,10,12.5,11.51],"rotation":270,"texture":"#2"}}},{"from":[5.42,-3.0041,6.85],"to":[5.52,-2.5041,7.35],"rotation":{"angle":0,"axis":"z","origin":[6.9211,-0.6041,6.65]},"faces":{"west":{"uv":[8.25,2,8.75,2.51],"texture":"#2"}}},{"from":[5.42,-4.7041,6.85],"to":[5.52,-4.2041,7.35],"rotation":{"angle":0,"axis":"z","origin":[6.9211,-0.6041,6.65]},"faces":{"west":{"uv":[8.25,2,8.75,2.51],"texture":"#2"}}},{"from":[5.42,-6.4041,6.85],"to":[5.52,-5.9041,7.35],"rotation":{"angle":0,"axis":"z","origin":[6.9211,-0.6041,6.65]},"faces":{"west":{"uv":[8.25,2,8.75,2.51],"texture":"#2"}}},{"from":[5.42,-1.3041,8.55],"to":[5.52,-0.8041,9.05],"rotation":{"angle":0,"axis":"z","origin":[6.9211,-0.6041,6.65]},"faces":{"west":{"uv":[8.25,2,8.75,2.51],"texture":"#2"}}},{"from":[5.42,-3.0041,8.55],"to":[5.52,-2.5041,9.05],"rotation":{"angle":0,"axis":"z","origin":[6.9211,-0.6041,6.65]},"faces":{"west":{"uv":[8.25,2,8.75,2.51],"texture":"#2"}}},{"from":[5.42,-4.7041,8.55],"to":[5.52,-4.2041,9.05],"rotation":{"angle":0,"axis":"z","origin":[6.9211,-0.6041,6.65]},"faces":{"west":{"uv":[8.25,2,8.75,2.51],"texture":"#2"}}},{"from":[5.42,-6.4041,8.55],"to":[5.52,-5.9041,9.05],"rotation":{"angle":0,"axis":"z","origin":[6.9211,-0.6041,6.65]},"faces":{"west":{"uv":[8.25,2,8.75,2.51],"texture":"#2"}}},{"from":[5.4211,-6.6051,6.2],"to":[10.7211,8.3959,6.4],"rotation":{"angle":0,"axis":"z","origin":[6.9211,-2.1051,9.1]},"faces":{"south":{"uv":[8.5,8,8.75,8.25],"rotation":270,"texture":"#2"},"up":{"uv":[0,7,0.5,7.5],"rotation":270,"texture":"#2"}}},{"from":[10.6211,-9.8041,6.2],"to":[10.8211,8.3959,9.8],"rotation":{"angle":0,"axis":"z","origin":[6.9211,-0.6041,6.4]},"faces":{"east":{"uv":[2,10.25,12.5,11.76],"rotation":90,"texture":"#2"},"west":{"uv":[8.5,8,8.75,8.25],"rotation":270,"texture":"#2"},"up":{"uv":[0,7,0.5,7.5],"rotation":270,"texture":"#2"}}},{"from":[5.4211,-6.6051,9.6],"to":[10.7211,8.3959,9.8],"rotation":{"angle":0,"axis":"z","origin":[6.9211,-0.6051,6.4]},"faces":{"north":{"uv":[8.5,8,8.75,8.25],"rotation":270,"texture":"#2"},"up":{"uv":[0,7,0.5,7.5],"rotation":270,"texture":"#2"}}},{"from":[5.4211,-10.6041,6.2],"to":[10.8211,8.3959,9.8],"rotation":{"angle":0,"axis":"z","origin":[6.9211,-3.1041,6.4]},"faces":{"north":{"uv":[3.25,7.75,13.75,9.51],"rotation":270,"texture":"#2"},"south":{"uv":[3.25,9.51,13.75,7.75],"rotation":270,"texture":"#2"},"down":{"uv":[0,0,1,1],"texture":"#missing"}}},{"from":[5.4211,7.86712,6.64162],"to":[8.8211,9.36712,6.84162],"rotation":{"angle":22.5,"axis":"x","origin":[6.32135,9.2416,7.75]},"faces":{"north":{"uv":[12.75,8.25,13.75,9.51],"rotation":270,"texture":"#2"},"east":{"uv":[3,11.5,3.5,12],"rotation":270,"texture":"#2"},"south":{"uv":[8.5,8,8.75,8.25],"rotation":270,"texture":"#2"},"down":{"uv":[0,0,1,1],"texture":"#missing"}}},{"from":[5.4211,9.29992,7.2372],"to":[8.8211,9.89992,7.4372],"rotation":{"angle":45,"axis":"x","origin":[6.32135,10.09992,7.5872]},"faces":{"north":{"uv":[12.75,8.25,13.75,9.51],"rotation":270,"texture":"#2"},"east":{"uv":[3,11.5,3.5,12],"rotation":270,"texture":"#2"},"south":{"uv":[8.5,8,8.75,8.25],"rotation":270,"texture":"#2"},"up":{"uv":[0,7,0.5,7.5],"rotation":270,"texture":"#2"},"down":{"uv":[0,0,1,1],"texture":"#missing"}}},{"from":[5.4211,9.29992,8.5628],"to":[8.8211,9.89992,8.7628],"rotation":{"angle":-45,"axis":"x","origin":[6.32135,10.09992,8.4128]},"faces":{"north":{"uv":[8.5,8.25,8.75,8],"rotation":270,"texture":"#2"},"east":{"uv":[3,12,3.5,11.5],"rotation":270,"texture":"#2"},"south":{"uv":[12.75,9.51,13.75,8.25],"rotation":270,"texture":"#2"},"up":{"uv":[0.5,7,0,7.5],"rotation":270,"texture":"#2"},"down":{"uv":[0,1,1,0],"texture":"#missing"}}},{"from":[5.4211,7.86712,9.15838],"to":[8.8211,9.36712,9.35838],"rotation":{"angle":-22.5,"axis":"x","origin":[6.32135,9.2416,8.25]},"faces":{"north":{"uv":[8.5,8,8.75,8.25],"rotation":270,"texture":"#2"},"east":{"uv":[3,11.5,3.5,12],"rotation":90,"texture":"#2"},"south":{"uv":[12.75,8.25,13.75,9.51],"rotation":90,"texture":"#2"},"down":{"uv":[0,1,1,0],"texture":"#missing"}}},{"from":[5.4211,7.86712,8.15838],"to":[5.6221,9.36712,9.35838],"rotation":{"angle":-22.5,"axis":"x","origin":[6.32135,9.2416,8.25]},"faces":{"east":{"uv":[8.5,8,8.75,8.25],"rotation":270,"texture":"#2"},"west":{"uv":[5.5,10.5,7,11.25],"rotation":270,"texture":"#2"}}},{"from":[5.4211,7.86712,6.64162],"to":[5.6221,9.36712,7.84162],"rotation":{"angle":22.5,"axis":"x","origin":[6.32135,9.2416,7.75]},"faces":{"east":{"uv":[8.5,8,8.75,8.25],"rotation":270,"texture":"#2"},"west":{"uv":[0.5,9.5,2,10.25],"rotation":270,"texture":"#2"}}},{"from":[5.4211,9.29992,7.2372],"to":[5.6221,9.89992,8.2372],"rotation":{"angle":45,"axis":"x","origin":[6.32135,10.09992,7.5872]},"faces":{"east":{"uv":[8.5,8,8.75,8.25],"rotation":270,"texture":"#2"},"west":{"uv":[0.5,9.5,2,10.25],"rotation":270,"texture":"#2"},"up":{"uv":[0,7,0.5,7.5],"rotation":270,"texture":"#2"}}},{"from":[5.4211,9.29992,7.7628],"to":[5.6221,9.89992,8.7628],"rotation":{"angle":-45,"axis":"x","origin":[6.32135,10.09992,8.4128]},"faces":{"east":{"uv":[8.5,8.25,8.75,8],"rotation":270,"texture":"#2"},"west":{"uv":[0.5,10.25,2,9.5],"rotation":270,"texture":"#2"},"up":{"uv":[0.5,7,0,7.5],"rotation":270,"texture":"#2"}}},{"from":[5.4211,8.3959,7.30315],"to":[5.6211,9.6459,8.60315],"rotation":{"angle":0,"axis":"x","origin":[6.9711,8.3959,6.50315]},"faces":{"east":{"uv":[8.5,8,8.75,8.25],"rotation":270,"texture":"#2"},"west":{"uv":[0.5,9.75,2,10.75],"rotation":270,"texture":"#2"}}},{"from":[5.42,0.3959,8.55],"to":[5.52,0.8959,9.05],"rotation":{"angle":0,"axis":"z","origin":[6.9211,-0.6041,6.65]},"faces":{"west":{"uv":[8.25,2,8.75,2.51],"texture":"#2"}}},{"from":[5.42,-1.3041,6.85],"to":[5.52,-0.8041,7.35],"rotation":{"angle":0,"axis":"z","origin":[6.9211,-0.6041,6.65]},"faces":{"west":{"uv":[8.25,2,8.75,2.51],"texture":"#2"}}},{"from":[5.42,0.3959,6.85],"to":[5.52,0.8959,7.35],"rotation":{"angle":0,"axis":"z","origin":[6.9211,-0.6041,6.65]},"faces":{"west":{"uv":[8.25,2,8.75,2.51],"texture":"#2"}}},{"from":[5.42,2.5959,6.85],"to":[5.52,3.0959,7.35],"rotation":{"angle":0,"axis":"z","origin":[6.9211,-0.6041,6.65]},"faces":{"west":{"uv":[8.25,2,8.75,2.51],"texture":"#2"}}},{"from":[5.42,4.8959,6.85],"to":[5.52,5.3959,7.35],"rotation":{"angle":0,"axis":"z","origin":[6.9211,-0.6041,6.65]},"faces":{"west":{"uv":[8.25,2,8.75,2.51],"texture":"#2"}}},{"from":[5.42,4.8959,8.55],"to":[5.52,5.3959,9.05],"rotation":{"angle":0,"axis":"z","origin":[6.9211,-0.6041,6.65]},"faces":{"west":{"uv":[8.25,2,8.75,2.51],"texture":"#2"}}},{"from":[5.42,2.5959,8.55],"to":[5.52,3.0959,9.05],"rotation":{"angle":0,"axis":"z","origin":[6.9211,-0.6041,6.65]},"faces":{"west":{"uv":[8.25,2,8.75,2.51],"texture":"#2"}}},{"from":[5.4211,7.3959,6.3],"to":[10.7211,7.8969,9.7],"rotation":{"angle":0,"axis":"z","origin":[6.9211,-0.6041,9.6]},"faces":{"up":{"uv":[6.25,8,8,9],"texture":"#2"}}},{"from":[5.8211,7.86282,6.83889],"to":[9.2211,8.76282,8.03989],"rotation":{"angle":0,"axis":"x","origin":[8.0711,12.1464,7]},"faces":{"north":{"uv":[1.25,8.75,3.5,9.5],"texture":"#2"},"south":{"uv":[1.5,7.5,3.75,8.25],"texture":"#2"},"west":{"uv":[3.5,11,4.25,11.75],"rotation":180,"texture":"#2"},"up":{"uv":[3.25,8,5.5,9],"texture":"#2"}}},{"from":[8.74181,7.60571,6.83889],"to":[10.14181,8.50571,8.03889],"rotation":{"angle":-45,"axis":"z","origin":[9.29181,8.05571,7.43939]},"faces":{"north":{"uv":[1.25,8.75,2.25,9.5],"texture":"#2"},"south":{"uv":[1.5,7.5,2.5,8.25],"texture":"#2"},"west":{"uv":[3.5,11,4.25,11.75],"rotation":180,"texture":"#2"},"up":{"uv":[2.5,11,3.5,12],"texture":"#2"}}}]}