{"credit":"thebradqq's guns","textures":{"1":"mgs:gun/metal","2":"mgs:gun/metal_bright","3":"mgs:gun/m16mag","4":"mgs:gun/brass","5":"mgs:gun/copper","6":"mgs:gun/metal_dark","particle":"mgs:gun/m16mag"},"gui_light":"front","display":{"thirdperson_righthand":{"rotation":[20,117,0],"translation":[-0.5,0,0],"scale":[0.11,0.11,0.11]},"thirdperson_lefthand":{"rotation":[22,-72,0],"translation":[-0.5,0,0],"scale":[0.11,0.11,0.11]},"firstperson_righthand":{"rotation":[-71,66,80],"translation":[2.5,0,0],"scale":[0.175,0.175,0.175]},"firstperson_lefthand":{"rotation":[180,-66,168],"translation":[2.5,0,0],"scale":[0.175,0.175,0.175]},"ground":{"translation":[0,3,0],"scale":[0.11,0.11,0.11]},"gui":{"rotation":[0,-180,22],"scale":[0.4,0.4,0.4]},"head":{"scale":[0.22,0.22,0.22]},"fixed":{"rotation":[0,180,0],"translation":[0,0,-1],"scale":[0.22,0.22,0.22]}},"elements":[{"from":[-2.45,6.25,5.4],"to":[14.95,30,10.6],"faces":{"north":{"uv":[0,14,16,0],"rotation":180,"texture":"#3"},"east":{"uv":[11.25,1.5,12.25,5],"rotation":180,"texture":"#1"},"south":{"uv":[16,14,0,0],"rotation":180,"texture":"#3"},"west":{"uv":[12,1.5,13,5],"rotation":180,"texture":"#6"}}},{"from":[-4.65,-14,5.401],"to":[11.4,9.7,10.599],"rotation":{"angle":22.5,"axis":"z","origin":[5.15,13.5,5.9]},"faces":{"north":{"uv":[0,16,16,2],"rotation":180,"texture":"#3"},"east":{"uv":[6,15,9.5,16],"rotation":90,"texture":"#2"},"south":{"uv":[16,16,0,2],"rotation":180,"texture":"#3"},"west":{"uv":[12.25,0,13.25,3.5],"rotation":180,"texture":"#6"},"down":{"uv":[5.5,15,9.5,16],"texture":"#3"}}},{"from":[-2.449,30,5.4],"to":[6.251,31.7,5.8],"rotation":{"angle":22.5,"axis":"x","origin":[6.3,30,5.4]},"faces":{"north":{"uv":[0,4,8,2],"rotation":180,"texture":"#3"},"east":{"uv":[10.5,4.75,12,5],"rotation":90,"texture":"#1"},"south":{"uv":[3,11.5,4.5,12],"texture":"#1"},"west":{"uv":[10.5,4.75,12,5],"rotation":90,"texture":"#1"},"up":{"uv":[12.75,1.75,14.25,2],"rotation":180,"texture":"#1"}}},{"from":[-2.449,30,10.2],"to":[6.251,31.7,10.6],"rotation":{"angle":-22.5,"axis":"x","origin":[6.3,30,10.6]},"faces":{"north":{"uv":[3,11.5,4.5,12],"texture":"#1"},"east":{"uv":[10.5,4.75,12,5],"rotation":90,"texture":"#1"},"south":{"uv":[0,4,8,2],"texture":"#3"},"west":{"uv":[10.5,4.75,12,5],"rotation":90,"texture":"#1"},"up":{"uv":[12.75,1.75,14.25,2],"rotation":180,"texture":"#1"}}},{"from":[-2.449,25.3,10.2],"to":[14.751,30,10.6],"faces":{"north":{"uv":[0.25,15.75,1.75,16],"rotation":90,"texture":"#1"},"up":{"uv":[12.75,1.75,14.25,2],"rotation":180,"texture":"#1"}}},{"from":[-2.449,25.3,5.4],"to":[14.751,30,5.8],"faces":{"south":{"uv":[0.25,15.75,1.75,16],"rotation":90,"texture":"#1"},"up":{"uv":[12.75,1.75,14.25,2],"rotation":180,"texture":"#1"}}},{"from":[14.55,25.3,5.399],"to":[14.95,30,10.599],"faces":{"west":{"uv":[0.25,15.75,1.75,16],"rotation":90,"texture":"#1"},"up":{"uv":[12.75,1.75,14.25,2],"rotation":180,"texture":"#1"}}},{"from":[-2.45,25.3,5.399],"to":[-2.05,30,10.599],"faces":{"east":{"uv":[0.25,15.75,1.75,16],"rotation":90,"texture":"#1"},"up":{"uv":[9.75,4.75,11.25,5],"rotation":90,"texture":"#1"}}},{"from":[-2.35,28.9,5.4],"to":[14.85,29.6,10.6],"faces":{"up":{"uv":[13,8,16,6.75],"texture":"#1"}}},{"from":[-1.95,29.3,6],"to":[8.35,30.5,8.1],"faces":{"north":{"uv":[5.25,5.5,6,4.75],"rotation":180,"texture":"#6"},"east":{"uv":[5.25,5,6,4.25],"rotation":180,"texture":"#6"},"south":{"uv":[5.25,5,6,4.25],"rotation":180,"texture":"#6"},"west":{"uv":[5.25,5,6,4.25],"rotation":180,"texture":"#6"},"up":{"uv":[4.75,5,7.75,4.25],"texture":"#6"}}},{"from":[0.55,22.75,5.399],"to":[3.45,24.5,10.601],"faces":{"north":{"uv":[0,12.75,1.5,11.5],"rotation":180,"texture":"#6"},"south":{"uv":[0,12.75,1.5,11.5],"rotation":180,"texture":"#6"}}}]}