{"credit":"thebradqq's guns","textures":{"1":"mgs:gun/brass","2":"mgs:gun/copper","3":"mgs:gun/metal"},"gui_light":"front","display":{"thirdperson_righthand":{"rotation":[25,111,-23],"translation":[-0.5,1.25,0],"scale":[0.2,0.2,0.2]},"thirdperson_lefthand":{"rotation":[69,-71,65],"translation":[-0.25,0.5,0],"scale":[0.2,0.2,0.2]},"firstperson_righthand":{"rotation":[-87,65,68],"translation":[2,2.25,0],"scale":[0.4,0.4,0.4]},"firstperson_lefthand":{"rotation":[-40,-110,-27],"translation":[3.25,2,0],"scale":[0.4,0.4,0.4]},"ground":{"translation":[0,2.75,0],"scale":[0.2,0.2,0.2]},"gui":{"rotation":[0,180,30],"translation":[2.75,5.25,0],"scale":[0.73,0.73,0.73]},"head":{"scale":[0.4,0.4,0.4]},"fixed":{"rotation":[0,180,0],"translation":[0,2.25,-1],"scale":[0.4,0.4,0.4]}},"elements":[{"from":[5.4539,-11.4314,6.452],"to":[10.9061,-10.5933,9.548],"rotation":{"angle":22.5,"axis":"z","origin":[5.4039,-10.6933,5.93845]},"faces":{"north":{"uv":[3.25,7.75,3.5,9.51],"rotation":270,"texture":"#3"},"east":{"uv":[5,0,6,1],"texture":"#missing"},"south":{"uv":[3.25,9.51,3.5,7.75],"rotation":270,"texture":"#3"},"west":{"uv":[6.25,9.75,6.75,10.25],"texture":"#3"},"down":{"uv":[15,9,16,10],"texture":"#missing"}}},{"from":[4.3303,-12.7892,5.93881],"to":[11.8455,-11.4314,9.9675],"rotation":{"angle":22.5,"axis":"z","origin":[5.4039,-10.6933,6.20855]},"faces":{"north":{"uv":[0,7.75,3,8.25],"texture":"#3"},"east":{"uv":[15.5,7.5,16,8],"texture":"#3"},"south":{"uv":[4,7.75,7,8.25],"texture":"#3"},"west":{"uv":[0.75,7.75,2,8.25],"texture":"#3"},"up":{"uv":[7,10,9.25,11.75],"rotation":270,"texture":"#3"},"down":{"uv":[7,10,9.25,11.75],"rotation":270,"texture":"#3"}}},{"from":[11.8363,-12.7892,6.61115],"to":[12.5165,-11.4314,9.29515],"rotation":{"angle":22.5,"axis":"z","origin":[5.4039,-10.6933,6.20855]},"faces":{"north":{"uv":[8,7.5,8.5,8],"texture":"#3"},"east":{"uv":[0,7.25,0.75,7.75],"texture":"#3"},"south":{"uv":[8,7.5,8.5,8],"texture":"#3"},"up":{"uv":[7.5,11.5,8.75,11.75],"rotation":270,"texture":"#3"},"down":{"uv":[7,11.5,8.25,11.75],"rotation":270,"texture":"#3"}}},{"from":[5.4211,-10.6041,6.45],"to":[5.5211,8.3959,9.55],"rotation":{"angle":0,"axis":"z","origin":[6.9211,-0.6041,6.65]},"faces":{"east":{"uv":[8.5,8,8.75,8.25],"rotation":270,"texture":"#3"},"west":{"uv":[2,10,12.5,11.51],"rotation":270,"texture":"#3"}}},{"from":[5.4211,-6.6041,6.45],"to":[10.7211,8.3969,6.55],"rotation":{"angle":0,"axis":"z","origin":[6.9211,-2.1041,9.35]},"faces":{"south":{"uv":[8.5,8,8.75,8.25],"rotation":270,"texture":"#3"},"up":{"uv":[0,7,0.5,7.5],"rotation":270,"texture":"#3"}}},{"from":[10.7211,-9.3041,6.45],"to":[10.8211,8.3959,9.55],"rotation":{"angle":0,"axis":"z","origin":[6.9211,-0.6041,6.15]},"faces":{"east":{"uv":[2,10.25,12.5,11.76],"rotation":90,"texture":"#3"},"west":{"uv":[8.5,8,8.75,8.25],"rotation":270,"texture":"#3"},"up":{"uv":[0,7,0.5,7.5],"rotation":270,"texture":"#3"}}},{"from":[5.4211,-6.6041,9.45],"to":[10.7211,8.3969,9.55],"rotation":{"angle":0,"axis":"z","origin":[6.9211,-0.6041,6.15]},"faces":{"north":{"uv":[8.5,8,8.75,8.25],"rotation":270,"texture":"#3"},"up":{"uv":[0,7,0.5,7.5],"rotation":270,"texture":"#3"}}},{"from":[5.4211,-10.6041,6.45],"to":[10.8211,8.3959,9.55],"rotation":{"angle":0,"axis":"z","origin":[6.9211,-3.1041,6.15]},"faces":{"north":{"uv":[3.25,7.75,13.75,9.51],"rotation":270,"texture":"#3"},"south":{"uv":[3.25,9.51,13.75,7.75],"rotation":270,"texture":"#3"},"down":{"uv":[0,0,1,1],"texture":"#missing"}}},{"from":[5.4201,7.86712,6.89162],"to":[8.8201,9.66712,7.09162],"rotation":{"angle":22.5,"axis":"x","origin":[6.32035,9.2416,8]},"faces":{"north":{"uv":[12.75,8.25,13.75,9.51],"rotation":270,"texture":"#3"},"east":{"uv":[3,11.5,3.5,12],"rotation":270,"texture":"#3"},"south":{"uv":[8.5,8,8.75,8.25],"rotation":270,"texture":"#3"},"up":{"uv":[0,7,0.5,7.5],"rotation":270,"texture":"#3"},"down":{"uv":[0,0,1,1],"texture":"#missing"}}},{"from":[5.4201,7.86712,8.90838],"to":[8.8201,9.66712,9.10838],"rotation":{"angle":-22.5,"axis":"x","origin":[6.32035,9.2416,8]},"faces":{"north":{"uv":[8.5,8,8.75,8.25],"rotation":270,"texture":"#3"},"east":{"uv":[3,11.5,3.5,12],"rotation":90,"texture":"#3"},"south":{"uv":[12.75,8.25,13.75,9.51],"rotation":90,"texture":"#3"},"up":{"uv":[0,7,0.5,7.5],"rotation":270,"texture":"#3"},"down":{"uv":[0,1,1,0],"texture":"#missing"}}},{"from":[5.4201,7.86712,8.00838],"to":[5.6211,9.66712,9.10838],"rotation":{"angle":-22.5,"axis":"x","origin":[6.32035,9.2416,8]},"faces":{"east":{"uv":[8.5,8,8.75,8.25],"rotation":270,"texture":"#3"},"west":{"uv":[5.5,10.5,7,11.25],"rotation":270,"texture":"#3"},"up":{"uv":[0,7,0.5,7.5],"rotation":270,"texture":"#3"}}},{"from":[5.4201,7.86712,6.89162],"to":[5.6211,9.66712,7.99162],"rotation":{"angle":22.5,"axis":"x","origin":[6.32035,9.2416,8]},"faces":{"east":{"uv":[8.5,8,8.75,8.25],"rotation":270,"texture":"#3"},"west":{"uv":[0.5,9.5,2,10.25],"rotation":270,"texture":"#3"},"up":{"uv":[0,7,0.5,7.5],"rotation":270,"texture":"#3"}}},{"from":[5.4211,8.3959,7.30315],"to":[5.6211,9.6459,8.60315],"rotation":{"angle":0,"axis":"x","origin":[6.9711,8.3959,6.50315]},"faces":{"east":{"uv":[8.5,8,8.75,8.25],"rotation":270,"texture":"#3"},"west":{"uv":[0.5,9.75,2,10.75],"rotation":270,"texture":"#3"}}},{"from":[5.83363,9.46357,7.31412],"to":[6.36464,9.73643,8.68587],"rotation":{"angle":0,"axis":"y","origin":[2.32654,-3.31,8]},"faces":{"north":{"uv":[3.25,5.25,3.75,5.75],"texture":"#1"},"east":{"uv":[0,0,1,1],"rotation":90,"texture":"#missing"},"south":{"uv":[3.25,5.25,3.75,5.75],"texture":"#1"},"west":{"uv":[0,0,1,1],"rotation":270,"texture":"#missing"}}},{"from":[5.72301,8.82563,7.84596],"to":[5.85585,10.37438,8.15403],"rotation":{"angle":0,"axis":"y","origin":[0.08943,9.08,8]},"faces":{"east":{"uv":[12.5,7.5,13,8],"texture":"#1"},"west":{"uv":[8.25,4,8.75,6],"texture":"#1"},"up":{"uv":[3.5,3.75,4,4.25],"rotation":180,"texture":"#1"},"down":{"uv":[6.25,8,6.75,8.25],"rotation":180,"texture":"#1"}}},{"from":[5.70009,9.246,7.92959],"to":[5.78859,9.954,8.07042],"rotation":{"angle":0,"axis":"y","origin":[2.32654,-3.31,8]},"faces":{"west":{"uv":[6.25,4.5,6.75,5.25],"texture":"#1"},"up":{"uv":[3.25,4,3.5,4.5],"texture":"#1"},"down":{"uv":[9.5,8,9.75,8.25],"texture":"#1"}}},{"from":[6.09914,8.82563,7.84596],"to":[9.00014,10.37438,8.15403],"rotation":{"angle":0,"axis":"y","origin":[1.79554,-3.31,8]},"faces":{"east":{"uv":[5.25,10.5,5.75,11],"texture":"#1"},"west":{"uv":[12.5,7.5,13,8],"texture":"#1"},"up":{"uv":[2,3.25,4,3.75],"texture":"#1"},"down":{"uv":[5.5,7.75,7.5,8.25],"rotation":180,"texture":"#1"}}},{"from":[6.09914,8.21343,4.76823],"to":[9.00014,9.76218,5.0763],"rotation":{"angle":22.5,"axis":"x","origin":[1.81514,1.5575,8]},"faces":{"east":{"uv":[5.25,10.5,5.75,11],"texture":"#1"},"west":{"uv":[12.5,7.5,13,8],"texture":"#1"},"up":{"uv":[2,3.75,4,4.25],"texture":"#1"},"down":{"uv":[3,9,5,9.5],"rotation":180,"texture":"#1"}}},{"from":[6.09914,8.21343,10.9237],"to":[9.00014,9.76218,11.23177],"rotation":{"angle":-22.5,"axis":"x","origin":[1.81514,1.5575,8]},"faces":{"east":{"uv":[5.25,10.5,5.75,11],"texture":"#1"},"west":{"uv":[12.5,7.5,13,8],"texture":"#1"},"up":{"uv":[0,3.25,2,3.75],"texture":"#1"},"down":{"uv":[3.5,8,5.5,8.5],"rotation":180,"texture":"#1"}}},{"from":[6.09914,6.47003,2.15906],"to":[9.00014,8.01878,2.46713],"rotation":{"angle":45,"axis":"x","origin":[1.81514,1.5575,8]},"faces":{"east":{"uv":[5.25,10.5,5.75,11],"texture":"#1"},"west":{"uv":[12.5,7.5,13,8],"texture":"#1"},"up":{"uv":[5.25,4.25,7.25,4.75],"texture":"#1"},"down":{"uv":[5.75,5.5,7.75,6],"rotation":180,"texture":"#1"}}},{"from":[6.09914,6.47003,13.53287],"to":[9.00014,8.01878,13.84094],"rotation":{"angle":-45,"axis":"x","origin":[1.81514,1.5575,8]},"faces":{"east":{"uv":[5.25,10.5,5.75,11],"texture":"#1"},"west":{"uv":[12.5,7.5,13,8],"texture":"#1"},"up":{"uv":[1.25,4.25,3.25,4.75],"rotation":180,"texture":"#1"},"down":{"uv":[4.5,5.5,6.5,6],"texture":"#1"}}},{"from":[6.09914,8.83377,10.30336],"to":[9.00014,9.14184,11.85211],"rotation":{"angle":-22.5,"axis":"x","origin":[1.81514,1.5575,8]},"faces":{"north":{"uv":[6.25,5,8.25,5.5],"texture":"#1"},"east":{"uv":[5.25,10.5,5.75,11],"texture":"#1"},"south":{"uv":[5.25,4.75,7.25,5.25],"texture":"#1"},"west":{"uv":[12.5,7.5,13,8],"rotation":90,"texture":"#1"}}},{"from":[6.09914,8.83377,4.14789],"to":[9.00014,9.14184,5.69664],"rotation":{"angle":22.5,"axis":"x","origin":[1.81514,1.5575,8]},"faces":{"north":{"uv":[5.25,4.75,7.25,5.25],"texture":"#1"},"east":{"uv":[5.25,10.5,5.75,11],"texture":"#1"},"south":{"uv":[6.25,5,8.25,5.5],"texture":"#1"},"west":{"uv":[12.5,7.5,13,8],"rotation":270,"texture":"#1"}}},{"from":[6.09914,9.44596,7.22562],"to":[9.00014,9.75404,8.77437],"rotation":{"angle":0,"axis":"y","origin":[1.79554,-3.31,8]},"faces":{"north":{"uv":[3,12.25,5,12.75],"texture":"#1"},"east":{"uv":[5.25,10.5,5.75,11],"texture":"#1"},"south":{"uv":[0,12,2,12.5],"texture":"#1"},"west":{"uv":[12.5,7.5,13,8],"texture":"#1"}}},{"from":[8.68663,8.892,7.85917],"to":[9.50414,10.308,8.14083],"rotation":{"angle":0,"axis":"y","origin":[1.79554,-3.31,8]},"faces":{"east":{"uv":[11,7.5,11.5,8],"texture":"#2"},"up":{"uv":[3.25,4,3.75,4.25],"texture":"#2"},"down":{"uv":[7.75,8,8.25,8.25],"rotation":180,"texture":"#2"}}},{"from":[8.68663,8.2798,10.9369],"to":[9.50414,9.6958,11.21856],"rotation":{"angle":-22.5,"axis":"x","origin":[3.07626,1.5575,8]},"faces":{"east":{"uv":[11,7.5,11.5,8],"texture":"#2"},"up":{"uv":[7.5,4.25,8,4.5],"texture":"#2"},"down":{"uv":[4.25,8,4.75,8.25],"rotation":180,"texture":"#2"}}},{"from":[8.68663,8.2798,4.78144],"to":[9.50414,9.6958,5.0631],"rotation":{"angle":22.5,"axis":"x","origin":[3.07626,1.5575,8]},"faces":{"east":{"uv":[11,7.5,11.5,8],"texture":"#2"},"up":{"uv":[5.5,4.25,6,4.5],"texture":"#2"},"down":{"uv":[4.25,8,4.75,8.25],"texture":"#2"}}},{"from":[8.68663,6.53641,13.54607],"to":[9.50414,7.95241,13.82774],"rotation":{"angle":-45,"axis":"x","origin":[3.07626,1.5575,8]},"faces":{"east":{"uv":[11,7.5,11.5,8],"texture":"#2"},"up":{"uv":[6.5,4.75,7,5],"rotation":180,"texture":"#2"},"down":{"uv":[2.75,9.25,3.25,9.5],"rotation":180,"texture":"#2"}}},{"from":[8.68663,6.53641,2.17226],"to":[9.50414,7.95241,2.45393],"rotation":{"angle":45,"axis":"x","origin":[3.07626,1.5575,8]},"faces":{"east":{"uv":[11,7.5,11.5,8],"texture":"#2"},"up":{"uv":[8.5,4.75,9,5],"texture":"#2"},"down":{"uv":[2.75,9.25,3.25,9.75],"rotation":180,"texture":"#2"}}},{"from":[8.68663,8.84698,4.21427],"to":[9.50414,9.12863,5.63027],"rotation":{"angle":22.5,"axis":"x","origin":[3.07626,1.5575,8]},"faces":{"north":{"uv":[5.5,11.5,6,11.75],"rotation":180,"texture":"#2"},"east":{"uv":[11,7.5,11.5,8],"rotation":90,"texture":"#2"},"south":{"uv":[1.25,9.75,1.75,10],"rotation":180,"texture":"#2"}}},{"from":[8.68663,8.84698,10.36973],"to":[9.50414,9.12863,11.78573],"rotation":{"angle":-22.5,"axis":"x","origin":[3.07626,1.5575,8]},"faces":{"north":{"uv":[2.5,10,3,10.5],"rotation":180,"texture":"#2"},"east":{"uv":[11,7.5,11.5,8],"rotation":270,"texture":"#2"},"south":{"uv":[5.5,11.5,6,11.75],"rotation":180,"texture":"#2"}}},{"from":[8.68663,9.45917,7.292],"to":[9.50414,9.74083,8.708],"rotation":{"angle":0,"axis":"y","origin":[1.79554,-3.31,8]},"faces":{"north":{"uv":[5.5,11,6,11.25],"rotation":180,"texture":"#2"},"east":{"uv":[11,7.5,11.5,8],"texture":"#2"},"south":{"uv":[5.5,11,6,11.25],"rotation":180,"texture":"#2"}}},{"from":[9.50414,8.93625,7.86798],"to":[9.76963,10.26375,8.13202],"rotation":{"angle":0,"axis":"y","origin":[1.79554,-3.31,8]},"faces":{"east":{"uv":[11,7.5,11.5,8],"texture":"#2"},"up":{"uv":[3.25,4,3.75,4.25],"texture":"#2"},"down":{"uv":[7.75,8,8.25,8.25],"rotation":180,"texture":"#2"}}},{"from":[9.50414,8.32405,4.79025],"to":[9.76963,9.65155,5.05429],"rotation":{"angle":22.5,"axis":"x","origin":[3.71789,1.5575,8]},"faces":{"east":{"uv":[11,7.5,11.5,8],"texture":"#2"},"up":{"uv":[12.75,2.25,13.25,2.5],"texture":"#2"},"down":{"uv":[4.25,8,4.75,8.25],"texture":"#2"}}},{"from":[9.50414,8.32405,10.94571],"to":[9.76963,9.65155,11.20975],"rotation":{"angle":-22.5,"axis":"x","origin":[3.71789,1.5575,8]},"faces":{"east":{"uv":[11,7.5,11.5,8],"texture":"#2"},"up":{"uv":[8.5,4.25,9,4.5],"texture":"#2"},"down":{"uv":[4.25,8,4.75,8.25],"rotation":180,"texture":"#2"}}},{"from":[9.50414,6.58066,2.18107],"to":[9.76963,7.90816,2.44512],"rotation":{"angle":45,"axis":"x","origin":[3.71789,1.5575,8]},"faces":{"east":{"uv":[11,7.5,11.5,8],"texture":"#2"},"up":{"uv":[9.25,4.75,9.75,5],"texture":"#2"},"down":{"uv":[2.75,9.25,3.25,9.75],"rotation":180,"texture":"#2"}}},{"from":[9.50414,6.58066,13.55488],"to":[9.76963,7.90816,13.81893],"rotation":{"angle":-45,"axis":"x","origin":[3.71789,1.5575,8]},"faces":{"east":{"uv":[11,7.5,11.5,8],"texture":"#2"},"up":{"uv":[5.75,4.75,6.25,5],"rotation":180,"texture":"#2"},"down":{"uv":[2.75,9.25,3.25,9.5],"rotation":180,"texture":"#2"}}},{"from":[9.50414,8.85578,10.41398],"to":[9.76963,9.11983,11.74148],"rotation":{"angle":-22.5,"axis":"x","origin":[3.71789,1.5575,8]},"faces":{"north":{"uv":[2.5,10,3,10.5],"rotation":180,"texture":"#2"},"east":{"uv":[11,7.5,11.5,8],"rotation":270,"texture":"#2"},"south":{"uv":[6.25,11.5,6.75,11.75],"rotation":180,"texture":"#2"}}},{"from":[9.50414,8.85578,4.25852],"to":[9.76963,9.11983,5.58602],"rotation":{"angle":22.5,"axis":"x","origin":[3.71789,1.5575,8]},"faces":{"north":{"uv":[4.75,11.5,5.25,11.75],"rotation":180,"texture":"#2"},"east":{"uv":[11,7.5,11.5,8],"rotation":90,"texture":"#2"},"south":{"uv":[1.25,9.75,1.75,10],"rotation":180,"texture":"#2"}}},{"from":[9.50414,9.46798,7.33625],"to":[9.76963,9.73202,8.66375],"rotation":{"angle":0,"axis":"y","origin":[1.79554,-3.31,8]},"faces":{"north":{"uv":[5.5,11,6,11.25],"rotation":180,"texture":"#2"},"east":{"uv":[11,7.5,11.5,8],"texture":"#2"},"south":{"uv":[5.5,11,6,11.25],"rotation":180,"texture":"#2"}}},{"from":[9.76963,8.9805,7.87677],"to":[9.99088,10.2195,8.12322],"rotation":{"angle":0,"axis":"y","origin":[1.79554,-3.31,8]},"faces":{"east":{"uv":[11,7.5,11.5,8],"texture":"#2"},"up":{"uv":[3.25,4,3.75,4.25],"texture":"#2"},"down":{"uv":[7.75,8,8.25,8.25],"rotation":180,"texture":"#2"}}},{"from":[9.76963,8.3683,10.95451],"to":[9.99088,9.6073,11.20096],"rotation":{"angle":-22.5,"axis":"x","origin":[4.07189,1.5575,8]},"faces":{"east":{"uv":[11,7.5,11.5,8],"texture":"#2"},"up":{"uv":[8.75,4.25,9.25,4.5],"texture":"#2"},"down":{"uv":[4.25,8,4.75,8.25],"rotation":180,"texture":"#2"}}},{"from":[9.76963,8.3683,4.79904],"to":[9.99088,9.6073,5.04549],"rotation":{"angle":22.5,"axis":"x","origin":[4.07189,1.5575,8]},"faces":{"east":{"uv":[11,7.5,11.5,8],"texture":"#2"},"up":{"uv":[10.5,2.75,11,3],"texture":"#2"},"down":{"uv":[4.25,8,4.75,8.25],"texture":"#2"}}},{"from":[9.76963,6.62491,13.56368],"to":[9.99088,7.86391,13.81013],"rotation":{"angle":-45,"axis":"x","origin":[4.07189,1.5575,8]},"faces":{"east":{"uv":[11,7.5,11.5,8],"texture":"#2"},"up":{"uv":[5.75,4.75,6.25,5],"rotation":180,"texture":"#2"},"down":{"uv":[2.75,9.25,3.25,9.5],"rotation":180,"texture":"#2"}}},{"from":[9.76963,8.86458,4.30277],"to":[9.99088,9.11103,5.54177],"rotation":{"angle":22.5,"axis":"x","origin":[4.07189,1.5575,8]},"faces":{"north":{"uv":[6.75,11.5,7.25,11.75],"rotation":180,"texture":"#2"},"east":{"uv":[11,7.5,11.5,8],"rotation":90,"texture":"#2"},"south":{"uv":[1.25,9.75,1.75,10],"rotation":180,"texture":"#2"}}},{"from":[9.76963,6.62491,2.18987],"to":[9.99088,7.86391,2.43632],"rotation":{"angle":45,"axis":"x","origin":[4.07189,1.5575,8]},"faces":{"east":{"uv":[11,7.5,11.5,8],"texture":"#2"},"up":{"uv":[9,4.75,9.5,5],"texture":"#2"},"down":{"uv":[2.75,9.25,3.25,9.75],"rotation":180,"texture":"#2"}}},{"from":[9.76963,8.86458,10.45823],"to":[9.99088,9.11103,11.69723],"rotation":{"angle":-22.5,"axis":"x","origin":[4.07189,1.5575,8]},"faces":{"north":{"uv":[2.5,10,3,10.5],"rotation":180,"texture":"#2"},"east":{"uv":[11,7.5,11.5,8],"rotation":270,"texture":"#2"},"south":{"uv":[6.25,11.5,6.75,11.75],"rotation":180,"texture":"#2"}}},{"from":[9.76963,9.47678,7.3805],"to":[9.99088,9.72323,8.6195],"rotation":{"angle":0,"axis":"y","origin":[1.79554,-3.31,8]},"faces":{"north":{"uv":[5.5,11,6,11.25],"rotation":180,"texture":"#2"},"east":{"uv":[11,7.5,11.5,8],"texture":"#2"},"south":{"uv":[5.5,11,6,11.25],"rotation":180,"texture":"#2"}}},{"from":[9.99088,9.02475,7.88558],"to":[10.12364,10.17525,8.11442],"rotation":{"angle":0,"axis":"y","origin":[1.79554,-3.31,8]},"faces":{"east":{"uv":[11,7.5,11.5,8],"texture":"#2"},"up":{"uv":[3.25,4,3.75,4.25],"texture":"#2"},"down":{"uv":[7.75,8,8.25,8.25],"rotation":180,"texture":"#2"}}},{"from":[9.99088,8.41255,4.80785],"to":[10.12364,9.56305,5.03669],"rotation":{"angle":22.5,"axis":"x","origin":[3.65151,1.5575,8]},"faces":{"east":{"uv":[11,7.5,11.5,8],"texture":"#2"},"up":{"uv":[11.25,3.25,11.75,3.5],"texture":"#2"},"down":{"uv":[4.25,8,4.75,8.25],"texture":"#2"}}},{"from":[9.99088,8.41255,10.96331],"to":[10.12364,9.56305,11.19215],"rotation":{"angle":-22.5,"axis":"x","origin":[3.65151,1.5575,8]},"faces":{"east":{"uv":[11,7.5,11.5,8],"texture":"#2"},"up":{"uv":[11,3,11.5,3.25],"texture":"#2"},"down":{"uv":[4.25,8,4.75,8.25],"rotation":180,"texture":"#2"}}},{"from":[9.99088,6.66916,2.19867],"to":[10.12364,7.81966,2.42752],"rotation":{"angle":45,"axis":"x","origin":[3.65151,1.5575,8]},"faces":{"east":{"uv":[11,7.5,11.5,8],"texture":"#2"},"up":{"uv":[6.5,4.75,7,5],"texture":"#2"},"down":{"uv":[2.75,9.25,3.25,9.75],"rotation":180,"texture":"#2"}}},{"from":[9.99088,6.66916,13.57248],"to":[10.12364,7.81966,13.80133],"rotation":{"angle":-45,"axis":"x","origin":[3.65151,1.5575,8]},"faces":{"east":{"uv":[11,7.5,11.5,8],"texture":"#2"},"up":{"uv":[8,4.75,8.5,5],"rotation":180,"texture":"#2"},"down":{"uv":[2.75,9.25,3.25,9.5],"rotation":180,"texture":"#2"}}},{"from":[9.99088,8.87338,10.50248],"to":[10.12364,9.10222,11.65298],"rotation":{"angle":-22.5,"axis":"x","origin":[3.65151,1.5575,8]},"faces":{"north":{"uv":[2.5,10,3,10.5],"rotation":180,"texture":"#2"},"east":{"uv":[11,7.5,11.5,8],"rotation":270,"texture":"#2"},"south":{"uv":[7.5,11.5,8,11.75],"rotation":180,"texture":"#2"}}},{"from":[9.99088,8.87338,4.34702],"to":[10.12364,9.10222,5.49752],"rotation":{"angle":22.5,"axis":"x","origin":[3.65151,1.5575,8]},"faces":{"north":{"uv":[7,11.5,7.5,11.75],"rotation":180,"texture":"#2"},"east":{"uv":[11,7.5,11.5,8],"rotation":90,"texture":"#2"},"south":{"uv":[1.25,9.75,1.75,10],"rotation":180,"texture":"#2"}}},{"from":[9.99088,9.48558,7.42475],"to":[10.12364,9.71442,8.57525],"rotation":{"angle":0,"axis":"y","origin":[1.79554,-3.31,8]},"faces":{"north":{"uv":[5.5,11,6,11.25],"rotation":180,"texture":"#2"},"east":{"uv":[11,7.5,11.5,8],"texture":"#2"},"south":{"uv":[5.5,11,6,11.25],"rotation":180,"texture":"#2"}}},{"from":[6.55493,11.54461,7.823],"to":[6.95318,11.98711,8.177],"rotation":{"angle":-22.5,"axis":"z","origin":[3.67364,2.0885,7.92862]},"faces":{"north":{"uv":[6,4.5,6.5,5],"texture":"#2"},"east":{"uv":[7.5,2,8,2.5],"texture":"#2"},"south":{"uv":[5.75,4.5,6.25,5],"texture":"#2"},"up":{"uv":[4,4,4.5,4.5],"texture":"#2"}}},{"from":[12.71039,5.9885,7.823],"to":[13.10864,6.431,8.177],"rotation":{"angle":22.5,"axis":"z","origin":[3.67364,1.0265,7.92862]},"faces":{"north":{"uv":[5,8,5.5,8.5],"rotation":180,"texture":"#2"},"east":{"uv":[7.5,2,8,2.5],"texture":"#2"},"south":{"uv":[5,8,5.5,8.5],"rotation":180,"texture":"#2"},"down":{"uv":[15,8,15.5,8.5],"rotation":180,"texture":"#2"}}},{"from":[9.63266,9.423,10.51256],"to":[10.03091,9.777,10.99931],"rotation":{"angle":22.5,"axis":"y","origin":[3.67364,1.5575,8.531]},"faces":{"east":{"uv":[7.5,2,8,2.5],"texture":"#2"},"south":{"uv":[4.75,11.25,5.25,11.75],"rotation":180,"texture":"#2"},"up":{"uv":[6.5,4.75,7,5.25],"texture":"#2"},"down":{"uv":[9,10.25,9.5,10.75],"rotation":180,"texture":"#2"}}},{"from":[9.63266,9.423,5.00069],"to":[10.03091,9.777,5.48744],"rotation":{"angle":-22.5,"axis":"y","origin":[3.67364,1.5575,7.469]},"faces":{"north":{"uv":[4.75,11.25,5.25,11.75],"rotation":180,"texture":"#2"},"east":{"uv":[7.5,2,8,2.5],"texture":"#2"},"up":{"uv":[6.5,4.75,7,5.25],"rotation":180,"texture":"#2"},"down":{"uv":[9,10.25,9.5,10.75],"rotation":180,"texture":"#2"}}},{"from":[5.7231,8.21343,4.76823],"to":[5.85594,9.76218,5.0763],"rotation":{"angle":22.5,"axis":"x","origin":[0.13359,1.5575,8]},"faces":{"east":{"uv":[12.5,7.5,13,8],"texture":"#1"},"west":{"uv":[7.25,4,7.75,6],"texture":"#1"},"up":{"uv":[3.5,4.25,4,4.75],"texture":"#1"},"down":{"uv":[6.25,8,6.75,8.25],"rotation":180,"texture":"#1"}}},{"from":[5.7231,8.21343,10.9237],"to":[5.85594,9.76218,11.23177],"rotation":{"angle":-22.5,"axis":"x","origin":[0.13359,1.5575,8]},"faces":{"east":{"uv":[12.5,7.5,13,8],"texture":"#1"},"west":{"uv":[7.25,4,7.75,6],"texture":"#1"},"up":{"uv":[3.5,4.25,4,4.75],"rotation":180,"texture":"#1"},"down":{"uv":[6.25,8,6.75,8.25],"rotation":180,"texture":"#1"}}},{"from":[5.72301,6.47003,2.15906],"to":[5.85585,8.01878,2.46713],"rotation":{"angle":45,"axis":"x","origin":[0.13359,1.5575,8]},"faces":{"east":{"uv":[12.5,7.5,13,8],"texture":"#1"},"west":{"uv":[10.75,4.5,11.25,6.5],"texture":"#1"},"up":{"uv":[3.75,4.75,4.25,5.25],"texture":"#1"},"down":{"uv":[6.25,8,6.75,8.25],"rotation":180,"texture":"#1"}}},{"from":[5.72301,6.47003,13.53287],"to":[5.85585,8.01878,13.84094],"rotation":{"angle":-45,"axis":"x","origin":[0.13359,1.5575,8]},"faces":{"east":{"uv":[12.5,7.5,13,8],"texture":"#1"},"west":{"uv":[6.75,4.5,7.25,6.5],"texture":"#1"},"up":{"uv":[7.75,4.75,8.25,5.25],"rotation":180,"texture":"#1"},"down":{"uv":[6.25,8,6.75,8.25],"rotation":180,"texture":"#1"}}},{"from":[5.7231,8.83377,10.30336],"to":[5.85594,9.14184,11.85211],"rotation":{"angle":-22.5,"axis":"x","origin":[0.13359,1.5575,8]},"faces":{"north":{"uv":[6.75,8,7.25,8.5],"rotation":180,"texture":"#1"},"east":{"uv":[12.5,7.5,13,8],"rotation":270,"texture":"#1"},"south":{"uv":[5.25,5.5,5.75,6],"texture":"#1"},"west":{"uv":[0.5,4.75,1,6.75],"rotation":90,"texture":"#1"}}},{"from":[5.7231,8.83377,4.14789],"to":[5.85594,9.14184,5.69664],"rotation":{"angle":22.5,"axis":"x","origin":[0.13359,1.5575,8]},"faces":{"north":{"uv":[6.75,5.5,7.25,6],"texture":"#1"},"east":{"uv":[12.5,7.5,13,8],"rotation":90,"texture":"#1"},"south":{"uv":[6,8,6.5,8.5],"rotation":180,"texture":"#1"},"west":{"uv":[0.75,4.75,1.25,6.75],"rotation":270,"texture":"#1"}}},{"from":[5.72301,9.44596,7.22562],"to":[5.85585,9.75404,8.77437],"rotation":{"angle":0,"axis":"y","origin":[2.32654,-3.31,8]},"faces":{"north":{"uv":[4.25,8.25,4.75,8.75],"rotation":180,"texture":"#1"},"east":{"uv":[12.5,7.5,13,8],"texture":"#1"},"south":{"uv":[6.25,8.25,6.75,8.75],"rotation":180,"texture":"#1"},"west":{"uv":[7.25,9.5,7.75,11.5],"rotation":90,"texture":"#1"}}},{"from":[5.7,8.6338,11.00732],"to":[5.7885,9.3418,11.14815],"rotation":{"angle":-22.5,"axis":"x","origin":[0.04513,1.5575,8]},"faces":{"west":{"uv":[5.25,4.5,5.75,5.25],"texture":"#1"},"up":{"uv":[7.25,4.25,7.5,4.75],"rotation":180,"texture":"#1"},"down":{"uv":[9,8,9.25,8.5],"rotation":180,"texture":"#1"}}},{"from":[5.7,8.6338,4.85186],"to":[5.7885,9.3418,4.99269],"rotation":{"angle":22.5,"axis":"x","origin":[0.04513,1.5575,8]},"faces":{"west":{"uv":[5.25,4.5,5.75,5.25],"texture":"#1"},"up":{"uv":[3.25,4,3.5,4.5],"texture":"#1"},"down":{"uv":[9,8,9.25,8.5],"texture":"#1"}}},{"from":[5.70009,6.89041,13.6165],"to":[5.78859,7.59841,13.75733],"rotation":{"angle":-45,"axis":"x","origin":[0.04513,1.5575,8]},"faces":{"west":{"uv":[6.25,4.5,6.75,5.25],"texture":"#1"},"up":{"uv":[7.25,4.25,7.5,4.75],"rotation":180,"texture":"#1"},"down":{"uv":[6,5.5,6.25,6],"texture":"#1"}}},{"from":[5.70009,6.89041,2.24268],"to":[5.78859,7.59841,2.38352],"rotation":{"angle":45,"axis":"x","origin":[0.04513,1.5575,8]},"faces":{"west":{"uv":[6.25,4.5,6.75,5.25],"texture":"#1"},"up":{"uv":[3.75,4,4,4.5],"texture":"#1"},"down":{"uv":[6,5.5,6.25,6],"texture":"#1"}}},{"from":[5.7,8.91739,4.56827],"to":[5.7885,9.05822,5.27627],"rotation":{"angle":22.5,"axis":"x","origin":[0.04513,1.5575,8]},"faces":{"north":{"uv":[7.25,4.25,7.5,4.75],"texture":"#1"},"south":{"uv":[6.25,5,6.5,5.5],"texture":"#1"},"west":{"uv":[9.25,4.5,9.75,5.25],"rotation":270,"texture":"#1"}}},{"from":[5.7,8.91739,10.72373],"to":[5.7885,9.05822,11.43173],"rotation":{"angle":-22.5,"axis":"x","origin":[0.04513,1.5575,8]},"faces":{"north":{"uv":[6.25,5,6.5,5.5],"texture":"#1"},"south":{"uv":[7.25,4.25,7.5,4.75],"texture":"#1"},"west":{"uv":[9,4.5,9.5,5.25],"rotation":90,"texture":"#1"}}},{"from":[5.70009,9.52959,7.646],"to":[5.78859,9.67042,8.354],"rotation":{"angle":0,"axis":"y","origin":[2.32654,-3.31,8]},"faces":{"north":{"uv":[6.25,4.5,6.5,5],"texture":"#1"},"south":{"uv":[6.25,4.5,6.5,5],"texture":"#1"},"west":{"uv":[6.25,4.5,6.75,5],"texture":"#1"}}},{"from":[5.83363,8.91413,7.86357],"to":[6.36464,10.28587,8.13643],"rotation":{"angle":0,"axis":"y","origin":[0.39914,9.08,8]},"faces":{"east":{"uv":[0,0,1,1],"texture":"#missing"},"west":{"uv":[0,0,1,1],"texture":"#missing"},"up":{"uv":[8.5,4,9,4.5],"rotation":180,"texture":"#1"},"down":{"uv":[5.75,8,6.25,8.25],"texture":"#1"}}},{"from":[5.83363,8.30193,4.78584],"to":[6.36464,9.67368,5.0587],"rotation":{"angle":22.5,"axis":"x","origin":[0.39914,1.5575,8]},"faces":{"east":{"uv":[0,0,1,1],"texture":"#missing"},"west":{"uv":[0,0,1,1],"texture":"#missing"},"up":{"uv":[11,2.5,11.5,3],"rotation":180,"texture":"#1"},"down":{"uv":[5.75,8,6.25,8.25],"texture":"#1"}}},{"from":[5.83363,8.30193,10.9413],"to":[6.36464,9.67368,11.21416],"rotation":{"angle":-22.5,"axis":"x","origin":[0.39914,1.5575,8]},"faces":{"east":{"uv":[0,0,1,1],"texture":"#missing"},"west":{"uv":[0,0,1,1],"texture":"#missing"},"up":{"uv":[8.5,4,9,4.5],"rotation":180,"texture":"#1"},"down":{"uv":[5.75,8,6.25,8.25],"texture":"#1"}}},{"from":[5.83363,6.55853,2.17666],"to":[6.36464,7.93028,2.44952],"rotation":{"angle":45,"axis":"x","origin":[0.39914,1.5575,8]},"faces":{"east":{"uv":[0,0,1,1],"texture":"#missing"},"west":{"uv":[0,0,1,1],"texture":"#missing"},"up":{"uv":[3.25,4.25,3.75,4.75],"texture":"#1"},"down":{"uv":[5.75,8,6.25,8.25],"texture":"#1"}}},{"from":[5.83363,6.55853,13.55048],"to":[6.36464,7.93028,13.82334],"rotation":{"angle":-45,"axis":"x","origin":[0.39914,1.5575,8]},"faces":{"east":{"uv":[0,0,1,1],"texture":"#missing"},"west":{"uv":[0,0,1,1],"texture":"#missing"},"up":{"uv":[3.25,4.25,3.75,4.75],"rotation":180,"texture":"#1"},"down":{"uv":[5.75,8,6.25,8.25],"texture":"#1"}}},{"from":[5.83363,8.85137,10.39186],"to":[6.36464,9.12424,11.76361],"rotation":{"angle":-22.5,"axis":"x","origin":[0.39914,1.5575,8]},"faces":{"north":{"uv":[3,8,3.5,8.5],"rotation":180,"texture":"#1"},"east":{"uv":[0,0,1,1],"rotation":270,"texture":"#missing"},"south":{"uv":[3.25,4.75,3.75,5.25],"texture":"#1"},"west":{"uv":[0,0,1,1],"rotation":90,"texture":"#missing"}}},{"from":[5.83363,8.85137,4.23639],"to":[6.36464,9.12424,5.60814],"rotation":{"angle":22.5,"axis":"x","origin":[0.39914,1.5575,8]},"faces":{"north":{"uv":[3.25,4.75,3.75,5.25],"texture":"#1"},"east":{"uv":[0,0,1,1],"rotation":90,"texture":"#missing"},"south":{"uv":[3,8,3.5,8.5],"rotation":180,"texture":"#1"},"west":{"uv":[0,0,1,1],"rotation":270,"texture":"#missing"}}},{"from":[5.83363,8.03857,7.88912],"to":[6.36464,8.31143,9.26087],"rotation":{"angle":0,"axis":"y","origin":[2.32654,-3.31,8]},"faces":{"north":{"uv":[3.25,5.25,3.75,5.75],"texture":"#1"},"east":{"uv":[0,0,1,1],"rotation":90,"texture":"#missing"},"south":{"uv":[3.25,5.25,3.75,5.75],"texture":"#1"},"west":{"uv":[0,0,1,1],"rotation":270,"texture":"#missing"}}},{"from":[5.72301,7.40063,8.42096],"to":[5.85585,8.94938,8.72903],"rotation":{"angle":0,"axis":"y","origin":[0.08943,9.08,8]},"faces":{"east":{"uv":[12.5,7.5,13,8],"texture":"#1"},"west":{"uv":[8.25,4,8.75,6],"texture":"#1"},"up":{"uv":[3.5,3.75,4,4.25],"rotation":180,"texture":"#1"},"down":{"uv":[6.25,8,6.75,8.25],"rotation":180,"texture":"#1"}}},{"from":[5.70009,7.821,8.50459],"to":[5.78859,8.529,8.64542],"rotation":{"angle":0,"axis":"y","origin":[2.32654,-3.31,8]},"faces":{"west":{"uv":[6.25,4.5,6.75,5.25],"texture":"#1"},"up":{"uv":[3.25,4,3.5,4.5],"texture":"#1"},"down":{"uv":[9.5,8,9.75,8.25],"texture":"#1"}}},{"from":[6.09914,7.40063,8.42096],"to":[9.00014,8.94938,8.72903],"rotation":{"angle":0,"axis":"y","origin":[1.79554,-3.31,8]},"faces":{"east":{"uv":[5.25,10.5,5.75,11],"texture":"#1"},"west":{"uv":[12.5,7.5,13,8],"texture":"#1"},"up":{"uv":[2,3.25,4,3.75],"texture":"#1"},"down":{"uv":[5.5,7.75,7.5,8.25],"rotation":180,"texture":"#1"}}},{"from":[6.09914,7.11694,5.84479],"to":[9.00014,8.66569,6.15286],"rotation":{"angle":22.5,"axis":"x","origin":[1.81514,1.5575,8]},"faces":{"east":{"uv":[5.25,10.5,5.75,11],"texture":"#1"},"west":{"uv":[12.5,7.5,13,8],"texture":"#1"},"up":{"uv":[2,3.75,4,4.25],"texture":"#1"},"down":{"uv":[3,9,5,9.5],"rotation":180,"texture":"#1"}}},{"from":[6.09914,6.67686,10.9096],"to":[9.00014,8.22561,11.21767],"rotation":{"angle":-22.5,"axis":"x","origin":[1.81514,1.5575,8]},"faces":{"east":{"uv":[5.25,10.5,5.75,11],"texture":"#1"},"west":{"uv":[12.5,7.5,13,8],"texture":"#1"},"up":{"uv":[0,3.25,2,3.75],"texture":"#1"},"down":{"uv":[3.5,8,5.5,8.5],"rotation":180,"texture":"#1"}}},{"from":[6.09914,5.86899,3.57327],"to":[9.00014,7.41774,3.88134],"rotation":{"angle":45,"axis":"x","origin":[1.81514,1.5575,8]},"faces":{"east":{"uv":[5.25,10.5,5.75,11],"texture":"#1"},"west":{"uv":[12.5,7.5,13,8],"texture":"#1"},"up":{"uv":[5.25,4.25,7.25,4.75],"texture":"#1"},"down":{"uv":[5.75,5.5,7.75,6],"rotation":180,"texture":"#1"}}},{"from":[6.09914,5.05582,12.93183],"to":[9.00014,6.60457,13.2399],"rotation":{"angle":-45,"axis":"x","origin":[1.81514,1.5575,8]},"faces":{"east":{"uv":[5.25,10.5,5.75,11],"texture":"#1"},"west":{"uv":[12.5,7.5,13,8],"texture":"#1"},"up":{"uv":[1.25,4.25,3.25,4.75],"rotation":180,"texture":"#1"},"down":{"uv":[4.5,5.5,6.5,6],"texture":"#1"}}},{"from":[6.09914,7.2972,10.28926],"to":[9.00014,7.60527,11.83801],"rotation":{"angle":-22.5,"axis":"x","origin":[1.81514,1.5575,8]},"faces":{"north":{"uv":[6.25,5,8.25,5.5],"texture":"#1"},"east":{"uv":[5.25,10.5,5.75,11],"texture":"#1"},"south":{"uv":[5.25,4.75,7.25,5.25],"texture":"#1"},"west":{"uv":[12.5,7.5,13,8],"rotation":90,"texture":"#1"}}},{"from":[6.09914,7.73728,5.22445],"to":[9.00014,8.04535,6.7732],"rotation":{"angle":22.5,"axis":"x","origin":[1.81514,1.5575,8]},"faces":{"north":{"uv":[5.25,4.75,7.25,5.25],"texture":"#1"},"east":{"uv":[5.25,10.5,5.75,11],"texture":"#1"},"south":{"uv":[6.25,5,8.25,5.5],"texture":"#1"},"west":{"uv":[12.5,7.5,13,8],"rotation":270,"texture":"#1"}}},{"from":[6.09914,8.02097,7.80062],"to":[9.00014,8.32904,9.34937],"rotation":{"angle":0,"axis":"y","origin":[1.79554,-3.31,8]},"faces":{"north":{"uv":[3,12.25,5,12.75],"texture":"#1"},"east":{"uv":[5.25,10.5,5.75,11],"texture":"#1"},"south":{"uv":[0,12,2,12.5],"texture":"#1"},"west":{"uv":[12.5,7.5,13,8],"texture":"#1"}}},{"from":[8.68663,7.467,8.43417],"to":[9.50414,8.883,8.71583],"rotation":{"angle":0,"axis":"y","origin":[1.79554,-3.31,8]},"faces":{"east":{"uv":[11,7.5,11.5,8],"texture":"#2"},"up":{"uv":[3.25,4,3.75,4.25],"texture":"#2"},"down":{"uv":[7.75,8,8.25,8.25],"rotation":180,"texture":"#2"}}},{"from":[8.68663,6.74323,10.92281],"to":[9.50414,8.15923,11.20447],"rotation":{"angle":-22.5,"axis":"x","origin":[3.07626,1.5575,8]},"faces":{"east":{"uv":[11,7.5,11.5,8],"texture":"#2"},"up":{"uv":[7.5,4.25,8,4.5],"texture":"#2"},"down":{"uv":[4.25,8,4.75,8.25],"rotation":180,"texture":"#2"}}},{"from":[8.68663,7.18332,5.858],"to":[9.50414,8.59932,6.13965],"rotation":{"angle":22.5,"axis":"x","origin":[3.07626,1.5575,8]},"faces":{"east":{"uv":[11,7.5,11.5,8],"texture":"#2"},"up":{"uv":[5.5,4.25,6,4.5],"texture":"#2"},"down":{"uv":[4.25,8,4.75,8.25],"texture":"#2"}}},{"from":[8.68663,5.12219,12.94503],"to":[9.50414,6.53819,13.22669],"rotation":{"angle":-45,"axis":"x","origin":[3.07626,1.5575,8]},"faces":{"east":{"uv":[11,7.5,11.5,8],"texture":"#2"},"up":{"uv":[6.5,4.75,7,5],"rotation":180,"texture":"#2"},"down":{"uv":[2.75,9.25,3.25,9.5],"rotation":180,"texture":"#2"}}},{"from":[8.68663,5.93537,3.58648],"to":[9.50414,7.35137,3.86814],"rotation":{"angle":45,"axis":"x","origin":[3.07626,1.5575,8]},"faces":{"east":{"uv":[11,7.5,11.5,8],"texture":"#2"},"up":{"uv":[8.5,4.75,9,5],"texture":"#2"},"down":{"uv":[2.75,9.25,3.25,9.75],"rotation":180,"texture":"#2"}}},{"from":[8.68663,7.75049,5.29082],"to":[9.50414,8.03215,6.70682],"rotation":{"angle":22.5,"axis":"x","origin":[3.07626,1.5575,8]},"faces":{"north":{"uv":[5.5,11.5,6,11.75],"rotation":180,"texture":"#2"},"east":{"uv":[11,7.5,11.5,8],"rotation":90,"texture":"#2"},"south":{"uv":[1.25,9.75,1.75,10],"rotation":180,"texture":"#2"}}},{"from":[8.68663,7.31041,10.35564],"to":[9.50414,7.59206,11.77164],"rotation":{"angle":-22.5,"axis":"x","origin":[3.07626,1.5575,8]},"faces":{"north":{"uv":[2.5,10,3,10.5],"rotation":180,"texture":"#2"},"east":{"uv":[11,7.5,11.5,8],"rotation":270,"texture":"#2"},"south":{"uv":[5.5,11.5,6,11.75],"rotation":180,"texture":"#2"}}},{"from":[8.68663,8.03417,7.867],"to":[9.50414,8.31583,9.283],"rotation":{"angle":0,"axis":"y","origin":[1.79554,-3.31,8]},"faces":{"north":{"uv":[5.5,11,6,11.25],"rotation":180,"texture":"#2"},"east":{"uv":[11,7.5,11.5,8],"texture":"#2"},"south":{"uv":[5.5,11,6,11.25],"rotation":180,"texture":"#2"}}},{"from":[9.50414,7.51125,8.44298],"to":[9.76963,8.83875,8.70702],"rotation":{"angle":0,"axis":"y","origin":[1.79554,-3.31,8]},"faces":{"east":{"uv":[11,7.5,11.5,8],"texture":"#2"},"up":{"uv":[3.25,4,3.75,4.25],"texture":"#2"},"down":{"uv":[7.75,8,8.25,8.25],"rotation":180,"texture":"#2"}}},{"from":[9.50414,7.22757,5.8668],"to":[9.76963,8.55507,6.13085],"rotation":{"angle":22.5,"axis":"x","origin":[3.71789,1.5575,8]},"faces":{"east":{"uv":[11,7.5,11.5,8],"texture":"#2"},"up":{"uv":[12.75,2.25,13.25,2.5],"texture":"#2"},"down":{"uv":[4.25,8,4.75,8.25],"texture":"#2"}}},{"from":[9.50414,6.78748,10.93162],"to":[9.76963,8.11498,11.19566],"rotation":{"angle":-22.5,"axis":"x","origin":[3.71789,1.5575,8]},"faces":{"east":{"uv":[11,7.5,11.5,8],"texture":"#2"},"up":{"uv":[8.5,4.25,9,4.5],"texture":"#2"},"down":{"uv":[4.25,8,4.75,8.25],"rotation":180,"texture":"#2"}}},{"from":[9.50414,5.97962,3.59528],"to":[9.76963,7.30712,3.85933],"rotation":{"angle":45,"axis":"x","origin":[3.71789,1.5575,8]},"faces":{"east":{"uv":[11,7.5,11.5,8],"texture":"#2"},"up":{"uv":[9.25,4.75,9.75,5],"texture":"#2"},"down":{"uv":[2.75,9.25,3.25,9.75],"rotation":180,"texture":"#2"}}},{"from":[9.50414,5.16644,12.95384],"to":[9.76963,6.49394,13.21789],"rotation":{"angle":-45,"axis":"x","origin":[3.71789,1.5575,8]},"faces":{"east":{"uv":[11,7.5,11.5,8],"texture":"#2"},"up":{"uv":[5.75,4.75,6.25,5],"rotation":180,"texture":"#2"},"down":{"uv":[2.75,9.25,3.25,9.5],"rotation":180,"texture":"#2"}}},{"from":[9.50414,7.31921,10.39989],"to":[9.76963,7.58326,11.72739],"rotation":{"angle":-22.5,"axis":"x","origin":[3.71789,1.5575,8]},"faces":{"north":{"uv":[2.5,10,3,10.5],"rotation":180,"texture":"#2"},"east":{"uv":[11,7.5,11.5,8],"rotation":270,"texture":"#2"},"south":{"uv":[6.25,11.5,6.75,11.75],"rotation":180,"texture":"#2"}}},{"from":[9.50414,7.7593,5.33507],"to":[9.76963,8.02334,6.66257],"rotation":{"angle":22.5,"axis":"x","origin":[3.71789,1.5575,8]},"faces":{"north":{"uv":[4.75,11.5,5.25,11.75],"rotation":180,"texture":"#2"},"east":{"uv":[11,7.5,11.5,8],"rotation":90,"texture":"#2"},"south":{"uv":[1.25,9.75,1.75,10],"rotation":180,"texture":"#2"}}},{"from":[9.50414,8.04298,7.91125],"to":[9.76963,8.30702,9.23875],"rotation":{"angle":0,"axis":"y","origin":[1.79554,-3.31,8]},"faces":{"north":{"uv":[5.5,11,6,11.25],"rotation":180,"texture":"#2"},"east":{"uv":[11,7.5,11.5,8],"texture":"#2"},"south":{"uv":[5.5,11,6,11.25],"rotation":180,"texture":"#2"}}},{"from":[9.76963,7.5555,8.45177],"to":[9.99088,8.7945,8.69822],"rotation":{"angle":0,"axis":"y","origin":[1.79554,-3.31,8]},"faces":{"east":{"uv":[11,7.5,11.5,8],"texture":"#2"},"up":{"uv":[3.25,4,3.75,4.25],"texture":"#2"},"down":{"uv":[7.75,8,8.25,8.25],"rotation":180,"texture":"#2"}}},{"from":[9.76963,6.83173,10.94041],"to":[9.99088,8.07073,11.18686],"rotation":{"angle":-22.5,"axis":"x","origin":[4.07189,1.5575,8]},"faces":{"east":{"uv":[11,7.5,11.5,8],"texture":"#2"},"up":{"uv":[8.75,4.25,9.25,4.5],"texture":"#2"},"down":{"uv":[4.25,8,4.75,8.25],"rotation":180,"texture":"#2"}}},{"from":[9.76963,7.27182,5.8756],"to":[9.99088,8.51082,6.12205],"rotation":{"angle":22.5,"axis":"x","origin":[4.07189,1.5575,8]},"faces":{"east":{"uv":[11,7.5,11.5,8],"texture":"#2"},"up":{"uv":[10.5,2.75,11,3],"texture":"#2"},"down":{"uv":[4.25,8,4.75,8.25],"texture":"#2"}}},{"from":[9.76963,5.21069,12.96263],"to":[9.99088,6.44969,13.20909],"rotation":{"angle":-45,"axis":"x","origin":[4.07189,1.5575,8]},"faces":{"east":{"uv":[11,7.5,11.5,8],"texture":"#2"},"up":{"uv":[5.75,4.75,6.25,5],"rotation":180,"texture":"#2"},"down":{"uv":[2.75,9.25,3.25,9.5],"rotation":180,"texture":"#2"}}},{"from":[9.76963,7.76809,5.37932],"to":[9.99088,8.01454,6.61832],"rotation":{"angle":22.5,"axis":"x","origin":[4.07189,1.5575,8]},"faces":{"north":{"uv":[6.75,11.5,7.25,11.75],"rotation":180,"texture":"#2"},"east":{"uv":[11,7.5,11.5,8],"rotation":90,"texture":"#2"},"south":{"uv":[1.25,9.75,1.75,10],"rotation":180,"texture":"#2"}}},{"from":[9.76963,6.02387,3.60408],"to":[9.99088,7.26287,3.85054],"rotation":{"angle":45,"axis":"x","origin":[4.07189,1.5575,8]},"faces":{"east":{"uv":[11,7.5,11.5,8],"texture":"#2"},"up":{"uv":[9,4.75,9.5,5],"texture":"#2"},"down":{"uv":[2.75,9.25,3.25,9.75],"rotation":180,"texture":"#2"}}},{"from":[9.76963,7.32801,10.44414],"to":[9.99088,7.57446,11.68314],"rotation":{"angle":-22.5,"axis":"x","origin":[4.07189,1.5575,8]},"faces":{"north":{"uv":[2.5,10,3,10.5],"rotation":180,"texture":"#2"},"east":{"uv":[11,7.5,11.5,8],"rotation":270,"texture":"#2"},"south":{"uv":[6.25,11.5,6.75,11.75],"rotation":180,"texture":"#2"}}},{"from":[9.76963,8.05178,7.9555],"to":[9.99088,8.29823,9.1945],"rotation":{"angle":0,"axis":"y","origin":[1.79554,-3.31,8]},"faces":{"north":{"uv":[5.5,11,6,11.25],"rotation":180,"texture":"#2"},"east":{"uv":[11,7.5,11.5,8],"texture":"#2"},"south":{"uv":[5.5,11,6,11.25],"rotation":180,"texture":"#2"}}},{"from":[9.99088,7.59975,8.46058],"to":[10.12364,8.75025,8.68942],"rotation":{"angle":0,"axis":"y","origin":[1.79554,-3.31,8]},"faces":{"east":{"uv":[11,7.5,11.5,8],"texture":"#2"},"up":{"uv":[3.25,4,3.75,4.25],"texture":"#2"},"down":{"uv":[7.75,8,8.25,8.25],"rotation":180,"texture":"#2"}}},{"from":[9.99088,7.31607,5.8844],"to":[10.12364,8.46657,6.11324],"rotation":{"angle":22.5,"axis":"x","origin":[3.65151,1.5575,8]},"faces":{"east":{"uv":[11,7.5,11.5,8],"texture":"#2"},"up":{"uv":[11.25,3.25,11.75,3.5],"texture":"#2"},"down":{"uv":[4.25,8,4.75,8.25],"texture":"#2"}}},{"from":[9.99088,6.87598,10.94922],"to":[10.12364,8.02648,11.17806],"rotation":{"angle":-22.5,"axis":"x","origin":[3.65151,1.5575,8]},"faces":{"east":{"uv":[11,7.5,11.5,8],"texture":"#2"},"up":{"uv":[11,3,11.5,3.25],"texture":"#2"},"down":{"uv":[4.25,8,4.75,8.25],"rotation":180,"texture":"#2"}}},{"from":[9.99088,6.06812,3.61288],"to":[10.12364,7.21862,3.84173],"rotation":{"angle":45,"axis":"x","origin":[3.65151,1.5575,8]},"faces":{"east":{"uv":[11,7.5,11.5,8],"texture":"#2"},"up":{"uv":[6.5,4.75,7,5],"texture":"#2"},"down":{"uv":[2.75,9.25,3.25,9.75],"rotation":180,"texture":"#2"}}},{"from":[9.99088,5.25494,12.97144],"to":[10.12364,6.40544,13.20029],"rotation":{"angle":-45,"axis":"x","origin":[3.65151,1.5575,8]},"faces":{"east":{"uv":[11,7.5,11.5,8],"texture":"#2"},"up":{"uv":[8,4.75,8.5,5],"rotation":180,"texture":"#2"},"down":{"uv":[2.75,9.25,3.25,9.5],"rotation":180,"texture":"#2"}}},{"from":[9.99088,7.33681,10.48839],"to":[10.12364,7.56565,11.63889],"rotation":{"angle":-22.5,"axis":"x","origin":[3.65151,1.5575,8]},"faces":{"north":{"uv":[2.5,10,3,10.5],"rotation":180,"texture":"#2"},"east":{"uv":[11,7.5,11.5,8],"rotation":270,"texture":"#2"},"south":{"uv":[7.5,11.5,8,11.75],"rotation":180,"texture":"#2"}}},{"from":[9.99088,7.7769,5.42357],"to":[10.12364,8.00574,6.57407],"rotation":{"angle":22.5,"axis":"x","origin":[3.65151,1.5575,8]},"faces":{"north":{"uv":[7,11.5,7.5,11.75],"rotation":180,"texture":"#2"},"east":{"uv":[11,7.5,11.5,8],"rotation":90,"texture":"#2"},"south":{"uv":[1.25,9.75,1.75,10],"rotation":180,"texture":"#2"}}},{"from":[9.99088,8.06058,7.99975],"to":[10.12364,8.28942,9.15025],"rotation":{"angle":0,"axis":"y","origin":[1.79554,-3.31,8]},"faces":{"north":{"uv":[5.5,11,6,11.25],"rotation":180,"texture":"#2"},"east":{"uv":[11,7.5,11.5,8],"texture":"#2"},"south":{"uv":[5.5,11,6,11.25],"rotation":180,"texture":"#2"}}},{"from":[7.10025,10.22808,8.398],"to":[7.4985,10.67058,8.752],"rotation":{"angle":-22.5,"axis":"z","origin":[3.67364,2.0885,7.92862]},"faces":{"north":{"uv":[6,4.5,6.5,5],"texture":"#2"},"east":{"uv":[7.5,2,8,2.5],"texture":"#2"},"south":{"uv":[5.75,4.5,6.25,5],"texture":"#2"},"up":{"uv":[4,4,4.5,4.5],"texture":"#2"}}},{"from":[12.16507,4.67197,8.398],"to":[12.56332,5.11447,8.752],"rotation":{"angle":22.5,"axis":"z","origin":[3.67364,1.0265,7.92862]},"faces":{"north":{"uv":[5,8,5.5,8.5],"rotation":180,"texture":"#2"},"east":{"uv":[7.5,2,8,2.5],"texture":"#2"},"south":{"uv":[5,8,5.5,8.5],"rotation":180,"texture":"#2"},"down":{"uv":[15,8,15.5,8.5],"rotation":180,"texture":"#2"}}},{"from":[9.41262,7.998,11.04379],"to":[9.81087,8.352,11.53054],"rotation":{"angle":22.5,"axis":"y","origin":[3.67364,1.5575,8.531]},"faces":{"east":{"uv":[7.5,2,8,2.5],"texture":"#2"},"south":{"uv":[4.75,11.25,5.25,11.75],"rotation":180,"texture":"#2"},"up":{"uv":[6.5,4.75,7,5.25],"texture":"#2"},"down":{"uv":[9,10.25,9.5,10.75],"rotation":180,"texture":"#2"}}},{"from":[9.8527,7.998,5.53192],"to":[10.25095,8.352,6.01867],"rotation":{"angle":-22.5,"axis":"y","origin":[3.67364,1.5575,7.469]},"faces":{"north":{"uv":[4.75,11.25,5.25,11.75],"rotation":180,"texture":"#2"},"east":{"uv":[7.5,2,8,2.5],"texture":"#2"},"up":{"uv":[6.5,4.75,7,5.25],"rotation":180,"texture":"#2"},"down":{"uv":[9,10.25,9.5,10.75],"rotation":180,"texture":"#2"}}},{"from":[5.7231,7.11694,5.84479],"to":[5.85594,8.66569,6.15286],"rotation":{"angle":22.5,"axis":"x","origin":[0.13359,1.5575,8]},"faces":{"east":{"uv":[12.5,7.5,13,8],"texture":"#1"},"west":{"uv":[7.25,4,7.75,6],"texture":"#1"},"up":{"uv":[3.5,4.25,4,4.75],"texture":"#1"},"down":{"uv":[6.25,8,6.75,8.25],"rotation":180,"texture":"#1"}}},{"from":[5.7231,6.67686,10.9096],"to":[5.85594,8.22561,11.21767],"rotation":{"angle":-22.5,"axis":"x","origin":[0.13359,1.5575,8]},"faces":{"east":{"uv":[12.5,7.5,13,8],"texture":"#1"},"west":{"uv":[7.25,4,7.75,6],"texture":"#1"},"up":{"uv":[3.5,4.25,4,4.75],"rotation":180,"texture":"#1"},"down":{"uv":[6.25,8,6.75,8.25],"rotation":180,"texture":"#1"}}},{"from":[5.72301,5.86899,3.57327],"to":[5.85585,7.41774,3.88134],"rotation":{"angle":45,"axis":"x","origin":[0.13359,1.5575,8]},"faces":{"east":{"uv":[12.5,7.5,13,8],"texture":"#1"},"west":{"uv":[10.75,4.5,11.25,6.5],"texture":"#1"},"up":{"uv":[3.75,4.75,4.25,5.25],"texture":"#1"},"down":{"uv":[6.25,8,6.75,8.25],"rotation":180,"texture":"#1"}}},{"from":[5.72301,5.05582,12.93183],"to":[5.85585,6.60457,13.2399],"rotation":{"angle":-45,"axis":"x","origin":[0.13359,1.5575,8]},"faces":{"east":{"uv":[12.5,7.5,13,8],"texture":"#1"},"west":{"uv":[6.75,4.5,7.25,6.5],"texture":"#1"},"up":{"uv":[7.75,4.75,8.25,5.25],"rotation":180,"texture":"#1"},"down":{"uv":[6.25,8,6.75,8.25],"rotation":180,"texture":"#1"}}},{"from":[5.7231,7.2972,10.28926],"to":[5.85594,7.60527,11.83801],"rotation":{"angle":-22.5,"axis":"x","origin":[0.13359,1.5575,8]},"faces":{"north":{"uv":[6.75,8,7.25,8.5],"rotation":180,"texture":"#1"},"east":{"uv":[12.5,7.5,13,8],"rotation":270,"texture":"#1"},"south":{"uv":[5.25,5.5,5.75,6],"texture":"#1"},"west":{"uv":[0.5,4.75,1,6.75],"rotation":90,"texture":"#1"}}},{"from":[5.7231,7.73728,5.22445],"to":[5.85594,8.04535,6.7732],"rotation":{"angle":22.5,"axis":"x","origin":[0.13359,1.5575,8]},"faces":{"north":{"uv":[6.75,5.5,7.25,6],"texture":"#1"},"east":{"uv":[12.5,7.5,13,8],"rotation":90,"texture":"#1"},"south":{"uv":[6,8,6.5,8.5],"rotation":180,"texture":"#1"},"west":{"uv":[0.75,4.75,1.25,6.75],"rotation":270,"texture":"#1"}}},{"from":[5.72301,8.02097,7.80062],"to":[5.85585,8.32904,9.34937],"rotation":{"angle":0,"axis":"y","origin":[2.32654,-3.31,8]},"faces":{"north":{"uv":[4.25,8.25,4.75,8.75],"rotation":180,"texture":"#1"},"east":{"uv":[12.5,7.5,13,8],"texture":"#1"},"south":{"uv":[6.25,8.25,6.75,8.75],"rotation":180,"texture":"#1"},"west":{"uv":[7.25,9.5,7.75,11.5],"rotation":90,"texture":"#1"}}},{"from":[5.7,7.09723,10.99323],"to":[5.7885,7.80523,11.13406],"rotation":{"angle":-22.5,"axis":"x","origin":[0.04513,1.5575,8]},"faces":{"west":{"uv":[5.25,4.5,5.75,5.25],"texture":"#1"},"up":{"uv":[7.25,4.25,7.5,4.75],"rotation":180,"texture":"#1"},"down":{"uv":[9,8,9.25,8.5],"rotation":180,"texture":"#1"}}},{"from":[5.7,7.53732,5.92841],"to":[5.7885,8.24532,6.06924],"rotation":{"angle":22.5,"axis":"x","origin":[0.04513,1.5575,8]},"faces":{"west":{"uv":[5.25,4.5,5.75,5.25],"texture":"#1"},"up":{"uv":[3.25,4,3.5,4.5],"texture":"#1"},"down":{"uv":[9,8,9.25,8.5],"texture":"#1"}}},{"from":[5.70009,5.47619,13.01546],"to":[5.78859,6.18419,13.15628],"rotation":{"angle":-45,"axis":"x","origin":[0.04513,1.5575,8]},"faces":{"west":{"uv":[6.25,4.5,6.75,5.25],"texture":"#1"},"up":{"uv":[7.25,4.25,7.5,4.75],"rotation":180,"texture":"#1"},"down":{"uv":[6,5.5,6.25,6],"texture":"#1"}}},{"from":[5.70009,6.28937,3.65689],"to":[5.78859,6.99737,3.79773],"rotation":{"angle":45,"axis":"x","origin":[0.04513,1.5575,8]},"faces":{"west":{"uv":[6.25,4.5,6.75,5.25],"texture":"#1"},"up":{"uv":[3.75,4,4,4.5],"texture":"#1"},"down":{"uv":[6,5.5,6.25,6],"texture":"#1"}}},{"from":[5.7,7.82091,5.64482],"to":[5.7885,7.96174,6.35282],"rotation":{"angle":22.5,"axis":"x","origin":[0.04513,1.5575,8]},"faces":{"north":{"uv":[7.25,4.25,7.5,4.75],"texture":"#1"},"south":{"uv":[6.25,5,6.5,5.5],"texture":"#1"},"west":{"uv":[9.25,4.5,9.75,5.25],"rotation":270,"texture":"#1"}}},{"from":[5.7,7.38082,10.70964],"to":[5.7885,7.52165,11.41764],"rotation":{"angle":-22.5,"axis":"x","origin":[0.04513,1.5575,8]},"faces":{"north":{"uv":[6.25,5,6.5,5.5],"texture":"#1"},"south":{"uv":[7.25,4.25,7.5,4.75],"texture":"#1"},"west":{"uv":[9,4.5,9.5,5.25],"rotation":90,"texture":"#1"}}},{"from":[5.70009,8.10459,8.221],"to":[5.78859,8.24542,8.929],"rotation":{"angle":0,"axis":"y","origin":[2.32654,-3.31,8]},"faces":{"north":{"uv":[6.25,4.5,6.5,5],"texture":"#1"},"south":{"uv":[6.25,4.5,6.5,5],"texture":"#1"},"west":{"uv":[6.25,4.5,6.75,5],"texture":"#1"}}},{"from":[5.83363,7.48913,8.43857],"to":[6.36464,8.86088,8.71143],"rotation":{"angle":0,"axis":"y","origin":[0.39914,9.08,8]},"faces":{"east":{"uv":[0,0,1,1],"texture":"#missing"},"west":{"uv":[0,0,1,1],"texture":"#missing"},"up":{"uv":[8.5,4,9,4.5],"rotation":180,"texture":"#1"},"down":{"uv":[5.75,8,6.25,8.25],"texture":"#1"}}},{"from":[5.83363,7.20544,5.86239],"to":[6.36464,8.57719,6.13526],"rotation":{"angle":22.5,"axis":"x","origin":[0.39914,1.5575,8]},"faces":{"east":{"uv":[0,0,1,1],"texture":"#missing"},"west":{"uv":[0,0,1,1],"texture":"#missing"},"up":{"uv":[11,2.5,11.5,3],"rotation":180,"texture":"#1"},"down":{"uv":[5.75,8,6.25,8.25],"texture":"#1"}}},{"from":[5.83363,6.76536,10.92721],"to":[6.36464,8.13711,11.20007],"rotation":{"angle":-22.5,"axis":"x","origin":[0.39914,1.5575,8]},"faces":{"east":{"uv":[0,0,1,1],"texture":"#missing"},"west":{"uv":[0,0,1,1],"texture":"#missing"},"up":{"uv":[8.5,4,9,4.5],"rotation":180,"texture":"#1"},"down":{"uv":[5.75,8,6.25,8.25],"texture":"#1"}}},{"from":[5.83363,5.95749,3.59087],"to":[6.36464,7.32924,3.86374],"rotation":{"angle":45,"axis":"x","origin":[0.39914,1.5575,8]},"faces":{"east":{"uv":[0,0,1,1],"texture":"#missing"},"west":{"uv":[0,0,1,1],"texture":"#missing"},"up":{"uv":[3.25,4.25,3.75,4.75],"texture":"#1"},"down":{"uv":[5.75,8,6.25,8.25],"texture":"#1"}}},{"from":[5.83363,5.14432,12.94943],"to":[6.36464,6.51607,13.2223],"rotation":{"angle":-45,"axis":"x","origin":[0.39914,1.5575,8]},"faces":{"east":{"uv":[0,0,1,1],"texture":"#missing"},"west":{"uv":[0,0,1,1],"texture":"#missing"},"up":{"uv":[3.25,4.25,3.75,4.75],"rotation":180,"texture":"#1"},"down":{"uv":[5.75,8,6.25,8.25],"texture":"#1"}}},{"from":[5.83363,7.3148,10.37776],"to":[6.36464,7.58767,11.74951],"rotation":{"angle":-22.5,"axis":"x","origin":[0.39914,1.5575,8]},"faces":{"north":{"uv":[3,8,3.5,8.5],"rotation":180,"texture":"#1"},"east":{"uv":[0,0,1,1],"rotation":270,"texture":"#missing"},"south":{"uv":[3.25,4.75,3.75,5.25],"texture":"#1"},"west":{"uv":[0,0,1,1],"rotation":90,"texture":"#missing"}}},{"from":[5.83363,7.75489,5.31295],"to":[6.36464,8.02775,6.6847],"rotation":{"angle":22.5,"axis":"x","origin":[0.39914,1.5575,8]},"faces":{"north":{"uv":[3.25,4.75,3.75,5.25],"texture":"#1"},"east":{"uv":[0,0,1,1],"rotation":90,"texture":"#missing"},"south":{"uv":[3,8,3.5,8.5],"rotation":180,"texture":"#1"},"west":{"uv":[0,0,1,1],"rotation":270,"texture":"#missing"}}},{"from":[5.83363,7.11357,6.63912],"to":[6.36464,7.38643,8.01087],"rotation":{"angle":0,"axis":"y","origin":[2.32654,-3.31,8]},"faces":{"north":{"uv":[3.25,5.25,3.75,5.75],"texture":"#1"},"east":{"uv":[0,0,1,1],"rotation":90,"texture":"#missing"},"south":{"uv":[3.25,5.25,3.75,5.75],"texture":"#1"},"west":{"uv":[0,0,1,1],"rotation":270,"texture":"#missing"}}},{"from":[5.72301,6.47563,7.17096],"to":[5.85585,8.02438,7.47903],"rotation":{"angle":0,"axis":"y","origin":[0.08943,9.08,8]},"faces":{"east":{"uv":[12.5,7.5,13,8],"texture":"#1"},"west":{"uv":[8.25,4,8.75,6],"texture":"#1"},"up":{"uv":[3.5,3.75,4,4.25],"rotation":180,"texture":"#1"},"down":{"uv":[6.25,8,6.75,8.25],"rotation":180,"texture":"#1"}}},{"from":[5.70009,6.896,7.25459],"to":[5.78859,7.604,7.39542],"rotation":{"angle":0,"axis":"y","origin":[2.32654,-3.31,8]},"faces":{"west":{"uv":[6.25,4.5,6.75,5.25],"texture":"#1"},"up":{"uv":[3.25,4,3.5,4.5],"texture":"#1"},"down":{"uv":[9.5,8,9.75,8.25],"texture":"#1"}}},{"from":[6.09914,6.47563,7.17096],"to":[9.00014,8.02438,7.47903],"rotation":{"angle":0,"axis":"y","origin":[1.79554,-3.31,8]},"faces":{"east":{"uv":[5.25,10.5,5.75,11],"texture":"#1"},"west":{"uv":[12.5,7.5,13,8],"texture":"#1"},"up":{"uv":[2,3.25,4,3.75],"texture":"#1"},"down":{"uv":[5.5,7.75,7.5,8.25],"rotation":180,"texture":"#1"}}},{"from":[6.09914,5.784,5.04392],"to":[9.00014,7.33275,5.35199],"rotation":{"angle":22.5,"axis":"x","origin":[1.81514,1.5575,8]},"faces":{"east":{"uv":[5.25,10.5,5.75,11],"texture":"#1"},"west":{"uv":[12.5,7.5,13,8],"texture":"#1"},"up":{"uv":[2,3.75,4,4.25],"texture":"#1"},"down":{"uv":[3,9,5,9.5],"rotation":180,"texture":"#1"}}},{"from":[6.09914,6.30062,9.40077],"to":[9.00014,7.84937,9.70884],"rotation":{"angle":-22.5,"axis":"x","origin":[1.81514,1.5575,8]},"faces":{"east":{"uv":[5.25,10.5,5.75,11],"texture":"#1"},"west":{"uv":[12.5,7.5,13,8],"texture":"#1"},"up":{"uv":[0,3.25,2,3.75],"texture":"#1"},"down":{"uv":[3.5,8,5.5,8.5],"rotation":180,"texture":"#1"}}},{"from":[6.09914,4.33104,3.34346],"to":[9.00014,5.87979,3.65153],"rotation":{"angle":45,"axis":"x","origin":[1.81514,1.5575,8]},"faces":{"east":{"uv":[5.25,10.5,5.75,11],"texture":"#1"},"west":{"uv":[12.5,7.5,13,8],"texture":"#1"},"up":{"uv":[5.25,4.25,7.25,4.75],"texture":"#1"},"down":{"uv":[5.75,5.5,7.75,6],"rotation":180,"texture":"#1"}}},{"from":[6.09914,5.28563,11.39388],"to":[9.00014,6.83438,11.70195],"rotation":{"angle":-45,"axis":"x","origin":[1.81514,1.5575,8]},"faces":{"east":{"uv":[5.25,10.5,5.75,11],"texture":"#1"},"west":{"uv":[12.5,7.5,13,8],"texture":"#1"},"up":{"uv":[1.25,4.25,3.25,4.75],"rotation":180,"texture":"#1"},"down":{"uv":[4.5,5.5,6.5,6],"texture":"#1"}}},{"from":[6.09914,6.92096,8.78043],"to":[9.00014,7.22903,10.32918],"rotation":{"angle":-22.5,"axis":"x","origin":[1.81514,1.5575,8]},"faces":{"north":{"uv":[6.25,5,8.25,5.5],"texture":"#1"},"east":{"uv":[5.25,10.5,5.75,11],"texture":"#1"},"south":{"uv":[5.25,4.75,7.25,5.25],"texture":"#1"},"west":{"uv":[12.5,7.5,13,8],"rotation":90,"texture":"#1"}}},{"from":[6.09914,6.40434,4.42358],"to":[9.00014,6.71241,5.97233],"rotation":{"angle":22.5,"axis":"x","origin":[1.81514,1.5575,8]},"faces":{"north":{"uv":[5.25,4.75,7.25,5.25],"texture":"#1"},"east":{"uv":[5.25,10.5,5.75,11],"texture":"#1"},"south":{"uv":[6.25,5,8.25,5.5],"texture":"#1"},"west":{"uv":[12.5,7.5,13,8],"rotation":270,"texture":"#1"}}},{"from":[6.09914,7.09597,6.55062],"to":[9.00014,7.40404,8.09937],"rotation":{"angle":0,"axis":"y","origin":[1.79554,-3.31,8]},"faces":{"north":{"uv":[3,12.25,5,12.75],"texture":"#1"},"east":{"uv":[5.25,10.5,5.75,11],"texture":"#1"},"south":{"uv":[0,12,2,12.5],"texture":"#1"},"west":{"uv":[12.5,7.5,13,8],"texture":"#1"}}},{"from":[8.68663,6.542,7.18417],"to":[9.50414,7.958,7.46583],"rotation":{"angle":0,"axis":"y","origin":[1.79554,-3.31,8]},"faces":{"east":{"uv":[11,7.5,11.5,8],"texture":"#2"},"up":{"uv":[3.25,4,3.75,4.25],"texture":"#2"},"down":{"uv":[7.75,8,8.25,8.25],"rotation":180,"texture":"#2"}}},{"from":[8.68663,6.367,9.41398],"to":[9.50414,7.783,9.69563],"rotation":{"angle":-22.5,"axis":"x","origin":[3.07626,1.5575,8]},"faces":{"east":{"uv":[11,7.5,11.5,8],"texture":"#2"},"up":{"uv":[7.5,4.25,8,4.5],"texture":"#2"},"down":{"uv":[4.25,8,4.75,8.25],"rotation":180,"texture":"#2"}}},{"from":[8.68663,5.85038,5.05713],"to":[9.50414,7.26638,5.33878],"rotation":{"angle":22.5,"axis":"x","origin":[3.07626,1.5575,8]},"faces":{"east":{"uv":[11,7.5,11.5,8],"texture":"#2"},"up":{"uv":[5.5,4.25,6,4.5],"texture":"#2"},"down":{"uv":[4.25,8,4.75,8.25],"texture":"#2"}}},{"from":[8.68663,5.352,11.40708],"to":[9.50414,6.768,11.68874],"rotation":{"angle":-45,"axis":"x","origin":[3.07626,1.5575,8]},"faces":{"east":{"uv":[11,7.5,11.5,8],"texture":"#2"},"up":{"uv":[6.5,4.75,7,5],"rotation":180,"texture":"#2"},"down":{"uv":[2.75,9.25,3.25,9.5],"rotation":180,"texture":"#2"}}},{"from":[8.68663,4.39741,3.35667],"to":[9.50414,5.81341,3.63833],"rotation":{"angle":45,"axis":"x","origin":[3.07626,1.5575,8]},"faces":{"east":{"uv":[11,7.5,11.5,8],"texture":"#2"},"up":{"uv":[8.5,4.75,9,5],"texture":"#2"},"down":{"uv":[2.75,9.25,3.25,9.75],"rotation":180,"texture":"#2"}}},{"from":[8.68663,6.41755,4.48996],"to":[9.50414,6.6992,5.90596],"rotation":{"angle":22.5,"axis":"x","origin":[3.07626,1.5575,8]},"faces":{"north":{"uv":[5.5,11.5,6,11.75],"rotation":180,"texture":"#2"},"east":{"uv":[11,7.5,11.5,8],"rotation":90,"texture":"#2"},"south":{"uv":[1.25,9.75,1.75,10],"rotation":180,"texture":"#2"}}},{"from":[8.68663,6.93417,8.84681],"to":[9.50414,7.21583,10.26281],"rotation":{"angle":-22.5,"axis":"x","origin":[3.07626,1.5575,8]},"faces":{"north":{"uv":[2.5,10,3,10.5],"rotation":180,"texture":"#2"},"east":{"uv":[11,7.5,11.5,8],"rotation":270,"texture":"#2"},"south":{"uv":[5.5,11.5,6,11.75],"rotation":180,"texture":"#2"}}},{"from":[8.68663,7.10917,6.617],"to":[9.50414,7.39083,8.033],"rotation":{"angle":0,"axis":"y","origin":[1.79554,-3.31,8]},"faces":{"north":{"uv":[5.5,11,6,11.25],"rotation":180,"texture":"#2"},"east":{"uv":[11,7.5,11.5,8],"texture":"#2"},"south":{"uv":[5.5,11,6,11.25],"rotation":180,"texture":"#2"}}},{"from":[9.50414,6.58625,7.19298],"to":[9.76963,7.91375,7.45702],"rotation":{"angle":0,"axis":"y","origin":[1.79554,-3.31,8]},"faces":{"east":{"uv":[11,7.5,11.5,8],"texture":"#2"},"up":{"uv":[3.25,4,3.75,4.25],"texture":"#2"},"down":{"uv":[7.75,8,8.25,8.25],"rotation":180,"texture":"#2"}}},{"from":[9.50414,5.89463,5.06593],"to":[9.76963,7.22213,5.32998],"rotation":{"angle":22.5,"axis":"x","origin":[3.71789,1.5575,8]},"faces":{"east":{"uv":[11,7.5,11.5,8],"texture":"#2"},"up":{"uv":[12.75,2.25,13.25,2.5],"texture":"#2"},"down":{"uv":[4.25,8,4.75,8.25],"texture":"#2"}}},{"from":[9.50414,6.41125,9.42278],"to":[9.76963,7.73875,9.68683],"rotation":{"angle":-22.5,"axis":"x","origin":[3.71789,1.5575,8]},"faces":{"east":{"uv":[11,7.5,11.5,8],"texture":"#2"},"up":{"uv":[8.5,4.25,9,4.5],"texture":"#2"},"down":{"uv":[4.25,8,4.75,8.25],"rotation":180,"texture":"#2"}}},{"from":[9.50414,4.44166,3.36547],"to":[9.76963,5.76916,3.62953],"rotation":{"angle":45,"axis":"x","origin":[3.71789,1.5575,8]},"faces":{"east":{"uv":[11,7.5,11.5,8],"texture":"#2"},"up":{"uv":[9.25,4.75,9.75,5],"texture":"#2"},"down":{"uv":[2.75,9.25,3.25,9.75],"rotation":180,"texture":"#2"}}},{"from":[9.50414,5.39625,11.41588],"to":[9.76963,6.72375,11.67993],"rotation":{"angle":-45,"axis":"x","origin":[3.71789,1.5575,8]},"faces":{"east":{"uv":[11,7.5,11.5,8],"texture":"#2"},"up":{"uv":[5.75,4.75,6.25,5],"rotation":180,"texture":"#2"},"down":{"uv":[2.75,9.25,3.25,9.5],"rotation":180,"texture":"#2"}}},{"from":[9.50414,6.94298,8.89106],"to":[9.76963,7.20702,10.21856],"rotation":{"angle":-22.5,"axis":"x","origin":[3.71789,1.5575,8]},"faces":{"north":{"uv":[2.5,10,3,10.5],"rotation":180,"texture":"#2"},"east":{"uv":[11,7.5,11.5,8],"rotation":270,"texture":"#2"},"south":{"uv":[6.25,11.5,6.75,11.75],"rotation":180,"texture":"#2"}}},{"from":[9.50414,6.42635,4.53421],"to":[9.76963,6.6904,5.86171],"rotation":{"angle":22.5,"axis":"x","origin":[3.71789,1.5575,8]},"faces":{"north":{"uv":[4.75,11.5,5.25,11.75],"rotation":180,"texture":"#2"},"east":{"uv":[11,7.5,11.5,8],"rotation":90,"texture":"#2"},"south":{"uv":[1.25,9.75,1.75,10],"rotation":180,"texture":"#2"}}},{"from":[9.50414,7.11798,6.66125],"to":[9.76963,7.38202,7.98875],"rotation":{"angle":0,"axis":"y","origin":[1.79554,-3.31,8]},"faces":{"north":{"uv":[5.5,11,6,11.25],"rotation":180,"texture":"#2"},"east":{"uv":[11,7.5,11.5,8],"texture":"#2"},"south":{"uv":[5.5,11,6,11.25],"rotation":180,"texture":"#2"}}},{"from":[9.76963,6.6305,7.20177],"to":[9.99088,7.8695,7.44822],"rotation":{"angle":0,"axis":"y","origin":[1.79554,-3.31,8]},"faces":{"east":{"uv":[11,7.5,11.5,8],"texture":"#2"},"up":{"uv":[3.25,4,3.75,4.25],"texture":"#2"},"down":{"uv":[7.75,8,8.25,8.25],"rotation":180,"texture":"#2"}}},{"from":[9.76963,6.4555,9.43158],"to":[9.99088,7.6945,9.67803],"rotation":{"angle":-22.5,"axis":"x","origin":[4.07189,1.5575,8]},"faces":{"east":{"uv":[11,7.5,11.5,8],"texture":"#2"},"up":{"uv":[8.75,4.25,9.25,4.5],"texture":"#2"},"down":{"uv":[4.25,8,4.75,8.25],"rotation":180,"texture":"#2"}}},{"from":[9.76963,5.93888,5.07473],"to":[9.99088,7.17788,5.32118],"rotation":{"angle":22.5,"axis":"x","origin":[4.07189,1.5575,8]},"faces":{"east":{"uv":[11,7.5,11.5,8],"texture":"#2"},"up":{"uv":[10.5,2.75,11,3],"texture":"#2"},"down":{"uv":[4.25,8,4.75,8.25],"texture":"#2"}}},{"from":[9.76963,5.4405,11.42468],"to":[9.99088,6.6795,11.67114],"rotation":{"angle":-45,"axis":"x","origin":[4.07189,1.5575,8]},"faces":{"east":{"uv":[11,7.5,11.5,8],"texture":"#2"},"up":{"uv":[5.75,4.75,6.25,5],"rotation":180,"texture":"#2"},"down":{"uv":[2.75,9.25,3.25,9.5],"rotation":180,"texture":"#2"}}},{"from":[9.76963,6.43515,4.57846],"to":[9.99088,6.6816,5.81746],"rotation":{"angle":22.5,"axis":"x","origin":[4.07189,1.5575,8]},"faces":{"north":{"uv":[6.75,11.5,7.25,11.75],"rotation":180,"texture":"#2"},"east":{"uv":[11,7.5,11.5,8],"rotation":90,"texture":"#2"},"south":{"uv":[1.25,9.75,1.75,10],"rotation":180,"texture":"#2"}}},{"from":[9.76963,4.48591,3.37427],"to":[9.99088,5.72491,3.62073],"rotation":{"angle":45,"axis":"x","origin":[4.07189,1.5575,8]},"faces":{"east":{"uv":[11,7.5,11.5,8],"texture":"#2"},"up":{"uv":[9,4.75,9.5,5],"texture":"#2"},"down":{"uv":[2.75,9.25,3.25,9.75],"rotation":180,"texture":"#2"}}},{"from":[9.76963,6.95177,8.93531],"to":[9.99088,7.19822,10.17431],"rotation":{"angle":-22.5,"axis":"x","origin":[4.07189,1.5575,8]},"faces":{"north":{"uv":[2.5,10,3,10.5],"rotation":180,"texture":"#2"},"east":{"uv":[11,7.5,11.5,8],"rotation":270,"texture":"#2"},"south":{"uv":[6.25,11.5,6.75,11.75],"rotation":180,"texture":"#2"}}},{"from":[9.76963,7.12678,6.7055],"to":[9.99088,7.37323,7.9445],"rotation":{"angle":0,"axis":"y","origin":[1.79554,-3.31,8]},"faces":{"north":{"uv":[5.5,11,6,11.25],"rotation":180,"texture":"#2"},"east":{"uv":[11,7.5,11.5,8],"texture":"#2"},"south":{"uv":[5.5,11,6,11.25],"rotation":180,"texture":"#2"}}},{"from":[9.99088,6.67475,7.21058],"to":[10.12364,7.82525,7.43942],"rotation":{"angle":0,"axis":"y","origin":[1.79554,-3.31,8]},"faces":{"east":{"uv":[11,7.5,11.5,8],"texture":"#2"},"up":{"uv":[3.25,4,3.75,4.25],"texture":"#2"},"down":{"uv":[7.75,8,8.25,8.25],"rotation":180,"texture":"#2"}}},{"from":[9.99088,5.98313,5.08354],"to":[10.12364,7.13363,5.31238],"rotation":{"angle":22.5,"axis":"x","origin":[3.65151,1.5575,8]},"faces":{"east":{"uv":[11,7.5,11.5,8],"texture":"#2"},"up":{"uv":[11.25,3.25,11.75,3.5],"texture":"#2"},"down":{"uv":[4.25,8,4.75,8.25],"texture":"#2"}}},{"from":[9.99088,6.49975,9.44039],"to":[10.12364,7.65025,9.66923],"rotation":{"angle":-22.5,"axis":"x","origin":[3.65151,1.5575,8]},"faces":{"east":{"uv":[11,7.5,11.5,8],"texture":"#2"},"up":{"uv":[11,3,11.5,3.25],"texture":"#2"},"down":{"uv":[4.25,8,4.75,8.25],"rotation":180,"texture":"#2"}}},{"from":[9.99088,4.53016,3.38308],"to":[10.12364,5.68066,3.61192],"rotation":{"angle":45,"axis":"x","origin":[3.65151,1.5575,8]},"faces":{"east":{"uv":[11,7.5,11.5,8],"texture":"#2"},"up":{"uv":[6.5,4.75,7,5],"texture":"#2"},"down":{"uv":[2.75,9.25,3.25,9.75],"rotation":180,"texture":"#2"}}},{"from":[9.99088,5.48475,11.43348],"to":[10.12364,6.63525,11.66233],"rotation":{"angle":-45,"axis":"x","origin":[3.65151,1.5575,8]},"faces":{"east":{"uv":[11,7.5,11.5,8],"texture":"#2"},"up":{"uv":[8,4.75,8.5,5],"rotation":180,"texture":"#2"},"down":{"uv":[2.75,9.25,3.25,9.5],"rotation":180,"texture":"#2"}}},{"from":[9.99088,6.96058,8.97956],"to":[10.12364,7.18942,10.13006],"rotation":{"angle":-22.5,"axis":"x","origin":[3.65151,1.5575,8]},"faces":{"north":{"uv":[2.5,10,3,10.5],"rotation":180,"texture":"#2"},"east":{"uv":[11,7.5,11.5,8],"rotation":270,"texture":"#2"},"south":{"uv":[7.5,11.5,8,11.75],"rotation":180,"texture":"#2"}}},{"from":[9.99088,6.44396,4.62271],"to":[10.12364,6.6728,5.77321],"rotation":{"angle":22.5,"axis":"x","origin":[3.65151,1.5575,8]},"faces":{"north":{"uv":[7,11.5,7.5,11.75],"rotation":180,"texture":"#2"},"east":{"uv":[11,7.5,11.5,8],"rotation":90,"texture":"#2"},"south":{"uv":[1.25,9.75,1.75,10],"rotation":180,"texture":"#2"}}},{"from":[9.99088,7.13558,6.74975],"to":[10.12364,7.36442,7.90025],"rotation":{"angle":0,"axis":"y","origin":[1.79554,-3.31,8]},"faces":{"north":{"uv":[5.5,11,6,11.25],"rotation":180,"texture":"#2"},"east":{"uv":[11,7.5,11.5,8],"texture":"#2"},"south":{"uv":[5.5,11,6,11.25],"rotation":180,"texture":"#2"}}},{"from":[7.45423,9.37349,7.148],"to":[7.85248,9.81599,7.502],"rotation":{"angle":-22.5,"axis":"z","origin":[3.67364,2.0885,7.92862]},"faces":{"north":{"uv":[6,4.5,6.5,5],"texture":"#2"},"east":{"uv":[7.5,2,8,2.5],"texture":"#2"},"south":{"uv":[5.75,4.5,6.25,5],"texture":"#2"},"up":{"uv":[4,4,4.5,4.5],"texture":"#2"}}},{"from":[11.81108,3.81738,7.148],"to":[12.20933,4.25988,7.502],"rotation":{"angle":22.5,"axis":"z","origin":[3.67364,1.0265,7.92862]},"faces":{"north":{"uv":[5,8,5.5,8.5],"rotation":180,"texture":"#2"},"east":{"uv":[7.5,2,8,2.5],"texture":"#2"},"south":{"uv":[5,8,5.5,8.5],"rotation":180,"texture":"#2"},"down":{"uv":[15,8,15.5,8.5],"rotation":180,"texture":"#2"}}},{"from":[9.89097,7.073,9.88894],"to":[10.28922,7.427,10.37569],"rotation":{"angle":22.5,"axis":"y","origin":[3.67364,1.5575,8.531]},"faces":{"east":{"uv":[7.5,2,8,2.5],"texture":"#2"},"south":{"uv":[4.75,11.25,5.25,11.75],"rotation":180,"texture":"#2"},"up":{"uv":[6.5,4.75,7,5.25],"texture":"#2"},"down":{"uv":[9,10.25,9.5,10.75],"rotation":180,"texture":"#2"}}},{"from":[9.37435,7.073,4.37708],"to":[9.7726,7.427,4.86383],"rotation":{"angle":-22.5,"axis":"y","origin":[3.67364,1.5575,7.469]},"faces":{"north":{"uv":[4.75,11.25,5.25,11.75],"rotation":180,"texture":"#2"},"east":{"uv":[7.5,2,8,2.5],"texture":"#2"},"up":{"uv":[6.5,4.75,7,5.25],"rotation":180,"texture":"#2"},"down":{"uv":[9,10.25,9.5,10.75],"rotation":180,"texture":"#2"}}},{"from":[5.7231,5.784,5.04392],"to":[5.85594,7.33275,5.35199],"rotation":{"angle":22.5,"axis":"x","origin":[0.13359,1.5575,8]},"faces":{"east":{"uv":[12.5,7.5,13,8],"texture":"#1"},"west":{"uv":[7.25,4,7.75,6],"texture":"#1"},"up":{"uv":[3.5,4.25,4,4.75],"texture":"#1"},"down":{"uv":[6.25,8,6.75,8.25],"rotation":180,"texture":"#1"}}},{"from":[5.7231,6.30062,9.40077],"to":[5.85594,7.84937,9.70884],"rotation":{"angle":-22.5,"axis":"x","origin":[0.13359,1.5575,8]},"faces":{"east":{"uv":[12.5,7.5,13,8],"texture":"#1"},"west":{"uv":[7.25,4,7.75,6],"texture":"#1"},"up":{"uv":[3.5,4.25,4,4.75],"rotation":180,"texture":"#1"},"down":{"uv":[6.25,8,6.75,8.25],"rotation":180,"texture":"#1"}}},{"from":[5.72301,4.33104,3.34346],"to":[5.85585,5.87979,3.65153],"rotation":{"angle":45,"axis":"x","origin":[0.13359,1.5575,8]},"faces":{"east":{"uv":[12.5,7.5,13,8],"texture":"#1"},"west":{"uv":[10.75,4.5,11.25,6.5],"texture":"#1"},"up":{"uv":[3.75,4.75,4.25,5.25],"texture":"#1"},"down":{"uv":[6.25,8,6.75,8.25],"rotation":180,"texture":"#1"}}},{"from":[5.72301,5.28563,11.39388],"to":[5.85585,6.83438,11.70195],"rotation":{"angle":-45,"axis":"x","origin":[0.13359,1.5575,8]},"faces":{"east":{"uv":[12.5,7.5,13,8],"texture":"#1"},"west":{"uv":[6.75,4.5,7.25,6.5],"texture":"#1"},"up":{"uv":[7.75,4.75,8.25,5.25],"rotation":180,"texture":"#1"},"down":{"uv":[6.25,8,6.75,8.25],"rotation":180,"texture":"#1"}}},{"from":[5.7231,6.92096,8.78043],"to":[5.85594,7.22903,10.32918],"rotation":{"angle":-22.5,"axis":"x","origin":[0.13359,1.5575,8]},"faces":{"north":{"uv":[6.75,8,7.25,8.5],"rotation":180,"texture":"#1"},"east":{"uv":[12.5,7.5,13,8],"rotation":270,"texture":"#1"},"south":{"uv":[5.25,5.5,5.75,6],"texture":"#1"},"west":{"uv":[0.5,4.75,1,6.75],"rotation":90,"texture":"#1"}}},{"from":[5.7231,6.40434,4.42358],"to":[5.85594,6.71241,5.97233],"rotation":{"angle":22.5,"axis":"x","origin":[0.13359,1.5575,8]},"faces":{"north":{"uv":[6.75,5.5,7.25,6],"texture":"#1"},"east":{"uv":[12.5,7.5,13,8],"rotation":90,"texture":"#1"},"south":{"uv":[6,8,6.5,8.5],"rotation":180,"texture":"#1"},"west":{"uv":[0.75,4.75,1.25,6.75],"rotation":270,"texture":"#1"}}},{"from":[5.72301,7.09597,6.55062],"to":[5.85585,7.40404,8.09937],"rotation":{"angle":0,"axis":"y","origin":[2.32654,-3.31,8]},"faces":{"north":{"uv":[4.25,8.25,4.75,8.75],"rotation":180,"texture":"#1"},"east":{"uv":[12.5,7.5,13,8],"texture":"#1"},"south":{"uv":[6.25,8.25,6.75,8.75],"rotation":180,"texture":"#1"},"west":{"uv":[7.25,9.5,7.75,11.5],"rotation":90,"texture":"#1"}}},{"from":[5.7,6.721,9.4844],"to":[5.7885,7.429,9.62522],"rotation":{"angle":-22.5,"axis":"x","origin":[0.04513,1.5575,8]},"faces":{"west":{"uv":[5.25,4.5,5.75,5.25],"texture":"#1"},"up":{"uv":[7.25,4.25,7.5,4.75],"rotation":180,"texture":"#1"},"down":{"uv":[9,8,9.25,8.5],"rotation":180,"texture":"#1"}}},{"from":[5.7,6.20438,5.12755],"to":[5.7885,6.91238,5.26837],"rotation":{"angle":22.5,"axis":"x","origin":[0.04513,1.5575,8]},"faces":{"west":{"uv":[5.25,4.5,5.75,5.25],"texture":"#1"},"up":{"uv":[3.25,4,3.5,4.5],"texture":"#1"},"down":{"uv":[9,8,9.25,8.5],"texture":"#1"}}},{"from":[5.70009,5.706,11.4775],"to":[5.78859,6.414,11.61833],"rotation":{"angle":-45,"axis":"x","origin":[0.04513,1.5575,8]},"faces":{"west":{"uv":[6.25,4.5,6.75,5.25],"texture":"#1"},"up":{"uv":[7.25,4.25,7.5,4.75],"rotation":180,"texture":"#1"},"down":{"uv":[6,5.5,6.25,6],"texture":"#1"}}},{"from":[5.70009,4.75141,3.42709],"to":[5.78859,5.45941,3.56792],"rotation":{"angle":45,"axis":"x","origin":[0.04513,1.5575,8]},"faces":{"west":{"uv":[6.25,4.5,6.75,5.25],"texture":"#1"},"up":{"uv":[3.75,4,4,4.5],"texture":"#1"},"down":{"uv":[6,5.5,6.25,6],"texture":"#1"}}},{"from":[5.7,6.48797,4.84396],"to":[5.7885,6.62879,5.55196],"rotation":{"angle":22.5,"axis":"x","origin":[0.04513,1.5575,8]},"faces":{"north":{"uv":[7.25,4.25,7.5,4.75],"texture":"#1"},"south":{"uv":[6.25,5,6.5,5.5],"texture":"#1"},"west":{"uv":[9.25,4.5,9.75,5.25],"rotation":270,"texture":"#1"}}},{"from":[5.7,7.00459,9.20081],"to":[5.7885,7.14542,9.90881],"rotation":{"angle":-22.5,"axis":"x","origin":[0.04513,1.5575,8]},"faces":{"north":{"uv":[6.25,5,6.5,5.5],"texture":"#1"},"south":{"uv":[7.25,4.25,7.5,4.75],"texture":"#1"},"west":{"uv":[9,4.5,9.5,5.25],"rotation":90,"texture":"#1"}}},{"from":[5.70009,7.17959,6.971],"to":[5.78859,7.32042,7.679],"rotation":{"angle":0,"axis":"y","origin":[2.32654,-3.31,8]},"faces":{"north":{"uv":[6.25,4.5,6.5,5],"texture":"#1"},"south":{"uv":[6.25,4.5,6.5,5],"texture":"#1"},"west":{"uv":[6.25,4.5,6.75,5],"texture":"#1"}}},{"from":[5.83363,6.56413,7.18857],"to":[6.36464,7.93588,7.46143],"rotation":{"angle":0,"axis":"y","origin":[0.39914,9.08,8]},"faces":{"east":{"uv":[0,0,1,1],"texture":"#missing"},"west":{"uv":[0,0,1,1],"texture":"#missing"},"up":{"uv":[8.5,4,9,4.5],"rotation":180,"texture":"#1"},"down":{"uv":[5.75,8,6.25,8.25],"texture":"#1"}}},{"from":[5.83363,5.8725,5.06152],"to":[6.36464,7.24425,5.33439],"rotation":{"angle":22.5,"axis":"x","origin":[0.39914,1.5575,8]},"faces":{"east":{"uv":[0,0,1,1],"texture":"#missing"},"west":{"uv":[0,0,1,1],"texture":"#missing"},"up":{"uv":[11,2.5,11.5,3],"rotation":180,"texture":"#1"},"down":{"uv":[5.75,8,6.25,8.25],"texture":"#1"}}},{"from":[5.83363,6.38912,9.41837],"to":[6.36464,7.76087,9.69124],"rotation":{"angle":-22.5,"axis":"x","origin":[0.39914,1.5575,8]},"faces":{"east":{"uv":[0,0,1,1],"texture":"#missing"},"west":{"uv":[0,0,1,1],"texture":"#missing"},"up":{"uv":[8.5,4,9,4.5],"rotation":180,"texture":"#1"},"down":{"uv":[5.75,8,6.25,8.25],"texture":"#1"}}},{"from":[5.83363,4.41954,3.36106],"to":[6.36464,5.79129,3.63393],"rotation":{"angle":45,"axis":"x","origin":[0.39914,1.5575,8]},"faces":{"east":{"uv":[0,0,1,1],"texture":"#missing"},"west":{"uv":[0,0,1,1],"texture":"#missing"},"up":{"uv":[3.25,4.25,3.75,4.75],"texture":"#1"},"down":{"uv":[5.75,8,6.25,8.25],"texture":"#1"}}},{"from":[5.83363,5.37413,11.41148],"to":[6.36464,6.74588,11.68434],"rotation":{"angle":-45,"axis":"x","origin":[0.39914,1.5575,8]},"faces":{"east":{"uv":[0,0,1,1],"texture":"#missing"},"west":{"uv":[0,0,1,1],"texture":"#missing"},"up":{"uv":[3.25,4.25,3.75,4.75],"rotation":180,"texture":"#1"},"down":{"uv":[5.75,8,6.25,8.25],"texture":"#1"}}},{"from":[5.83363,6.93857,8.86893],"to":[6.36464,7.21143,10.24068],"rotation":{"angle":-22.5,"axis":"x","origin":[0.39914,1.5575,8]},"faces":{"north":{"uv":[3,8,3.5,8.5],"rotation":180,"texture":"#1"},"east":{"uv":[0,0,1,1],"rotation":270,"texture":"#missing"},"south":{"uv":[3.25,4.75,3.75,5.25],"texture":"#1"},"west":{"uv":[0,0,1,1],"rotation":90,"texture":"#missing"}}},{"from":[5.83363,6.42194,4.51208],"to":[6.36464,6.69481,5.88383],"rotation":{"angle":22.5,"axis":"x","origin":[0.39914,1.5575,8]},"faces":{"north":{"uv":[3.25,4.75,3.75,5.25],"texture":"#1"},"east":{"uv":[0,0,1,1],"rotation":90,"texture":"#missing"},"south":{"uv":[3,8,3.5,8.5],"rotation":180,"texture":"#1"},"west":{"uv":[0,0,1,1],"rotation":270,"texture":"#missing"}}},{"from":[6.3211,-7.1041,8.05315],"to":[9.1211,6.8979,9.45315],"rotation":{"angle":0,"axis":"z","origin":[3.4211,-0.6041,9.55315]},"faces":{"up":{"uv":[10.25,5.25,12.25,4],"rotation":180,"texture":"#1"}}},{"from":[6.3211,-6.1041,6.55315],"to":[9.1211,6.8979,7.95315],"rotation":{"angle":0,"axis":"z","origin":[3.4211,-0.6041,8.05315]},"faces":{"up":{"uv":[10.25,5.25,12.25,4],"texture":"#1"}}},{"from":[9.1211,-6.6041,8.05315],"to":[10.5211,6.8979,9.45315],"rotation":{"angle":0,"axis":"z","origin":[3.4211,-0.6041,9.55315]},"faces":{"up":{"uv":[10.25,5.25,11.5,4],"rotation":180,"texture":"#2"}}},{"from":[9.1211,-2.1041,6.55315],"to":[10.5211,6.8979,7.95315],"rotation":{"angle":0,"axis":"z","origin":[3.4211,-0.6041,8.05315]},"faces":{"up":{"uv":[10.25,5.25,11.5,4],"texture":"#2"}}},{"from":[5.4211,6.3959,6.55],"to":[10.7211,6.8969,9.45],"rotation":{"angle":0,"axis":"z","origin":[6.9211,-0.6041,9.85]},"faces":{"up":{"uv":[8.5,8,8.75,8.25],"rotation":270,"texture":"#3"}}}]}