{"credit":"thebradqq's guns","textures":{"0":"mgs:gun/mac10details","1":"mgs:gun/metal","2":"mgs:gun/metal_bright","4":"mgs:gun/brass","5":"mgs:gun/copper","particle":"mgs:gun/metal_brighter"},"gui_light":"front","display":{"thirdperson_righthand":{"rotation":[25,111,-23],"translation":[-1,-2,0],"scale":[0.25,0.25,0.25]},"thirdperson_lefthand":{"rotation":[69,-71,65],"translation":[-1,-2,0],"scale":[0.25,0.25,0.25]},"firstperson_righthand":{"rotation":[-87,65,68],"translation":[1,-1.25,4.25],"scale":[0.44,0.44,0.44]},"firstperson_lefthand":{"rotation":[-40,-110,-33],"translation":[-0.25,-1.5,3],"scale":[0.44,0.44,0.44]},"ground":{"translation":[0,5,0],"scale":[0.25,0.25,0.25]},"gui":{"rotation":[0,180,32],"translation":[-0.5,1.75,0],"scale":[0.6,0.6,0.6]},"head":{"scale":[0.5,0.5,0.5]},"fixed":{"rotation":[0,180,0],"translation":[0,0,-2],"scale":[0.5,0.5,0.5]}},"elements":[{"from":[3.14919,-15.5,9.54507],"to":[8.64419,23.25,9.75507],"rotation":{"angle":0,"axis":"z","origin":[8.13247,1.5,7.8]},"faces":{"north":{"uv":[7.5,10.75,8,11.25],"texture":"#2"},"east":{"uv":[6,7.25,6.5,7.75],"rotation":270,"texture":"#2"},"south":{"uv":[2,6,4.5,16],"texture":"#0"},"up":{"uv":[7,1.75,7.5,2.25],"rotation":180,"texture":"#2"},"down":{"uv":[10,9.75,11.25,10],"texture":"#2"}}},{"from":[3.14919,-15.5,6.24507],"to":[8.64419,23.25,6.45507],"rotation":{"angle":0,"axis":"z","origin":[8.13247,1.5,8.2]},"faces":{"north":{"uv":[2,6,4.5,16],"texture":"#0"},"east":{"uv":[6,7.25,6.5,7.75],"rotation":90,"texture":"#2"},"south":{"uv":[7.5,10.75,8,11.25],"texture":"#2"},"up":{"uv":[7,1.75,7.5,2.25],"texture":"#2"},"down":{"uv":[10,9.75,11.25,10],"texture":"#2"}}},{"from":[3.14919,-15.5,6.24507],"to":[3.34419,23.25,9.75507],"rotation":{"angle":0,"axis":"z","origin":[8.13247,1.5,8]},"faces":{"east":{"uv":[7.5,10.75,8,11.25],"texture":"#2"},"west":{"uv":[0,6,2,16],"texture":"#0"},"up":{"uv":[7,1.75,7.5,2.25],"rotation":270,"texture":"#2"}}},{"from":[2.94919,20.9,7.145],"to":[3.14919,23.25,8.855],"rotation":{"angle":0,"axis":"z","origin":[8.13247,1.5,7.69992]},"faces":{"north":{"uv":[7.5,11,7.75,12.25],"rotation":180,"texture":"#2"},"south":{"uv":[7.5,11,7.75,12.25],"rotation":180,"texture":"#2"},"west":{"uv":[5.75,14.75,6.75,16],"rotation":180,"texture":"#2"},"up":{"uv":[11.75,2.25,12.75,2.75],"rotation":270,"texture":"#2"},"down":{"uv":[6.75,9.75,7.25,10.25],"rotation":180,"texture":"#1"}}},{"from":[2.948,21.8,7.65],"to":[3.148,22.5,8.35],"rotation":{"angle":0,"axis":"z","origin":[8.13247,1.5,7.70492]},"faces":{"north":{"uv":[7.5,11,7.75,12.25],"rotation":180,"texture":"#2"},"south":{"uv":[7.5,11,7.75,12.25],"rotation":180,"texture":"#2"},"west":{"uv":[13.5,13.5,15,15],"texture":"#0"},"up":{"uv":[11.75,2.25,12.75,2.75],"rotation":270,"texture":"#2"},"down":{"uv":[6.75,9.75,7.25,10.25],"rotation":180,"texture":"#1"}}},{"from":[7.05339,-15.5,6.3144],"to":[8.07339,22.35,6.5444],"rotation":{"angle":-45,"axis":"y","origin":[7.93247,1.5,8.2]},"faces":{"north":{"uv":[5.5,6,4.5,16],"texture":"#0"},"south":{"uv":[7.5,10.75,8,11.25],"texture":"#2"},"up":{"uv":[7,1.75,7.5,2.25],"texture":"#2"}}},{"from":[9.14419,-15.5,6.96747],"to":[9.36669,22.35,9.03247],"rotation":{"angle":0,"axis":"y","origin":[7.93247,1.5,8]},"faces":{"east":{"uv":[6.5,6,5.5,16],"texture":"#0"},"west":{"uv":[7.5,10.75,8,11.25],"texture":"#2"},"up":{"uv":[7,1.75,7.5,2.25],"rotation":90,"texture":"#2"}}},{"from":[7.05343,-15.5,9.45556],"to":[8.07343,22.35,9.68556],"rotation":{"angle":45,"axis":"y","origin":[7.93247,1.5,7.8]},"faces":{"north":{"uv":[7.5,10.75,8,11.25],"texture":"#2"},"south":{"uv":[7.5,6,6.5,16],"texture":"#0"},"up":{"uv":[7,1.75,7.5,2.25],"rotation":180,"texture":"#2"}}},{"from":[3.15,23.25,9.55],"to":[7.55,24.45,9.75],"rotation":{"angle":-45,"axis":"x","origin":[6,23.25,9.75]},"faces":{"north":{"uv":[9.25,9.5,9.75,10],"texture":"#2"},"east":{"uv":[6,7.25,6.5,7.75],"rotation":270,"texture":"#2"},"south":{"uv":[4.5,14.5,7,15.5],"texture":"#0"},"west":{"uv":[7,1.75,7.5,2.25],"rotation":90,"texture":"#2"},"up":{"uv":[11.5,1.5,12,2],"texture":"#2"}}},{"from":[3.15,23.25,6.25],"to":[7.55,24.45,6.45],"rotation":{"angle":45,"axis":"x","origin":[6,23.25,6.25]},"faces":{"north":{"uv":[4.5,14.5,7,15.5],"texture":"#0"},"east":{"uv":[6,7.25,6.5,7.75],"rotation":90,"texture":"#2"},"south":{"uv":[9.25,9.5,9.75,10],"texture":"#2"},"west":{"uv":[7,1.75,7.5,2.25],"rotation":270,"texture":"#2"},"up":{"uv":[11.5,1.5,12,2],"texture":"#2"}}},{"from":[3.14919,-15.5,6.24507],"to":[8.44419,22.95,9.75507],"rotation":{"angle":0,"axis":"z","origin":[8.13247,1.5,8]},"faces":{"east":{"uv":[9.5,9,11,11.5],"rotation":180,"texture":"#1"},"up":{"uv":[8.25,8,12,9.5],"rotation":180,"texture":"#2"},"down":{"uv":[10,9.75,11.25,10.75],"texture":"#2"}}},{"from":[3.34919,22.5114,6.11578],"to":[7.84419,23.9864,7.72578],"rotation":{"angle":45,"axis":"x","origin":[5.79669,22.475,6.75007]},"faces":{"north":{"uv":[9.5,10.5,11,12],"rotation":180,"texture":"#1"},"east":{"uv":[9.5,10.75,11,12.25],"rotation":180,"texture":"#1"},"west":{"uv":[9.5,10.75,11,12.25],"rotation":180,"texture":"#1"},"up":{"uv":[9.5,11.25,11,12.75],"rotation":180,"texture":"#1"},"down":{"uv":[10,9.75,11.25,10.75],"texture":"#2"}}},{"from":[7.05343,-15.5,8.75556],"to":[8.07343,22.249,9.68556],"rotation":{"angle":45,"axis":"y","origin":[7.93247,1.5,7.8]},"faces":{"up":{"uv":[4,11.25,5,12.25],"texture":"#1"},"down":{"uv":[10,9.75,10.25,10],"texture":"#2"}}},{"from":[8.04419,-15.5,6.96747],"to":[9.36669,22.25,9.03247],"rotation":{"angle":0,"axis":"y","origin":[7.93247,1.5,8]},"faces":{"up":{"uv":[4,11.25,5,12.25],"rotation":270,"texture":"#1"},"down":{"uv":[10,9.75,10.5,10],"texture":"#2"}}},{"from":[7.05339,-15.5,6.3144],"to":[8.07339,22.249,7.3444],"rotation":{"angle":-45,"axis":"y","origin":[7.93247,1.5,8.2]},"faces":{"up":{"uv":[4,11.25,5,12.25],"rotation":180,"texture":"#1"},"down":{"uv":[10,9.75,10.25,10],"texture":"#2"}}}]}