{"credit":"thebradqq's guns","textures":{"0":"mgs:gun/metal_bright","1":"mgs:gun/brass","4":"mgs:gun/red_polymer_stripes","particle":"mgs:gun/metal_bright"},"elements":[{"from":[4,5.75,7.55246],"to":[14.501,10.25,8.44756],"faces":{"east":{"uv":[4.25,13.5,5.75,15.25],"rotation":180,"texture":"#4"},"up":{"uv":[0,1.5,16,0],"rotation":180,"texture":"#4"},"down":{"uv":[0,14.5,16,13],"texture":"#4"}}},{"from":[2,5.75,7.55244],"to":[4,10.25,8.44754],"faces":{"up":{"uv":[3,3.75,4,4.25],"rotation":180,"texture":"#1"},"down":{"uv":[5.25,8,6.25,8.25],"rotation":180,"texture":"#1"}}},{"from":[2,5.75,7.55244],"to":[4,10.25,8.44754],"rotation":{"angle":-22.5,"axis":"x","origin":[6,8,8]},"faces":{"up":{"uv":[5,4,6,4.5],"rotation":180,"texture":"#1"},"down":{"uv":[5.25,8,6.25,8.25],"rotation":180,"texture":"#1"}}},{"from":[2,5.75,7.55244],"to":[4,10.25,8.44754],"rotation":{"angle":22.5,"axis":"x","origin":[6,8,8]},"faces":{"up":{"uv":[5,4,6,4.5],"texture":"#1"},"down":{"uv":[5.25,8,6.25,8.25],"rotation":180,"texture":"#1"}}},{"from":[2,5.75,7.55244],"to":[4,10.25,8.44754],"rotation":{"angle":45,"axis":"x","origin":[6,8,8]},"faces":{"up":{"uv":[9.5,4.5,10.5,5],"texture":"#1"},"down":{"uv":[4.25,8,5.25,8.5],"texture":"#1"}}},{"from":[2,5.75,7.55244],"to":[4,10.25,8.44754],"rotation":{"angle":-45,"axis":"x","origin":[6,8,8]},"faces":{"up":{"uv":[9.5,4.5,10.5,5],"rotation":180,"texture":"#1"},"down":{"uv":[5.25,8,6.25,8.5],"rotation":180,"texture":"#1"}}},{"from":[2,7.55244,5.75],"to":[4,8.44754,10.25],"rotation":{"angle":22.5,"axis":"x","origin":[6,8,8]},"faces":{"north":{"uv":[10.25,5,11.25,5.5],"texture":"#1"},"south":{"uv":[2.75,9.25,3.75,9.75],"texture":"#1"}}},{"from":[2,7.55244,5.75],"to":[4,8.44754,10.25],"faces":{"north":{"uv":[10.5,5.5,11.5,6],"texture":"#1"},"south":{"uv":[10.5,5.5,11.5,6],"texture":"#1"}}},{"from":[2,7.55246,5.75],"to":[4,8.44756,10.25],"rotation":{"angle":-22.5,"axis":"x","origin":[6,8,8]},"faces":{"north":{"uv":[2.75,9.25,3.75,9.75],"texture":"#1"},"south":{"uv":[10.25,5,11.25,5.5],"texture":"#1"}}},{"from":[1.75,5.5,7.50272],"to":[2.0001,10.5,8.49728],"faces":{"east":{"uv":[1.5,7.5,2.25,8],"texture":"#1"},"west":{"uv":[9.25,4,9.75,6.5],"texture":"#1"},"up":{"uv":[3.5,3.75,4,4.25],"rotation":180,"texture":"#1"},"down":{"uv":[6.25,8,6.75,8.25],"rotation":180,"texture":"#1"}}},{"from":[1.7501,5.5,7.50272],"to":[2.0003,10.5,8.49728],"rotation":{"angle":22.5,"axis":"x","origin":[1.875,8,8]},"faces":{"east":{"uv":[1.5,7.5,2.25,8],"texture":"#1"},"west":{"uv":[10.25,4,10.75,6.5],"texture":"#1"},"up":{"uv":[3.5,4.25,4,4.75],"texture":"#1"},"down":{"uv":[6.25,8,6.75,8.25],"rotation":180,"texture":"#1"}}},{"from":[1.7501,5.5,7.50272],"to":[2.0004,10.5,8.49728],"rotation":{"angle":-22.5,"axis":"x","origin":[1.875,8,8]},"faces":{"east":{"uv":[1.5,7.5,2.25,8],"texture":"#1"},"west":{"uv":[9,4,9.5,6.5],"texture":"#1"},"up":{"uv":[3.5,4.25,4,4.75],"rotation":180,"texture":"#1"},"down":{"uv":[6.25,8,6.75,8.25],"rotation":180,"texture":"#1"}}},{"from":[1.7499,5.5,7.50272],"to":[2,10.5,8.49728],"rotation":{"angle":45,"axis":"x","origin":[1.875,8,8]},"faces":{"east":{"uv":[1.5,7.5,2.25,8],"texture":"#1"},"west":{"uv":[9.25,4,9.75,6.5],"texture":"#1"},"up":{"uv":[3.75,4.75,4.25,5.25],"texture":"#1"},"down":{"uv":[6.25,8,6.75,8.25],"rotation":180,"texture":"#1"}}},{"from":[1.7499,5.5,7.50272],"to":[2,10.5,8.49728],"rotation":{"angle":-45,"axis":"x","origin":[1.875,8,8]},"faces":{"east":{"uv":[1.5,7.5,2.25,8],"texture":"#1"},"west":{"uv":[8.5,4,9,6.5],"texture":"#1"},"up":{"uv":[7.75,4.75,8.25,5.25],"rotation":180,"texture":"#1"},"down":{"uv":[6.25,8,6.75,8.25],"rotation":180,"texture":"#1"}}},{"from":[1.7503,7.50272,5.5],"to":[2.0003,8.49728,10.5],"rotation":{"angle":-22.5,"axis":"x","origin":[1.875,8,8]},"faces":{"north":{"uv":[6.75,8,7.25,8.5],"rotation":180,"texture":"#1"},"east":{"uv":[1.5,7.5,2.25,8],"rotation":270,"texture":"#1"},"south":{"uv":[5.25,5.5,5.75,6],"texture":"#1"},"west":{"uv":[4.5,10.5,5,13],"rotation":270,"texture":"#1"}}},{"from":[1.7503,7.50272,5.5],"to":[2.0003,8.49728,10.5],"rotation":{"angle":22.5,"axis":"x","origin":[1.875,8,8]},"faces":{"north":{"uv":[6.75,5.5,7.25,6],"texture":"#1"},"east":{"uv":[1.5,7.5,2.25,8],"rotation":90,"texture":"#1"},"south":{"uv":[6.25,8.25,6.75,8.75],"rotation":180,"texture":"#1"},"west":{"uv":[5.5,10.25,6,12.75],"rotation":90,"texture":"#1"}}},{"from":[1.7497,7.50272,5.5],"to":[1.9997,8.49728,10.5],"faces":{"north":{"uv":[4.25,8.25,4.75,8.75],"rotation":180,"texture":"#1"},"east":{"uv":[1.5,7.5,2.25,8],"texture":"#1"},"south":{"uv":[6.25,8.25,6.75,8.75],"rotation":180,"texture":"#1"},"west":{"uv":[3.75,5,6.25,5.5],"texture":"#1"}}},{"from":[1.6501,7.87568,7.375],"to":[1.7501,8.12432,8.625],"faces":{"north":{"uv":[6,5,6.5,5.5],"texture":"#0"},"south":{"uv":[3.5,5.25,4,5.75],"texture":"#0"},"west":{"uv":[6.25,4.5,6.75,5],"texture":"#0"}}},{"from":[1.65,7.87568,7.375],"to":[1.75,8.12432,8.625],"rotation":{"angle":22.5,"axis":"x","origin":[1.7,8,8]},"faces":{"north":{"uv":[6,4.5,6.5,5],"texture":"#0"},"south":{"uv":[1.25,5.75,1.75,6.25],"texture":"#0"},"west":{"uv":[9.25,4.5,9.75,5.25],"rotation":270,"texture":"#0"}}},{"from":[1.65,7.87568,7.375],"to":[1.75,8.12432,8.625],"rotation":{"angle":-22.5,"axis":"x","origin":[1.7,8,8]},"faces":{"north":{"uv":[1.25,5.75,1.75,6.25],"texture":"#0"},"south":{"uv":[4,5,4.5,5.5],"texture":"#0"},"west":{"uv":[9,4.5,9.5,5.25],"rotation":90,"texture":"#0"}}},{"from":[1.6501,7.87568,7.375],"to":[1.7501,8.12432,8.625],"rotation":{"angle":45,"axis":"x","origin":[1.7,8,8]},"faces":{"north":{"uv":[6,4,6.5,4.5],"texture":"#0"},"south":{"uv":[6.25,8,6.75,8.5],"rotation":180,"texture":"#0"},"west":{"uv":[6.25,4.5,6.75,5.25],"rotation":270,"texture":"#0"}}},{"from":[1.6501,7.87568,7.375],"to":[1.7501,8.12432,8.625],"rotation":{"angle":-45,"axis":"x","origin":[1.7,8,8]},"faces":{"north":{"uv":[6.25,8,6.75,8.5],"rotation":180,"texture":"#0"},"south":{"uv":[6.5,4.5,7,5],"texture":"#0"},"west":{"uv":[6.25,4.5,6.75,5.25],"rotation":90,"texture":"#0"}}},{"from":[1.65,7.375,7.87568],"to":[1.75,8.625,8.12432],"rotation":{"angle":-22.5,"axis":"x","origin":[1.7,8,8]},"faces":{"west":{"uv":[5.25,4.5,5.75,5.25],"texture":"#0"},"up":{"uv":[3.25,4,3.75,4.5],"texture":"#0"},"down":{"uv":[6.25,8,6.75,8.25],"texture":"#0"}}},{"from":[1.65,7.375,7.87568],"to":[1.75,8.625,8.12432],"rotation":{"angle":22.5,"axis":"x","origin":[1.7,8,8]},"faces":{"west":{"uv":[5.25,4.5,5.75,5.25],"texture":"#0"},"up":{"uv":[7.75,3.5,8.25,4],"texture":"#0"},"down":{"uv":[6.25,8,6.75,8.25],"texture":"#0"}}},{"from":[1.6501,7.375,7.87568],"to":[1.7501,8.625,8.12432],"faces":{"west":{"uv":[6.25,4.5,6.75,5.25],"texture":"#0"},"up":{"uv":[9.5,2.5,10,3],"texture":"#0"},"down":{"uv":[6.25,8,6.75,8.25],"texture":"#0"}}},{"from":[4,5.75,7.55246],"to":[14.5,10.25,8.44756],"rotation":{"angle":22.5,"axis":"x","origin":[6,8,8]},"faces":{"east":{"uv":[4.25,13.5,5.75,15.25],"rotation":180,"texture":"#4"},"up":{"uv":[0,3.5,16,2],"rotation":180,"texture":"#4"},"down":{"uv":[0,13,16,11.5],"texture":"#4"}}},{"from":[4,5.75,7.55246],"to":[14.5,10.25,8.44756],"rotation":{"angle":-22.5,"axis":"x","origin":[6,8,8]},"faces":{"east":{"uv":[4.25,13.5,5.75,15.25],"rotation":180,"texture":"#4"},"up":{"uv":[0,1.75,16,0.25],"texture":"#4"},"down":{"uv":[0,12.5,16,11],"rotation":180,"texture":"#4"}}},{"from":[4,5.75,7.55246],"to":[14.501,10.25,8.44756],"rotation":{"angle":45,"axis":"x","origin":[6,8,8]},"faces":{"east":{"uv":[4.25,13.5,5.75,15.25],"rotation":180,"texture":"#4"},"up":{"uv":[0,5,16,3.5],"rotation":180,"texture":"#4"},"down":{"uv":[0,11.5,16,10],"texture":"#4"}}},{"from":[4,5.75,7.55246],"to":[14.501,10.25,8.44756],"rotation":{"angle":-45,"axis":"x","origin":[6,8,8]},"faces":{"east":{"uv":[4.25,13.5,5.75,15.25],"rotation":180,"texture":"#4"},"up":{"uv":[0,3.25,16,1.75],"texture":"#4"},"down":{"uv":[0,11,16,9.5],"rotation":180,"texture":"#4"}}},{"from":[4,7.55244,5.75],"to":[14.5,8.44754,10.25],"rotation":{"angle":-22.5,"axis":"x","origin":[6,8,8]},"faces":{"north":{"uv":[0,10,16,8.5],"rotation":180,"texture":"#4"},"east":{"uv":[4.25,13.5,5.75,15.25],"rotation":270,"texture":"#4"},"south":{"uv":[0,6.5,16,5],"rotation":180,"texture":"#4"}}},{"from":[4,7.55246,5.75],"to":[14.5,8.44756,10.25],"rotation":{"angle":22.5,"axis":"x","origin":[6,8,8]},"faces":{"north":{"uv":[0,5.5,16,4],"rotation":180,"texture":"#4"},"east":{"uv":[4.25,13.5,5.75,15.25],"rotation":270,"texture":"#4"},"south":{"uv":[0,9.5,16,8],"rotation":180,"texture":"#4"}}},{"from":[4,7.55246,5.75],"to":[14.501,8.44756,10.25],"faces":{"north":{"uv":[0,8.5,16,7],"rotation":180,"texture":"#4"},"east":{"uv":[4.25,13.5,5.75,15.25],"rotation":270,"texture":"#4"},"south":{"uv":[0,8,16,6.5],"rotation":180,"texture":"#4"}}}],"gui_light":"front","display":{"thirdperson_righthand":{"rotation":[69,50,20],"scale":[0.125,0.125,0.125]},"thirdperson_lefthand":{"rotation":[69,-117,-58],"scale":[0.125,0.125,0.125]},"firstperson_righthand":{"rotation":[-128,69,72],"translation":[2.5,0,0],"scale":[0.3,0.3,0.3]},"firstperson_lefthand":{"rotation":[-140,-84,-87],"translation":[2.5,0,0],"scale":[0.3,0.3,0.3]},"ground":{"scale":[0.125,0.125,0.125]},"gui":{"rotation":[0,0,45],"scale":[1.5,1.5,1.5]},"head":{"scale":[0.25,0.25,0.25]},"fixed":{"rotation":[0,-99,90],"translation":[0,0,-1.5],"scale":[0.25,0.25,0.25]}}}