{
	"credit": "Nelonn",
	"texture_size": [32, 32],
	"textures": {
		"texture": "ggo:models/item/adrenaline_syringe"
	},
	"elements": [
		{
			"name": "Needle",
			"from": [7.5, 0, 7.5],
			"to": [8.5, 5.5, 8.5],
			"rotation": {"angle": 0, "axis": "y", "origin": [7.875, 0.5, 7.875]},
			"faces": {
				"north": {"uv": [4.5, 0.5, 5, 3], "texture": "#texture"},
				"east": {"uv": [4, 0.5, 4.5, 3], "texture": "#texture"},
				"south": {"uv": [5.5, 0.5, 6, 3], "texture": "#texture"},
				"west": {"uv": [5, 0.5, 5.5, 3], "texture": "#texture"},
				"up": {"uv": [5, 0.5, 4.5, 0], "texture": "#texture"},
				"down": {"uv": [5.5, 0, 5, 0.5], "texture": "#texture"}
			}
		},
		{
			"from": [7.5, 17.5, 7.5],
			"to": [8.5, 20.5, 8.5],
			"rotation": {"angle": 0, "axis": "y", "origin": [8, 18, 8.125]},
			"faces": {
				"north": {"uv": [0.5, 7.5, 1, 9], "texture": "#texture"},
				"east": {"uv": [0, 7.5, 0.5, 9], "texture": "#texture"},
				"south": {"uv": [1.5, 7.5, 2, 9], "texture": "#texture"},
				"west": {"uv": [1, 7.5, 1.5, 9], "texture": "#texture"},
				"up": {"uv": [1, 7.5, 0.5, 7], "texture": "#texture"},
				"down": {"uv": [1.5, 7, 1, 7.5], "texture": "#texture"}
			}
		},
		{
			"from": [9, 15.5, 7.75],
			"to": [10, 18.5, 8.75],
			"rotation": {"angle": 0, "axis": "y", "origin": [9.375, 16, 8.125]},
			"faces": {
				"north": {"uv": [5.5, 3.5, 6, 5], "texture": "#texture"},
				"east": {"uv": [4, 5, 4.5, 6.5], "texture": "#texture"},
				"south": {"uv": [6.5, 3.5, 7, 5], "texture": "#texture"},
				"west": {"uv": [6, 3.5, 6.5, 5], "texture": "#texture"},
				"up": {"uv": [6, 3.5, 5.5, 3], "texture": "#texture"},
				"down": {"uv": [7.5, 3, 7, 3.5], "texture": "#texture"}
			}
		},
		{
			"from": [4, 15.5, 7.75],
			"to": [5, 18.5, 8.75],
			"rotation": {"angle": 0, "axis": "y", "origin": [4.375, 16, 8.125]},
			"faces": {
				"north": {"uv": [5.5, 7, 6, 8.5], "texture": "#texture"},
				"east": {"uv": [4, 8.5, 4.5, 10], "texture": "#texture"},
				"south": {"uv": [6.5, 7, 7, 8.5], "texture": "#texture"},
				"west": {"uv": [6, 7, 6.5, 8.5], "texture": "#texture"},
				"up": {"uv": [6, 7, 5.5, 6.5], "texture": "#texture"},
				"down": {"uv": [7.5, 6.5, 7, 7], "texture": "#texture"}
			}
		},
		{
			"from": [11, 15.5, 7.75],
			"to": [12, 18.5, 8.75],
			"rotation": {"angle": 0, "axis": "y", "origin": [11.375, 16, 8.125]},
			"faces": {
				"north": {"uv": [4.5, 3.5, 5, 5], "texture": "#texture"},
				"east": {"uv": [4, 3.5, 4.5, 5], "texture": "#texture"},
				"south": {"uv": [7.5, 3.5, 8, 5], "texture": "#texture"},
				"west": {"uv": [4.5, 5, 5, 6.5], "texture": "#texture"},
				"up": {"uv": [5, 3.5, 4.5, 3], "texture": "#texture"},
				"down": {"uv": [6.5, 3, 6, 3.5], "texture": "#texture"}
			}
		},
		{
			"from": [6, 15.5, 7.75],
			"to": [7, 18.5, 8.75],
			"rotation": {"angle": 0, "axis": "y", "origin": [6.375, 16, 8.125]},
			"faces": {
				"north": {"uv": [4.5, 7, 5, 8.5], "texture": "#texture"},
				"east": {"uv": [4, 7, 4.5, 8.5], "texture": "#texture"},
				"south": {"uv": [7.5, 7, 8, 8.5], "texture": "#texture"},
				"west": {"uv": [4.5, 8.5, 5, 10], "texture": "#texture"},
				"up": {"uv": [5, 7, 4.5, 6.5], "texture": "#texture"},
				"down": {"uv": [6.5, 6.5, 6, 7], "texture": "#texture"}
			}
		},
		{
			"from": [10, 15.5, 7.75],
			"to": [11, 16.5, 8.75],
			"rotation": {"angle": 0, "axis": "z", "origin": [10.5, 16, 8.25]},
			"faces": {
				"north": {"uv": [5, 4.5, 5.5, 5], "texture": "#texture"},
				"east": {"uv": [3.5, 8, 4, 8.5], "texture": "#texture"},
				"south": {"uv": [7, 4.5, 7.5, 5], "texture": "#texture"},
				"west": {"uv": [4.5, 8, 5, 8.5], "texture": "#texture"},
				"up": {"uv": [4.5, 5.5, 4, 5], "texture": "#texture"},
				"down": {"uv": [7, 3, 6.5, 3.5], "texture": "#texture"}
			}
		},
		{
			"from": [5, 15.5, 7.75],
			"to": [6, 16.5, 8.75],
			"rotation": {"angle": 0, "axis": "z", "origin": [5.5, 16, 8.25]},
			"faces": {
				"north": {"uv": [5, 8, 5.5, 8.5], "texture": "#texture"},
				"east": {"uv": [3.5, 8, 4, 8.5], "texture": "#texture"},
				"south": {"uv": [7, 8, 7.5, 8.5], "texture": "#texture"},
				"west": {"uv": [4.5, 8, 5, 8.5], "texture": "#texture"},
				"up": {"uv": [4.5, 9, 4, 8.5], "texture": "#texture"},
				"down": {"uv": [7, 6.5, 6.5, 7], "texture": "#texture"}
			}
		},
		{
			"from": [10, 17.5, 7.75],
			"to": [11, 18.5, 8.75],
			"rotation": {"angle": 0, "axis": "z", "origin": [10.5, 18, 8.25]},
			"faces": {
				"north": {"uv": [5, 3.5, 5.5, 4], "texture": "#texture"},
				"east": {"uv": [2, 7.5, 2.5, 8], "texture": "#texture"},
				"south": {"uv": [7, 3.5, 7.5, 4], "texture": "#texture"},
				"west": {"uv": [3, 7.5, 3.5, 8], "texture": "#texture"},
				"up": {"uv": [5.5, 3.5, 5, 3], "texture": "#texture"},
				"down": {"uv": [5, 5, 4.5, 5.5], "texture": "#texture"}
			}
		},
		{
			"from": [5, 17.5, 7.75],
			"to": [6, 18.5, 8.75],
			"rotation": {"angle": 0, "axis": "z", "origin": [5.5, 18, 8.25]},
			"faces": {
				"north": {"uv": [5, 7, 5.5, 7.5], "texture": "#texture"},
				"east": {"uv": [2, 7.5, 2.5, 8], "texture": "#texture"},
				"south": {"uv": [7, 7, 7.5, 7.5], "texture": "#texture"},
				"west": {"uv": [3, 7.5, 3.5, 8], "texture": "#texture"},
				"up": {"uv": [5.5, 7, 5, 6.5], "texture": "#texture"},
				"down": {"uv": [5, 8.5, 4.5, 9], "texture": "#texture"}
			}
		},
		{
			"from": [6.75, 20.5, 6.75],
			"to": [9.25, 21.5, 9.25],
			"rotation": {"angle": 0, "axis": "y", "origin": [7.5, 21, 7.5]},
			"faces": {
				"north": {"uv": [7, 1, 8, 1.5], "texture": "#texture"},
				"east": {"uv": [6, 1, 7, 1.5], "texture": "#texture"},
				"south": {"uv": [9, 1, 10, 1.5], "texture": "#texture"},
				"west": {"uv": [8, 1, 9, 1.5], "texture": "#texture"},
				"up": {"uv": [8, 1, 7, 0], "texture": "#texture"},
				"down": {"uv": [9, 0, 8, 1], "texture": "#texture"}
			}
		},
		{
			"from": [7, 5.5, 7],
			"to": [9, 17.5, 9],
			"rotation": {"angle": 0, "axis": "y", "origin": [7.625, 6, 7.625]},
			"faces": {
				"north": {"uv": [1, 1, 2, 7], "texture": "#texture"},
				"east": {"uv": [0, 1, 1, 7], "texture": "#texture"},
				"south": {"uv": [3, 1, 4, 7], "texture": "#texture"},
				"west": {"uv": [2, 1, 3, 7], "texture": "#texture"},
				"up": {"uv": [2, 1, 1, 0], "texture": "#texture"},
				"down": {"uv": [3, 0, 2, 1], "texture": "#texture"}
			}
		}
	],
	"display": {
		"thirdperson_righthand": {
			"rotation": [90, 0, 0],
			"translation": [0, 0, -3.75],
			"scale": [0.375, 0.375, 0.375]
		},
		"thirdperson_lefthand": {
			"rotation": [90, 0, 0],
			"translation": [0, 0, -3.75],
			"scale": [0.375, 0.375, 0.375]
		},
		"firstperson_righthand": {
			"rotation": [90, 45, 0],
			"translation": [0, 3, -1],
			"scale": [0.4, 0.4, 0.4]
		},
		"firstperson_lefthand": {
			"rotation": [90, 45, 0],
			"translation": [0, 3, -1],
			"scale": [0.4, 0.4, 0.4]
		},
		"ground": {
			"rotation": [90, 0, 0],
			"translation": [0, 1, -2],
			"scale": [0.6, 0.6, 0.6]
		},
		"gui": {
			"rotation": [0, -180, 45],
			"translation": [-2.1, -2.15, 0],
			"scale": [0.9, 0.9, 0.9]
		},
		"head": {
			"translation": [0, 14.4, 0]
		},
		"fixed": {
			"rotation": [0, 0, 45],
			"translation": [2.15, -2.15, 0]
		}
	}
}