{
	"credit": "Nelonn",
	"texture_size": [64, 64],
	"textures": {
		"0": "ggo:models/item/bandage",
		"particle": "ggo:models/item/bandage"
	},
	"elements": [
		{
			"from": [2, 0, 5],
			"to": [14, 6, 11],
			"rotation": {"angle": 0, "axis": "y", "origin": [8, 2.5, 8.5]},
			"faces": {
				"north": {"uv": [1.5, 1.5, 4.5, 3], "texture": "#0"},
				"east": {"uv": [0, 1.5, 1.5, 3], "texture": "#0"},
				"south": {"uv": [6, 1.5, 9, 3], "texture": "#0"},
				"west": {"uv": [4.5, 1.5, 6, 3], "texture": "#0"},
				"up": {"uv": [4.5, 1.5, 1.5, 0], "texture": "#0"},
				"down": {"uv": [7.5, 0, 4.5, 1.5], "texture": "#0"}
			}
		}
	],
	"display": {
		"thirdperson_righthand": {
			"rotation": [75, 45, 0],
			"translation": [0, 1.75, 0.75],
			"scale": [0.25, 0.25, 0.25]
		},
		"thirdperson_lefthand": {
			"rotation": [75, 45, 0],
			"translation": [0, 1.75, 0.75],
			"scale": [0.25, 0.25, 0.25]
		},
		"firstperson_righthand": {
			"rotation": [0, 125, 0],
			"translation": [0, 3.5, 0],
			"scale": [0.4, 0.4, 0.4]
		},
		"firstperson_lefthand": {
			"rotation": [0, 125, 0],
			"translation": [0, 3.5, 0],
			"scale": [0.4, 0.4, 0.4]
		},
		"ground": {
			"translation": [0, 3, 0],
			"scale": [0.3, 0.3, 0.3]
		},
		"gui": {
			"rotation": [30, 225, 0],
			"translation": [0, 3, 0],
			"scale": [0.7, 0.7, 0.7]
		},
		"head": {
			"translation": [0, 10.3, 0],
			"scale": [0.5, 0.5, 0.5]
		},
		"fixed": {
			"translation": [0, 2.5, 0],
			"scale": [0.5, 0.5, 0.5]
		}
	}
}