{
	"credit": "Nelonn",
	"texture_size": [64, 64],
	"textures": {
		"texture": "ggo:models/item/painkiller"
	},
	"elements": [
		{
			"name": "Body",
			"from": [4, 0, 4],
			"to": [12, 16, 12],
			"rotation": {"angle": 0, "axis": "y", "origin": [15, 8, 13]},
			"faces": {
				"north": {"uv": [2, 2, 4, 6], "texture": "#texture"},
				"east": {"uv": [0, 2, 2, 6], "texture": "#texture"},
				"south": {"uv": [6, 2, 8, 6], "texture": "#texture"},
				"west": {"uv": [4, 2, 6, 6], "texture": "#texture"},
				"up": {"uv": [4, 2, 2, 0], "texture": "#texture"},
				"down": {"uv": [6, 0, 4, 2], "texture": "#texture"}
			}
		},
		{
			"name": "Cap",
			"from": [3, 13, 3],
			"to": [13, 15, 13],
			"rotation": {"angle": 0, "axis": "y", "origin": [15, 21, 13]},
			"faces": {
				"north": {"uv": [2.5, 8.5, 5, 9], "texture": "#texture"},
				"east": {"uv": [0, 8.5, 2.5, 9], "texture": "#texture"},
				"south": {"uv": [7.5, 8.5, 10, 9], "texture": "#texture"},
				"west": {"uv": [5, 8.5, 7.5, 9], "texture": "#texture"},
				"up": {"uv": [5, 8.5, 2.5, 6], "texture": "#texture"},
				"down": {"uv": [7.5, 6, 5, 8.5], "texture": "#texture"}
			}
		}
	],
	"display": {
		"thirdperson_righthand": {
			"rotation": [60, 45, 0],
			"translation": [0, 1.25, 1.25],
			"scale": [0.2, 0.2, 0.2]
		},
		"thirdperson_lefthand": {
			"rotation": [60, 45, 0],
			"translation": [0, 1.25, 1.25],
			"scale": [0.2, 0.2, 0.2]
		},
		"firstperson_righthand": {
			"rotation": [0, 115, 0],
			"translation": [0.25, 2.5, 0.25],
			"scale": [0.4, 0.4, 0.4]
		},
		"firstperson_lefthand": {
			"rotation": [0, 115, 0],
			"translation": [0.25, 2.5, 0.25],
			"scale": [0.4, 0.4, 0.4]
		},
		"ground": {
			"translation": [0, 3, 0],
			"scale": [0.3, 0.3, 0.3]
		},
		"gui": {
			"rotation": [30, 145, 0],
			"scale": [0.7, 0.7, 0.7]
		},
		"head": {
			"translation": [0, 9.25, 0],
			"scale": [0.35, 0.35, 0.35]
		},
		"fixed": {
			"scale": [0.5, 0.5, 0.5]
		}
	}
}