{
	"credit": "Nelonn",
	"texture_size": [64, 64],
	"textures": {
		"texture": "doors:entity/door"
	},
	"elements": [
		{
			"from": [0, 0, 7],
			"to": [16, 32, 9],
			"rotation": {"angle": 0, "axis": "y", "origin": [8, 8, 15]},
			"faces": {
				"north": {"uv": [0.5, 0.5, 4.5, 8.5], "texture": "#texture"},
				"east": {"uv": [0, 0.5, 0.5, 8.5], "texture": "#texture"},
				"south": {"uv": [5, 0.5, 9, 8.5], "texture": "#texture"},
				"west": {"uv": [4.5, 0.5, 5, 8.5], "texture": "#texture"},
				"up": {"uv": [4.5, 0.5, 0.5, 0], "texture": "#texture"},
				"down": {"uv": [8.5, 0, 4.5, 0.5], "texture": "#texture"}
			}
		}
	],
	"display": {
		"head": {
			"translation": [14, -30.42, 0],
			"scale": [1.605, 1.605, 1.605]
		}
	}
}