{
	"credit": "Nelonn",
	"texture_size": [64, 64],
	"textures": {
		"particle": "ggo:models/item/energy_drink",
		"texture": "ggo:models/item/energy_drink"
	},
	"elements": [
		{
			"name": "Body",
			"from": [4, 0.5, 4],
			"to": [12, 14.5, 12],
			"rotation": {"angle": 0, "axis": "y", "origin": [15, 9, 15]},
			"faces": {
				"north": {"uv": [2, 2, 4, 5.5], "texture": "#texture"},
				"east": {"uv": [0, 2, 2, 5.5], "texture": "#texture"},
				"south": {"uv": [6, 2, 8, 5.5], "texture": "#texture"},
				"west": {"uv": [4, 2, 6, 5.5], "texture": "#texture"},
				"up": {"uv": [4, 2, 2, 0], "texture": "#texture"},
				"down": {"uv": [6, 0, 4, 2], "texture": "#texture"}
			}
		},
		{
			"from": [10, 15.5, 6],
			"to": [11, 16, 10],
			"rotation": {"angle": 0, "axis": "y", "origin": [20, 9.5, 15]},
			"faces": {
				"north": {"uv": [1, 6.5, 1.25, 6.5], "texture": "#texture"},
				"east": {"uv": [8.25, 1.5, 9.25, 1.75], "texture": "#texture"},
				"south": {"uv": [2.25, 6.5, 2.5, 6.5], "texture": "#texture"},
				"west": {"uv": [11.25, 1.75, 12.25, 2], "texture": "#texture"},
				"up": {"uv": [9.75, 1.25, 9.5, 0.25], "texture": "#texture"},
				"down": {"uv": [1.5, 5.5, 1.25, 6.5], "texture": "#texture"}
			}
		},
		{
			"from": [5, 15.5, 5],
			"to": [11, 16, 6],
			"rotation": {"angle": 0, "axis": "y", "origin": [8, 15.75, 8]},
			"faces": {
				"north": {"uv": [9.5, 1.5, 11, 1.75], "texture": "#texture"},
				"east": {"uv": [9.25, 1.5, 9.5, 1.75], "texture": "#texture"},
				"south": {"uv": [12.5, 1.75, 14, 2], "texture": "#texture"},
				"west": {"uv": [11, 1.5, 11.25, 1.75], "texture": "#texture"},
				"up": {"uv": [11, 1.5, 9.5, 1.25], "texture": "#texture"},
				"down": {"uv": [9, 1.5, 7.5, 1.75], "texture": "#texture"}
			}
		},
		{
			"from": [4.5, 14.5, 4.5],
			"to": [11.5, 15.5, 11.5],
			"rotation": {"angle": 0, "axis": "y", "origin": [15, 8.5, 15]},
			"faces": {
				"north": {"uv": [1.75, 7.25, 3.5, 7.5], "texture": "#texture"},
				"east": {"uv": [0, 7.25, 1.75, 7.5], "texture": "#texture"},
				"south": {"uv": [5.25, 7.25, 7, 7.5], "texture": "#texture"},
				"west": {"uv": [3.5, 7.25, 5.25, 7.5], "texture": "#texture"},
				"up": {"uv": [3.5, 7.25, 1.75, 5.5], "texture": "#texture"}
			}
		},
		{
			"from": [5, 15.5, 6],
			"to": [6, 16, 10],
			"rotation": {"angle": 0, "axis": "y", "origin": [15, 9.5, 15]},
			"faces": {
				"north": {"uv": [10, 1.5, 10.25, 1.5], "texture": "#texture"},
				"east": {"uv": [8.25, 1.75, 9.25, 2], "texture": "#texture"},
				"south": {"uv": [11.25, 1.5, 11.5, 1.5], "texture": "#texture"},
				"west": {"uv": [11.25, 1.5, 12.25, 1.75], "texture": "#texture"},
				"up": {"uv": [11, 1.25, 10.75, 0.25], "texture": "#texture"},
				"down": {"uv": [10.5, 0.5, 10.25, 1.5], "texture": "#texture"}
			}
		},
		{
			"from": [5, 15.5, 10],
			"to": [11, 16, 11],
			"rotation": {"angle": 0, "axis": "y", "origin": [8, 15.75, 8]},
			"faces": {
				"north": {"uv": [9.5, 1.75, 11, 2], "texture": "#texture"},
				"east": {"uv": [8, 1.5, 8.25, 1.75], "texture": "#texture"},
				"south": {"uv": [12.5, 1.5, 14, 1.75], "texture": "#texture"},
				"west": {"uv": [12.25, 1.5, 12.5, 1.75], "texture": "#texture"},
				"up": {"uv": [11, 0.25, 9.5, 0], "texture": "#texture"},
				"down": {"uv": [9, 1.25, 7.5, 1.5], "texture": "#texture"}
			}
		},
		{
			"from": [4.5, 0, 5.5],
			"to": [5.5, 0.5, 10.5],
			"rotation": {"angle": 0, "axis": "y", "origin": [15, 8, 15]},
			"faces": {
				"north": {"uv": [6, 1.25, 6.25, 1.25], "texture": "#texture"},
				"east": {"uv": [0.25, 9.5, 1.5, 9.75], "texture": "#texture"},
				"south": {"uv": [7.5, 1.25, 7.75, 1.25], "texture": "#texture"},
				"west": {"uv": [3.75, 9.25, 5, 9.5], "texture": "#texture"},
				"up": {"uv": [6.25, 1.25, 6, 0], "texture": "#texture"},
				"down": {"uv": [3.5, 7.75, 3.25, 9], "texture": "#texture"}
			}
		},
		{
			"from": [4.5, 0, 4.5],
			"to": [11.5, 0.5, 5.5],
			"rotation": {"angle": 0, "axis": "y", "origin": [8, 0.5, 8]},
			"faces": {
				"north": {"uv": [1.75, 9.25, 3.5, 9.5], "texture": "#texture"},
				"east": {"uv": [1.5, 9.25, 1.75, 9.5], "texture": "#texture"},
				"south": {"uv": [5.25, 9.5, 7, 9.75], "texture": "#texture"},
				"west": {"uv": [3.5, 9.25, 3.75, 9.5], "texture": "#texture"},
				"up": {"uv": [7, 6, 5.25, 5.75], "texture": "#texture"},
				"down": {"uv": [3.5, 7.5, 1.75, 7.75], "texture": "#texture"}
			}
		},
		{
			"from": [10.5, 0, 5.5],
			"to": [11.5, 0.5, 10.5],
			"rotation": {"angle": 0, "axis": "y", "origin": [21, 8, 15]},
			"faces": {
				"north": {"uv": [1.25, 1.25, 1.5, 1.25], "texture": "#texture"},
				"east": {"uv": [0.25, 9.25, 1.5, 9.5], "texture": "#texture"},
				"south": {"uv": [2.75, 1.25, 3, 1.25], "texture": "#texture"},
				"west": {"uv": [3.75, 9.5, 5, 9.75], "texture": "#texture"},
				"up": {"uv": [1.5, 1.25, 1.25, 0], "texture": "#texture"},
				"down": {"uv": [2, 7.75, 1.75, 9], "texture": "#texture"}
			}
		},
		{
			"from": [4.5, 0, 10.5],
			"to": [11.5, 0.5, 11.5],
			"rotation": {"angle": 0, "axis": "y", "origin": [8, 0.5, 8]},
			"faces": {
				"north": {"uv": [1.75, 9.5, 3.5, 9.75], "texture": "#texture"},
				"east": {"uv": [0, 9.25, 0.25, 9.5], "texture": "#texture"},
				"south": {"uv": [5.25, 9.25, 7, 9.5], "texture": "#texture"},
				"west": {"uv": [5, 9.25, 5.25, 9.5], "texture": "#texture"},
				"up": {"uv": [7, 5.75, 5.25, 5.5], "texture": "#texture"},
				"down": {"uv": [3.5, 9, 1.75, 9.25], "texture": "#texture"}
			}
		}
	],
	"display": {
		"thirdperson_righthand": {
			"rotation": [60, 45, 0],
			"translation": [0, 2, 1.75],
			"scale": [0.3, 0.3, 0.3]
		},
		"thirdperson_lefthand": {
			"rotation": [60, 45, 0],
			"translation": [0, 2, 1.75],
			"scale": [0.3, 0.3, 0.3]
		},
		"firstperson_righthand": {
			"rotation": [0, 115, 0],
			"translation": [0.25, 2.5, 0.25],
			"scale": [0.4, 0.4, 0.4]
		},
		"firstperson_lefthand": {
			"rotation": [0, 115, 0],
			"translation": [0.25, 2.5, 0.25],
			"scale": [0.4, 0.4, 0.4]
		},
		"ground": {
			"translation": [0, 3, 0],
			"scale": [0.4, 0.4, 0.4]
		},
		"gui": {
			"rotation": [30, 145, 0],
			"scale": [0.8, 0.8, 0.8]
		},
		"head": {
			"rotation": [0, 180, 0],
			"translation": [0, 10.4, 0],
			"scale": [0.5, 0.5, 0.5]
		},
		"fixed": {
			"scale": [0.65, 0.65, 0.65]
		}
	},
	"groups": [0,
		{
			"name": "up",
			"origin": [8, 8, 8],
			"children": [1, 2, 3, 4, 5]
		},
		{
			"name": "down",
			"origin": [8, 8, 8],
			"children": [6, 7, 8, 9]
		}
	]
}