{"credit":"thebradqq's guns","textures":{"0":"mgs:misc/reticle_mk4","1":"mgs:gun/mk4details","2":"mgs:gun/metal_dark","3":"mgs:gun/metal","particle":"mgs:misc/reticle_mk4"},"elements":[{"from":[4.38283,7.553,7.4605],"to":[5.01283,8.62868,8.5395],"rotation":{"angle":0,"axis":"y","origin":[12.4,7.725,8]},"faces":{"north":{"uv":[9.25,7.5,10,8.75],"rotation":180,"texture":"#2"},"east":{"uv":[9.5,8.25,10.25,9.5],"rotation":180,"texture":"#2"},"south":{"uv":[9.25,7.5,10,8.75],"rotation":180,"texture":"#2"},"west":{"uv":[9.5,8.25,10.25,9.5],"rotation":180,"texture":"#2"},"down":{"uv":[15.75,15.75,16,16],"texture":"#2"}}},{"from":[7.90783,7.553,7.4605],"to":[8.53783,8.62868,8.5395],"rotation":{"angle":0,"axis":"y","origin":[15.925,7.725,8]},"faces":{"north":{"uv":[9.25,7.5,10,8.75],"rotation":180,"texture":"#2"},"east":{"uv":[9.5,8.25,10.25,9.5],"rotation":180,"texture":"#2"},"south":{"uv":[9.25,7.5,10,8.75],"rotation":180,"texture":"#2"},"west":{"uv":[9.5,8.25,10.25,9.5],"rotation":180,"texture":"#2"},"down":{"uv":[15.75,15.75,16,16],"texture":"#2"}}},{"from":[4.38466,9.23626,9.51716],"to":[5.01134,9.89196,9.72466],"rotation":{"angle":45,"axis":"x","origin":[4.515,10.5055,8]},"faces":{"east":{"uv":[9.75,8,10,8.25],"texture":"#2"},"south":{"uv":[8.5,7.75,9.25,8.25],"rotation":180,"texture":"#2"},"west":{"uv":[9.75,8,10,8.25],"texture":"#2"}}},{"from":[7.90966,9.23626,9.51716],"to":[8.53634,9.89196,9.72466],"rotation":{"angle":45,"axis":"x","origin":[8.04,10.5055,8]},"faces":{"east":{"uv":[9.75,8,10,8.25],"texture":"#2"},"south":{"uv":[8.5,7.75,9.25,8.25],"rotation":180,"texture":"#2"},"west":{"uv":[9.75,8,10,8.25],"texture":"#2"}}},{"from":[4.383,8.85128,8.60319],"to":[5.013,9.57952,8.78569],"rotation":{"angle":0,"axis":"y","origin":[5.428,7.7274,7.99719]},"faces":{"east":{"uv":[9.75,8,10,8.5],"rotation":180,"texture":"#2"},"south":{"uv":[10.75,5,11.5,6],"texture":"#2"},"west":{"uv":[9.75,8,10,8.5],"rotation":180,"texture":"#2"}}},{"from":[7.908,8.85128,8.60319],"to":[8.538,9.57952,8.78569],"rotation":{"angle":0,"axis":"y","origin":[8.953,7.7274,7.99719]},"faces":{"east":{"uv":[9.75,8,10,8.5],"rotation":180,"texture":"#2"},"south":{"uv":[10.75,5,11.5,6],"texture":"#2"},"west":{"uv":[9.75,8,10,8.5],"rotation":180,"texture":"#2"}}},{"from":[4.3835,9.41838,7.39585],"to":[5.0125,10.07408,7.60335],"rotation":{"angle":-45,"axis":"x","origin":[4.51334,10.92616,8.00001]},"faces":{"east":{"uv":[11,11.25,11.25,11.75],"rotation":90,"texture":"#2"},"south":{"uv":[12.5,4.25,13.25,5.25],"texture":"#2"},"west":{"uv":[11,11.25,11.25,11.75],"rotation":90,"texture":"#2"}}},{"from":[7.908,9.41838,7.39585],"to":[8.53468,10.07408,7.60335],"rotation":{"angle":-45,"axis":"x","origin":[8.03834,10.92616,8.00001]},"faces":{"east":{"uv":[11,11.25,11.25,11.75],"rotation":90,"texture":"#2"},"south":{"uv":[12.5,4.25,13.25,5.25],"texture":"#2"},"west":{"uv":[11,11.25,11.25,11.75],"rotation":90,"texture":"#2"}}},{"from":[4.383,9.8355,7.67796],"to":[5.013,10.04317,8.32204],"rotation":{"angle":0,"axis":"y","origin":[9.578,7.725,7.76262]},"faces":{"east":{"uv":[11.75,11.5,12,12],"rotation":180,"texture":"#2"},"west":{"uv":[11.75,11.5,12,12],"rotation":180,"texture":"#2"},"up":{"uv":[12,1.5,12.75,2.5],"texture":"#2"}}},{"from":[7.908,9.8355,7.67796],"to":[8.538,10.04317,8.32204],"rotation":{"angle":0,"axis":"y","origin":[13.103,7.725,7.76262]},"faces":{"east":{"uv":[11.75,11.5,12,12],"rotation":180,"texture":"#2"},"west":{"uv":[11.75,11.5,12,12],"rotation":180,"texture":"#2"},"up":{"uv":[12,1.5,12.75,2.5],"texture":"#2"}}},{"from":[4.3835,9.41838,8.39665],"to":[5.0125,10.07408,8.60415],"rotation":{"angle":45,"axis":"x","origin":[4.51334,10.92616,7.99999]},"faces":{"north":{"uv":[12.5,4.25,13.25,5.25],"texture":"#2"},"east":{"uv":[11,11.25,11.25,11.75],"rotation":270,"texture":"#2"},"west":{"uv":[11,11.25,11.25,11.75],"rotation":90,"texture":"#2"}}},{"from":[7.908,9.41838,8.39665],"to":[8.53468,10.07408,8.60415],"rotation":{"angle":45,"axis":"x","origin":[8.03834,10.92616,7.99999]},"faces":{"north":{"uv":[12.5,4.25,13.25,5.25],"texture":"#2"},"east":{"uv":[11,11.25,11.25,11.75],"rotation":270,"texture":"#2"},"west":{"uv":[11,11.25,11.25,11.75],"rotation":90,"texture":"#2"}}},{"from":[4.383,8.85128,7.21431],"to":[5.013,9.57952,7.39681],"rotation":{"angle":0,"axis":"y","origin":[5.428,7.7274,8.00281]},"faces":{"north":{"uv":[10.75,5,11.5,6],"texture":"#2"},"east":{"uv":[9.75,8,10,8.5],"rotation":180,"texture":"#2"},"west":{"uv":[9.75,8,10,8.5],"rotation":180,"texture":"#2"}}},{"from":[7.908,8.85128,7.21431],"to":[8.538,9.57952,7.39681],"rotation":{"angle":0,"axis":"y","origin":[8.953,7.7274,8.00281]},"faces":{"north":{"uv":[10.75,5,11.5,6],"texture":"#2"},"east":{"uv":[9.75,8,10,8.5],"rotation":180,"texture":"#2"},"west":{"uv":[9.75,8,10,8.5],"rotation":180,"texture":"#2"}}},{"from":[4.38466,9.23626,6.27534],"to":[5.01134,9.89196,6.48284],"rotation":{"angle":-45,"axis":"x","origin":[4.515,10.5055,8]},"faces":{"north":{"uv":[8.5,7.75,9.25,8.25],"rotation":180,"texture":"#2"},"east":{"uv":[9.75,8,10,8.25],"texture":"#2"},"west":{"uv":[9.75,8,10,8.25],"texture":"#2"}}},{"from":[7.90966,9.23626,6.27534],"to":[8.53634,9.89196,6.48284],"rotation":{"angle":-45,"axis":"x","origin":[8.04,10.5055,8]},"faces":{"north":{"uv":[8.5,7.75,9.25,8.25],"rotation":180,"texture":"#2"},"east":{"uv":[9.75,8,10,8.25],"texture":"#2"},"west":{"uv":[9.75,8,10,8.25],"texture":"#2"}}},{"from":[6.673,8.827,8.76],"to":[6.85202,9.727,9.46],"rotation":{"angle":0,"axis":"x","origin":[6.76251,10.777,9.11]},"faces":{"south":{"uv":[7,0,7.5,3.49],"texture":"#1"},"up":{"uv":[1.5,3.5,3,0],"texture":"#1"},"down":{"uv":[11.5,3.5,13,0],"rotation":180,"texture":"#1"}}},{"from":[6.548,9.052,9.2605],"to":[6.97702,9.502,9.4605],"rotation":{"angle":0,"axis":"x","origin":[6.76251,10.777,9.11]},"faces":{"south":{"uv":[11,5.5,16,10.5],"texture":"#1"}}},{"from":[6.31251,9.18749,8.76],"to":[7.21251,9.36651,9.46],"rotation":{"angle":0,"axis":"z","origin":[6.76251,10.777,9.11]},"faces":{"east":{"uv":[5.5,0,7,3.5],"rotation":270,"texture":"#1"},"south":{"uv":[0.5,0,1,3.5],"rotation":90,"texture":"#1"},"west":{"uv":[3.5,0,5,3.5],"rotation":90,"texture":"#1"}}},{"from":[5.73848,9.30167,8.76],"to":[6.63848,9.48069,9.46],"rotation":{"angle":22.5,"axis":"z","origin":[6.76251,10.777,9.11]},"faces":{"east":{"uv":[0,3.5,1.5,0],"rotation":90,"texture":"#1"},"south":{"uv":[1,0,1.5,3.49],"rotation":90,"texture":"#1"},"west":{"uv":[5,0,6.5,3.5],"rotation":90,"texture":"#1"}}},{"from":[6.88654,9.30167,8.7599],"to":[7.78654,9.48069,9.4599],"rotation":{"angle":-22.5,"axis":"z","origin":[6.76251,10.777,9.11]},"faces":{"east":{"uv":[7,3.5,8.5,0],"rotation":90,"texture":"#1"},"south":{"uv":[1,0,1.5,3.49],"rotation":270,"texture":"#1"},"west":{"uv":[14,0,15.5,3.5],"rotation":90,"texture":"#1"}}},{"from":[7.73366,9.26634,8.7599],"to":[7.91268,10.16634,9.4599],"rotation":{"angle":-45,"axis":"z","origin":[6.76251,10.777,9.11]},"faces":{"south":{"uv":[1,0,1.5,3.49],"texture":"#1"},"up":{"uv":[0.5,3.5,2,0],"texture":"#1"},"down":{"uv":[6.5,3.5,8,0],"rotation":180,"texture":"#1"}}},{"from":[5.61234,9.26634,8.7599],"to":[5.79136,10.16634,9.4599],"rotation":{"angle":45,"axis":"z","origin":[6.76251,10.777,9.11]},"faces":{"south":{"uv":[1,0,1.5,3.49],"texture":"#1"},"up":{"uv":[0.5,3.5,2,0],"texture":"#1"},"down":{"uv":[8.5,0,10,3.5],"texture":"#1"}}},{"from":[7.24703,8.94118,8.7599],"to":[7.42605,9.84118,9.4599],"rotation":{"angle":-22.5,"axis":"z","origin":[6.76251,10.777,9.11]},"faces":{"south":{"uv":[7,0,7.5,3.49],"texture":"#1"},"up":{"uv":[4,0,5.5,3.5],"rotation":180,"texture":"#1"},"down":{"uv":[7,3.5,8.5,0],"rotation":180,"texture":"#1"}}},{"from":[6.09897,8.94118,8.76],"to":[6.27799,9.84118,9.46],"rotation":{"angle":22.5,"axis":"z","origin":[6.76251,10.777,9.11]},"faces":{"south":{"uv":[7,0,7.5,3.49],"texture":"#1"},"up":{"uv":[2,3.5,3.5,0],"texture":"#1"},"down":{"uv":[10,3.5,11.5,0],"rotation":180,"texture":"#1"}}},{"from":[6.09366,9.17056,8.04847],"to":[7.79184,9.8988,8.33897],"rotation":{"angle":-22.5,"axis":"x","origin":[7.337,10.713,8]},"faces":{"east":{"uv":[9.75,8,10,8.25],"texture":"#2"},"south":{"uv":[10,4.5,12,5.5],"texture":"#2"},"west":{"uv":[9.75,8,10,8.5],"rotation":180,"texture":"#2"},"down":{"uv":[15.75,15.75,16,16],"rotation":180,"texture":"#2"}}},{"from":[6.092,9.09788,8.664],"to":[7.7935,9.41112,8.83],"rotation":{"angle":0,"axis":"y","origin":[8.25,7.725,8]},"faces":{"east":{"uv":[9.75,8,10,8.25],"texture":"#2"},"south":{"uv":[10.75,5,12.75,5.5],"rotation":180,"texture":"#2"},"west":{"uv":[9.75,8,10,8.25],"texture":"#2"}}},{"from":[6.09366,9.02956,9.19653],"to":[7.79184,9.5578,9.48703],"rotation":{"angle":22.5,"axis":"x","origin":[7.337,10.787,8]},"faces":{"east":{"uv":[9.75,8,10,8.25],"texture":"#2"},"south":{"uv":[11.25,8,13.25,8.75],"rotation":180,"texture":"#2"},"west":{"uv":[9.75,8,10,8.25],"texture":"#2"},"up":{"uv":[12.5,4,12.75,4.25],"rotation":180,"texture":"#2"},"down":{"uv":[15.75,15.75,16,16],"rotation":180,"texture":"#2"}}},{"from":[6.092,9.8355,7.29284],"to":[7.7935,10.12617,8.70716],"rotation":{"angle":0,"axis":"y","origin":[12.4,7.725,7.751]},"faces":{"north":{"uv":[10.75,5.25,12.75,5.75],"texture":"#2"},"east":{"uv":[9.75,8,10,8.25],"texture":"#2"},"south":{"uv":[10.75,5.25,12.75,5.75],"texture":"#2"},"west":{"uv":[11.75,11.5,12,12.25],"rotation":180,"texture":"#2"},"up":{"uv":[3.25,0.75,5.25,2.25],"texture":"#2"}}},{"from":[6.09217,9.90818,7.09487],"to":[7.79333,10.11568,7.46657],"rotation":{"angle":-22.5,"axis":"x","origin":[10.159,10.713,8]},"faces":{"east":{"uv":[9.75,8,10,8.25],"texture":"#2"},"west":{"uv":[11,11.25,11.25,11.5],"rotation":270,"texture":"#2"}}},{"from":[6.09366,9.17056,7.66103],"to":[7.79184,9.8988,7.95153],"rotation":{"angle":22.5,"axis":"x","origin":[7.337,10.713,8]},"faces":{"north":{"uv":[10,4.5,12,5.5],"texture":"#2"},"east":{"uv":[9.75,8,10,8.25],"texture":"#2"},"west":{"uv":[9.75,8,10,8.5],"rotation":180,"texture":"#2"},"down":{"uv":[15.75,15.75,16,16],"rotation":180,"texture":"#2"}}},{"from":[6.092,9.09788,7.17],"to":[7.7935,9.41112,7.336],"rotation":{"angle":0,"axis":"y","origin":[8.25,7.725,8]},"faces":{"north":{"uv":[10.75,5,12.75,5.5],"rotation":180,"texture":"#2"},"east":{"uv":[9.75,8,10,8.25],"texture":"#2"},"west":{"uv":[9.75,8,10,8.25],"texture":"#2"},"down":{"uv":[15.75,15.75,16,16],"rotation":180,"texture":"#2"}}},{"from":[6.09217,9.90818,8.53343],"to":[7.79333,10.11568,8.90513],"rotation":{"angle":22.5,"axis":"x","origin":[10.159,10.713,8]},"faces":{"east":{"uv":[9.75,8,10,8.25],"texture":"#2"},"west":{"uv":[11,11.25,11.25,11.5],"rotation":270,"texture":"#2"}}},{"from":[0.025,9.99118,7.26087],"to":[2.353,10.15718,7.59107],"rotation":{"angle":-22.5,"axis":"x","origin":[1.689,10.713,8]},"faces":{"east":{"uv":[4.5,4.5,5,5],"rotation":270,"texture":"#2"},"west":{"uv":[10,4.25,10.25,5],"texture":"#2"},"up":{"uv":[0,12,2.25,12.5],"texture":"#3"},"down":{"uv":[15.75,15.75,16,16],"texture":"#2"}}},{"from":[0.0245,10.31634,6.77424],"to":[2.3525,10.48234,7.10444],"rotation":{"angle":-45,"axis":"x","origin":[1.689,10.713,8]},"faces":{"east":{"uv":[7.25,4.75,7.75,5.25],"rotation":270,"texture":"#2"},"west":{"uv":[10,4.25,10.25,5],"texture":"#2"},"up":{"uv":[7.25,4.75,9.5,5.25],"rotation":180,"texture":"#2"},"down":{"uv":[9.75,8,10,8.25],"texture":"#2"}}},{"from":[0.025,9.16208,7.74403],"to":[2.353,9.49228,7.91003],"rotation":{"angle":22.5,"axis":"x","origin":[1.689,10.713,8]},"faces":{"north":{"uv":[1.75,5,4,5.5],"texture":"#2"},"east":{"uv":[1.75,5,2.25,5.5],"texture":"#2"},"south":{"uv":[9.75,8.25,10,8.5],"texture":"#2"},"west":{"uv":[11,4.5,11.25,5.25],"rotation":270,"texture":"#2"}}},{"from":[0.025,9.0479,7.17],"to":[2.353,9.3781,7.336],"rotation":{"angle":0,"axis":"y","origin":[11.4,7.725,8]},"faces":{"north":{"uv":[8.5,5.25,10.75,5.75],"texture":"#2"},"east":{"uv":[8.5,5.25,9,5.75],"texture":"#2"},"south":{"uv":[9.5,8.5,9.75,8.75],"texture":"#2"},"west":{"uv":[11,4.5,11.25,5.25],"rotation":270,"texture":"#2"}}},{"from":[0.0245,9.16208,6.59597],"to":[2.3525,9.49228,6.76197],"rotation":{"angle":-22.5,"axis":"x","origin":[1.689,10.713,8]},"faces":{"north":{"uv":[8.5,5.5,10.75,6],"texture":"#2"},"east":{"uv":[8.5,5.5,9,6],"texture":"#2"},"south":{"uv":[9.75,8.75,10,9],"texture":"#2"},"west":{"uv":[11,4.75,11.25,5.5],"rotation":270,"texture":"#2"}}},{"from":[0.025,8.82234,8.89556],"to":[2.353,8.98834,9.22576],"rotation":{"angle":45,"axis":"x","origin":[1.689,10.713,8]},"faces":{"east":{"uv":[6.5,8,7,8.5],"rotation":270,"texture":"#2"},"west":{"uv":[10.5,5,10.75,5.75],"rotation":180,"texture":"#2"},"up":{"uv":[9,11,9.25,11.25],"texture":"#2"},"down":{"uv":[6.5,8,8.75,8.5],"texture":"#2"}}},{"from":[0.0245,8.49718,8.40893],"to":[2.3525,8.66318,8.73913],"rotation":{"angle":22.5,"axis":"x","origin":[1.689,10.713,8]},"faces":{"east":{"uv":[15.75,15.75,16,16],"rotation":180,"texture":"#2"},"west":{"uv":[10.5,5.25,10.75,6],"rotation":180,"texture":"#2"},"up":{"uv":[8.75,11.5,9,11.75],"texture":"#2"},"down":{"uv":[15.75,15.75,16,16],"rotation":180,"texture":"#2"}}},{"from":[0.025,8.383,7.8349],"to":[2.353,8.549,8.1651],"rotation":{"angle":0,"axis":"y","origin":[11.4,7.725,8]},"faces":{"east":{"uv":[15.75,15.75,16,16],"rotation":180,"texture":"#2"},"west":{"uv":[10,5.5,10.25,6.25],"rotation":180,"texture":"#2"},"up":{"uv":[8.75,11.5,9,11.75],"texture":"#2"},"down":{"uv":[15.75,15.75,16,16],"rotation":180,"texture":"#2"}}},{"from":[0.0245,8.49718,7.26087],"to":[2.3525,8.66318,7.59107],"rotation":{"angle":-22.5,"axis":"x","origin":[1.689,10.713,8]},"faces":{"east":{"uv":[15.75,15.75,16,16],"rotation":180,"texture":"#2"},"west":{"uv":[10.5,5.25,10.75,6],"rotation":180,"texture":"#2"},"up":{"uv":[8.75,11.5,9,11.75],"texture":"#2"},"down":{"uv":[15.75,15.75,16,16],"rotation":180,"texture":"#2"}}},{"from":[0.025,8.82234,6.77424],"to":[2.353,8.98834,7.10444],"rotation":{"angle":-45,"axis":"x","origin":[1.689,10.713,8]},"faces":{"east":{"uv":[6.5,8,7,8.5],"rotation":90,"texture":"#2"},"west":{"uv":[10.5,5,10.75,5.75],"rotation":180,"texture":"#2"},"up":{"uv":[9,11,9.25,11.25],"texture":"#2"},"down":{"uv":[6.5,8,8.75,8.5],"rotation":180,"texture":"#2"}}},{"from":[0.0245,9.16208,9.23803],"to":[2.3525,9.49228,9.40403],"rotation":{"angle":22.5,"axis":"x","origin":[1.689,10.713,8]},"faces":{"north":{"uv":[9.75,8.75,10,9],"texture":"#2"},"east":{"uv":[8.5,5.5,9,6],"texture":"#2"},"south":{"uv":[8.5,5.5,10.75,6],"texture":"#2"},"west":{"uv":[11,4.75,11.25,5.5],"rotation":90,"texture":"#2"}}},{"from":[0.025,9.0479,8.664],"to":[2.353,9.3781,8.83],"rotation":{"angle":0,"axis":"y","origin":[11.4,7.725,8]},"faces":{"north":{"uv":[9.5,8.5,9.75,8.75],"texture":"#2"},"east":{"uv":[6.25,5.25,6.75,5.75],"texture":"#2"},"south":{"uv":[6.25,5.25,8.5,5.75],"texture":"#2"},"west":{"uv":[11,4.5,11.25,5.25],"rotation":90,"texture":"#2"}}},{"from":[0.025,9.16208,8.08997],"to":[2.353,9.49228,8.25597],"rotation":{"angle":-22.5,"axis":"x","origin":[1.689,10.713,8]},"faces":{"north":{"uv":[9.75,8.25,10,8.5],"texture":"#2"},"east":{"uv":[3.75,5,4.25,5.5],"texture":"#2"},"south":{"uv":[3.75,5,6,5.5],"texture":"#2"},"west":{"uv":[11,4.5,11.25,5.25],"rotation":90,"texture":"#2"}}},{"from":[0.0245,10.31634,8.89556],"to":[2.3525,10.48234,9.22576],"rotation":{"angle":45,"axis":"x","origin":[1.689,10.713,8]},"faces":{"east":{"uv":[6.25,4.75,6.75,5.25],"rotation":90,"texture":"#2"},"west":{"uv":[10,4.25,10.25,5],"texture":"#2"},"up":{"uv":[6.25,4.75,8.5,5.25],"texture":"#2"},"down":{"uv":[9.75,8,10,8.25],"texture":"#2"}}},{"from":[0.025,9.99118,8.40893],"to":[2.353,10.15718,8.73913],"rotation":{"angle":22.5,"axis":"x","origin":[1.689,10.713,8]},"faces":{"east":{"uv":[9.25,4.5,9.75,5],"rotation":90,"texture":"#2"},"west":{"uv":[10,4.25,10.25,5],"texture":"#2"},"up":{"uv":[1.5,12,3.75,12.5],"texture":"#3"},"down":{"uv":[15.75,15.75,16,16],"texture":"#2"}}},{"from":[0.025,9.877,7.8349],"to":[2.3532,10.043,8.1651],"rotation":{"angle":0,"axis":"y","origin":[11.4,7.725,8]},"faces":{"east":{"uv":[11.5,2,12,2.5],"rotation":90,"texture":"#2"},"west":{"uv":[10,4.25,10.25,5],"texture":"#2"},"up":{"uv":[1.25,12,3.5,12.5],"texture":"#3"},"down":{"uv":[15.75,15.75,16,16],"texture":"#2"}}},{"from":[2.155,9.794,7.86793],"to":[8.878,9.877,8.13207],"rotation":{"angle":0,"axis":"y","origin":[11.7,7.725,8]},"faces":{"east":{"uv":[15.75,15.75,16,16],"texture":"#2"},"west":{"uv":[15.75,15.75,16,16],"texture":"#2"},"up":{"uv":[0.75,4,7.25,4.5],"rotation":180,"texture":"#2"},"down":{"uv":[15.75,15.75,16,16],"texture":"#2"}}},{"from":[2.155,9.90818,8.44196],"to":[8.878,9.99118,8.7061],"rotation":{"angle":22.5,"axis":"x","origin":[2.819,10.713,8]},"faces":{"east":{"uv":[15.75,15.75,16,16],"texture":"#2"},"west":{"uv":[15.75,15.75,16,16],"texture":"#2"},"up":{"uv":[9.25,4.5,15.75,5],"texture":"#2"},"down":{"uv":[15.75,15.75,16,16],"texture":"#2"}}},{"from":[2.155,10.23334,8.92859],"to":[8.878,10.31634,9.19273],"rotation":{"angle":45,"axis":"x","origin":[2.819,10.713,8]},"faces":{"east":{"uv":[15.75,15.75,16,16],"texture":"#2"},"west":{"uv":[15.75,15.75,16,16],"texture":"#2"},"up":{"uv":[5.25,4.75,11.75,5.25],"texture":"#2"},"down":{"uv":[15.75,15.75,16,16],"texture":"#2"}}},{"from":[2.155,9.19511,8.00697],"to":[8.878,9.45925,8.08997],"rotation":{"angle":-22.5,"axis":"x","origin":[2.819,10.713,8]},"faces":{"north":{"uv":[15.75,15.75,16,16],"texture":"#2"},"east":{"uv":[15.75,15.75,16,16],"texture":"#2"},"south":{"uv":[3.75,5,10.25,5.5],"texture":"#2"},"west":{"uv":[15.75,15.75,16,16],"texture":"#2"}}},{"from":[2.155,9.19511,9.15503],"to":[8.878,9.45925,9.23803],"rotation":{"angle":22.5,"axis":"x","origin":[2.819,10.713,8]},"faces":{"north":{"uv":[15.75,15.75,16,16],"texture":"#2"},"east":{"uv":[15.75,15.75,16,16],"texture":"#2"},"south":{"uv":[8.5,5.5,15,6],"texture":"#2"},"west":{"uv":[15.75,15.75,16,16],"texture":"#2"}}},{"from":[2.155,9.08093,8.581],"to":[8.878,9.34507,8.664],"rotation":{"angle":0,"axis":"y","origin":[11.7,7.725,8]},"faces":{"north":{"uv":[15.75,15.75,16,16],"texture":"#2"},"east":{"uv":[15.75,15.75,16,16],"texture":"#2"},"south":{"uv":[6.25,5.25,12.75,5.75],"texture":"#2"},"west":{"uv":[15.75,15.75,16,16],"texture":"#2"}}},{"from":[2.155,8.98834,6.80727],"to":[8.878,9.07134,7.07141],"rotation":{"angle":-45,"axis":"x","origin":[2.819,10.713,8]},"faces":{"east":{"uv":[15.75,15.75,16,16],"texture":"#2"},"west":{"uv":[15.75,15.75,16,16],"texture":"#2"},"up":{"uv":[15.75,15.75,16,16],"texture":"#2"},"down":{"uv":[6.5,8,13,8.5],"rotation":180,"texture":"#2"}}},{"from":[2.155,8.66318,7.2939],"to":[8.878,8.74618,7.55804],"rotation":{"angle":-22.5,"axis":"x","origin":[2.819,10.713,8]},"faces":{"east":{"uv":[15.75,15.75,16,16],"texture":"#2"},"west":{"uv":[15.75,15.75,16,16],"texture":"#2"},"up":{"uv":[15.75,15.75,16,16],"texture":"#2"},"down":{"uv":[15.75,15.75,16,16],"rotation":180,"texture":"#2"}}},{"from":[2.155,8.549,7.86793],"to":[8.878,8.632,8.13207],"rotation":{"angle":0,"axis":"y","origin":[11.7,7.725,8]},"faces":{"east":{"uv":[15.75,15.75,16,16],"texture":"#2"},"west":{"uv":[15.75,15.75,16,16],"texture":"#2"},"up":{"uv":[15.75,15.75,16,16],"texture":"#2"},"down":{"uv":[15.75,15.75,16,16],"rotation":180,"texture":"#2"}}},{"from":[2.155,8.66318,8.44196],"to":[8.878,8.74618,8.7061],"rotation":{"angle":22.5,"axis":"x","origin":[2.819,10.713,8]},"faces":{"east":{"uv":[15.75,15.75,16,16],"texture":"#2"},"west":{"uv":[15.75,15.75,16,16],"texture":"#2"},"up":{"uv":[15.75,15.75,16,16],"texture":"#2"},"down":{"uv":[15.75,15.75,16,16],"rotation":180,"texture":"#2"}}},{"from":[2.155,8.98834,8.92859],"to":[8.878,9.07134,9.19273],"rotation":{"angle":45,"axis":"x","origin":[2.819,10.713,8]},"faces":{"east":{"uv":[15.75,15.75,16,16],"texture":"#2"},"west":{"uv":[15.75,15.75,16,16],"texture":"#2"},"up":{"uv":[15.75,15.75,16,16],"texture":"#2"},"down":{"uv":[6.5,8,13,8.5],"texture":"#2"}}},{"from":[2.155,9.19511,6.76197],"to":[8.878,9.45925,6.84497],"rotation":{"angle":-22.5,"axis":"x","origin":[2.819,10.713,8]},"faces":{"north":{"uv":[8.5,5.5,15,6],"texture":"#2"},"east":{"uv":[15.75,15.75,16,16],"texture":"#2"},"south":{"uv":[15.75,15.75,16,16],"texture":"#2"},"west":{"uv":[15.75,15.75,16,16],"texture":"#2"}}},{"from":[2.155,9.08093,7.336],"to":[8.878,9.34507,7.419],"rotation":{"angle":0,"axis":"y","origin":[11.7,7.725,8]},"faces":{"north":{"uv":[8.5,5.25,15,5.75],"texture":"#2"},"east":{"uv":[15.75,15.75,16,16],"texture":"#2"},"south":{"uv":[15.75,15.75,16,16],"texture":"#2"},"west":{"uv":[15.75,15.75,16,16],"texture":"#2"}}},{"from":[2.155,9.19511,7.91003],"to":[8.878,9.45925,7.99303],"rotation":{"angle":22.5,"axis":"x","origin":[2.819,10.713,8]},"faces":{"north":{"uv":[1.75,5,8.25,5.5],"texture":"#2"},"east":{"uv":[15.75,15.75,16,16],"texture":"#2"},"south":{"uv":[15.75,15.75,16,16],"texture":"#2"},"west":{"uv":[15.75,15.75,16,16],"texture":"#2"}}},{"from":[2.155,10.23334,6.80727],"to":[8.878,10.31634,7.07141],"rotation":{"angle":-45,"axis":"x","origin":[2.819,10.713,8]},"faces":{"east":{"uv":[15.75,15.75,16,16],"texture":"#2"},"west":{"uv":[15.75,15.75,16,16],"texture":"#2"},"up":{"uv":[8.5,4.75,15,5.25],"rotation":180,"texture":"#2"},"down":{"uv":[15.75,15.75,16,16],"texture":"#2"}}},{"from":[2.155,9.90818,7.2939],"to":[8.878,9.99118,7.55804],"rotation":{"angle":-22.5,"axis":"x","origin":[2.819,10.713,8]},"faces":{"east":{"uv":[15.75,15.75,16,16],"texture":"#2"},"west":{"uv":[15.75,15.75,16,16],"texture":"#2"},"up":{"uv":[4.5,4.5,11,5],"rotation":180,"texture":"#2"},"down":{"uv":[15.75,15.75,16,16],"texture":"#2"}}},{"from":[8.7945,9.877,7.8349],"to":[10.1225,10.043,8.1651],"rotation":{"angle":0,"axis":"y","origin":[11.7,7.725,8]},"faces":{"east":{"uv":[15.75,15.75,16,16],"texture":"#2"},"west":{"uv":[11.5,2,12,2.5],"rotation":90,"texture":"#2"},"up":{"uv":[1.25,12,3.5,12.5],"texture":"#3"},"down":{"uv":[15.75,15.75,16,16],"texture":"#2"}}},{"from":[8.795,9.99118,8.40893],"to":[10.123,10.15718,8.73913],"rotation":{"angle":22.5,"axis":"x","origin":[9.459,10.713,8]},"faces":{"east":{"uv":[15.75,15.75,16,16],"texture":"#2"},"west":{"uv":[9.25,4.5,9.75,5],"rotation":270,"texture":"#2"},"up":{"uv":[4.75,12,7,12.5],"texture":"#3"},"down":{"uv":[15.75,15.75,16,16],"texture":"#2"}}},{"from":[8.795,10.31634,8.89556],"to":[10.123,10.48234,9.22576],"rotation":{"angle":45,"axis":"x","origin":[9.459,10.713,8]},"faces":{"east":{"uv":[15.75,15.75,16,16],"texture":"#2"},"west":{"uv":[6.25,4.75,6.75,5.25],"rotation":270,"texture":"#2"},"up":{"uv":[6.25,4.75,8.5,5.25],"texture":"#2"},"down":{"uv":[15.75,15.75,16,16],"texture":"#2"}}},{"from":[8.795,9.16208,8.08997],"to":[10.123,9.49228,8.25597],"rotation":{"angle":-22.5,"axis":"x","origin":[9.459,10.713,8]},"faces":{"north":{"uv":[15.75,15.75,16,16],"texture":"#2"},"east":{"uv":[15.75,15.75,16,16],"texture":"#2"},"south":{"uv":[3.75,5,6,5.5],"texture":"#2"},"west":{"uv":[1.75,5,2.25,5.5],"texture":"#2"}}},{"from":[8.795,9.0479,8.664],"to":[10.123,9.3781,8.83],"rotation":{"angle":0,"axis":"y","origin":[11.7,7.725,8]},"faces":{"north":{"uv":[15.75,15.75,16,16],"texture":"#2"},"east":{"uv":[15.75,15.75,16,16],"texture":"#2"},"south":{"uv":[6.25,5.25,8.5,5.75],"texture":"#2"},"west":{"uv":[8.5,5.25,9,5.75],"texture":"#2"}}},{"from":[8.795,9.16208,9.23803],"to":[10.123,9.49228,9.40403],"rotation":{"angle":22.5,"axis":"x","origin":[9.459,10.713,8]},"faces":{"north":{"uv":[15.75,15.75,16,16],"texture":"#2"},"east":{"uv":[15.75,15.75,16,16],"texture":"#2"},"south":{"uv":[8.5,5.5,10.75,6],"texture":"#2"},"west":{"uv":[8.5,5.5,9,6],"texture":"#2"}}},{"from":[8.795,8.82234,6.77424],"to":[10.123,8.98834,7.10444],"rotation":{"angle":-45,"axis":"x","origin":[9.459,10.713,8]},"faces":{"east":{"uv":[15.75,15.75,16,16],"texture":"#2"},"west":{"uv":[6.5,8,7,8.5],"rotation":270,"texture":"#2"},"up":{"uv":[15.75,15.75,16,16],"texture":"#2"},"down":{"uv":[6.5,8,8.75,8.5],"rotation":180,"texture":"#2"}}},{"from":[8.795,8.383,7.8349],"to":[10.123,8.549,8.1651],"rotation":{"angle":0,"axis":"y","origin":[11.7,7.725,8]},"faces":{"east":{"uv":[15.75,15.75,16,16],"texture":"#2"},"west":{"uv":[15.75,15.75,16,16],"rotation":180,"texture":"#2"},"up":{"uv":[15.75,15.75,16,16],"texture":"#2"},"down":{"uv":[15.75,15.75,16,16],"rotation":180,"texture":"#2"}}},{"from":[8.795,8.49718,7.26087],"to":[10.123,8.66318,7.59107],"rotation":{"angle":-22.5,"axis":"x","origin":[9.459,10.713,8]},"faces":{"east":{"uv":[15.75,15.75,16,16],"texture":"#2"},"west":{"uv":[15.75,15.75,16,16],"rotation":180,"texture":"#2"},"up":{"uv":[15.75,15.75,16,16],"texture":"#2"},"down":{"uv":[15.75,15.75,16,16],"rotation":180,"texture":"#2"}}},{"from":[8.795,8.49718,8.40893],"to":[10.123,8.66318,8.73913],"rotation":{"angle":22.5,"axis":"x","origin":[9.459,10.713,8]},"faces":{"east":{"uv":[15.75,15.75,16,16],"texture":"#2"},"west":{"uv":[15.75,15.75,16,16],"rotation":180,"texture":"#2"},"up":{"uv":[15.75,15.75,16,16],"texture":"#2"},"down":{"uv":[15.75,15.75,16,16],"rotation":180,"texture":"#2"}}},{"from":[8.795,8.82234,8.89556],"to":[10.123,8.98834,9.22576],"rotation":{"angle":45,"axis":"x","origin":[9.459,10.713,8]},"faces":{"east":{"uv":[15.75,15.75,16,16],"texture":"#2"},"west":{"uv":[6.5,8,7,8.5],"rotation":90,"texture":"#2"},"up":{"uv":[15.75,15.75,16,16],"texture":"#2"},"down":{"uv":[6.5,8,8.75,8.5],"texture":"#2"}}},{"from":[8.795,9.16208,6.59597],"to":[10.123,9.49228,6.76197],"rotation":{"angle":-22.5,"axis":"x","origin":[9.459,10.713,8]},"faces":{"north":{"uv":[8.5,5.5,10.75,6],"texture":"#2"},"east":{"uv":[15.75,15.75,16,16],"texture":"#2"},"south":{"uv":[15.75,15.75,16,16],"texture":"#2"},"west":{"uv":[8.5,5.5,9,6],"texture":"#2"}}},{"from":[8.795,9.0479,7.17],"to":[10.123,9.3781,7.336],"rotation":{"angle":0,"axis":"y","origin":[11.7,7.725,8]},"faces":{"north":{"uv":[8.5,5.25,10.75,5.75],"texture":"#2"},"east":{"uv":[15.75,15.75,16,16],"texture":"#2"},"south":{"uv":[15.75,15.75,16,16],"texture":"#2"},"west":{"uv":[8.5,5.25,9,5.75],"texture":"#2"}}},{"from":[8.795,9.16208,7.74403],"to":[10.123,9.49228,7.91003],"rotation":{"angle":22.5,"axis":"x","origin":[9.459,10.713,8]},"faces":{"north":{"uv":[1.75,5,4,5.5],"texture":"#2"},"east":{"uv":[15.75,15.75,16,16],"texture":"#2"},"south":{"uv":[15.75,15.75,16,16],"texture":"#2"},"west":{"uv":[1.75,5,2.25,5.5],"texture":"#2"}}},{"from":[8.795,10.31634,6.77424],"to":[10.123,10.48234,7.10444],"rotation":{"angle":-45,"axis":"x","origin":[9.459,10.713,8]},"faces":{"east":{"uv":[15.75,15.75,16,16],"texture":"#2"},"west":{"uv":[7.25,4.75,7.75,5.25],"rotation":90,"texture":"#2"},"up":{"uv":[9,4.75,11.25,5.25],"rotation":180,"texture":"#2"},"down":{"uv":[15.75,15.75,16,16],"texture":"#2"}}},{"from":[8.795,9.99118,7.26087],"to":[10.123,10.15718,7.59107],"rotation":{"angle":-22.5,"axis":"x","origin":[9.459,10.713,8]},"faces":{"east":{"uv":[15.75,15.75,16,16],"texture":"#2"},"west":{"uv":[4.5,4.5,5,5],"rotation":90,"texture":"#2"},"up":{"uv":[1.5,12,3.75,12.5],"texture":"#3"},"down":{"uv":[15.75,15.75,16,16],"texture":"#2"}}},{"from":[10.1225,10.043,7.80188],"to":[11.4505,10.209,8.19812],"rotation":{"angle":0,"axis":"y","origin":[11.7,7.725,8]},"faces":{"east":{"uv":[15.75,15.75,16,16],"texture":"#2"},"west":{"uv":[11.5,2,12,2.5],"rotation":90,"texture":"#2"},"up":{"uv":[1.5,4.25,3.75,4.75],"texture":"#2"},"down":{"uv":[15.75,15.75,16,16],"texture":"#2"}}},{"from":[10.123,10.15718,7.22785],"to":[11.451,10.32318,7.62409],"rotation":{"angle":-22.5,"axis":"x","origin":[10.787,10.713,8]},"faces":{"east":{"uv":[15.75,15.75,16,16],"texture":"#2"},"west":{"uv":[4.5,4.5,5,5],"rotation":90,"texture":"#2"},"up":{"uv":[4.5,12,6.75,12.5],"texture":"#3"},"down":{"uv":[15.75,15.75,16,16],"texture":"#2"}}},{"from":[10.123,10.48234,6.74122],"to":[11.451,10.64834,7.13746],"rotation":{"angle":-45,"axis":"x","origin":[10.787,10.713,8]},"faces":{"east":{"uv":[9.75,8,10,8.25],"texture":"#2"},"west":{"uv":[7.25,4.75,7.75,5.25],"rotation":90,"texture":"#2"},"up":{"uv":[7.25,4.75,9.5,5.25],"rotation":180,"texture":"#2"},"down":{"uv":[15.75,15.75,16,16],"texture":"#2"}}},{"from":[10.123,9.12906,7.57803],"to":[11.451,9.5253,7.74403],"rotation":{"angle":22.5,"axis":"x","origin":[10.787,10.713,8]},"faces":{"north":{"uv":[1.75,5,4,5.5],"texture":"#2"},"east":{"uv":[9.75,8.25,10,8.5],"texture":"#2"},"south":{"uv":[15.75,15.75,16,16],"texture":"#2"},"west":{"uv":[1.75,5,2.25,5.5],"texture":"#2"}}},{"from":[10.123,9.01488,7.004],"to":[11.451,9.41112,7.17],"rotation":{"angle":0,"axis":"y","origin":[11.7,7.725,8]},"faces":{"north":{"uv":[8.5,5.25,10.75,5.75],"texture":"#2"},"east":{"uv":[9.5,8.5,9.75,8.75],"texture":"#2"},"south":{"uv":[15.75,15.75,16,16],"texture":"#2"},"west":{"uv":[8.5,5.25,9,5.75],"texture":"#2"}}},{"from":[10.123,9.12906,6.42997],"to":[11.451,9.5253,6.59597],"rotation":{"angle":-22.5,"axis":"x","origin":[10.787,10.713,8]},"faces":{"north":{"uv":[8.5,5.5,10.75,6],"texture":"#2"},"east":{"uv":[9.75,8.75,10,9],"texture":"#2"},"south":{"uv":[15.75,15.75,16,16],"texture":"#2"},"west":{"uv":[8.5,5.5,9,6],"texture":"#2"}}},{"from":[10.123,8.65634,8.86254],"to":[11.451,8.82234,9.25878],"rotation":{"angle":45,"axis":"x","origin":[10.787,10.713,8]},"faces":{"east":{"uv":[9,11,9.25,11.25],"texture":"#2"},"west":{"uv":[6.5,8,7,8.5],"rotation":90,"texture":"#2"},"up":{"uv":[15.75,15.75,16,16],"texture":"#2"},"down":{"uv":[6.5,8,8.75,8.5],"texture":"#2"}}},{"from":[10.123,8.33118,8.37591],"to":[11.451,8.49718,8.77215],"rotation":{"angle":22.5,"axis":"x","origin":[10.787,10.713,8]},"faces":{"east":{"uv":[9,11.5,9.25,11.75],"texture":"#2"},"west":{"uv":[15.75,15.75,16,16],"rotation":180,"texture":"#2"},"up":{"uv":[15.75,15.75,16,16],"texture":"#2"},"down":{"uv":[15.75,15.75,16,16],"rotation":180,"texture":"#2"}}},{"from":[10.123,8.217,7.80188],"to":[11.451,8.383,8.19812],"rotation":{"angle":0,"axis":"y","origin":[11.7,7.725,8]},"faces":{"east":{"uv":[8.75,11.5,9,11.75],"texture":"#2"},"west":{"uv":[15.75,15.75,16,16],"rotation":180,"texture":"#2"},"up":{"uv":[15.75,15.75,16,16],"texture":"#2"},"down":{"uv":[15.75,15.75,16,16],"rotation":180,"texture":"#2"}}},{"from":[10.123,8.33118,7.22785],"to":[11.451,8.49718,7.62409],"rotation":{"angle":-22.5,"axis":"x","origin":[10.787,10.713,8]},"faces":{"east":{"uv":[8.75,11.5,9,11.75],"texture":"#2"},"west":{"uv":[15.75,15.75,16,16],"rotation":180,"texture":"#2"},"up":{"uv":[15.75,15.75,16,16],"texture":"#2"},"down":{"uv":[15.75,15.75,16,16],"rotation":180,"texture":"#2"}}},{"from":[10.123,8.65634,6.74122],"to":[11.451,8.82234,7.13746],"rotation":{"angle":-45,"axis":"x","origin":[10.787,10.713,8]},"faces":{"east":{"uv":[9,11,9.25,11.25],"texture":"#2"},"west":{"uv":[6.5,8,7,8.5],"rotation":270,"texture":"#2"},"up":{"uv":[15.75,15.75,16,16],"texture":"#2"},"down":{"uv":[6.5,8,8.75,8.5],"rotation":180,"texture":"#2"}}},{"from":[10.123,9.12906,9.40403],"to":[11.451,9.5253,9.57003],"rotation":{"angle":22.5,"axis":"x","origin":[10.787,10.713,8]},"faces":{"north":{"uv":[15.75,15.75,16,16],"texture":"#2"},"east":{"uv":[9.5,8.5,9.75,8.75],"texture":"#2"},"south":{"uv":[8.5,5.5,10.75,6],"texture":"#2"},"west":{"uv":[8.5,5.5,9,6],"texture":"#2"}}},{"from":[10.123,9.01488,8.83],"to":[11.451,9.41112,8.996],"rotation":{"angle":0,"axis":"y","origin":[11.7,7.725,8]},"faces":{"north":{"uv":[15.75,15.75,16,16],"texture":"#2"},"east":{"uv":[9.5,8.5,9.75,8.75],"texture":"#2"},"south":{"uv":[6.25,5.25,8.5,5.75],"texture":"#2"},"west":{"uv":[8.5,5.25,9,5.75],"texture":"#2"}}},{"from":[11.451,9.09604,8.42197],"to":[14.271,9.55832,8.58797],"rotation":{"angle":-22.5,"axis":"x","origin":[13.111,10.713,8]},"faces":{"north":{"uv":[9.75,8.25,10,8.5],"texture":"#2"},"east":{"uv":[11,4.5,11.25,5.25],"rotation":270,"texture":"#2"},"south":{"uv":[3.75,5,7,5.5],"texture":"#2"},"west":{"uv":[1.75,5,2.25,5.5],"texture":"#2"}}},{"from":[10.123,10.48234,8.86254],"to":[11.451,10.64834,9.25878],"rotation":{"angle":45,"axis":"x","origin":[10.787,10.713,8]},"faces":{"east":{"uv":[9.75,8,10,8.25],"texture":"#2"},"west":{"uv":[6.25,4.75,6.75,5.25],"rotation":270,"texture":"#2"},"up":{"uv":[8.5,4.75,10.75,5.25],"texture":"#2"},"down":{"uv":[15.75,15.75,16,16],"texture":"#2"}}},{"from":[10.123,9.12906,8.25597],"to":[11.451,9.5253,8.42197],"rotation":{"angle":-22.5,"axis":"x","origin":[10.787,10.713,8]},"faces":{"north":{"uv":[15.75,15.75,16,16],"texture":"#2"},"east":{"uv":[9.75,8.25,10,8.5],"texture":"#2"},"south":{"uv":[3.75,5,6,5.5],"texture":"#2"},"west":{"uv":[1.75,5,2.25,5.5],"texture":"#2"}}},{"from":[10.123,10.15718,8.37591],"to":[11.451,10.32318,8.77215],"rotation":{"angle":22.5,"axis":"x","origin":[10.787,10.713,8]},"faces":{"east":{"uv":[15.75,15.75,16,16],"texture":"#2"},"west":{"uv":[9.25,4.5,9.75,5],"rotation":270,"texture":"#2"},"up":{"uv":[1.5,12,3.75,12.5],"texture":"#3"},"down":{"uv":[15.75,15.75,16,16],"texture":"#2"}}},{"from":[11.451,10.32318,8.34289],"to":[14.271,10.48918,8.80517],"rotation":{"angle":22.5,"axis":"x","origin":[13.111,10.713,8]},"faces":{"east":{"uv":[10,4.25,10.25,5],"texture":"#2"},"west":{"uv":[9.25,4.5,9.75,5],"rotation":270,"texture":"#2"},"up":{"uv":[9.25,4.5,12.5,5],"texture":"#2"},"down":{"uv":[15.75,15.75,16,16],"texture":"#2"}}},{"from":[11.451,10.64834,8.82952],"to":[14.271,10.81434,9.2918],"rotation":{"angle":45,"axis":"x","origin":[13.111,10.713,8]},"faces":{"east":{"uv":[10,4.25,10.25,5],"texture":"#2"},"west":{"uv":[6.25,4.75,6.75,5.25],"rotation":270,"texture":"#2"},"up":{"uv":[6.25,4.75,9.5,5.25],"texture":"#2"},"down":{"uv":[9.75,8,10,8.25],"texture":"#2"}}},{"from":[11.451,8.98186,8.996],"to":[14.271,9.44414,9.162],"rotation":{"angle":0,"axis":"y","origin":[11.7,7.725,8]},"faces":{"north":{"uv":[9.5,8.5,9.75,8.75],"texture":"#2"},"east":{"uv":[11,4.5,11.25,5.25],"rotation":270,"texture":"#2"},"south":{"uv":[6.25,5.25,9.5,5.75],"texture":"#2"},"west":{"uv":[8.5,5.25,9,5.75],"texture":"#2"}}},{"from":[11.451,9.09604,9.57003],"to":[14.271,9.55832,9.73603],"rotation":{"angle":22.5,"axis":"x","origin":[13.111,10.713,8]},"faces":{"north":{"uv":[9.5,8.5,9.75,8.75],"texture":"#2"},"east":{"uv":[11,4.75,11.25,5.5],"rotation":270,"texture":"#2"},"south":{"uv":[8.5,5.5,11.75,6],"texture":"#2"},"west":{"uv":[8.5,5.5,9,6],"texture":"#2"}}},{"from":[11.451,8.49034,6.7082],"to":[14.271,8.65634,7.17048],"rotation":{"angle":-45,"axis":"x","origin":[13.111,10.713,8]},"faces":{"east":{"uv":[10.5,5,10.75,5.75],"rotation":180,"texture":"#2"},"west":{"uv":[6.5,8,7,8.5],"rotation":270,"texture":"#2"},"up":{"uv":[9,11,9.25,11.25],"texture":"#2"},"down":{"uv":[6.5,8,9.75,8.5],"rotation":180,"texture":"#2"}}},{"from":[11.451,8.16518,7.19483],"to":[14.271,8.33118,7.65711],"rotation":{"angle":-22.5,"axis":"x","origin":[13.111,10.713,8]},"faces":{"east":{"uv":[10.5,5.25,10.75,6],"rotation":180,"texture":"#2"},"west":{"uv":[15.75,15.75,16,16],"rotation":180,"texture":"#2"},"up":{"uv":[8.75,11.5,9,11.75],"texture":"#2"},"down":{"uv":[15.75,15.75,16,16],"rotation":180,"texture":"#2"}}},{"from":[11.451,8.051,7.76886],"to":[14.271,8.217,8.23114],"rotation":{"angle":0,"axis":"y","origin":[11.7,7.725,8]},"faces":{"east":{"uv":[10,5.5,10.25,6.25],"texture":"#2"},"west":{"uv":[15.75,15.75,16,16],"rotation":180,"texture":"#2"},"up":{"uv":[8.75,11.5,9,11.75],"texture":"#2"},"down":{"uv":[15.75,15.75,16,16],"rotation":180,"texture":"#2"}}},{"from":[11.451,8.16518,8.34289],"to":[14.271,8.33118,8.80517],"rotation":{"angle":22.5,"axis":"x","origin":[13.111,10.713,8]},"faces":{"east":{"uv":[10.5,5.25,10.75,6],"rotation":180,"texture":"#2"},"west":{"uv":[15.75,15.75,16,16],"rotation":180,"texture":"#2"},"up":{"uv":[9,11.5,9.25,11.75],"texture":"#2"},"down":{"uv":[15.75,15.75,16,16],"rotation":180,"texture":"#2"}}},{"from":[11.451,8.49034,8.82952],"to":[14.271,8.65634,9.2918],"rotation":{"angle":45,"axis":"x","origin":[13.111,10.713,8]},"faces":{"east":{"uv":[10.5,5,10.75,5.75],"rotation":180,"texture":"#2"},"west":{"uv":[6.5,8,7,8.5],"rotation":90,"texture":"#2"},"up":{"uv":[9,11,9.25,11.25],"texture":"#2"},"down":{"uv":[6.5,8,9.75,8.5],"texture":"#2"}}},{"from":[11.451,9.09604,6.26397],"to":[14.271,9.55832,6.42997],"rotation":{"angle":-22.5,"axis":"x","origin":[13.111,10.713,8]},"faces":{"north":{"uv":[8.5,5.5,11.75,6],"texture":"#2"},"east":{"uv":[11,4.75,11.25,5.5],"rotation":90,"texture":"#2"},"south":{"uv":[9.75,8.75,10,9],"texture":"#2"},"west":{"uv":[8.5,5.5,9,6],"texture":"#2"}}},{"from":[11.451,8.98186,6.838],"to":[14.271,9.44414,7.004],"rotation":{"angle":0,"axis":"y","origin":[11.7,7.725,8]},"faces":{"north":{"uv":[8.5,5.25,11.75,5.75],"texture":"#2"},"east":{"uv":[11,4.5,11.25,5.25],"rotation":90,"texture":"#2"},"south":{"uv":[9.5,8.5,9.75,8.75],"texture":"#2"},"west":{"uv":[8.5,5.25,9,5.75],"texture":"#2"}}},{"from":[11.451,9.09604,7.41203],"to":[14.271,9.55832,7.57803],"rotation":{"angle":22.5,"axis":"x","origin":[13.111,10.713,8]},"faces":{"north":{"uv":[1.75,5,5,5.5],"texture":"#2"},"east":{"uv":[11,4.5,11.25,5.25],"rotation":90,"texture":"#2"},"south":{"uv":[9.75,8.25,10,8.5],"texture":"#2"},"west":{"uv":[1.75,5,2.25,5.5],"texture":"#2"}}},{"from":[11.451,10.32318,7.19483],"to":[14.271,10.48918,7.65711],"rotation":{"angle":-22.5,"axis":"x","origin":[13.111,10.713,8]},"faces":{"east":{"uv":[10,4.25,10.25,5],"texture":"#2"},"west":{"uv":[4.5,4.5,5,5],"rotation":90,"texture":"#2"},"up":{"uv":[4.5,4.5,7.75,5],"rotation":180,"texture":"#2"},"down":{"uv":[15.75,15.75,16,16],"texture":"#2"}}},{"from":[11.451,10.64834,6.7082],"to":[14.271,10.81434,7.17048],"rotation":{"angle":-45,"axis":"x","origin":[13.111,10.713,8]},"faces":{"east":{"uv":[10,4.25,10.25,5],"texture":"#2"},"west":{"uv":[7.25,4.75,7.75,5.25],"rotation":90,"texture":"#2"},"up":{"uv":[8.5,4.75,11.75,5.25],"rotation":180,"texture":"#2"},"down":{"uv":[9.75,8,10,8.25],"texture":"#2"}}},{"from":[11.4505,10.209,7.76886],"to":[14.2705,10.375,8.23117],"rotation":{"angle":0,"axis":"y","origin":[11.7,7.725,8]},"faces":{"east":{"uv":[10,4.25,10.25,5],"texture":"#2"},"west":{"uv":[10.75,1.25,11.25,1.75],"rotation":90,"texture":"#2"},"up":{"uv":[0.75,4,4,4.5],"rotation":180,"texture":"#2"},"down":{"uv":[15.75,15.75,16,16],"texture":"#2"}}},{"from":[8.878,8.6,7.4],"to":[10.04,9.8,8.6],"rotation":{"angle":0,"axis":"y","origin":[11.7,7.725,8.005]},"faces":{"west":{"uv":[3,3,13,13],"rotation":90,"texture":"#0"}}},{"from":[6.673,10.126,7.336],"to":[6.93716,10.726,8.664],"rotation":{"angle":0,"axis":"y","origin":[11.902,7.891,7.4681]},"faces":{"north":{"uv":[7,3.5,8.5,0],"rotation":180,"texture":"#1"},"south":{"uv":[11,3.5,12.5,0],"rotation":180,"texture":"#1"},"up":{"uv":[7,1.5,7.5,2],"rotation":180,"texture":"#1"}}},{"from":[6.248,10.6265,7.436],"to":[7.36216,10.7265,8.564],"rotation":{"angle":0,"axis":"y","origin":[11.902,7.891,7.4681]},"faces":{"up":{"uv":[0.5,6,10,15.5],"rotation":270,"texture":"#1"}}},{"from":[6.14107,10.126,7.8679],"to":[7.46907,10.726,8.13204],"rotation":{"angle":0,"axis":"y","origin":[11.902,7.891,8]},"faces":{"east":{"uv":[7,3.5,8.5,0],"rotation":180,"texture":"#1"},"west":{"uv":[11,3.5,12.5,0],"rotation":180,"texture":"#1"},"up":{"uv":[7,1.5,7.5,2],"rotation":180,"texture":"#1"}}},{"from":[6.673,10.126,7.336],"to":[6.93716,10.726,8.664],"rotation":{"angle":22.5,"axis":"y","origin":[6.80507,11.958,8]},"faces":{"north":{"uv":[7,3.5,8.5,0],"rotation":180,"texture":"#1"},"south":{"uv":[9,3.5,10.5,0],"rotation":180,"texture":"#1"},"up":{"uv":[7,1.5,7.5,2],"rotation":180,"texture":"#1"}}},{"from":[6.14107,10.126,7.86793],"to":[7.46907,10.726,8.13207],"rotation":{"angle":-22.5,"axis":"y","origin":[6.80507,11.958,8]},"faces":{"east":{"uv":[7,3.5,8.5,0],"rotation":180,"texture":"#1"},"west":{"uv":[11,3.5,12.5,0],"rotation":180,"texture":"#1"},"up":{"uv":[7,1.5,7.5,2],"rotation":180,"texture":"#1"}}},{"from":[6.673,10.1259,7.336],"to":[6.93716,10.7259,8.664],"rotation":{"angle":45,"axis":"y","origin":[6.80507,11.958,8]},"faces":{"north":{"uv":[9,3.5,10.5,0],"rotation":180,"texture":"#1"},"south":{"uv":[11,3.5,12.5,0],"rotation":180,"texture":"#1"},"up":{"uv":[7,1.5,7.5,2],"rotation":180,"texture":"#1"}}},{"from":[6.673,10.126,7.336],"to":[6.93716,10.726,8.664],"rotation":{"angle":-22.5,"axis":"y","origin":[6.80507,11.958,8]},"faces":{"north":{"uv":[11,3.5,12.5,0],"rotation":180,"texture":"#1"},"south":{"uv":[9,3.5,10.5,0],"rotation":180,"texture":"#1"},"up":{"uv":[7,1.5,7.5,2],"rotation":180,"texture":"#1"}}},{"from":[6.673,10.1259,7.336],"to":[6.93716,10.7259,8.664],"rotation":{"angle":-45,"axis":"y","origin":[6.80507,11.958,8]},"faces":{"north":{"uv":[7,3.5,8.5,0],"rotation":180,"texture":"#1"},"south":{"uv":[11,3.5,12.5,0],"rotation":180,"texture":"#1"},"up":{"uv":[7,1.5,7.5,2],"rotation":180,"texture":"#1"}}},{"from":[6.14107,10.126,7.86793],"to":[7.46907,10.726,8.13207],"rotation":{"angle":22.5,"axis":"y","origin":[6.80507,11.958,8]},"faces":{"east":{"uv":[11,3.5,12.5,0],"rotation":180,"texture":"#1"},"west":{"uv":[9,3.5,10.5,0],"rotation":180,"texture":"#1"},"up":{"uv":[7,1.5,7.5,2],"rotation":180,"texture":"#1"}}}],"gui_light":"front","display":{"thirdperson_righthand":{"rotation":[0,100,0],"scale":[0.6,0.6,0.6]},"thirdperson_lefthand":{"rotation":[0,-80,0],"scale":[0.6,0.6,0.6]},"firstperson_righthand":{"rotation":[0,90,30],"translation":[-0.5,3,0],"scale":[1.2,1.2,1.2]},"firstperson_lefthand":{"rotation":[0,-90,-30],"translation":[-0.5,3,0],"scale":[1.2,1.2,1.2]},"ground":{"scale":[0.6,0.6,0.6]},"gui":{"rotation":[0,45,30],"translation":[1.75,-1.25,0],"scale":[2,2,2]},"head":{"scale":[1.2,1.2,1.2]},"fixed":{"translation":[-1,-1.5,-1.5],"scale":[-1.2,1.2,-1.2]}}}