{"credit":"thebradqq's guns","textures":{"0":"mgs:gun/mosindetails","4":"mgs:gun/metal_dark","5":"mgs:gun/pudetails","6":"mgs:misc/reticle_pu"},"elements":[{"from":[6.27207,7.715,3.74037],"to":[6.44707,8.115,3.94037],"rotation":{"angle":-45,"axis":"y","origin":[2.66154,8.915,7.3509]},"faces":{"north":{"uv":[7,8,7.5,9.5],"rotation":180,"texture":"#4"},"south":{"uv":[7,8,7.5,9.5],"rotation":180,"texture":"#4"},"up":{"uv":[6.5,4.75,7,5.5],"rotation":180,"texture":"#4"},"down":{"uv":[9.25,8,9.5,8.25],"rotation":180,"texture":"#4"}}},{"from":[7.75,7.61539,7.3685],"to":[10.8001,8.11539,7.6185],"rotation":{"angle":0,"axis":"y","origin":[10,8.21539,7.8685]},"faces":{"north":{"uv":[6.5,8,12.5,10],"rotation":180,"texture":"#4"},"east":{"uv":[8.25,9.5,8.75,11],"rotation":180,"texture":"#4"},"south":{"uv":[6.5,8,12.5,10],"rotation":180,"texture":"#4"},"west":{"uv":[8.25,9.5,8.75,11],"rotation":180,"texture":"#4"},"up":{"uv":[6.5,4.75,12.5,5.5],"rotation":180,"texture":"#4"},"down":{"uv":[15.75,15.75,16,16],"rotation":180,"texture":"#4"}}},{"from":[10.45,7.76539,7.2685],"to":[10.7,8.01539,7.3685],"rotation":{"angle":0,"axis":"y","origin":[12.7,8.36539,7.6685]},"faces":{"north":{"uv":[1.5,8.5,3.5,10.5],"rotation":270,"texture":"#0"},"east":{"uv":[3,9,3.5,11],"texture":"#0"},"west":{"uv":[2,9,2.5,11],"texture":"#0"},"up":{"uv":[1.5,9,3.5,9.5],"texture":"#0"},"down":{"uv":[1.5,10.5,3.5,11],"texture":"#0"}}},{"from":[9.95,8.11539,7.3685],"to":[10.4001,8.81539,7.5185],"rotation":{"angle":0,"axis":"y","origin":[10,8.21539,7.8685]},"faces":{"north":{"uv":[9.75,10,10.75,12.5],"rotation":180,"texture":"#4"},"east":{"uv":[11,9.5,11.5,12],"rotation":180,"texture":"#4"},"south":{"uv":[10,8,11,10.5],"rotation":180,"texture":"#4"},"west":{"uv":[11,9.5,11.5,12],"rotation":180,"texture":"#4"}}},{"from":[9.05,8.11539,7.3685],"to":[9.5001,8.81539,7.5185],"rotation":{"angle":0,"axis":"y","origin":[10,8.21539,7.8685]},"faces":{"north":{"uv":[8.25,10,9.25,12.5],"rotation":180,"texture":"#4"},"east":{"uv":[11,9.5,11.5,12],"rotation":180,"texture":"#4"},"south":{"uv":[10,8,11,10.5],"rotation":180,"texture":"#4"},"west":{"uv":[11,9.5,11.5,12],"rotation":180,"texture":"#4"}}},{"from":[9.0505,8.95274,8.30113],"to":[9.5006,9.55274,8.45113],"rotation":{"angle":45,"axis":"x","origin":[4.72505,10.00985,7.66902]},"faces":{"north":{"uv":[10,10.5,11,13],"texture":"#4"},"east":{"uv":[11,10.5,11.5,12],"texture":"#4"},"south":{"uv":[10,8,11,10.5],"texture":"#4"},"west":{"uv":[11,10.5,11.5,12],"texture":"#4"}}},{"from":[9.9505,8.95274,8.30113],"to":[10.4006,9.55274,8.45113],"rotation":{"angle":45,"axis":"x","origin":[4.72505,10.00985,7.66902]},"faces":{"north":{"uv":[8.75,10.5,9.75,13],"texture":"#4"},"east":{"uv":[11,10.5,11.5,12],"texture":"#4"},"south":{"uv":[10,8,11,10.5],"texture":"#4"},"west":{"uv":[11,10.5,11.5,12],"texture":"#4"}}},{"from":[8.751,8.99039,7.5685],"to":[10.4011,9.34039,7.6935],"rotation":{"angle":0,"axis":"y","origin":[10,9.41539,8.0185]},"faces":{"north":{"uv":[5.75,10.75,9.75,12],"rotation":180,"texture":"#4"},"east":{"uv":[5,9.75,5.5,11],"rotation":180,"texture":"#4"},"south":{"uv":[15.75,15.75,16,16],"rotation":180,"texture":"#4"},"west":{"uv":[5,9.75,5.5,11],"rotation":180,"texture":"#4"},"up":{"uv":[7.5,4.5,11.5,5],"texture":"#4"},"down":{"uv":[15.75,15.75,16,16],"rotation":180,"texture":"#4"}}},{"from":[10.5002,9.14,7.6375],"to":[10.6502,9.865,8.3625],"rotation":{"angle":0,"axis":"x","origin":[5.5752,10.5025,8]},"faces":{"west":{"uv":[2,2,14,14],"texture":"#6"}}},{"from":[5.3002,9.825,7.92044],"to":[10.5502,9.9,8.07957],"rotation":{"angle":0,"axis":"x","origin":[3.925,10.5,8]},"faces":{"east":{"uv":[5.5,4.5,6,5],"texture":"#4"},"west":{"uv":[5.5,4.5,6,5],"texture":"#4"},"up":{"uv":[5,4.25,16,4.75],"rotation":180,"texture":"#4"},"down":{"uv":[15.75,15.75,16,16],"rotation":180,"texture":"#4"}}},{"from":[5.3,9.90112,8.30312],"to":[10.55,9.97612,8.46225],"rotation":{"angle":22.5,"axis":"x","origin":[3.925,10.5,8]},"faces":{"east":{"uv":[15.5,4.5,15,5],"texture":"#4"},"west":{"uv":[15,4.5,15.5,5],"texture":"#4"},"up":{"uv":[5,4.5,16,5],"texture":"#4"},"down":{"uv":[15.75,15.75,16,16],"rotation":180,"texture":"#4"}}},{"from":[5.3002,10.11789,8.62755],"to":[10.5502,10.19289,8.78668],"rotation":{"angle":45,"axis":"x","origin":[3.925,10.5,8]},"faces":{"east":{"uv":[1,4.75,1.5,5.25],"texture":"#4"},"west":{"uv":[1,4.75,1.5,5.25],"texture":"#4"},"up":{"uv":[5,5,16,5.5],"texture":"#4"},"down":{"uv":[15.75,15.75,16,16],"rotation":180,"texture":"#4"}}},{"from":[5.3,9.49656,7.94232],"to":[10.55,9.65569,8.01732],"rotation":{"angle":-22.5,"axis":"x","origin":[3.925,10.5,8]},"faces":{"north":{"uv":[15.75,15.75,16,16],"rotation":180,"texture":"#4"},"east":{"uv":[0,5,0.5,5.5],"rotation":270,"texture":"#4"},"south":{"uv":[0,5.5,11,6],"texture":"#4"},"west":{"uv":[0,5,0.5,5.5],"rotation":90,"texture":"#4"}}},{"from":[5.3002,9.42044,8.325],"to":[10.5502,9.57957,8.4],"rotation":{"angle":0,"axis":"x","origin":[3.925,10.5,8]},"faces":{"north":{"uv":[9.5,8,10,8.25],"rotation":180,"texture":"#4"},"east":{"uv":[9.25,5,9.75,5.5],"rotation":270,"texture":"#4"},"south":{"uv":[2.5,5.5,13.5,6],"texture":"#4"},"west":{"uv":[9.25,5,9.75,5.5],"rotation":90,"texture":"#4"}}},{"from":[5.3,9.49656,8.70768],"to":[10.55,9.65569,8.78268],"rotation":{"angle":22.5,"axis":"x","origin":[3.925,10.5,8]},"faces":{"north":{"uv":[9.5,8,10,8.25],"rotation":180,"texture":"#4"},"east":{"uv":[0,7.5,0.5,8],"rotation":270,"texture":"#4"},"south":{"uv":[2,8,13,8.5],"rotation":180,"texture":"#4"},"west":{"uv":[0,7.5,0.5,8],"rotation":90,"texture":"#4"}}},{"from":[5.3002,9.39289,7.21333],"to":[10.5502,9.46789,7.37246],"rotation":{"angle":-45,"axis":"x","origin":[3.925,10.5,8]},"faces":{"east":{"uv":[6.75,7.75,7.25,8.25],"rotation":180,"texture":"#4"},"west":{"uv":[6.75,7.75,7.25,8.25],"rotation":180,"texture":"#4"},"up":{"uv":[9.5,8,10,8.5],"rotation":180,"texture":"#4"},"down":{"uv":[2,8,13,8.25],"rotation":180,"texture":"#4"}}},{"from":[5.3,9.17612,7.53776],"to":[10.55,9.25112,7.69689],"rotation":{"angle":-22.5,"axis":"x","origin":[3.925,10.5,8]},"faces":{"east":{"uv":[6.75,7.75,7.25,8.25],"rotation":180,"texture":"#4"},"west":{"uv":[6.75,7.75,7.25,8.25],"rotation":180,"texture":"#4"},"up":{"uv":[8,10.75,8.5,11.25],"rotation":180,"texture":"#4"},"down":{"uv":[15.75,15.75,16,16],"rotation":180,"texture":"#4"}}},{"from":[5.3002,9.1,7.92044],"to":[10.5502,9.175,8.07957],"rotation":{"angle":0,"axis":"x","origin":[3.925,10.5,8]},"faces":{"east":{"uv":[6.75,7.75,7.25,8.25],"rotation":180,"texture":"#4"},"west":{"uv":[6.75,7.75,7.25,8.25],"rotation":180,"texture":"#4"},"up":{"uv":[7,11.25,7.5,11.75],"rotation":180,"texture":"#4"},"down":{"uv":[15.75,15.75,16,16],"rotation":180,"texture":"#4"}}},{"from":[5.3,9.17612,8.30312],"to":[10.55,9.25112,8.46225],"rotation":{"angle":22.5,"axis":"x","origin":[3.925,10.5,8]},"faces":{"east":{"uv":[6.75,7.75,7.25,8.25],"rotation":180,"texture":"#4"},"west":{"uv":[6.75,7.75,7.25,8.25],"rotation":180,"texture":"#4"},"up":{"uv":[7,11,7.5,11.5],"texture":"#4"},"down":{"uv":[15.75,15.75,16,16],"rotation":180,"texture":"#4"}}},{"from":[5.3002,9.39289,8.62755],"to":[10.5502,9.46789,8.78668],"rotation":{"angle":45,"axis":"x","origin":[3.925,10.5,8]},"faces":{"east":{"uv":[6.75,7.75,7.25,8.25],"rotation":180,"texture":"#4"},"west":{"uv":[6.75,7.75,7.25,8.25],"rotation":180,"texture":"#4"},"up":{"uv":[7,10.5,7.5,11],"texture":"#4"},"down":{"uv":[2,8,13,8.25],"rotation":180,"texture":"#4"}}},{"from":[5.3,9.49656,7.21732],"to":[10.55,9.65569,7.29232],"rotation":{"angle":-22.5,"axis":"x","origin":[3.925,10.5,8]},"faces":{"north":{"uv":[2,8,13,8.5],"rotation":180,"texture":"#4"},"east":{"uv":[0,7.5,0.5,8],"rotation":90,"texture":"#4"},"south":{"uv":[9.5,8,10,8.5],"texture":"#4"},"west":{"uv":[0,7.5,0.5,8],"rotation":270,"texture":"#4"}}},{"from":[5.3002,9.42044,7.6],"to":[10.5502,9.57957,7.675],"rotation":{"angle":0,"axis":"x","origin":[3.925,10.5,8]},"faces":{"north":{"uv":[2.5,5.5,13.5,6],"texture":"#4"},"east":{"uv":[9.25,5,9.75,5.5],"rotation":90,"texture":"#4"},"south":{"uv":[9.5,8,10,8.25],"rotation":180,"texture":"#4"},"west":{"uv":[9.25,5,9.75,5.5],"rotation":270,"texture":"#4"}}},{"from":[5.3,9.49656,7.98268],"to":[10.55,9.65569,8.05768],"rotation":{"angle":22.5,"axis":"x","origin":[3.925,10.5,8]},"faces":{"north":{"uv":[0,5.5,11,6],"texture":"#4"},"east":{"uv":[0,5,0.5,5.5],"rotation":90,"texture":"#4"},"south":{"uv":[15.75,15.75,16,16],"rotation":180,"texture":"#4"},"west":{"uv":[0,5,0.5,5.5],"rotation":270,"texture":"#4"}}},{"from":[5.3002,10.11789,7.21333],"to":[10.5502,10.19289,7.37246],"rotation":{"angle":-45,"axis":"x","origin":[3.925,10.5,8]},"faces":{"east":{"uv":[1,4.75,1.5,5.25],"texture":"#4"},"west":{"uv":[1,4.75,1.5,5.25],"texture":"#4"},"up":{"uv":[5,5,16,5.5],"rotation":180,"texture":"#4"},"down":{"uv":[15.75,15.75,16,16],"rotation":180,"texture":"#4"}}},{"from":[5.3,9.90112,7.53776],"to":[10.55,9.97612,7.69689],"rotation":{"angle":-22.5,"axis":"x","origin":[3.925,10.5,8]},"faces":{"east":{"uv":[15,4.5,15.5,5],"texture":"#4"},"west":{"uv":[15.5,4.5,15,5],"texture":"#4"},"up":{"uv":[5,4.75,16,5.25],"rotation":180,"texture":"#4"},"down":{"uv":[15.75,15.75,16,16],"rotation":180,"texture":"#4"}}},{"from":[7.40701,7.3877,7.275],"to":[7.51641,7.9377,7.715],"rotation":{"angle":22.5,"axis":"z","origin":[3.225,10.5,7.475]},"faces":{"north":{"uv":[10,11,10.25,11.25],"rotation":180,"texture":"#4"},"up":{"uv":[3.5,0,5,5.5],"rotation":180,"texture":"#5"},"down":{"uv":[16,0,14.5,5.5],"texture":"#5"}}},{"from":[8.1703,9.225,7.275],"to":[8.2797,9.775,7.715],"rotation":{"angle":0,"axis":"y","origin":[3.225,10.5,7.475]},"faces":{"north":{"uv":[10,11,10.25,11.25],"rotation":180,"texture":"#4"},"up":{"uv":[2,0,3.5,5.5],"rotation":180,"texture":"#5"},"down":{"uv":[14,0,15.5,5.5],"texture":"#5"}}},{"from":[5.99873,5.98236,7.2749],"to":[6.10813,6.53236,7.675],"rotation":{"angle":45,"axis":"z","origin":[3.225,10.5,7.475]},"faces":{"north":{"uv":[10,11,10.25,11.25],"rotation":180,"texture":"#4"},"up":{"uv":[5,0.5,6.5,5.5],"rotation":180,"texture":"#5"},"down":{"uv":[14.5,0.5,13,5.5],"texture":"#5"}}},{"from":[7.95208,11.43484,7.275],"to":[8.50208,11.54424,7.675],"rotation":{"angle":-22.5,"axis":"z","origin":[3.225,10.5,7.475]},"faces":{"north":{"uv":[10,11,10.25,11.25],"rotation":180,"texture":"#4"},"east":{"uv":[9,0.5,7.5,5.5],"rotation":270,"texture":"#5"},"west":{"uv":[6.5,0.5,8,5.5],"rotation":90,"texture":"#5"}}},{"from":[7.95,9.4453,7.2748],"to":[8.5,9.5547,7.675],"rotation":{"angle":0,"axis":"z","origin":[3.225,10.5,7.475]},"faces":{"north":{"uv":[10,11,10.25,11.25],"rotation":180,"texture":"#4"},"east":{"uv":[6,0.5,7.5,5.5],"rotation":270,"texture":"#5"},"west":{"uv":[8,0.5,9.5,5.5],"rotation":90,"texture":"#5"}}},{"from":[7.975,9.2453,7.274],"to":[8.475,9.7547,7.675],"rotation":{"angle":0,"axis":"z","origin":[3.225,10.5,7.475]},"faces":{"north":{"uv":[9.5,6.5,0,16],"texture":"#5"}}},{"from":[5.77843,6.20266,7.2749],"to":[6.32843,6.31206,7.675],"rotation":{"angle":45,"axis":"z","origin":[3.225,10.5,7.475]},"faces":{"north":{"uv":[10,11,10.25,11.25],"rotation":180,"texture":"#4"},"east":{"uv":[3,0.5,4.5,5.5],"rotation":270,"texture":"#5"},"west":{"uv":[11,0.5,12.5,5.5],"rotation":90,"texture":"#5"}}},{"from":[7.18671,7.608,7.275],"to":[7.73671,7.7174,7.675],"rotation":{"angle":22.5,"axis":"z","origin":[3.225,10.5,7.475]},"faces":{"north":{"uv":[10,11,10.25,11.25],"rotation":180,"texture":"#4"},"east":{"uv":[4.5,0.5,6,5.5],"rotation":270,"texture":"#5"},"west":{"uv":[9.5,0.5,11,5.5],"rotation":90,"texture":"#5"}}},{"from":[8.17238,11.21454,7.275],"to":[8.28178,11.76454,7.715],"rotation":{"angle":-22.5,"axis":"z","origin":[3.225,10.5,7.475]},"faces":{"north":{"uv":[10,11,10.25,11.25],"rotation":180,"texture":"#4"},"up":{"uv":[0.5,0,2,5.5],"rotation":180,"texture":"#5"},"down":{"uv":[12.5,0,14,5.5],"texture":"#5"}}},{"from":[8.1703,9.785,7.725],"to":[8.2797,10.225,8.275],"rotation":{"angle":0,"axis":"y","origin":[3.225,11.025,8]},"faces":{"north":{"uv":[7.5,0,6,5.5],"rotation":180,"texture":"#5"},"south":{"uv":[8,0,9.5,5.5],"rotation":180,"texture":"#5"},"up":{"uv":[10,11,10.25,11.25],"rotation":180,"texture":"#4"}}},{"from":[7.7897,9.785,9.63842],"to":[7.8991,10.225,10.18842],"rotation":{"angle":22.5,"axis":"y","origin":[3.225,11.025,8]},"faces":{"north":{"uv":[9,0,7.5,5.5],"rotation":180,"texture":"#5"},"south":{"uv":[6.5,0,8,5.5],"rotation":180,"texture":"#5"},"up":{"uv":[10,11,10.25,11.25],"rotation":180,"texture":"#4"}}},{"from":[6.48553,9.825,4.40977],"to":[7.03553,10.2251,4.51917],"rotation":{"angle":-45,"axis":"y","origin":[3.225,11.025,8]},"faces":{"east":{"uv":[5,0.5,6.5,5.5],"rotation":180,"texture":"#5"},"west":{"uv":[10.5,0.5,9,5.5],"rotation":180,"texture":"#5"},"up":{"uv":[10,11,10.25,11.25],"rotation":180,"texture":"#4"}}},{"from":[7.5694,9.825,6.03188],"to":[8.1194,10.225,6.14128],"rotation":{"angle":-22.5,"axis":"y","origin":[3.225,11.025,8]},"faces":{"east":{"uv":[3.5,0.5,5,5.5],"rotation":180,"texture":"#5"},"west":{"uv":[12,0.5,10.5,5.5],"rotation":180,"texture":"#5"},"up":{"uv":[10,11,10.25,11.25],"rotation":180,"texture":"#4"}}},{"from":[7.95,9.825,7.9453],"to":[8.5,10.2252,8.0547],"rotation":{"angle":0,"axis":"z","origin":[3.225,11.025,8]},"faces":{"east":{"uv":[2,0.5,3.5,5.5],"rotation":180,"texture":"#5"},"west":{"uv":[13.5,0.5,12,5.5],"rotation":180,"texture":"#5"},"up":{"uv":[10,11,10.25,11.25],"rotation":180,"texture":"#4"}}},{"from":[7.975,9.825,7.7453],"to":[8.475,10.226,8.2547],"rotation":{"angle":0,"axis":"z","origin":[3.225,11.025,8]},"faces":{"up":{"uv":[0,6.5,9.5,16],"rotation":90,"texture":"#5"}}},{"from":[6.70583,9.825,4.18947],"to":[6.81523,10.2251,4.73947],"rotation":{"angle":-45,"axis":"y","origin":[3.225,11.025,8]},"faces":{"north":{"uv":[4.5,0.5,3,5.5],"rotation":180,"texture":"#5"},"south":{"uv":[11,0.5,12.5,5.5],"rotation":180,"texture":"#5"},"up":{"uv":[10,11,10.25,11.25],"rotation":180,"texture":"#4"}}},{"from":[7.5694,9.825,9.85872],"to":[8.1194,10.225,9.96812],"rotation":{"angle":22.5,"axis":"y","origin":[3.225,11.025,8]},"faces":{"east":{"uv":[0.5,0.5,2,5.5],"rotation":180,"texture":"#5"},"west":{"uv":[15,0.5,13.5,5.5],"rotation":180,"texture":"#5"},"up":{"uv":[10,11,10.25,11.25],"rotation":180,"texture":"#4"}}},{"from":[7.7897,9.785,5.81158],"to":[7.8991,10.225,6.36158],"rotation":{"angle":-22.5,"axis":"y","origin":[3.225,11.025,8]},"faces":{"north":{"uv":[6,0,4.5,5.5],"rotation":180,"texture":"#5"},"south":{"uv":[9.5,0,11,5.5],"rotation":180,"texture":"#5"},"up":{"uv":[10,11,10.25,11.25],"rotation":180,"texture":"#4"}}}],"gui_light":"front","display":{"thirdperson_righthand":{"rotation":[60,30,-90],"translation":[0,0,0.75],"scale":[0.85,0.85,0.85]},"thirdperson_lefthand":{"rotation":[60,-30,90],"translation":[0,0,0.75],"scale":[0.85,0.85,0.85]},"firstperson_righthand":{"rotation":[0,90,-20],"translation":[0,-1,0.5],"scale":[1.7,1.7,1.7]},"firstperson_lefthand":{"rotation":[0,-90,20],"translation":[0,-1,0.5],"scale":[1.7,1.7,1.7]},"ground":{"scale":[0.85,0.85,0.85]},"gui":{"rotation":[0,45,30],"translation":[1.25,-4,0],"scale":[3.5,3.5,3.5]},"head":{"scale":[1.7,1.7,1.7]},"fixed":{"translation":[0,-2.5,-1.25],"scale":[-1.7,1.7,-1.7]}}}