{
  "providers": [
    {
      "type": "bitmap",
      "file": "guns:misc/white.png",
      "ascent": 128,
      "height": 256,
      "chars": [
        ""
      ]
    },
    {
      "type": "bitmap",
      "file": "ggo:misc/gcoin.png",
      "ascent": 8,
      "height": 8,
      "chars": [
        ""
      ]
    },
    {
      "type": "bitmap",
      "file": "guns:misc/headshot.png",
      "ascent": 7,
      "height": 8,
      "chars": [
        ""
      ]
    },
    {
      "type": "bitmap",
      "file": "mgs:misc/spaces.png",
      "ascent": 10,
      "height": 10,
      "chars": [
        "      "
      ]
    },
    {
      "type": "bitmap",
      "file": "mgs:misc/blueprint_grid.png",
      "ascent": 8,
      "height": 61,
      "chars": [
        ""
      ]
    },
    {
      "type": "bitmap",
      "file": "mgs:misc/hurt.png",
      "ascent": 128,
      "height": 256,
      "chars": [
        ""
      ]
    },
    {
      "type": "bitmap",
      "file": "mgs:misc/blueprint_parts.png",
      "ascent": 13,
      "height": 16,
      "chars": [
        "",
        "",
        "",
        "\u0000\u0000\u0000\u0000\u0000\u0000\u0000\u0000\u0000\u0000\u0000"
      ]
    },
    {
      "type": "bitmap",
      "file": "mgs:misc/blueprint_parts.png",
      "ascent": 6,
      "height": 16,
      "chars": [
        "",
        "",
        "",
        "\u0000\u0000\u0000\u0000\u0000\u0000\u0000\u0000\u0000\u0000\u0000"
      ]
    },
    {
      "type": "bitmap",
      "file": "mgs:misc/blueprint_parts.png",
      "ascent": -1,
      "height": 16,
      "chars": [
        "",
        "",
        "",
        "\u0000\u0000\u0000\u0000\u0000\u0000\u0000\u0000\u0000\u0000\u0000"
      ]
    },
    {
      "type": "bitmap",
      "file": "mgs:misc/blueprint_parts.png",
      "ascent": 12,
      "height": 16,
      "chars": [
        "",
        "",
        "",
        "\u0000\u0000\u0000\u0000\u0000\u0000\u0000\u0000\u0000\u0000\u0000"
      ]
    },
    {
      "type": "bitmap",
      "file": "mgs:misc/blueprint_parts.png",
      "ascent": 4,
      "height": 16,
      "chars": [
        "",
        "",
        "",
        "\u0000\u0000\u0000\u0000\u0000\u0000\u0000\u0000\u0000\u0000\u0000"
      ]
    },
    {
      "type": "bitmap",
      "file": "mgs:misc/blueprint_parts.png",
      "ascent": -4,
      "height": 16,
      "chars": [
        "",
        "",
        "",
        "\u0000\u0000\u0000\u0000\u0000\u0000\u0000\u0000\u0000\u0000\u0000"
      ]
    },
    {
      "type": "bitmap",
      "file": "mgs:item/iron_block.png",
      "ascent": 12,
      "height": 16,
      "chars": [
        ""
      ]
    },
    {
      "type": "bitmap",
      "file": "mgs:item/iron_block.png",
      "ascent": 4,
      "height": 16,
      "chars": [
        ""
      ]
    },
    {
      "type": "bitmap",
      "file": "mgs:item/iron_block.png",
      "ascent": -4,
      "height": 16,
      "chars": [
        ""
      ]
    },
    {
      "type": "bitmap",
      "file": "mgs:item/end_stone_block.png",
      "ascent": 12,
      "height": 16,
      "chars": [
        ""
      ]
    },
    {
      "type": "bitmap",
      "file": "mgs:item/end_stone_block.png",
      "ascent": 4,
      "height": 16,
      "chars": [
        ""
      ]
    },
    {
      "type": "bitmap",
      "file": "mgs:item/end_stone_block.png",
      "ascent": -4,
      "height": 16,
      "chars": [
        ""
      ]
    },
    {
      "type": "bitmap",
      "file": "mgs:item/tnt_block.png",
      "ascent": 12,
      "height": 16,
      "chars": [
        ""
      ]
    },
    {
      "type": "bitmap",
      "file": "mgs:item/tnt_block.png",
      "ascent": 4,
      "height": 16,
      "chars": [
        ""
      ]
    },
    {
      "type": "bitmap",
      "file": "mgs:item/tnt_block.png",
      "ascent": -4,
      "height": 16,
      "chars": [
        ""
      ]
    },
    {
      "type": "bitmap",
      "file": "mgs:item/oak_planks_block.png",
      "ascent": 12,
      "height": 16,
      "chars": [
        ""
      ]
    },
    {
      "type": "bitmap",
      "file": "mgs:item/oak_planks_block.png",
      "ascent": 4,
      "height": 16,
      "chars": [
        ""
      ]
    },
    {
      "type": "bitmap",
      "file": "mgs:item/oak_planks_block.png",
      "ascent": -4,
      "height": 16,
      "chars": [
        ""
      ]
    },
    {
      "type": "bitmap",
      "file": "mgs:item/glass_block.png",
      "ascent": 12,
      "height": 16,
      "chars": [
        ""
      ]
    },
    {
      "type": "bitmap",
      "file": "mgs:item/glass_block.png",
      "ascent": 4,
      "height": 16,
      "chars": [
        ""
      ]
    },
    {
      "type": "bitmap",
      "file": "mgs:item/glass_block.png",
      "ascent": -4,
      "height": 16,
      "chars": [
        ""
      ]
    },
    {
      "type": "bitmap",
      "file": "mgs:misc/catalog/cover.png",
      "ascent": 12,
      "height": 140,
      "chars": [
        ""
      ]
    },
    {
      "type": "bitmap",
      "file": "mgs:misc/catalog/empty.png",
      "ascent": 0,
      "height": 55,
      "chars": [
        ""
      ]
    },
    {
      "type": "bitmap",
      "file": "mgs:misc/catalog/none.png",
      "ascent": 0,
      "height": 55,
      "chars": [
        ""
      ]
    },
    {
      "type": "bitmap",
      "file": "mgs:misc/catalog/holo.png",
      "ascent": 0,
      "height": 55,
      "chars": [
        ""
      ]
    },
    {
      "type": "bitmap",
      "file": "mgs:misc/catalog/kobra.png",
      "ascent": 0,
      "height": 55,
      "chars": [
        ""
      ]
    },
    {
      "type": "bitmap",
      "file": "mgs:misc/catalog/acog.png",
      "ascent": 0,
      "height": 55,
      "chars": [
        ""
      ]
    },
    {
      "type": "bitmap",
      "file": "mgs:misc/catalog/mk4.png",
      "ascent": 0,
      "height": 55,
      "chars": [
        ""
      ]
    },
    {
      "type": "bitmap",
      "file": "mgs:misc/catalog/pso1.png",
      "ascent": 0,
      "height": 55,
      "chars": [
        ""
      ]
    },
    {
      "type": "bitmap",
      "file": "mgs:misc/catalog/pu.png",
      "ascent": 0,
      "height": 55,
      "chars": [
        ""
      ]
    },
    {
      "type": "bitmap",
      "file": "mgs:misc/catalog/ak.png",
      "ascent": 9,
      "height": 9,
      "chars": [
        ""
      ]
    },
    {
      "type": "bitmap",
      "file": "mgs:misc/catalog/fal.png",
      "ascent": 9,
      "height": 9,
      "chars": [
        ""
      ]
    },
    {
      "type": "bitmap",
      "file": "mgs:misc/catalog/m16.png",
      "ascent": 9,
      "height": 9,
      "chars": [
        ""
      ]
    },
    {
      "type": "bitmap",
      "file": "mgs:misc/catalog/1911.png",
      "ascent": 9,
      "height": 9,
      "chars": [
        ""
      ]
    },
    {
      "type": "bitmap",
      "file": "mgs:misc/catalog/m9.png",
      "ascent": 9,
      "height": 9,
      "chars": [
        ""
      ]
    },
    {
      "type": "bitmap",
      "file": "mgs:misc/catalog/mac10.png",
      "ascent": 9,
      "height": 9,
      "chars": [
        ""
      ]
    },
    {
      "type": "bitmap",
      "file": "mgs:misc/catalog/mp5.png",
      "ascent": 9,
      "height": 9,
      "chars": [
        ""
      ]
    },
    {
      "type": "bitmap",
      "file": "mgs:misc/catalog/m500.png",
      "ascent": 9,
      "height": 9,
      "chars": [
        ""
      ]
    },
    {
      "type": "bitmap",
      "file": "mgs:misc/catalog/spas12.png",
      "ascent": 9,
      "height": 9,
      "chars": [
        ""
      ]
    },
    {
      "type": "bitmap",
      "file": "mgs:misc/catalog/m82.png",
      "ascent": 9,
      "height": 9,
      "chars": [
        ""
      ]
    },
    {
      "type": "bitmap",
      "file": "mgs:misc/catalog/mosin.png",
      "ascent": 9,
      "height": 9,
      "chars": [
        ""
      ]
    },
    {
      "type": "bitmap",
      "file": "mgs:misc/catalog/svd.png",
      "ascent": 9,
      "height": 9,
      "chars": [
        ""
      ]
    },
    {
      "type": "bitmap",
      "file": "mgs:misc/catalog/rpg7.png",
      "ascent": 9,
      "height": 9,
      "chars": [
        ""
      ]
    },
    {
      "type": "bitmap",
      "file": "mgs:misc/catalog/deagle.png",
      "ascent": 9,
      "height": 9,
      "chars": [
        ""
      ]
    },
    {
      "type": "bitmap",
      "file": "mgs:misc/catalog/aug.png",
      "ascent": 9,
      "height": 9,
      "chars": [
        ""
      ]
    },
    {
      "type": "bitmap",
      "file": "mgs:misc/catalog/makarov.png",
      "ascent": 9,
      "height": 9,
      "chars": [
        ""
      ]
    },
    {
      "type": "bitmap",
      "file": "mgs:misc/catalog/m4.png",
      "ascent": 9,
      "height": 9,
      "chars": [
        ""
      ]
    },
    {
      "type": "bitmap",
      "file": "mgs:misc/catalog/g3.png",
      "ascent": 9,
      "height": 9,
      "chars": [
        ""
      ]
    },
    {
      "type": "bitmap",
      "file": "mgs:misc/catalog/rpk.png",
      "ascent": 9,
      "height": 9,
      "chars": [
        ""
      ]
    },
    {
      "type": "bitmap",
      "file": "mgs:misc/catalog/glock17.png",
      "ascent": 9,
      "height": 9,
      "chars": [
        ""
      ]
    },
    {
      "type": "bitmap",
      "file": "mgs:misc/catalog/glock18.png",
      "ascent": 9,
      "height": 9,
      "chars": [
        ""
      ]
    }
  ]
}