{"credit":"thebradqq's guns","textures":{"0":"mgs:misc/dice","particle":"mgs:misc/dice"},"elements":[{"from":[0,0,0],"to":[16,16,16],"faces":{"north":{"uv":[0,8,8,16],"texture":"#0"},"east":{"uv":[8,0,16,8],"texture":"#0"},"south":{"uv":[0,8,8,16],"texture":"#0"},"west":{"uv":[8,0,16,8],"texture":"#0"},"up":{"uv":[0,0,8,8],"rotation":180,"texture":"#0"},"down":{"uv":[8,8,16,16],"texture":"#0"}}}],"display":{"firstperson_righthand":{"rotation":[0,-45,0],"scale":[0.5,0.5,0.5]},"firstperson_lefthand":{"rotation":[0,45,0],"scale":[0.5,0.5,0.5]},"gui":{"rotation":[30,-135,0],"scale":[0.5,0.5,0.5]},"head":{"rotation":[-180,0,0],"translation":[0,20.5,0],"scale":[2.29,2.29,2.29]}}}