{
	"credit": "Made with Blockbench",
	"textures": {
		"0": "blue/bonsaipot",
		"1": "blue/grass_block_top",
		"particle": "blue/bonsaipot"
	},
	"elements": [
		{
			"name": "Base",
			"from": [1, 1, 1],
			"to": [15, 2, 15],
			"faces": {
				"north": {"uv": [0, 0, 14, 1], "texture": "#0"},
				"east": {"uv": [0, 0, 14, 1], "texture": "#0"},
				"south": {"uv": [0, 0, 14, 1], "texture": "#0"},
				"west": {"uv": [0, 0, 14, 1], "texture": "#0"},
				"up": {"uv": [0, 0, 14, 14], "texture": "#0"},
				"down": {"uv": [0, 0, 14, 14], "texture": "#0"}
			}
		},
		{
			"name": "Base",
			"from": [2, 0, 2],
			"to": [14, 1, 14],
			"faces": {
				"north": {"uv": [0, 11, 12, 12], "texture": "#0"},
				"east": {"uv": [0, 11, 12, 12], "texture": "#0"},
				"south": {"uv": [0, 11, 12, 12], "texture": "#0"},
				"west": {"uv": [0, 11, 12, 12], "texture": "#0"},
				"up": {"uv": [0, 11, 12, 12], "texture": "#0"},
				"down": {"uv": [2, 2, 14, 14], "texture": "#0"}
			}
		},
		{
			"name": "Top",
			"from": [2, 2, 14],
			"to": [14, 3, 15],
			"faces": {
				"north": {"uv": [3, 8, 15, 9], "texture": "#0"},
				"east": {"uv": [4, 3, 16, 4], "texture": "#0"},
				"south": {"uv": [4, 3, 16, 4], "texture": "#0"},
				"west": {"uv": [4, 3, 16, 4], "texture": "#0"},
				"up": {"uv": [1, 9, 13, 10], "texture": "#0"},
				"down": {"uv": [4, 3, 16, 4], "texture": "#0"}
			}
		},
		{
			"name": "Top",
			"from": [2, 2, 1],
			"to": [14, 3, 2],
			"faces": {
				"north": {"uv": [4, 3, 16, 4], "texture": "#0"},
				"east": {"uv": [4, 3, 16, 4], "texture": "#0"},
				"south": {"uv": [4, 3, 16, 4], "texture": "#0"},
				"west": {"uv": [4, 3, 16, 4], "texture": "#0"},
				"up": {"uv": [1, 9, 13, 10], "texture": "#0"},
				"down": {"uv": [4, 3, 16, 4], "texture": "#0"}
			}
		},
		{
			"name": "Top",
			"from": [1, 2, 1],
			"to": [2, 3, 15],
			"faces": {
				"north": {"uv": [0, 6, 1, 7], "texture": "#0"},
				"east": {"uv": [0, 11, 14, 12], "texture": "#0"},
				"south": {"uv": [0, 6, 1, 7], "texture": "#0"},
				"west": {"uv": [0, 6, 14, 7], "texture": "#0"},
				"up": {"uv": [12, 2, 13, 16], "texture": "#0"},
				"down": {"uv": [0, 6, 14, 7], "texture": "#0"}
			}
		},
		{
			"name": "Top",
			"from": [14, 2, 1],
			"to": [15, 3, 15],
			"faces": {
				"north": {"uv": [0, 6, 1, 7], "texture": "#0"},
				"east": {"uv": [2, 9, 16, 10], "texture": "#0"},
				"south": {"uv": [0, 6, 1, 7], "texture": "#0"},
				"west": {"uv": [0, 6, 14, 7], "texture": "#0"},
				"up": {"uv": [12, 2, 13, 16], "texture": "#0"},
				"down": {"uv": [0, 6, 14, 7], "texture": "#0"}
			}
		},
		{
			"name": "Top",
			"from": [2, 3, 14],
			"to": [14, 4, 15],
			"rotation": {"angle": 0, "axis": "y", "origin": [8, 9, 8]},
			"faces": {
				"north": {"uv": [3, 8, 15, 9], "texture": "#0"},
				"east": {"uv": [4, 3, 16, 4], "texture": "#0"},
				"south": {"uv": [4, 3, 16, 4], "texture": "#0"},
				"west": {"uv": [4, 3, 16, 4], "texture": "#0"},
				"up": {"uv": [1, 9, 13, 10], "texture": "#0"},
				"down": {"uv": [4, 3, 16, 4], "texture": "#0"}
			}
		},
		{
			"name": "Top",
			"from": [2, 3, 1],
			"to": [14, 4, 2],
			"rotation": {"angle": 0, "axis": "y", "origin": [8, 9, 8]},
			"faces": {
				"north": {"uv": [4, 3, 16, 4], "texture": "#0"},
				"east": {"uv": [4, 3, 16, 4], "texture": "#0"},
				"south": {"uv": [4, 3, 16, 4], "texture": "#0"},
				"west": {"uv": [4, 3, 16, 4], "texture": "#0"},
				"up": {"uv": [1, 9, 13, 10], "texture": "#0"},
				"down": {"uv": [4, 3, 16, 4], "texture": "#0"}
			}
		},
		{
			"name": "Top",
			"from": [1, 3, 1],
			"to": [2, 4, 15],
			"rotation": {"angle": 0, "axis": "y", "origin": [8, 9, 8]},
			"faces": {
				"north": {"uv": [0, 6, 1, 7], "texture": "#0"},
				"east": {"uv": [0, 11, 14, 12], "texture": "#0"},
				"south": {"uv": [0, 6, 1, 7], "texture": "#0"},
				"west": {"uv": [0, 6, 14, 7], "texture": "#0"},
				"up": {"uv": [12, 2, 13, 16], "texture": "#0"},
				"down": {"uv": [0, 6, 14, 7], "texture": "#0"}
			}
		},
		{
			"name": "Top",
			"from": [14, 3, 1],
			"to": [15, 4, 15],
			"rotation": {"angle": 0, "axis": "y", "origin": [8, 9, 8]},
			"faces": {
				"north": {"uv": [0, 6, 1, 7], "texture": "#0"},
				"east": {"uv": [2, 9, 16, 10], "texture": "#0"},
				"south": {"uv": [0, 6, 1, 7], "texture": "#0"},
				"west": {"uv": [0, 6, 14, 7], "texture": "#0"},
				"up": {"uv": [12, 2, 13, 16], "texture": "#0"},
				"down": {"uv": [0, 6, 14, 7], "texture": "#0"}
			}
		},
		{
			"name": "Ingredient",
			"from": [2, 2, 2],
			"to": [14, 3, 14],
			"faces": {
				"up": {"uv": [0, 0, 16, 16], "texture": "#1"}
			}
		}
	],
	"groups": [0, 1,
		{
			"name": "Top",
			"origin": [8, 8, 8],
			"children": [2, 3, 4, 5]
		},
		{
			"name": "Top",
			"origin": [8, 8, 8],
			"children": [6, 7, 8, 9]
		}, 10],
    "display": {
        "head": {
            "rotation": [ 0, 0, 0 ],
            "translation": [ 0, -31, 0 ],
            "scale": [ 1.5, 1.5, 1.5 ]
        },
        "gui": {
            "rotation": [ 60, 0, 0 ],
            "translation": [ 0, 3, 0 ],
            "scale": [ 1, 1, 1 ]
        },
        "fixed": {
            "rotation": [ 270, 0, 0 ],
            "translation": [ 0, 0, -6 ],
            "scale": [ 1, 1, 1 ]
        },
        "firstperson_righthand": {
            "rotation": [ 0, 0, 0 ],
            "translation": [ 0, 6, 0 ],
            "scale": [ 0.7, 0.7, 0.7 ]
        },
        "firstperson_lefthand": {
            "rotation": [ 0, 0, 0 ],
            "translation": [ 0, 6, 0 ],
            "scale": [ 0.7, 0.7, 0.7 ]
        },
        "ground": {
            "rotation": [ 0, 0, 0 ],
            "translation": [ 0, 3, 0 ],
            "scale": [ 0.6, 0.6, 0.6 ]
        },
        "thirdperson_righthand": {
            "rotation": [ 0, 0, 0 ],
            "translation": [ 0, 5, 0 ],
            "scale": [ 0.6, 0.6, 0.6 ]
        }
    }
}