{
	"credit": "Nelonn",
	"textures": {
		"texture": "guns:models/item/frag_grenade"
	},
	"elements": [
		{
			"name": "base_1",
			"from": [7, 0, 7],
			"to": [9, 5, 9],
			"faces": {
				"north": {"uv": [0, 2.5, 2, 7], "texture": "#texture"},
				"east": {"uv": [6, 2.5, 8, 7], "texture": "#texture"},
				"south": {"uv": [4, 2.5, 6, 7], "texture": "#texture"},
				"west": {"uv": [2, 2.5, 4, 7], "texture": "#texture"},
				"up": {"uv": [8, 2.5, 10, 4.5], "texture": "#texture"},
				"down": {"uv": [8, 4.5, 10, 6.5], "texture": "#texture"}
			}
		},
		{
			"name": "base_2",
			"from": [6.625, 1, 6.625],
			"to": [9.375, 4, 9.375],
			"faces": {
				"north": {"uv": [0, 0, 2.5, 2.5], "texture": "#texture"},
				"east": {"uv": [7.5, 0, 10, 2.5], "texture": "#texture"},
				"south": {"uv": [5, 0, 7, 2.5], "texture": "#texture"},
				"west": {"uv": [2.5, 0, 5, 2.5], "texture": "#texture"},
				"up": {"uv": [10, 0, 12.5, 2.5], "texture": "#texture"},
				"down": {"uv": [12.5, 0, 15, 2.5], "texture": "#texture"}
			}
		},
		{
			"name": "handle_1",
			"from": [7.4, 5, 7.4],
			"to": [8.6, 6.4, 8.6],
			"faces": {
				"north": {"uv": [0, 7, 1.5, 8.5], "texture": "#texture"},
				"east": {"uv": [4.5, 7, 6, 8.5], "texture": "#texture"},
				"south": {"uv": [3, 7, 4.5, 8.5], "texture": "#texture"},
				"west": {"uv": [1.5, 7, 3, 8.5], "texture": "#texture"},
				"up": {"uv": [6, 7, 7.5, 8.5], "texture": "#texture"},
				"down": {"uv": [6, 7, 7.5, 8.5], "texture": "#texture"}
			}
		},
		{
			"name": "handle_2",
			"from": [7.4, 3.57886, 8.6056],
			"to": [8.6, 6.07886, 8.8056],
			"rotation": {"angle": -22.5, "axis": "x", "origin": [8, 6.6, 8.6]},
			"faces": {
				"north": {"uv": [10.5, 3, 11.5, 5], "texture": "#texture"},
				"east": {"uv": [11.5, 3, 12, 5], "texture": "#texture"},
				"south": {"uv": [10.5, 3, 11.5, 5], "texture": "#texture"},
				"west": {"uv": [10, 3, 10.5, 5], "texture": "#texture"},
				"up": {"uv": [10.5, 3, 11.5, 3.5], "texture": "#texture"},
				"down": {"uv": [10.5, 4.5, 11.5, 5], "texture": "#texture"}
			}
		},
		{
			"name": "handle_3",
			"from": [7.4, 1.8, 9.75],
			"to": [8.6, 3.9, 9.95],
			"faces": {
				"north": {"uv": [10.5, 5, 11.5, 6.5], "texture": "#texture"},
				"east": {"uv": [11.5, 5, 12, 6.5], "texture": "#texture"},
				"south": {"uv": [10.5, 5, 11.5, 6.5], "texture": "#texture"},
				"west": {"uv": [10, 5, 10.5, 6.5], "texture": "#texture"},
				"up": {"uv": [10.5, 5, 11.5, 5.5], "texture": "#texture"},
				"down": {"uv": [10.5, 6, 11.5, 6.5], "texture": "#texture"}
			}
		},
		{
			"name": "handle_4",
			"from": [7.4, 6, 8.6],
			"to": [8.6, 6.2, 9],
			"faces": {
				"north": {"uv": [10.5, 2.5, 11.5, 3], "texture": "#texture"},
				"east": {"uv": [11.5, 2.5, 12, 3], "texture": "#texture"},
				"south": {"uv": [10.5, 2.5, 11.5, 3], "texture": "#texture"},
				"west": {"uv": [10, 2.5, 10.5, 3], "texture": "#texture"},
				"up": {"uv": [10.5, 2.5, 11.5, 3], "texture": "#texture"},
				"down": {"uv": [10.5, 2.5, 11.5, 3], "texture": "#texture"}
			}
		},
		{
			"name": "detail",
			"from": [7.3, 5.5, 7.8],
			"to": [8.7, 5.9, 8.2],
			"faces": {
				"north": {"uv": [12, 2.5, 12.5, 3], "texture": "#texture"},
				"east": {"uv": [12, 3, 12.5, 3.5], "texture": "#texture"},
				"south": {"uv": [12, 2.5, 12.5, 3], "texture": "#texture"},
				"west": {"uv": [12, 2.5, 12.5, 3], "texture": "#texture"},
				"up": {"uv": [12, 3, 12.5, 3.5], "texture": "#texture"},
				"down": {"uv": [12, 3, 12.5, 3.5], "texture": "#texture"}
			}
		}
	],
	"display": {
		"thirdperson_righthand": {
			"rotation": [0, 90, 55],
			"translation": [0, 4, 5],
			"scale": [0.85, 0.85, 0.85]
		},
		"thirdperson_lefthand": {
			"rotation": [0, 90, 55],
			"translation": [0, 4, 5],
			"scale": [0.85, 0.85, 0.85]
		},
		"firstperson_righthand": {
			"rotation": [0, 45, 0],
			"translation": [0, 6, 0]
		},
		"firstperson_lefthand": {
			"rotation": [0, 45, 0],
			"translation": [0, 6, 0]
		},
		"ground": {
			"translation": [0, 5, 0]
		},
		"gui": {
			"rotation": [30, -130, 0],
			"translation": [0, 8.5, 0],
			"scale": [2, 2, 2]
		},
		"head": {
			"translation": [0, -15.25, 0],
			"scale": [2, 2, 2]
		},
		"fixed": {
			"rotation": [0, 90, 0],
			"translation": [0, 8.5, 0],
			"scale": [1.75, 1.75, 1.75]
		}
	}
}