{"credit":"thebradqq's guns","textures":{"0":"mgs:gun/akdetails","1":"mgs:gun/akwood","2":"mgs:gun/metal","3":"mgs:gun/metal_dark","4":"mgs:gun/metal_brighter","5":"mgs:gun/holodetails","6":"mgs:gun/kobradetails","7":"mgs:gun/acogdetails","8":"mgs:gun/pso1details","9":"mgs:misc/reticles","particle":"mgs:misc/reticles","a":"mgs:misc/reticle_pso1"},"gui_light":"front","display":{"thirdperson_righthand":{"rotation":[0,90,0],"translation":[-0.75,0.5,-1.5]},"thirdperson_lefthand":{"rotation":[0,-90,-170],"translation":[-2,-4.5,7]},"firstperson_righthand":{"rotation":[0,90,0],"translation":[-8.960149253731343,3.8410242537313426,2.5],"scale":[1.75,1.75,1.75]},"firstperson_lefthand":{"translation":[2,3.75,-0.5],"scale":[0,0,0]},"ground":{"translation":[0,1.5,0]},"gui":{"rotation":[0,0,45],"translation":[-1.2,0,0]},"head":{"scale":[2,2,2]},"fixed":{"translation":[0,3,-2],"scale":[-2,2,-2]}},"elements":[{"from":[6,7.58,8.15],"to":[10.2,8.55,8.45],"faces":{"south":{"uv":[14.25,11.5,8,8.25],"rotation":180,"texture":"#2"},"up":{"uv":[11,8,11.25,8.5],"texture":"#2"},"down":{"uv":[7.25,8.75,8,9.5],"texture":"#3"}}},{"from":[4.675,9.225,7.87574],"to":[10.2,9.45,8.12426],"faces":{"up":{"uv":[0,4,8,4.75],"texture":"#2"}}},{"from":[4.1927,9.08358,7.8751],"to":[5.1397,9.28358,8.1249],"rotation":{"angle":45,"axis":"z","origin":[4.70447,8.80377,8]},"faces":{"north":{"uv":[8,5,8.25,5.75],"texture":"#2"},"south":{"uv":[8,5,8.25,5.75],"texture":"#2"},"up":{"uv":[0,3.5,1.75,4.25],"texture":"#2"}}},{"from":[4.1976,9.05733,7.8755],"to":[4.4226,9.20433,8.1245],"rotation":{"angle":22.5,"axis":"z","origin":[4.70447,8.80377,8.0004]},"faces":{"north":{"uv":[3.5,9,2.5,11.5],"texture":"#0"},"south":{"uv":[2.5,9,3.5,11.5],"texture":"#0"},"west":{"uv":[2,8.5,3,11],"texture":"#0"},"up":{"uv":[0.5,7,1.5,12],"rotation":270,"texture":"#0"}}},{"from":[14.1,8.0757,7.5],"to":[14.65,8.7992,8.5],"rotation":{"angle":0,"axis":"x","origin":[13.775,8.2,8.2]},"faces":{"north":{"uv":[13,7.5,14.5,10.5],"texture":"#1"},"east":{"uv":[15.5,15.5,16,16],"texture":"#1"},"south":{"uv":[14,7.5,15.5,10.5],"texture":"#1"},"west":{"uv":[11,13.5,16,16],"rotation":90,"texture":"#1"},"up":{"uv":[6.5,11.5,7.5,13],"rotation":90,"texture":"#1"}}},{"from":[11.05,7.95074,7.5],"to":[12,8.79926,8.5],"rotation":{"angle":0,"axis":"x","origin":[13.775,8.2,8.2]},"faces":{"north":{"uv":[7.5,7,10,10.5],"texture":"#1"},"east":{"uv":[11,13.5,16,16],"rotation":90,"texture":"#1"},"south":{"uv":[4.5,7.5,7,11],"texture":"#1"},"up":{"uv":[6.5,11.5,7.5,13],"rotation":90,"texture":"#1"}}},{"from":[12,8.07574,7.5],"to":[12.75,8.64926,8.5],"rotation":{"angle":0,"axis":"x","origin":[13.775,8.2,8.2]},"faces":{"north":{"uv":[6.5,7.5,9,10],"texture":"#1"},"south":{"uv":[6.5,7.5,9,10],"texture":"#1"},"up":{"uv":[11,13.5,16,16],"rotation":90,"texture":"#1"}}},{"from":[13.375,8.07574,7.5],"to":[14.1,8.64926,8.5],"rotation":{"angle":0,"axis":"x","origin":[13.775,8.2,8.2]},"faces":{"north":{"uv":[8,7.5,10.5,10],"texture":"#1"},"south":{"uv":[8,7.5,10.5,10],"texture":"#1"},"up":{"uv":[11,13.5,16,16],"rotation":90,"texture":"#1"}}},{"from":[12.75,8.07574,7.5],"to":[13.375,8.79926,8.5],"rotation":{"angle":0,"axis":"x","origin":[13.775,8.2,8.2]},"faces":{"north":{"uv":[14,7.5,16,10.5],"texture":"#1"},"east":{"uv":[11,13.5,16,16],"rotation":90,"texture":"#1"},"south":{"uv":[11,7.5,13,10.5],"texture":"#1"},"west":{"uv":[11,13.5,16,16],"rotation":90,"texture":"#1"},"up":{"uv":[6.5,11.5,7.5,13],"rotation":90,"texture":"#1"}}},{"from":[11.7,7.9,7.67574],"to":[14.65,8.1,8.32426],"rotation":{"angle":0,"axis":"x","origin":[13.775,8.2,7.8]},"faces":{"east":{"uv":[15.5,15.5,16,16],"texture":"#1"},"down":{"uv":[4.5,14,12.5,16],"texture":"#1"}}},{"from":[11.7,8.07574,7.5],"to":[14.65,8.32426,7.8],"rotation":{"angle":-45,"axis":"x","origin":[13.775,8.2,7.8]},"faces":{"north":{"uv":[8,12,16,13],"texture":"#1"},"east":{"uv":[15.5,15.5,16,16],"texture":"#1"}}},{"from":[11.7,8.0757,8.2],"to":[14.65,8.3242,8.5],"rotation":{"angle":45,"axis":"x","origin":[13.775,8.2,8.2]},"faces":{"east":{"uv":[15.5,15.5,16,16],"texture":"#1"},"south":{"uv":[3.5,12,11.5,13],"texture":"#1"}}},{"from":[11.75,8.8,7.5571],"to":[14.65,9.1,8.4571],"rotation":{"angle":0,"axis":"y","origin":[8,8,7.9571]},"faces":{"north":{"uv":[8,4,16,5.5],"texture":"#1"},"south":{"uv":[0,4,8,5.5],"texture":"#1"},"down":{"uv":[4.5,13.5,12.5,16],"rotation":180,"texture":"#1"}}},{"from":[11.75,9.02755,8.09286],"to":[14.65,9.20657,8.29286],"rotation":{"angle":22.5,"axis":"x","origin":[13.9375,10.41049,8.0071]},"faces":{"north":{"uv":[8,3,16,4],"texture":"#1"}}},{"from":[11.75,9.36706,8.45335],"to":[14.65,9.56706,8.63237],"rotation":{"angle":22.5,"axis":"x","origin":[13.9375,10.41049,8.0071]},"faces":{"up":{"uv":[0,1,8,2],"texture":"#1"}}},{"from":[11.75,9.36706,7.38183],"to":[14.65,9.56706,7.56085],"rotation":{"angle":-22.5,"axis":"x","origin":[13.9375,10.41049,8.0071]},"faces":{"up":{"uv":[8,1,16,2],"rotation":180,"texture":"#1"}}},{"from":[11.75,9.02755,7.72134],"to":[14.65,9.20657,7.92134],"rotation":{"angle":-22.5,"axis":"x","origin":[13.9375,10.41049,8.0071]},"faces":{"south":{"uv":[0,3,8,4],"texture":"#1"}}},{"from":[11.75,9.33103,8.54705],"to":[14.65,9.51005,8.74705],"rotation":{"angle":45,"axis":"x","origin":[13.9375,10.41049,8.0071]},"faces":{"north":{"uv":[8,2,16,3],"texture":"#1"}}},{"from":[11.75,9.67054,8.90754],"to":[14.65,9.87054,9.08656],"rotation":{"angle":45,"axis":"x","origin":[13.9375,10.41049,8.0071]},"faces":{"up":{"uv":[0,2,8,3],"texture":"#1"}}},{"from":[11.75,9.26049,7.91759],"to":[14.65,9.46049,8.09661],"rotation":{"angle":0,"axis":"x","origin":[13.9375,10.41049,8.0071]},"faces":{"up":{"uv":[0,0,8,1],"texture":"#1"}}},{"from":[14.75,8.175,7.96022],"to":[20.125,8.225,8.03978],"faces":{"east":{"uv":[15.75,15.75,16,16],"texture":"#2"},"up":{"uv":[4.25,2.5,4.5,3],"rotation":180,"texture":"#4"},"down":{"uv":[15.75,15.75,16,16],"texture":"#2"}}},{"from":[19.899,8.5625,7.85],"to":[19.999,9.075,8.15],"rotation":{"angle":0,"axis":"y","origin":[8,7.8,8]},"faces":{"north":{"uv":[6.75,9.25,8.75,9.75],"rotation":270,"texture":"#2"},"east":{"uv":[1.75,11.5,3,12.25],"rotation":270,"texture":"#2"},"south":{"uv":[6.75,9.25,8.75,9.75],"rotation":270,"texture":"#2"},"west":{"uv":[15.75,15.75,16,16],"texture":"#4"}}},{"from":[4.5625,5.3375,7.7],"to":[5.5625,7.9375,8.3],"rotation":{"angle":-22.5,"axis":"z","origin":[4.5625,7.9375,7.75]},"faces":{"north":{"uv":[0,11,8.5,8],"rotation":270,"texture":"#1"},"east":{"uv":[4.5,14,13,16],"rotation":90,"texture":"#1"},"south":{"uv":[0,8,8.5,11],"rotation":270,"texture":"#1"},"west":{"uv":[4.5,5,6.5,13.5],"rotation":180,"texture":"#1"},"down":{"uv":[6.5,7.5,8.5,10.5],"rotation":270,"texture":"#1"}}},{"from":[2,8,7.65],"to":[3.1,8.8,8.35],"rotation":{"angle":-22.5,"axis":"z","origin":[1.625,8.75,7.6875]},"faces":{"north":{"uv":[6.5,0,9.5,3],"texture":"#1"},"south":{"uv":[6.5,0,9.5,3],"texture":"#1"},"up":{"uv":[10,0,13,2.5],"texture":"#1"}}},{"from":[0.39818,6.22007,7.601],"to":[4.39818,7.22007,8.399],"rotation":{"angle":22.5,"axis":"z","origin":[0.39818,7.27007,7.6875]},"faces":{"north":{"uv":[0,7.5,11,11.5],"texture":"#1"},"south":{"uv":[0,7.5,11,11.5],"texture":"#1"},"up":{"uv":[5,0,16,3],"texture":"#1"},"down":{"uv":[2,12.5,16,16],"rotation":180,"texture":"#1"}}},{"from":[-2.6,6.3,7.5],"to":[0.8,8.575,8.5],"faces":{"north":{"uv":[6,3.5,16,11.5],"texture":"#1"},"east":{"uv":[1,4,2,12],"texture":"#1"},"south":{"uv":[0,3.5,10,11.5],"texture":"#1"},"down":{"uv":[0,10.5,10,16],"rotation":180,"texture":"#1"}}},{"from":[-2.7,6.3,7.5],"to":[-2.6,8.575,8.5],"faces":{"north":{"uv":[8,14,16,15],"rotation":90,"texture":"#0"},"south":{"uv":[8,11.5,16,12.5],"rotation":90,"texture":"#0"},"west":{"uv":[8,7.5,16,12],"rotation":90,"texture":"#0"},"down":{"uv":[8,10.5,13.5,11.5],"rotation":90,"texture":"#0"}}},{"from":[0.55,7.26,7.6015],"to":[2.05,8.66,8.3985],"faces":{"north":{"uv":[0,4.5,4.5,9.5],"texture":"#1"},"east":{"uv":[8.5,4.5,9.5,9.5],"texture":"#1"},"south":{"uv":[8.5,4.5,13,9.5],"texture":"#1"},"up":{"uv":[1,0,5.5,3],"texture":"#1"}}},{"from":[4.225,7.1,7.6],"to":[5.5,7.6,8.4],"faces":{"north":{"uv":[0,7.5,3.5,9.5],"texture":"#1"},"east":{"uv":[13.5,14,16,16],"rotation":180,"texture":"#1"},"south":{"uv":[0,7.5,3.5,9.5],"texture":"#1"},"west":{"uv":[0,9.5,2.5,11.5],"rotation":180,"texture":"#1"},"down":{"uv":[8,13.5,11.5,16],"rotation":180,"texture":"#1"}}},{"from":[14.75,8.85,7.875],"to":[16.25,9.25,8.125],"faces":{"north":{"uv":[13.25,4.25,13.5,5.5],"texture":"#2"},"south":{"uv":[13.25,4.25,13.5,5.5],"texture":"#2"},"up":{"uv":[9.5,4.25,9.75,5],"texture":"#4"},"down":{"uv":[15.75,15.75,16,16],"texture":"#2"}}},{"from":[16.52,8.88,7.85],"to":[17.46,9.18,8.15],"rotation":{"angle":-45,"axis":"z","origin":[16.5625,9.25,7.875]},"faces":{"north":{"uv":[5.5,14.25,6.25,16],"rotation":90,"texture":"#3"},"south":{"uv":[5.5,14.25,6.25,16],"rotation":270,"texture":"#3"},"up":{"uv":[13,3,13.75,5.5],"rotation":90,"texture":"#3"}}},{"from":[19.15,8.125,7.89645],"to":[20,8.625,8.10355],"faces":{"east":{"uv":[15.75,15.75,16,16],"texture":"#4"},"west":{"uv":[15.75,15.75,16,16],"texture":"#4"},"up":{"uv":[5.25,4.25,7,4.75],"texture":"#3"},"down":{"uv":[5.25,5.25,6.75,5.75],"texture":"#3"}}},{"from":[14,8,7.95],"to":[19.5,8.101,8.05],"faces":{"north":{"uv":[7,7,16,8],"texture":"#0"},"south":{"uv":[7,7,16,8],"texture":"#0"},"up":{"uv":[7,8,16,9],"texture":"#0"},"down":{"uv":[7,8,16,9],"texture":"#0"}}},{"from":[10,8.625,8.375],"to":[10.175,8.925,8.575],"faces":{"east":{"uv":[9.25,5.5,9.75,6.25],"rotation":180,"texture":"#4"},"west":{"uv":[15.5,5.5,16,4.75],"rotation":180,"texture":"#4"},"up":{"uv":[12.5,4.5,12.6,5],"rotation":90,"texture":"#4"},"down":{"uv":[8.5,10.5,8.75,10.75],"texture":"#4"}}},{"from":[7.2,7.7,7.549],"to":[7.3,7.8,7.65],"faces":{"north":{"uv":[14,13.5,15,14.5],"texture":"#0"}}},{"from":[6.9,7.75,7.549],"to":[7,7.85,7.65],"faces":{"north":{"uv":[14,12,15,13],"rotation":90,"texture":"#0"}}},{"from":[5.8,7.65,7.549],"to":[5.9,7.75,7.65],"faces":{"north":{"uv":[14.5,12,15.5,13],"rotation":90,"texture":"#0"}}},{"from":[5.7,8,7.9],"to":[5.8,8.5,8.1],"rotation":{"angle":22.5,"axis":"z","origin":[8,8,8]},"faces":{"north":{"uv":[14,10.5,15.5,12.5],"texture":"#0"},"east":{"uv":[13.5,12.5,15.5,14],"rotation":270,"texture":"#0"},"south":{"uv":[14,12.5,15.5,10.5],"rotation":180,"texture":"#0"},"west":{"uv":[15.5,15.5,16,16],"rotation":180,"texture":"#0"},"down":{"uv":[15.5,15.5,16,16],"texture":"#0"}}},{"from":[5.71213,6.78787,7.8],"to":[6.59713,6.88787,8.2],"rotation":{"angle":0,"axis":"y","origin":[7.99713,7.99787,8]},"faces":{"north":{"uv":[15,13,14,13.5],"rotation":270,"texture":"#0"},"south":{"uv":[15,13,14,13.5],"rotation":270,"texture":"#0"},"up":{"uv":[11.5,12.5,14,14],"texture":"#0"},"down":{"uv":[13.5,15.5,13,16],"rotation":270,"texture":"#0"}}},{"from":[6.8,7,7.7],"to":[7.4,7.8,8.3],"rotation":{"angle":0,"axis":"y","origin":[8,8,7.95]},"faces":{"north":{"uv":[13,10,16,12.5],"rotation":270,"texture":"#0"},"east":{"uv":[12.5,15.5,13,16],"rotation":270,"texture":"#0"},"south":{"uv":[13,12.5,16,10],"rotation":270,"texture":"#0"},"west":{"uv":[12.5,10.5,14,13],"texture":"#0"},"down":{"uv":[12,10,14,12.5],"rotation":90,"texture":"#0"}}},{"from":[14.65,8.1007,8.175],"to":[14.8495,8.3492,8.475],"rotation":{"angle":45,"axis":"x","origin":[8,8.225,8.175]},"faces":{"east":{"uv":[14.5,9.5,15.5,11.5],"rotation":270,"texture":"#0"},"south":{"uv":[15,14,16,15.5],"rotation":90,"texture":"#0"}}},{"from":[14.65,8.1007,7.525],"to":[14.8495,8.3492,7.825],"rotation":{"angle":-45,"axis":"x","origin":[8,8.225,7.825]},"faces":{"north":{"uv":[9,10,10,11.5],"rotation":90,"texture":"#0"},"east":{"uv":[13.5,9.5,14.5,11.5],"rotation":270,"texture":"#0"}}},{"from":[14.65,7.925,7.7008],"to":[14.849,8.125,8.2993],"rotation":{"angle":0,"axis":"x","origin":[8,8.225,7.775]},"faces":{"east":{"uv":[12.5,10,14,12],"rotation":270,"texture":"#0"},"down":{"uv":[12,9.5,14,11],"rotation":90,"texture":"#0"}}},{"from":[14.65,8.1007,7.525],"to":[14.85,8.7992,8.475],"rotation":{"angle":0,"axis":"y","origin":[8,8,8.025]},"faces":{"north":{"uv":[12.5,11,15.5,12.5],"rotation":90,"texture":"#0"},"east":{"uv":[7,7.5,11.5,12.5],"rotation":90,"texture":"#0"},"south":{"uv":[13,14,16,15.5],"rotation":90,"texture":"#0"},"up":{"uv":[12.5,7,14.5,12.5],"rotation":180,"texture":"#0"}}},{"from":[14.65,8.8,7.5571],"to":[14.8,9.1,8.4571],"rotation":{"angle":0,"axis":"y","origin":[8,8,7.9571]},"faces":{"north":{"uv":[13.5,15,15,14],"rotation":90,"texture":"#0"},"east":{"uv":[11.5,7,13,12.5],"rotation":90,"texture":"#0"},"south":{"uv":[13.5,12.5,15,11.5],"rotation":90,"texture":"#0"}}},{"from":[11.6,8.8,7.5571],"to":[11.75,9.1,8.4571],"rotation":{"angle":0,"axis":"y","origin":[8,8,7.9571]},"faces":{"north":{"uv":[14.5,15,16,14],"rotation":90,"texture":"#0"},"south":{"uv":[14.5,13,16,12],"rotation":90,"texture":"#0"},"west":{"uv":[16,15.5,10,16],"texture":"#0"}}},{"from":[14.65,9.02755,8.09286],"to":[14.8005,9.20657,8.31786],"rotation":{"angle":22.5,"axis":"x","origin":[13.9375,10.41049,8.0071]},"faces":{"north":{"uv":[10,15,11,14],"rotation":90,"texture":"#0"},"east":{"uv":[8,11,9,12.5],"rotation":270,"texture":"#0"}}},{"from":[11.6,9.02755,8.09286],"to":[11.75,9.20657,8.34286],"rotation":{"angle":22.5,"axis":"x","origin":[2.0625,10.41049,8.0071]},"faces":{"north":{"uv":[13.5,15,14.5,14],"rotation":90,"texture":"#0"},"west":{"uv":[16,15.5,14.5,16],"texture":"#0"}}},{"from":[14.65,9.29206,8.45335],"to":[14.8005,9.56706,8.63237],"rotation":{"angle":22.5,"axis":"x","origin":[13.9375,10.41049,8.0071]},"faces":{"east":{"uv":[8,11,9,12.5],"rotation":180,"texture":"#0"},"up":{"uv":[11,12.5,12,11.5],"rotation":90,"texture":"#0"}}},{"from":[11.6,9.36706,8.45335],"to":[11.75,9.56706,8.63237],"rotation":{"angle":22.5,"axis":"x","origin":[2.0625,10.41049,8.0071]},"faces":{"west":{"uv":[11.5,15.5,10,16],"rotation":270,"texture":"#0"},"up":{"uv":[12,12.5,13,11.5],"rotation":90,"texture":"#0"}}},{"from":[14.65,9.29206,7.38183],"to":[14.8005,9.56706,7.56085],"rotation":{"angle":-22.5,"axis":"x","origin":[13.9375,10.41049,8.0071]},"faces":{"east":{"uv":[11,11,12,12.5],"rotation":180,"texture":"#0"},"up":{"uv":[11,12.5,12,11.5],"rotation":90,"texture":"#0"}}},{"from":[11.6,9.36706,7.38183],"to":[11.75,9.56706,7.56085],"rotation":{"angle":-22.5,"axis":"x","origin":[2.0625,10.41049,8.0071]},"faces":{"west":{"uv":[10,15.5,8.5,16],"rotation":270,"texture":"#0"},"up":{"uv":[12,12.5,13,11.5],"rotation":90,"texture":"#0"}}},{"from":[14.65,9.02755,7.69634],"to":[14.8005,9.20657,7.92134],"rotation":{"angle":-22.5,"axis":"x","origin":[13.9375,10.41049,8.0071]},"faces":{"east":{"uv":[11.5,11,13,12.5],"rotation":90,"texture":"#0"},"south":{"uv":[12.5,12.5,13.5,11.5],"rotation":90,"texture":"#0"}}},{"from":[11.6,9.02755,7.67134],"to":[11.75,9.20657,7.92134],"rotation":{"angle":-22.5,"axis":"x","origin":[2.0625,10.41049,8.0071]},"faces":{"south":{"uv":[13.5,12.5,14.5,11.5],"rotation":90,"texture":"#0"},"west":{"uv":[11.5,15.5,10,16],"texture":"#0"}}},{"from":[14.65,9.33103,8.54705],"to":[14.8,9.51005,8.79705],"rotation":{"angle":45,"axis":"x","origin":[13.9375,10.41049,8.0071]},"faces":{"north":{"uv":[10,15,11,14],"rotation":90,"texture":"#0"},"east":{"uv":[12,11,13,12.5],"rotation":270,"texture":"#0"}}},{"from":[11.6,9.33103,8.54705],"to":[11.75,9.51005,8.74705],"rotation":{"angle":45,"axis":"x","origin":[2.0625,10.41049,8.0071]},"faces":{"north":{"uv":[9.5,15,10.5,14],"rotation":90,"texture":"#0"},"west":{"uv":[16,15.5,14.5,16],"texture":"#0"}}},{"from":[14.65,9.62054,8.90754],"to":[14.8,9.87054,9.08656],"rotation":{"angle":45,"axis":"x","origin":[13.9375,10.41049,8.0071]},"faces":{"east":{"uv":[9.5,11,10.5,12.5],"rotation":180,"texture":"#0"},"up":{"uv":[12,12.5,13,11.5],"rotation":90,"texture":"#0"}}},{"from":[11.6,9.67054,8.90754],"to":[11.75,9.87054,9.08656],"rotation":{"angle":45,"axis":"x","origin":[2.0625,10.41049,8.0071]},"faces":{"west":{"uv":[11.5,15.5,10,16],"rotation":270,"texture":"#0"},"up":{"uv":[13,12.5,14,11.5],"rotation":90,"texture":"#0"}}},{"from":[14.65,9.18549,7.91759],"to":[14.8,9.46049,8.09661],"rotation":{"angle":0,"axis":"x","origin":[13.9375,10.41049,8.0071]},"faces":{"east":{"uv":[9,11,10,12.5],"rotation":180,"texture":"#0"},"up":{"uv":[9,15,10,14],"rotation":270,"texture":"#0"}}},{"from":[11.6,9.23549,7.91759],"to":[11.75,9.46049,8.09661],"rotation":{"angle":0,"axis":"x","origin":[2.0625,10.41049,8.0071]},"faces":{"west":{"uv":[11.5,15.5,10,16],"rotation":270,"texture":"#0"},"up":{"uv":[10.5,12.5,11.5,11.5],"rotation":90,"texture":"#0"}}},{"from":[10.63943,6.4141,7.5005],"to":[12.06443,6.7891,8.4995],"rotation":{"angle":22.5,"axis":"z","origin":[7.98943,8.0141,7.9995]},"faces":{"north":{"uv":[10,12,14,13.5],"texture":"#1"},"south":{"uv":[0,12.5,4,14],"texture":"#1"},"down":{"uv":[8,13,16,16],"texture":"#1"}}},{"from":[10.9,7.55,7.5],"to":[11.05,8.8001,8.5],"rotation":{"angle":0,"axis":"y","origin":[8,8,8.005]},"faces":{"north":{"uv":[10,15.5,15,14.5],"rotation":90,"texture":"#0"},"south":{"uv":[10,12.5,15,11.5],"rotation":90,"texture":"#0"},"west":{"uv":[15.5,15.5,16,16],"texture":"#0"},"up":{"uv":[10,12.5,12.5,11.5],"rotation":90,"texture":"#0"},"down":{"uv":[8,11,11,12],"rotation":270,"texture":"#0"}}},{"from":[10.2,8.7,7.65],"to":[11.5,9.5,8.35],"faces":{"north":{"uv":[4,4.75,6,6.5],"texture":"#2"},"east":{"uv":[3,9.25,4,11],"rotation":180,"texture":"#2"},"south":{"uv":[5.25,4.75,7.25,6.5],"texture":"#2"},"west":{"uv":[4.25,5,5.25,6.75],"texture":"#2"},"up":{"uv":[10,6.75,11.75,7.75],"texture":"#4"}}},{"from":[10.75,8.875,7.8],"to":[12.5,9.25,8.2],"faces":{"north":{"uv":[8.75,8,9.5,8.75],"rotation":180,"texture":"#2"},"south":{"uv":[9.25,8,10,8.75],"rotation":180,"texture":"#2"},"up":{"uv":[9,10,9.75,10.75],"texture":"#2"},"down":{"uv":[15.75,15.75,16,16],"texture":"#2"}}},{"from":[10.202,9.5,7.65],"to":[10.2645,9.7,8.35],"faces":{"north":{"uv":[15,0,16,3],"texture":"#0"},"east":{"uv":[7,0,16,3],"texture":"#0"},"south":{"uv":[15,0,16,3],"texture":"#0"},"west":{"uv":[7,0,16,3],"texture":"#0"},"up":{"uv":[7,0,16,0.99],"rotation":90,"texture":"#0"}}},{"from":[11,8.05,8.35],"to":[11.6,8.25,8.4],"rotation":{"angle":22.5,"axis":"z","origin":[8,8,8]},"faces":{"north":{"uv":[15.5,15.5,16,16],"texture":"#0"},"east":{"uv":[14.5,2,15,4.5],"texture":"#0"},"south":{"uv":[8.5,2,15.5,4.5],"texture":"#0"},"west":{"uv":[8.5,2,9,4.5],"texture":"#0"},"up":{"uv":[7.5,12.5,14.5,13.5],"texture":"#0"},"down":{"uv":[15.5,15.5,16,16],"texture":"#0"}}},{"from":[11.0005,8.22,8.35],"to":[11.2005,8.27,8.45],"rotation":{"angle":22.5,"axis":"z","origin":[8,8,8]},"faces":{"east":{"uv":[14,13.5,15,14.5],"texture":"#0"},"south":{"uv":[10.5,13.5,12.5,14.5],"texture":"#0"},"west":{"uv":[8.5,0,9,1],"texture":"#0"},"up":{"uv":[8,10.5,11,13],"texture":"#0"},"down":{"uv":[15.5,15.5,16,16],"texture":"#0"}}},{"from":[11.25,6.7,7.78],"to":[11.4,6.85,8.43],"rotation":{"angle":45,"axis":"z","origin":[8,8,8]},"faces":{"north":{"uv":[14,13,16,15],"texture":"#0"},"east":{"uv":[8.5,4,16,6],"rotation":180,"texture":"#0"},"south":{"uv":[14,13,16,15],"rotation":90,"texture":"#0"},"west":{"uv":[8.5,10,16,12],"rotation":180,"texture":"#0"},"up":{"uv":[7,6,14.5,8],"rotation":90,"texture":"#0"},"down":{"uv":[8.5,8,16,10],"rotation":90,"texture":"#0"}}},{"from":[5.35,8.275,8.43],"to":[5.5,8.425,8.58],"faces":{"east":{"uv":[15,13,13,15],"rotation":270,"texture":"#0"},"south":{"uv":[13,13,15,15],"rotation":90,"texture":"#0"},"west":{"uv":[11.5,14,13.5,16],"texture":"#0"},"up":{"uv":[11,13,13,15],"rotation":90,"texture":"#0"},"down":{"uv":[14.5,14.5,16,16],"rotation":90,"texture":"#0"}}},{"from":[10.75,7.3,7.75],"to":[10.85,7.4,8.4],"rotation":{"angle":45,"axis":"z","origin":[8,8,8]},"faces":{"north":{"uv":[13.5,13,15,14.5],"texture":"#0"},"east":{"uv":[7,13.5,14.5,15],"texture":"#0"},"south":{"uv":[13.5,13,15,14.5],"rotation":90,"texture":"#0"},"west":{"uv":[7,14.5,14.5,16],"rotation":180,"texture":"#0"},"up":{"uv":[7,12,14.5,13.5],"rotation":270,"texture":"#0"},"down":{"uv":[7,14.5,14.5,16],"rotation":90,"texture":"#0"}}},{"from":[10.25,9.5,7.8],"to":[11.25,9.55,8.2],"faces":{"north":{"uv":[7,14,16,15],"texture":"#0"},"south":{"uv":[7,14,16,15],"texture":"#0"},"up":{"uv":[0,0,7,16],"rotation":90,"texture":"#0"}}},{"from":[10.2,8.77456,8.4351],"to":[10.9,8.92456,8.5351],"rotation":{"angle":-45,"axis":"x","origin":[10.55,8.73706,8.3351]},"faces":{"east":{"uv":[15.75,15.75,16,16],"texture":"#2"},"south":{"uv":[12.25,5.5,13.25,5],"texture":"#2"},"west":{"uv":[15.75,15.75,16,16],"texture":"#2"}}},{"from":[10.2,8.77456,7.4649],"to":[10.9,8.92456,7.5649],"rotation":{"angle":45,"axis":"x","origin":[10.55,8.73706,7.6649]},"faces":{"north":{"uv":[12.25,5.5,13.25,5],"texture":"#2"},"east":{"uv":[15.75,15.75,16,16],"texture":"#2"},"west":{"uv":[15.75,15.75,16,16],"texture":"#2"}}},{"from":[10.2,7.58,7.55],"to":[10.9,8.905,8.45],"faces":{"north":{"uv":[14.25,11.5,15.25,7],"rotation":180,"texture":"#2"},"east":{"uv":[15.75,15.75,16,16],"texture":"#2"},"south":{"uv":[14.25,11.5,15.25,7],"rotation":180,"texture":"#2"},"west":{"uv":[15.75,15.75,16,16],"texture":"#2"},"down":{"uv":[7.25,8.75,8,10.25],"texture":"#3"}}},{"from":[9.62788,8.625,9.2968],"to":[9.80288,8.925,9.5968],"rotation":{"angle":22.5,"axis":"y","origin":[7.99958,8,8.00051]},"faces":{"east":{"uv":[14.5,5,15.25,5.75],"texture":"#4"},"south":{"uv":[8.25,4.75,8.75,5.5],"texture":"#4"},"west":{"uv":[15,5.5,15.75,4.75],"rotation":180,"texture":"#4"},"up":{"uv":[12.5,4.5,12.6,5],"rotation":90,"texture":"#4"},"down":{"uv":[8.5,10.5,8.75,10.75],"texture":"#4"}}},{"from":[4.675,8.548,8.563],"to":[7.8,8.948,8.713],"rotation":{"angle":-22.5,"axis":"x","origin":[8,8,8]},"faces":{"east":{"uv":[15.75,15.75,16,16],"texture":"#2"},"south":{"uv":[8,5,12.5,6.25],"texture":"#2"},"west":{"uv":[8,5,8.25,6.25],"texture":"#2"},"down":{"uv":[15.75,15.75,16,16],"texture":"#2"}}},{"from":[4.675,8.548,7.286],"to":[10.2,8.948,7.486],"rotation":{"angle":22.5,"axis":"x","origin":[8,8,8]},"faces":{"north":{"uv":[0,5,8,6.25],"texture":"#2"},"south":{"uv":[15.75,15.75,16,16],"texture":"#2"},"west":{"uv":[8,5,8.25,6.25],"texture":"#2"}}},{"from":[5.5,7,7.8],"to":[5.6,7.9,8.2],"faces":{"north":{"uv":[15,13,14,13.5],"rotation":180,"texture":"#0"},"east":{"uv":[14.5,12.5,16,14],"rotation":270,"texture":"#0"},"south":{"uv":[15,13,14,13.5],"texture":"#0"},"west":{"uv":[12.5,15.5,12,16],"rotation":270,"texture":"#0"}}},{"from":[5.5255,8.75843,7.799],"to":[5.6255,9.05843,8.201],"rotation":{"angle":45,"axis":"z","origin":[7.9975,7.99843,8]},"faces":{"north":{"uv":[15,13,14,13.5],"rotation":180,"texture":"#0"},"east":{"uv":[13,12.5,15,14],"rotation":270,"texture":"#0"},"south":{"uv":[15,13,14,13.5],"texture":"#0"},"west":{"uv":[13,15.5,11,16],"rotation":270,"texture":"#0"}}},{"from":[6.15262,8.1316,7.799],"to":[6.55262,8.2316,8.201],"rotation":{"angle":45,"axis":"z","origin":[7.99691,7.99631,8]},"faces":{"north":{"uv":[15,13,14,13.5],"rotation":270,"texture":"#0"},"south":{"uv":[15,13,14,13.5],"rotation":270,"texture":"#0"},"up":{"uv":[13,12.5,15,14],"texture":"#0"},"down":{"uv":[16,14.5,14.5,16],"rotation":90,"texture":"#0"}}},{"from":[7,7.1,7.699],"to":[7.1,7.2,8.301],"rotation":{"angle":0,"axis":"y","origin":[8,8,7.95]},"faces":{"north":{"uv":[14,14,15,15],"texture":"#0"},"south":{"uv":[13.5,12,14.5,13],"rotation":180,"texture":"#0"}}},{"from":[7.15,6.6,7.85],"to":[7.25,7.4,8.15],"faces":{"north":{"uv":[15.5,10.5,14,12.5],"texture":"#0"},"east":{"uv":[15.5,15.5,16,16],"rotation":180,"texture":"#0"},"south":{"uv":[14,10.5,15.5,12.5],"texture":"#0"},"west":{"uv":[14,12.5,16,14],"rotation":270,"texture":"#0"},"down":{"uv":[15.5,15.5,16,16],"texture":"#0"}}},{"from":[-1.45,6.1,7.85],"to":[-1.25,6.8,8.15],"faces":{"north":{"uv":[15.5,15.5,16,16],"texture":"#0"},"east":{"uv":[15.5,15.5,16,16],"texture":"#0"},"south":{"uv":[15.5,15.5,16,16],"texture":"#0"},"west":{"uv":[15.5,15.5,16,16],"texture":"#0"},"down":{"uv":[14.5,13.5,15.5,14.5],"texture":"#0"}}},{"from":[-1.4,6.15,7.55],"to":[-1.3,6.25,8.45],"faces":{"north":{"uv":[8.5,12,10.5,13],"texture":"#0"},"east":{"uv":[12.5,15.5,13,16],"rotation":270,"texture":"#0"},"south":{"uv":[8.5,12,10.5,13],"texture":"#0"},"west":{"uv":[9.5,7,11.5,8],"rotation":180,"texture":"#0"},"up":{"uv":[12.5,15.5,13,16],"rotation":270,"texture":"#0"},"down":{"uv":[12.5,7.5,13,8],"rotation":270,"texture":"#0"}}},{"from":[-0.9,6.15,7.55],"to":[-0.8,6.25,8.45],"faces":{"north":{"uv":[8.5,12,10.5,13],"texture":"#0"},"east":{"uv":[9.5,7,11.5,8],"rotation":180,"texture":"#0"},"south":{"uv":[8.5,12,10.5,13],"texture":"#0"},"west":{"uv":[12.5,15.5,13,16],"rotation":270,"texture":"#0"},"up":{"uv":[12.5,15.5,13,16],"rotation":270,"texture":"#0"},"down":{"uv":[12.5,7.5,13,8],"rotation":270,"texture":"#0"}}},{"from":[-1.3,6.15,8.45],"to":[-0.9,6.25,8.55],"rotation":{"angle":0,"axis":"y","origin":[-0.85,6.2,8]},"faces":{"north":{"uv":[12.5,15.5,13,16],"rotation":270,"texture":"#0"},"east":{"uv":[8.5,12,10.5,13],"texture":"#0"},"south":{"uv":[8.5,12,10.5,13],"texture":"#0"},"west":{"uv":[8.5,12,10.5,13],"texture":"#0"},"up":{"uv":[12.5,15.5,13,16],"rotation":270,"texture":"#0"},"down":{"uv":[12.5,7.5,13,8],"rotation":270,"texture":"#0"}}},{"from":[-1.3,6.15,7.45],"to":[-0.9,6.25,7.55],"rotation":{"angle":0,"axis":"y","origin":[-0.85,6.2,8]},"faces":{"north":{"uv":[8.5,12,10.5,13],"texture":"#0"},"east":{"uv":[8.5,12,10.5,13],"texture":"#0"},"south":{"uv":[12.5,15.5,13,16],"rotation":270,"texture":"#0"},"west":{"uv":[8.5,12,10.5,13],"texture":"#0"},"up":{"uv":[12.5,15.5,13,16],"rotation":270,"texture":"#0"},"down":{"uv":[12.5,7.5,13,8],"rotation":270,"texture":"#0"}}},{"from":[8.2,8.06,8.351],"to":[8.34,8.2,8.452],"rotation":{"angle":0,"axis":"y","origin":[7.8,8.1,8]},"faces":{"south":{"uv":[13.5,12,15,13.5],"rotation":180,"texture":"#0"}}},{"from":[8.6,8.04,8.351],"to":[8.75,8.19,8.452],"rotation":{"angle":0,"axis":"y","origin":[7.8,8.1,8]},"faces":{"south":{"uv":[13.5,13,15,14.5],"rotation":90,"texture":"#0"}}},{"from":[14,7.898,7.925],"to":[14.15,7.999,8.075],"rotation":{"angle":0,"axis":"x","origin":[7.8,8.1,7.985]},"faces":{"down":{"uv":[14,12.5,15.5,14],"rotation":180,"texture":"#0"}}},{"from":[4,7.58,8.15],"to":[6,8.78,8.45],"faces":{"east":{"uv":[15.75,15.75,16,16],"texture":"#2"},"south":{"uv":[5,11.5,8,7.5],"rotation":180,"texture":"#2"},"west":{"uv":[15.75,15.75,16,16],"texture":"#2"},"up":{"uv":[5,10.25,14,9.5],"rotation":180,"texture":"#2"},"down":{"uv":[7.25,8.75,8,9.5],"texture":"#3"}}},{"from":[7.8,8.525,8.22],"to":[10.2,8.825,8.42],"rotation":{"angle":0,"axis":"y","origin":[9.05,8.8,8.42]},"faces":{"south":{"uv":[8,4.75,16,5.5],"texture":"#4"},"west":{"uv":[8.25,5,8.75,5.75],"texture":"#4"}}},{"from":[7.8,8.8231,8.22957],"to":[10.2,9.1731,8.42957],"rotation":{"angle":-22.5,"axis":"x","origin":[9.05,8.8,8.42]},"faces":{"south":{"uv":[8,4.5,16,5.25],"rotation":180,"texture":"#4"}}},{"from":[7.6,8.4,8.02],"to":[7.8,8.69,8.22],"faces":{"south":{"uv":[12,4.75,12.5,5.5],"texture":"#2"},"west":{"uv":[12,4.75,12.5,5.5],"texture":"#2"},"up":{"uv":[8.25,11,8.75,11.7],"texture":"#2"}}},{"from":[5,7.7,8.22],"to":[7.8,9.19,7.72],"faces":{"east":{"uv":[15.75,15.75,16,16],"texture":"#2"},"south":{"uv":[4.5,8,13.5,8.25],"rotation":180,"texture":"#2"},"west":{"uv":[10.75,9.25,11.75,10.25],"texture":"#2"}}},{"from":[4,7.58,7.55],"to":[10.2,8.78,8.15],"faces":{"north":{"uv":[5,11.5,14.25,7.5],"rotation":180,"texture":"#2"},"west":{"uv":[15.75,15.75,16,16],"texture":"#2"},"up":{"uv":[5,11.25,14.25,9.5],"rotation":180,"texture":"#2"},"down":{"uv":[10.5,9.5,11.25,10.25],"texture":"#3"}}},{"from":[17,8.6,7.851],"to":[17.6,8.975,8.149],"rotation":{"angle":-22.5,"axis":"z","origin":[16.5625,9.25,7.875]},"faces":{"north":{"uv":[10.25,15.5,10.75,16],"rotation":270,"texture":"#3"},"east":{"uv":[15.75,15.75,16,16],"texture":"#4"},"south":{"uv":[10.25,15.5,10.75,16],"rotation":270,"texture":"#3"},"up":{"uv":[11.5,3,12.75,3.75],"texture":"#3"}}},{"from":[16.5075,8.927,7.825],"to":[16.7875,9.207,8.175],"rotation":{"angle":-45,"axis":"z","origin":[16.5625,9.25,7.899]},"faces":{"north":{"uv":[5.25,4.5,6,5.25],"texture":"#3"},"east":{"uv":[15.75,15.75,16,16],"texture":"#2"},"south":{"uv":[5.25,4.5,6,5.25],"texture":"#3"},"west":{"uv":[11.5,3,12.25,3.75],"texture":"#3"},"up":{"uv":[11.5,3,12.25,3.75],"texture":"#3"},"down":{"uv":[15.75,15.75,16,16],"texture":"#2"}}},{"from":[16.31,8.5525,7.8505],"to":[16.81,8.8525,8.1495],"rotation":{"angle":0,"axis":"y","origin":[8,8,7.9995]},"faces":{"north":{"uv":[5.25,14.5,5.75,15.5],"texture":"#3"},"south":{"uv":[5.25,14.5,5.75,15.5],"texture":"#3"},"west":{"uv":[15.75,15.75,16,16],"texture":"#4"}}},{"from":[15.3,9,7.799],"to":[15.4,9.1,8.201],"faces":{"north":{"uv":[15.75,15.75,16,16],"texture":"#3"},"south":{"uv":[15.75,15.75,16,16],"texture":"#3"}}},{"from":[14.649,8.5525,7.95],"to":[15.149,8.8525,8.05],"faces":{"north":{"uv":[11.25,7.5,11.5,8],"rotation":180,"texture":"#2"},"east":{"uv":[15.75,15.75,16,16],"texture":"#4"},"south":{"uv":[11.25,7.5,11.5,8],"rotation":180,"texture":"#2"}}},{"from":[14.45,8.7,7.9],"to":[14.95,9,8.1],"faces":{"north":{"uv":[11.25,15.75,11.5,16],"texture":"#2"},"east":{"uv":[15.75,15.75,16,16],"texture":"#4"},"south":{"uv":[11.25,15.75,11.5,16],"texture":"#2"},"down":{"uv":[15.75,15.75,16,16],"texture":"#4"}}},{"from":[15.55,9,7.799],"to":[15.65,9.1,8.201],"faces":{"north":{"uv":[15.75,15.75,16,16],"texture":"#3"},"south":{"uv":[15.75,15.75,16,16],"texture":"#3"}}},{"from":[16.05,9,7.799],"to":[16.15,9.1,8.201],"faces":{"north":{"uv":[15.75,15.75,16,16],"texture":"#3"},"south":{"uv":[15.75,15.75,16,16],"texture":"#3"}}},{"from":[15.8,9,7.799],"to":[15.9,9.1,8.201],"faces":{"north":{"uv":[15.75,15.75,16,16],"texture":"#3"},"south":{"uv":[15.75,15.75,16,16],"texture":"#3"}}},{"from":[14.75,8.925,7.8],"to":[16.25,9.175,8.2],"faces":{"north":{"uv":[13,4.5,13.25,5.25],"texture":"#2"},"south":{"uv":[13,4.5,13.25,5.25],"texture":"#2"},"up":{"uv":[11,2.5,11.25,3.25],"texture":"#2"},"down":{"uv":[15.75,15.75,16,16],"texture":"#2"}}},{"from":[18.18384,11.99365,7.85],"to":[18.33384,13.05615,8.15],"rotation":{"angle":-22.5,"axis":"z","origin":[10.01584,7.79615,8]},"faces":{"north":{"uv":[6.75,6.75,7.25,7.25],"rotation":270,"texture":"#2"},"east":{"uv":[15.75,15.75,16,16],"texture":"#4"},"south":{"uv":[6.75,6.75,7.25,7.25],"rotation":90,"texture":"#2"},"west":{"uv":[0,11.5,2.25,12.25],"rotation":90,"texture":"#2"}}},{"from":[19.3,8.5625,7.8505],"to":[19.9,8.825,8.1495],"rotation":{"angle":0,"axis":"y","origin":[8,8,7.9995]},"faces":{"north":{"uv":[6.75,6.25,7.25,7],"rotation":270,"texture":"#2"},"south":{"uv":[6.75,6.25,7.25,7],"rotation":90,"texture":"#2"},"up":{"uv":[7.25,7.75,7.75,8.5],"texture":"#2"}}},{"from":[19.575,9.2,7.851],"to":[20,9.53,8.149],"rotation":{"angle":0,"axis":"y","origin":[8,7.8,8]},"faces":{"north":{"uv":[6.75,6.25,7,7],"rotation":270,"texture":"#2"},"east":{"uv":[0,11.5,0.75,12.25],"rotation":270,"texture":"#2"},"south":{"uv":[8,6.25,8.25,7],"rotation":90,"texture":"#2"},"up":{"uv":[10,10,10.5,10.75],"texture":"#2"}}},{"from":[19.5,9.075,7.851],"to":[20,9.2,8.149],"rotation":{"angle":0,"axis":"y","origin":[8,7.8,8]},"faces":{"north":{"uv":[6.75,6.25,7,7],"rotation":270,"texture":"#2"},"east":{"uv":[0,11.5,0.25,12.25],"rotation":270,"texture":"#2"},"south":{"uv":[9,6.25,9.25,7],"rotation":90,"texture":"#2"},"down":{"uv":[15.75,15.75,16,16],"texture":"#2"}}},{"from":[19.65,9.15,7.8],"to":[19.9,9.4,8.2],"rotation":{"angle":0,"axis":"y","origin":[8,7.8,8]},"faces":{"north":{"uv":[13,12,15.5,14.5],"rotation":90,"texture":"#0"},"east":{"uv":[14.5,13.5,15,16],"texture":"#0"},"south":{"uv":[13,12,15.5,14.5],"rotation":90,"texture":"#0"},"west":{"uv":[14.5,13.5,15,16],"texture":"#0"},"up":{"uv":[13.5,5,14,7.5],"rotation":90,"texture":"#0"},"down":{"uv":[11.5,15.5,14,16],"texture":"#0"}}},{"from":[19.601,9.39,7.45],"to":[19.999,9.59,7.5],"rotation":{"angle":22.5,"axis":"x","origin":[10,7.8,8]},"faces":{"north":{"uv":[11,8.25,11.5,9],"texture":"#2"},"east":{"uv":[14.25,5.25,14.5,6],"texture":"#2"},"south":{"uv":[14.25,5.25,14.75,6],"texture":"#2"},"west":{"uv":[14.25,5.25,14.5,6],"texture":"#2"}}},{"from":[19.601,9.39,8.5],"to":[19.999,9.59,8.55],"rotation":{"angle":-22.5,"axis":"x","origin":[10,7.8,8]},"faces":{"north":{"uv":[14.25,5.25,14.75,6],"texture":"#2"},"east":{"uv":[14.25,5.25,14.5,6],"texture":"#2"},"south":{"uv":[11,8.25,11.5,9],"texture":"#2"},"west":{"uv":[14.25,5.25,14.5,6],"texture":"#2"}}},{"from":[19.6,9.645,7.777],"to":[20,9.795,7.827],"rotation":{"angle":0,"axis":"y","origin":[8,7.8,8]},"faces":{"north":{"uv":[11.75,4.75,12.25,5.5],"texture":"#2"},"east":{"uv":[11.75,4.75,12,5.5],"texture":"#2"},"south":{"uv":[11.5,5.5,12,6.25],"texture":"#2"},"west":{"uv":[11.75,4.75,12,5.5],"texture":"#2"}}},{"from":[19.6,9.645,8.173],"to":[20,9.795,8.223],"rotation":{"angle":0,"axis":"y","origin":[8,7.8,8]},"faces":{"north":{"uv":[11.5,5.5,12,6.25],"texture":"#2"},"east":{"uv":[11.75,4.75,12,5.5],"texture":"#2"},"south":{"uv":[11.75,4.75,12.25,5.5],"texture":"#2"},"west":{"uv":[11.75,4.75,12,5.5],"texture":"#2"}}},{"from":[19.6005,9.05354,6.43103],"to":[20.0025,9.15354,6.48103],"rotation":{"angle":45,"axis":"x","origin":[10.001,7.79954,7.99903]},"faces":{"north":{"uv":[11.5,4.25,12,5],"texture":"#2"},"east":{"uv":[11.5,4.5,11.75,5],"texture":"#2"},"south":{"uv":[11.5,5.25,12,5.75],"texture":"#2"},"west":{"uv":[11.5,4.5,11.75,5],"texture":"#2"},"up":{"uv":[11,7.5,11.5,8],"texture":"#2"}}},{"from":[19.6005,9.05213,9.51955],"to":[20.0025,9.15213,9.56955],"rotation":{"angle":-45,"axis":"x","origin":[10.001,7.79813,7.99955]},"faces":{"north":{"uv":[11.5,5.25,12,5.75],"texture":"#2"},"east":{"uv":[11.5,4.5,11.75,5],"texture":"#2"},"south":{"uv":[11.5,4.25,12,5],"texture":"#2"},"west":{"uv":[11.5,4.5,11.75,5],"texture":"#2"},"up":{"uv":[11,7.5,11.5,8],"rotation":180,"texture":"#2"}}},{"from":[19.85,9.5,7.985],"to":[19.95,9.7,8.015],"rotation":{"angle":0,"axis":"y","origin":[8,7.8,8]},"faces":{"north":{"uv":[9.75,7.75,10,8],"rotation":90,"texture":"#2"},"east":{"uv":[10,7.5,10.25,8],"rotation":270,"texture":"#2"},"south":{"uv":[9.75,7.75,10,8],"rotation":90,"texture":"#2"},"west":{"uv":[10,7.5,10.25,8],"rotation":90,"texture":"#2"},"up":{"uv":[9.75,7.25,10,7.75],"rotation":180,"texture":"#2"}}},{"from":[16.5,7.913,7.73677],"to":[16.7,8.113,8.03677],"rotation":{"angle":45,"axis":"x","origin":[9,8,8.00177]},"faces":{"north":{"uv":[10.5,6.5,11,7.25],"texture":"#2"},"east":{"uv":[15.75,15.75,16,16],"texture":"#4"},"west":{"uv":[15.75,15.75,16,16],"texture":"#4"},"down":{"uv":[10.75,7.5,11.25,8.25],"rotation":180,"texture":"#2"}}},{"from":[16.5,7.913,7.96323],"to":[16.7,8.113,8.26323],"rotation":{"angle":-45,"axis":"x","origin":[9,8,7.99823]},"faces":{"east":{"uv":[15.75,15.75,16,16],"texture":"#4"},"south":{"uv":[10.5,6.5,11,7.25],"texture":"#2"},"west":{"uv":[15.75,15.75,16,16],"texture":"#4"},"down":{"uv":[10.75,7.5,11.25,8.25],"texture":"#2"}}},{"from":[16.5,7.91373,7.965],"to":[16.7,8.11373,8.035],"rotation":{"angle":0,"axis":"y","origin":[8,7.99973,8]},"faces":{"east":{"uv":[15.75,15.75,16,16],"texture":"#4"},"west":{"uv":[15.75,15.75,16,16],"texture":"#4"},"down":{"uv":[15.75,15.75,16,16],"texture":"#2"}}},{"from":[19.5,7.913,7.73677],"to":[19.7,8.113,8.03677],"rotation":{"angle":45,"axis":"x","origin":[12,8,8.00177]},"faces":{"north":{"uv":[10.5,6.5,11,7.25],"texture":"#2"},"east":{"uv":[15.75,15.75,16,16],"texture":"#4"},"west":{"uv":[15.75,15.75,16,16],"texture":"#4"},"down":{"uv":[10.75,7.5,11.25,8.25],"rotation":180,"texture":"#2"}}},{"from":[19.5,7.91373,7.965],"to":[19.7,8.11373,8.035],"rotation":{"angle":0,"axis":"y","origin":[8,7.99973,8]},"faces":{"east":{"uv":[15.75,15.75,16,16],"texture":"#4"},"west":{"uv":[15.75,15.75,16,16],"texture":"#4"},"down":{"uv":[15.75,15.75,16,16],"texture":"#2"}}},{"from":[19.5,7.913,7.96323],"to":[19.7,8.113,8.26323],"rotation":{"angle":-45,"axis":"x","origin":[12,8,7.99823]},"faces":{"east":{"uv":[15.75,15.75,16,16],"texture":"#4"},"south":{"uv":[10.5,6.5,11,7.25],"texture":"#2"},"west":{"uv":[15.75,15.75,16,16],"texture":"#4"},"down":{"uv":[10.75,7.5,11.25,8.25],"texture":"#2"}}},{"from":[14.75,8.175,7.96022],"to":[20.125,8.225,8.03978],"rotation":{"angle":22.5,"axis":"x","origin":[17.45,8.375,8]},"faces":{"east":{"uv":[15.75,15.75,16,16],"texture":"#2"},"up":{"uv":[8.25,2.5,8.5,3],"rotation":180,"texture":"#4"},"down":{"uv":[0,8,16,8.5],"texture":"#2"}}},{"from":[14.75,8.175,7.96022],"to":[20.125,8.225,8.03978],"rotation":{"angle":45,"axis":"x","origin":[17.45,8.375,8]},"faces":{"east":{"uv":[15.75,15.75,16,16],"texture":"#2"},"up":{"uv":[6,13,6.25,13.5],"rotation":180,"texture":"#4"},"down":{"uv":[0,5.5,16,6],"texture":"#2"}}},{"from":[14.75,8.175,7.96022],"to":[20.125,8.225,8.03978],"rotation":{"angle":-22.5,"axis":"x","origin":[17.45,8.375,8]},"faces":{"east":{"uv":[15.75,15.75,16,16],"texture":"#2"},"up":{"uv":[8.25,2.5,8.5,3],"rotation":180,"texture":"#4"},"down":{"uv":[0,8,16,8.25],"rotation":180,"texture":"#2"}}},{"from":[14.75,8.175,7.96022],"to":[20.125,8.225,8.03978],"rotation":{"angle":-45,"axis":"x","origin":[17.45,8.375,8]},"faces":{"east":{"uv":[15.75,15.75,16,16],"texture":"#2"},"up":{"uv":[6,13,6.25,13.5],"rotation":180,"texture":"#4"},"down":{"uv":[0,8,16,8.5],"rotation":180,"texture":"#2"}}},{"from":[14.75,8.33522,7.8],"to":[20.125,8.41478,7.85],"rotation":{"angle":22.5,"axis":"x","origin":[17.45,8.375,8]},"faces":{"north":{"uv":[16,4.75,0,5.25],"texture":"#4"},"east":{"uv":[15.75,15.75,16,16],"texture":"#2"},"south":{"uv":[6.25,2,6.5,2.5],"texture":"#2"}}},{"from":[14.75,8.33522,7.8],"to":[20.125,8.41478,7.85],"faces":{"north":{"uv":[0,5,16,5.5],"texture":"#4"},"east":{"uv":[15.75,15.75,16,16],"texture":"#2"},"south":{"uv":[8.25,13,8.5,13.5],"rotation":180,"texture":"#2"}}},{"from":[14.75,8.33522,7.8],"to":[20.125,8.41478,7.85],"rotation":{"angle":-22.5,"axis":"x","origin":[17.45,8.375,8]},"faces":{"north":{"uv":[16,5,0,5.5],"texture":"#2"},"east":{"uv":[15.75,15.75,16,16],"texture":"#2"},"south":{"uv":[7.75,2.5,8,3],"rotation":180,"texture":"#2"}}},{"from":[14.75,8.33522,8.15],"to":[20.125,8.41478,8.2],"rotation":{"angle":22.5,"axis":"x","origin":[17.45,8.375,8]},"faces":{"north":{"uv":[7.75,2.5,8,3],"texture":"#2"},"east":{"uv":[15.75,15.75,16,16],"texture":"#2"},"south":{"uv":[16,5.25,0,5.75],"texture":"#2"}}},{"from":[14.75,8.33522,8.15],"to":[20.125,8.41478,8.2],"rotation":{"angle":-22.5,"axis":"x","origin":[17.45,8.375,8]},"faces":{"north":{"uv":[6.25,2,6.5,2.5],"rotation":180,"texture":"#2"},"east":{"uv":[15.75,15.75,16,16],"texture":"#2"},"south":{"uv":[16,4.75,0,5.25],"texture":"#4"}}},{"from":[14.75,8.33522,8.15],"to":[20.125,8.41478,8.2],"faces":{"north":{"uv":[8.25,13,8.5,13.5],"texture":"#2"},"east":{"uv":[15.75,15.75,16,16],"texture":"#2"},"south":{"uv":[0,4.75,16,5.25],"texture":"#2"}}},{"from":[14.75,8.525,7.96022],"to":[20.125,8.575,8.03978],"rotation":{"angle":45,"axis":"x","origin":[17.45,8.375,8]},"faces":{"east":{"uv":[15.75,15.75,16,16],"texture":"#2"},"up":{"uv":[0,4.5,16,5],"texture":"#4"},"down":{"uv":[5.25,7.5,5.5,8],"texture":"#2"}}},{"from":[14.75,8.525,7.96022],"to":[20.125,8.575,8.03978],"rotation":{"angle":22.5,"axis":"x","origin":[17.45,8.375,8]},"faces":{"east":{"uv":[15.75,15.75,16,16],"texture":"#2"},"up":{"uv":[0,4,16,4.5],"texture":"#4"},"down":{"uv":[8.75,7.75,9,8.25],"rotation":180,"texture":"#3"}}},{"from":[14.75,8.525,7.96022],"to":[20.125,8.575,8.03978],"faces":{"east":{"uv":[15.75,15.75,16,16],"texture":"#2"},"up":{"uv":[0,3.75,16,4.25],"texture":"#4"},"down":{"uv":[15.75,15.5,16,16],"rotation":180,"texture":"#3"}}},{"from":[14.75,8.525,7.96022],"to":[20.125,8.575,8.03978],"rotation":{"angle":-22.5,"axis":"x","origin":[17.45,8.375,8]},"faces":{"east":{"uv":[15.75,15.75,16,16],"texture":"#2"},"up":{"uv":[0,3.5,16,4],"rotation":180,"texture":"#4"},"down":{"uv":[8.75,7.75,9,8.25],"texture":"#3"}}},{"from":[14.75,8.525,7.96022],"to":[20.125,8.575,8.03978],"rotation":{"angle":-45,"axis":"x","origin":[17.45,8.375,8]},"faces":{"east":{"uv":[15.75,15.75,16,16],"texture":"#2"},"up":{"uv":[0,4.5,16,5],"rotation":180,"texture":"#4"},"down":{"uv":[5.25,7.5,5.5,8],"texture":"#2"}}},{"from":[20.2,8.33522,7.8],"to":[20.3125,8.41478,7.85],"faces":{"north":{"uv":[0,5,0.25,5.5],"texture":"#4"},"east":{"uv":[8.25,9.25,8.5,9.75],"rotation":270,"texture":"#4"},"south":{"uv":[8.25,13,8.5,13.5],"rotation":180,"texture":"#2"},"west":{"uv":[15.75,15.75,16,16],"texture":"#2"}}},{"from":[20.2,8.33522,7.8],"to":[20.3125,8.41478,7.85],"rotation":{"angle":-22.5,"axis":"x","origin":[22.9,8.375,8]},"faces":{"north":{"uv":[15.75,5,16,5.5],"texture":"#2"},"east":{"uv":[8.25,9.25,8.5,9.75],"rotation":90,"texture":"#4"},"south":{"uv":[7.75,2.5,8,3],"rotation":180,"texture":"#2"},"west":{"uv":[15.75,15.75,16,16],"texture":"#2"}}},{"from":[20.2,8.175,7.96022],"to":[20.3125,8.225,8.03978],"rotation":{"angle":45,"axis":"x","origin":[22.9,8.375,8]},"faces":{"east":{"uv":[7.75,5.5,8,6],"texture":"#4"},"west":{"uv":[15.75,15.75,16,16],"texture":"#2"},"up":{"uv":[6,13,6.25,13.5],"rotation":180,"texture":"#4"},"down":{"uv":[0.25,5.5,0.25,6],"rotation":180,"texture":"#2"}}},{"from":[20.2,8.175,7.96022],"to":[20.3125,8.225,8.03978],"rotation":{"angle":22.5,"axis":"x","origin":[22.9,8.375,8]},"faces":{"east":{"uv":[11.5,5.25,11.75,5.75],"texture":"#4"},"west":{"uv":[15.75,15.75,16,16],"texture":"#2"},"up":{"uv":[8.25,2.5,8.5,3],"rotation":180,"texture":"#4"},"down":{"uv":[0,8,0.25,8.5],"rotation":180,"texture":"#2"}}},{"from":[20.2,8.175,7.96022],"to":[20.3125,8.225,8.03978],"faces":{"east":{"uv":[7,5,7.25,5.5],"texture":"#4"},"west":{"uv":[15.75,15.75,16,16],"texture":"#2"},"up":{"uv":[4.25,2.5,4.5,3],"rotation":180,"texture":"#4"},"down":{"uv":[15.75,15.75,16,16],"texture":"#2"}}},{"from":[20.2,8.175,7.96022],"to":[20.3125,8.225,8.03978],"rotation":{"angle":-22.5,"axis":"x","origin":[22.9,8.375,8]},"faces":{"east":{"uv":[11.5,5.25,11.75,5.75],"texture":"#4"},"west":{"uv":[15.75,15.75,16,16],"texture":"#2"},"up":{"uv":[8.25,2.5,8.5,3],"rotation":180,"texture":"#4"},"down":{"uv":[0,8,0.25,8.25],"rotation":180,"texture":"#2"}}},{"from":[20.2,8.175,7.96022],"to":[20.3125,8.225,8.03978],"rotation":{"angle":-45,"axis":"x","origin":[22.9,8.375,8]},"faces":{"east":{"uv":[7.75,5.5,8,6],"texture":"#4"},"west":{"uv":[15.75,15.75,16,16],"texture":"#2"},"up":{"uv":[6,13,6.25,13.5],"rotation":180,"texture":"#4"},"down":{"uv":[0,8,0.25,8.5],"texture":"#2"}}},{"from":[20.2,8.33522,8.15],"to":[20.3125,8.41478,8.2],"faces":{"north":{"uv":[8.25,13,8.5,13.5],"texture":"#2"},"east":{"uv":[8.25,9.25,8.5,9.75],"rotation":270,"texture":"#4"},"south":{"uv":[0,4.75,0.25,5.25],"texture":"#2"},"west":{"uv":[15.75,15.75,16,16],"texture":"#2"}}},{"from":[20.2,8.33522,8.15],"to":[20.3125,8.41478,8.2],"rotation":{"angle":22.5,"axis":"x","origin":[22.9,8.375,8]},"faces":{"north":{"uv":[7.75,2.5,8,3],"texture":"#2"},"east":{"uv":[8.25,9.25,8.5,9.75],"rotation":270,"texture":"#4"},"south":{"uv":[15.75,5.25,16,5.75],"texture":"#2"},"west":{"uv":[15.75,15.75,16,16],"texture":"#2"}}},{"from":[20.2,8.33522,8.15],"to":[20.3125,8.41478,8.2],"rotation":{"angle":-22.5,"axis":"x","origin":[22.9,8.375,8]},"faces":{"north":{"uv":[6.25,2,6.5,2.5],"rotation":180,"texture":"#2"},"east":{"uv":[9,5.25,9.25,5.75],"rotation":270,"texture":"#4"},"south":{"uv":[14.75,4.75,15,5.25],"texture":"#4"},"west":{"uv":[15.75,15.75,16,16],"texture":"#2"}}},{"from":[20.2,8.525,7.96022],"to":[20.3125,8.575,8.03978],"rotation":{"angle":22.5,"axis":"x","origin":[22.9,8.375,8]},"faces":{"east":{"uv":[9,5,9.25,5.5],"texture":"#4"},"west":{"uv":[15.75,15.75,16,16],"texture":"#2"},"up":{"uv":[0,4,0.25,4.5],"texture":"#4"},"down":{"uv":[8.75,7.75,9,8.25],"rotation":180,"texture":"#3"}}},{"from":[20.2,8.525,7.96022],"to":[20.3125,8.575,8.03978],"rotation":{"angle":45,"axis":"x","origin":[22.9,8.375,8]},"faces":{"east":{"uv":[9,5,9.25,5.5],"texture":"#4"},"west":{"uv":[15.75,15.75,16,16],"texture":"#2"},"up":{"uv":[0,4.5,0.25,5],"texture":"#4"},"down":{"uv":[5.25,7.5,5.5,8],"texture":"#2"}}},{"from":[20.2,8.525,7.96022],"to":[20.3125,8.575,8.03978],"faces":{"east":{"uv":[8.75,5,9,5.5],"texture":"#4"},"west":{"uv":[15.75,15.75,16,16],"texture":"#2"},"up":{"uv":[0,3.75,0.25,4.25],"texture":"#4"},"down":{"uv":[15.75,15.5,16,16],"rotation":180,"texture":"#3"}}},{"from":[20.2,8.525,7.96022],"to":[20.3125,8.575,8.03978],"rotation":{"angle":-45,"axis":"x","origin":[22.9,8.375,8]},"faces":{"east":{"uv":[9,5,9.25,5.5],"texture":"#4"},"west":{"uv":[15.75,15.75,16,16],"texture":"#2"},"up":{"uv":[0,4.5,0.25,5],"rotation":180,"texture":"#4"},"down":{"uv":[5.25,7.5,5.5,8],"texture":"#2"}}},{"from":[20.2,8.525,7.96022],"to":[20.3125,8.575,8.03978],"rotation":{"angle":-22.5,"axis":"x","origin":[22.9,8.375,8]},"faces":{"east":{"uv":[9,5,9.25,5.5],"texture":"#4"},"west":{"uv":[15.75,15.75,16,16],"texture":"#2"},"up":{"uv":[0,3.5,0.25,4],"rotation":180,"texture":"#4"},"down":{"uv":[8.75,7.75,9,8.25],"texture":"#3"}}},{"from":[20.2,8.33522,7.8],"to":[20.3125,8.41478,7.85],"rotation":{"angle":22.5,"axis":"x","origin":[22.9,8.375,8]},"faces":{"north":{"uv":[15.75,4.75,16,5.25],"texture":"#4"},"east":{"uv":[9,5.25,9.25,5.75],"rotation":90,"texture":"#4"},"south":{"uv":[6.25,2,6.5,2.5],"texture":"#2"},"west":{"uv":[15.75,15.75,16,16],"texture":"#2"}}},{"from":[20.125,8.2,7.96519],"to":[20.21875,8.225,8.03481],"faces":{"up":{"uv":[4.25,2.5,4.5,3],"rotation":180,"texture":"#4"},"down":{"uv":[15.75,15.75,16,16],"texture":"#2"}}},{"from":[20.125,8.2,7.96519],"to":[20.21875,8.225,8.03481],"rotation":{"angle":22.5,"axis":"x","origin":[20.18125,8.375,8]},"faces":{"up":{"uv":[8.25,2.5,8.5,3],"rotation":180,"texture":"#4"},"down":{"uv":[8.5,8,8.75,8.25],"rotation":180,"texture":"#2"}}},{"from":[20.125,8.2,7.96519],"to":[20.21875,8.225,8.03481],"rotation":{"angle":45,"axis":"x","origin":[20.18125,8.375,8]},"faces":{"up":{"uv":[6,13,6.25,13.5],"rotation":180,"texture":"#4"},"down":{"uv":[6.25,7.75,6.5,8.25],"rotation":180,"texture":"#2"}}},{"from":[20.125,8.2,7.96519],"to":[20.21875,8.225,8.03481],"rotation":{"angle":-22.5,"axis":"x","origin":[20.18125,8.375,8]},"faces":{"up":{"uv":[8.25,2.5,8.5,3],"rotation":180,"texture":"#4"},"down":{"uv":[8.5,8,8.75,8.25],"rotation":180,"texture":"#2"}}},{"from":[20.125,8.2,7.96519],"to":[20.21875,8.225,8.03481],"rotation":{"angle":-45,"axis":"x","origin":[20.18125,8.375,8]},"faces":{"up":{"uv":[6,13,6.25,13.5],"rotation":180,"texture":"#4"},"down":{"uv":[6.25,7.75,6.5,8.25],"texture":"#2"}}},{"from":[20.125,8.34019,7.825],"to":[20.21875,8.40981,7.85],"rotation":{"angle":22.5,"axis":"x","origin":[20.18125,8.375,8]},"faces":{"north":{"uv":[10.75,11.75,11,12.25],"rotation":180,"texture":"#2"},"south":{"uv":[6.25,2,6.5,2.5],"texture":"#2"}}},{"from":[20.125,8.34019,7.825],"to":[20.21875,8.40981,7.85],"faces":{"north":{"uv":[11.75,11.5,12,12],"rotation":180,"texture":"#2"},"south":{"uv":[8.25,13,8.5,13.5],"rotation":180,"texture":"#2"}}},{"from":[20.125,8.34019,7.825],"to":[20.21875,8.40981,7.85],"rotation":{"angle":-22.5,"axis":"x","origin":[20.18125,8.375,8]},"faces":{"north":{"uv":[14.25,11.25,14.5,11.75],"rotation":180,"texture":"#2"},"south":{"uv":[7.75,2.5,8,3],"rotation":180,"texture":"#2"}}},{"from":[20.125,8.34019,8.15],"to":[20.21875,8.40981,8.175],"faces":{"north":{"uv":[8.25,13,8.5,13.5],"texture":"#2"},"south":{"uv":[11.75,11.5,12,12],"rotation":180,"texture":"#2"}}},{"from":[20.125,8.34019,8.15],"to":[20.21875,8.40981,8.175],"rotation":{"angle":-22.5,"axis":"x","origin":[20.18125,8.375,8]},"faces":{"north":{"uv":[6.25,2,6.5,2.5],"rotation":180,"texture":"#2"},"south":{"uv":[10.75,11.75,11,12.25],"rotation":180,"texture":"#2"}}},{"from":[20.125,8.34019,8.15],"to":[20.21875,8.40981,8.175],"rotation":{"angle":22.5,"axis":"x","origin":[20.18125,8.375,8]},"faces":{"north":{"uv":[7.75,2.5,8,3],"texture":"#2"},"south":{"uv":[14.25,11.25,14.5,11.75],"rotation":180,"texture":"#2"}}},{"from":[20.125,8.525,7.96519],"to":[20.21875,8.55,8.03481],"rotation":{"angle":45,"axis":"x","origin":[20.18125,8.375,8]},"faces":{"up":{"uv":[10.75,12,11,12.5],"rotation":180,"texture":"#2"},"down":{"uv":[5.25,7.5,5.5,8],"texture":"#2"}}},{"from":[20.125,8.525,7.96519],"to":[20.21875,8.55,8.03481],"rotation":{"angle":22.5,"axis":"x","origin":[20.18125,8.375,8]},"faces":{"up":{"uv":[10.75,12.25,11,12.75],"rotation":180,"texture":"#2"},"down":{"uv":[8.75,7.75,9,8.25],"rotation":180,"texture":"#3"}}},{"from":[20.125,8.525,7.96519],"to":[20.21875,8.55,8.03481],"faces":{"up":{"uv":[9.75,12.5,10,13],"rotation":180,"texture":"#2"},"down":{"uv":[15.75,15.5,16,16],"rotation":180,"texture":"#3"}}},{"from":[20.125,8.525,7.96519],"to":[20.21875,8.55,8.03481],"rotation":{"angle":-22.5,"axis":"x","origin":[20.18125,8.375,8]},"faces":{"up":{"uv":[10.75,12.25,11,12.75],"rotation":180,"texture":"#2"},"down":{"uv":[8.75,7.75,9,8.25],"texture":"#3"}}},{"from":[20.125,8.525,7.96519],"to":[20.21875,8.55,8.03481],"rotation":{"angle":-45,"axis":"x","origin":[20.18125,8.375,8]},"faces":{"up":{"uv":[10.75,12,11,12.5],"texture":"#2"},"down":{"uv":[5.25,7.5,5.5,8],"texture":"#2"}}},{"from":[19.15,8.125,7.89645],"to":[20,8.625,8.10355],"rotation":{"angle":45,"axis":"x","origin":[19.55,8.375,8]},"faces":{"east":{"uv":[15.75,15.75,16,16],"texture":"#4"},"west":{"uv":[15.75,15.75,16,16],"texture":"#4"},"up":{"uv":[0,4.75,1.5,5.25],"texture":"#3"},"down":{"uv":[5.75,5,7.25,5.5],"rotation":180,"texture":"#3"}}},{"from":[19.15,8.125,7.89645],"to":[20,8.625,8.10355],"rotation":{"angle":-45,"axis":"x","origin":[19.55,8.375,8]},"faces":{"east":{"uv":[15.75,15.75,16,16],"texture":"#4"},"west":{"uv":[15.75,15.75,16,16],"texture":"#4"},"up":{"uv":[5.75,4.5,7.25,5],"rotation":180,"texture":"#3"},"down":{"uv":[5.75,5,7.25,5.5],"texture":"#3"}}},{"from":[19.15,8.27145,7.75],"to":[20,8.47855,8.25],"faces":{"north":{"uv":[8.5,4.75,10,5.25],"texture":"#3"},"east":{"uv":[15.75,15.75,16,16],"texture":"#4"},"south":{"uv":[8.5,4.75,10,5.25],"texture":"#3"},"west":{"uv":[15.75,15.75,16,16],"texture":"#4"}}},{"from":[16.3,8.125,7.89645],"to":[17.425,8.625,8.10355],"rotation":{"angle":-45,"axis":"x","origin":[16.75,8.375,8]},"faces":{"east":{"uv":[15.75,15.75,16,16],"texture":"#4"},"west":{"uv":[15.75,15.75,16,16],"texture":"#4"},"up":{"uv":[5.25,4.5,7,5],"rotation":180,"texture":"#3"},"down":{"uv":[5.25,5,7,5.5],"texture":"#3"}}},{"from":[16.3,8.27145,7.75],"to":[17.425,8.47855,8.25],"faces":{"north":{"uv":[5.25,4.75,7,5.25],"texture":"#3"},"east":{"uv":[15.75,15.75,16,16],"texture":"#4"},"south":{"uv":[5.25,4.75,7,5.25],"texture":"#3"},"west":{"uv":[15.75,15.75,16,16],"texture":"#4"}}},{"from":[16.3,8.125,7.89645],"to":[17.425,8.625,8.10355],"rotation":{"angle":45,"axis":"x","origin":[16.75,8.375,8]},"faces":{"east":{"uv":[15.75,15.75,16,16],"texture":"#4"},"west":{"uv":[15.75,15.75,16,16],"texture":"#4"},"up":{"uv":[5.25,4.5,7,5],"texture":"#3"},"down":{"uv":[5.25,5,7,5.5],"rotation":180,"texture":"#3"}}},{"from":[16.3,8.125,7.89645],"to":[17.425,8.625,8.10355],"faces":{"east":{"uv":[15.75,15.75,16,16],"texture":"#4"},"west":{"uv":[15.75,15.75,16,16],"texture":"#4"},"up":{"uv":[5.25,4.25,7,4.75],"texture":"#3"},"down":{"uv":[5.25,5.25,7,5.75],"texture":"#3"}}},{"from":[14.8,8.125,7.89645],"to":[15.15,8.625,8.10355],"faces":{"east":{"uv":[15.75,15.75,16,16],"texture":"#4"},"up":{"uv":[5.25,5.25,6,5.75],"texture":"#3"},"down":{"uv":[5.25,5.25,6,5.75],"texture":"#3"}}},{"from":[14.8,8.125,7.89645],"to":[15.15,8.625,8.10355],"rotation":{"angle":-45,"axis":"x","origin":[15.25,8.375,8]},"faces":{"east":{"uv":[15.75,15.75,16,16],"texture":"#4"},"up":{"uv":[5.25,4.5,6,5],"rotation":180,"texture":"#3"},"down":{"uv":[5.25,5,6,5.5],"texture":"#3"}}},{"from":[14.8,8.27145,7.75],"to":[15.15,8.47855,8.25],"faces":{"north":{"uv":[5.25,4.75,6,5.25],"texture":"#3"},"east":{"uv":[15.75,15.75,16,16],"texture":"#4"},"south":{"uv":[5.25,4.75,6,5.25],"texture":"#3"}}},{"from":[14.8,8.125,7.89645],"to":[15.15,8.625,8.10355],"rotation":{"angle":45,"axis":"x","origin":[15.25,8.375,8]},"faces":{"east":{"uv":[15.75,15.75,16,16],"texture":"#4"},"up":{"uv":[5.25,4.5,6,5],"texture":"#3"},"down":{"uv":[5.25,5,6,5.5],"rotation":180,"texture":"#3"}}},{"from":[16.15,8.94645,7.75],"to":[16.5,9.15355,8.25],"faces":{"north":{"uv":[5.25,4.75,6,5.25],"texture":"#3"},"east":{"uv":[15.75,15.75,16,16],"texture":"#4"},"south":{"uv":[5.25,4.75,6,5.25],"texture":"#3"},"west":{"uv":[15.75,15.75,16,16],"texture":"#4"}}},{"from":[14.8,8.8,7.89645],"to":[15.15,9.3,8.10355],"faces":{"east":{"uv":[15.75,15.75,16,16],"texture":"#4"},"up":{"uv":[5.25,4.25,6,4.75],"texture":"#3"},"down":{"uv":[5.25,5.25,6,5.75],"texture":"#3"}}},{"from":[16.15,8.8,7.89645],"to":[16.5,9.3,8.10355],"rotation":{"angle":-45,"axis":"x","origin":[16.6,9.05,8]},"faces":{"east":{"uv":[15.75,15.75,16,16],"texture":"#4"},"west":{"uv":[15.75,15.75,16,16],"texture":"#4"},"up":{"uv":[5.25,4.5,6,5],"rotation":180,"texture":"#3"},"down":{"uv":[5.25,5,6,5.5],"texture":"#3"}}},{"from":[16.15,8.8,7.89645],"to":[16.5,9.3,8.10355],"rotation":{"angle":45,"axis":"x","origin":[16.6,9.05,8]},"faces":{"east":{"uv":[15.75,15.75,16,16],"texture":"#4"},"west":{"uv":[15.75,15.75,16,16],"texture":"#4"},"up":{"uv":[5.25,4.5,6,5],"texture":"#3"},"down":{"uv":[5.25,5,6,5.5],"rotation":180,"texture":"#3"}}},{"from":[14.8,8.94645,7.75],"to":[15.15,9.15355,8.25],"faces":{"north":{"uv":[5.25,4.75,6,5.25],"texture":"#3"},"east":{"uv":[15.75,15.75,16,16],"texture":"#4"},"south":{"uv":[5.25,4.75,6,5.25],"texture":"#3"}}},{"from":[14.8,8.8,7.89645],"to":[15.15,9.3,8.10355],"rotation":{"angle":-45,"axis":"x","origin":[15.25,9.05,8]},"faces":{"east":{"uv":[15.75,15.75,16,16],"texture":"#4"},"up":{"uv":[5.25,4.5,6,5],"rotation":180,"texture":"#3"},"down":{"uv":[5.25,5,6,5.5],"texture":"#3"}}},{"from":[16.15,8.8,7.89645],"to":[16.5,9.3,8.10355],"faces":{"east":{"uv":[15.75,15.75,16,16],"texture":"#4"},"west":{"uv":[15.75,15.75,16,16],"texture":"#4"},"up":{"uv":[5.25,4.25,6,4.75],"texture":"#3"},"down":{"uv":[5.25,5.25,6,5.75],"texture":"#3"}}},{"from":[14.8,8.8,7.89645],"to":[15.15,9.3,8.10355],"rotation":{"angle":45,"axis":"x","origin":[15.25,9.05,8]},"faces":{"east":{"uv":[15.75,15.75,16,16],"texture":"#4"},"up":{"uv":[5.25,4.5,6,5],"texture":"#3"},"down":{"uv":[5.25,5,6,5.5],"rotation":180,"texture":"#3"}}},{"from":[-2.5995,8.14733,7.45747],"to":[0.8005,8.54733,7.70747],"rotation":{"angle":45,"axis":"x","origin":[-0.9505,8.30983,7.99497]},"faces":{"north":{"uv":[6,2,16,3.5],"texture":"#1"},"east":{"uv":[0,0,1.5,1.5],"texture":"#1"}}},{"from":[-2.6995,8.14733,7.45747],"to":[-2.599,8.54733,7.70747],"rotation":{"angle":45,"axis":"x","origin":[-0.9505,8.30983,7.99497]},"faces":{"north":{"uv":[7.5,14,9,15],"rotation":90,"texture":"#0"},"west":{"uv":[10,7,12,8],"rotation":270,"texture":"#0"}}},{"from":[-2.5995,8.14733,8.29253],"to":[0.8005,8.54733,8.54253],"rotation":{"angle":-45,"axis":"x","origin":[-0.9505,8.30983,8.00503]},"faces":{"east":{"uv":[0,0,1.5,1.5],"texture":"#1"},"south":{"uv":[0,2,10,3.5],"texture":"#1"}}},{"from":[-2.6995,8.14733,8.29253],"to":[-2.599,8.54733,8.54253],"rotation":{"angle":-45,"axis":"x","origin":[-0.9505,8.30983,8.00503]},"faces":{"south":{"uv":[14,12,15.5,13],"rotation":90,"texture":"#0"},"west":{"uv":[14,7.5,16,8.5],"rotation":90,"texture":"#0"}}},{"from":[-2.6,8.55159,7.78284],"to":[0.8,8.85784,8.21716],"rotation":{"angle":0,"axis":"y","origin":[8.001,7.99534,7.99534]},"faces":{"up":{"uv":[0,0,10,2],"texture":"#1"}}},{"from":[0.80019,8.55155,7.78286],"to":[1.40019,8.8578,8.21716],"rotation":{"angle":-22.5,"axis":"z","origin":[0.80019,8.8583,7.99536]},"faces":{"north":{"uv":[6,3,8.5,4.5],"texture":"#1"},"south":{"uv":[6,3,8.5,4.5],"texture":"#1"},"up":{"uv":[6,3,8.5,5],"texture":"#1"}}},{"from":[-2.7,8.575,7.78284],"to":[-2.6,8.85784,8.21716],"rotation":{"angle":0,"axis":"y","origin":[8.0015,7.99375,7.99534]},"faces":{"west":{"uv":[9,7.5,11,9],"texture":"#0"},"up":{"uv":[13,13.5,15,14.5],"rotation":270,"texture":"#0"}}},{"from":[4.675,9.225,7.87574],"to":[10.2,9.45,8.12426],"rotation":{"angle":45,"axis":"x","origin":[7.6,9.15,8]},"faces":{"west":{"uv":[8,4.5,8.25,5.25],"rotation":270,"texture":"#2"},"up":{"uv":[8,4.5,16,5.25],"texture":"#2"}}},{"from":[4.675,9.225,7.87574],"to":[10.2,9.45,8.12426],"rotation":{"angle":-45,"axis":"x","origin":[7.6,9.15,8]},"faces":{"west":{"uv":[8,4.5,8.25,5.25],"rotation":90,"texture":"#2"},"up":{"uv":[0,4.5,8,5.25],"rotation":180,"texture":"#2"}}},{"from":[4.675,9.02574,7.7],"to":[10.2,9.27426,8.3],"faces":{"north":{"uv":[8,5.25,16,6],"texture":"#2"},"south":{"uv":[8,5.25,16,6],"texture":"#2"},"down":{"uv":[15.75,15.75,16,16],"texture":"#2"}}},{"from":[5.3,8.225,8.45],"to":[7.1,8.55,8.525],"rotation":{"angle":-22.5,"axis":"z","origin":[5.35,8.375,8.2]},"faces":{"east":{"uv":[7.5,6.75,7.75,8],"texture":"#3"},"south":{"uv":[7.25,8,10.75,9.25],"rotation":180,"texture":"#3"},"west":{"uv":[7.5,4.5,8.25,5.25],"rotation":90,"texture":"#3"},"up":{"uv":[7.5,4.5,10,5.25],"rotation":180,"texture":"#3"},"down":{"uv":[15.75,15.75,16,16],"texture":"#3"}}},{"from":[6.425,8.55,8.45],"to":[7.7,8.8,8.4999],"rotation":{"angle":-22.5,"axis":"z","origin":[5.35,8.375,8.2]},"faces":{"south":{"uv":[8,5.75,9.75,7],"rotation":180,"texture":"#3"},"up":{"uv":[7.5,4.5,10.75,5],"rotation":180,"texture":"#3"}}},{"from":[7.225,8.75,8.5],"to":[7.7,8.8,8.6],"rotation":{"angle":-22.5,"axis":"z","origin":[5.35,8.375,8.2]},"faces":{"east":{"uv":[6.75,7.75,8,8.25],"texture":"#3"},"south":{"uv":[6.75,7.5,8,8],"texture":"#3"},"west":{"uv":[6.75,7.25,8,7.75],"texture":"#3"},"up":{"uv":[7.5,3.5,8.75,4.5],"rotation":180,"texture":"#3"},"down":{"uv":[15.75,15.75,16,16],"texture":"#3"}}},{"from":[5.85,8.125,8.45],"to":[6.51,8.355,8.5],"rotation":{"angle":0,"axis":"z","origin":[5.35,8.375,8.2]},"faces":{"south":{"uv":[8,5.75,9.25,7],"rotation":180,"texture":"#3"},"up":{"uv":[7.5,4.5,9,5],"rotation":180,"texture":"#3"}}},{"from":[6.905,7.569,8.45],"to":[7.765,7.874,8.5],"rotation":{"angle":0,"axis":"z","origin":[5.35,8.375,8.2]},"faces":{"east":{"uv":[7.5,6.75,7.75,8],"texture":"#3"},"south":{"uv":[6.25,8,8,9.25],"rotation":180,"texture":"#3"},"up":{"uv":[7.5,4.5,7.75,5],"rotation":180,"texture":"#3"},"down":{"uv":[15.75,15.75,16,16],"texture":"#3"}}},{"from":[7.18,7.569,8.5],"to":[7.515,7.624,8.6],"rotation":{"angle":0,"axis":"z","origin":[5.35,8.375,8.2]},"faces":{"east":{"uv":[6.75,7.75,8,8.25],"texture":"#3"},"south":{"uv":[6.75,7.5,8,8],"texture":"#3"},"west":{"uv":[6.75,7.75,8,8.25],"texture":"#3"},"up":{"uv":[6.5,11.5,7.75,12.5],"texture":"#3"},"down":{"uv":[15.75,15.75,16,16],"texture":"#3"}}},{"from":[4.34966,8.38396,7.701],"to":[4.84966,9.11396,8.299],"rotation":{"angle":-45,"axis":"z","origin":[4.70447,8.80377,7.8259]},"faces":{"north":{"uv":[8,5,8.25,7],"texture":"#2"},"south":{"uv":[8,5,8.25,7],"texture":"#2"},"west":{"uv":[0,4.25,2,5.5],"texture":"#3"}}},{"from":[7.5,6.7,7.6995],"to":[9.3,7.6,8.3005],"rotation":{"angle":0,"axis":"y","origin":[8,8,8.0005]},"faces":{"north":{"uv":[4.5,12.5,7,15.5],"rotation":270,"texture":"#3"},"east":{"uv":[0,15,3,16],"rotation":90,"texture":"#3"},"south":{"uv":[12.5,12.5,15,15.5],"rotation":270,"texture":"#3"},"west":{"uv":[5,10,6,12.5],"texture":"#3"}}},{"from":[7.45677,4.51981,7.7],"to":[9.12677,6.70731,8.3],"rotation":{"angle":22.5,"axis":"z","origin":[7.49677,6.81231,7.625]},"faces":{"north":{"uv":[6.75,12.5,9.25,15.5],"rotation":270,"texture":"#3"},"east":{"uv":[4.5,15,7.5,16],"rotation":90,"texture":"#3"},"south":{"uv":[4.5,12.5,7,15.5],"rotation":270,"texture":"#3"},"west":{"uv":[5.75,11.75,8.75,12.75],"rotation":90,"texture":"#3"}}},{"from":[8.26399,2.56056,7.699],"to":[10.05399,4.76056,8.301],"rotation":{"angle":45,"axis":"z","origin":[8.39899,4.80806,7.625]},"faces":{"north":{"uv":[0,12.5,2.5,15.5],"rotation":270,"texture":"#3"},"east":{"uv":[11.25,15,14.25,16],"rotation":90,"texture":"#3"},"south":{"uv":[0,12.5,2.5,15.5],"rotation":270,"texture":"#3"},"west":{"uv":[6.5,11.75,9.5,12.75],"rotation":90,"texture":"#3"},"down":{"uv":[5.25,11.75,6.25,13],"rotation":270,"texture":"#3"}}},{"from":[4.555,9.46944,7.34884],"to":[8.155,9.99444,7.53004],"rotation":{"angle":0,"axis":"y","origin":[4.78,8.27444,8.29444]},"faces":{"north":{"uv":[4.25,7.75,9.75,9],"texture":"#3"},"east":{"uv":[4.25,5,6.25,6],"texture":"#3"},"west":{"uv":[4.25,5.25,4.75,6.25],"texture":"#3"},"down":{"uv":[15.75,15.75,16,16],"texture":"#3"}}},{"from":[4.55506,9.59591,8.31762],"to":[8.15446,9.86591,8.55882],"rotation":{"angle":-45,"axis":"x","origin":[5.125,8.76077,7.67808]},"faces":{"east":{"uv":[4.25,5,4.75,5.5],"texture":"#3"},"west":{"uv":[4.25,5.25,4.5,5.5],"texture":"#3"},"up":{"uv":[6,6.75,11.5,7.5],"texture":"#3"}}},{"from":[3.85,9.475,7.5194],"to":[5.095,10.285,8.4806],"rotation":{"angle":0,"axis":"y","origin":[4.78,8.28,8]},"faces":{"north":{"uv":[4.25,4.75,6.25,6.25],"texture":"#3"},"east":{"uv":[7.25,1.75,9,3],"rotation":270,"texture":"#3"},"south":{"uv":[4.25,4.75,6.25,6.25],"texture":"#3"},"west":{"uv":[4.25,4.75,6.25,6.25],"texture":"#3"},"up":{"uv":[4.25,4.75,5.25,5.25],"rotation":90,"texture":"#3"},"down":{"uv":[15.75,15.75,16,16],"texture":"#3"}}},{"from":[5.095,9.475,7.5194],"to":[8.155,10.165,7.7606],"rotation":{"angle":0,"axis":"y","origin":[4.78,8.28,8]},"faces":{"east":{"uv":[4.25,5,6.25,6],"texture":"#3"},"south":{"uv":[4.25,6.5,9.75,6.75],"rotation":180,"texture":"#3"},"up":{"uv":[7.75,4.75,13.25,5],"rotation":180,"texture":"#3"},"down":{"uv":[15.75,15.75,16,16],"texture":"#3"}}},{"from":[5.095,9.475,7.7594],"to":[8.155,10.105,8.2406],"rotation":{"angle":0,"axis":"y","origin":[4.78,8.28,8]},"faces":{"east":{"uv":[4.25,5,6.25,6],"texture":"#3"},"up":{"uv":[4.25,6.5,9.75,8],"rotation":180,"texture":"#3"},"down":{"uv":[15.75,15.75,16,16],"texture":"#3"}}},{"from":[5.095,9.475,8.2394],"to":[8.155,10.165,8.4806],"rotation":{"angle":0,"axis":"y","origin":[4.78,8.28,8]},"faces":{"north":{"uv":[4.25,6.5,9.75,6.75],"rotation":180,"texture":"#3"},"east":{"uv":[4.25,5,6.25,6],"texture":"#3"},"south":{"uv":[4.25,5,6.25,6],"texture":"#3"},"up":{"uv":[4.25,4.75,9.75,5],"rotation":180,"texture":"#3"},"down":{"uv":[15.75,15.75,16,16],"texture":"#3"}}},{"from":[4.915,9.535,8.4644],"to":[7.225,10.105,8.5406],"rotation":{"angle":0,"axis":"y","origin":[4.78,8.28,8]},"faces":{"east":{"uv":[4.25,5.25,4.75,6.25],"texture":"#3"},"south":{"uv":[0,12,5,13],"rotation":180,"texture":"#3"},"west":{"uv":[4.25,5.25,4.75,6.25],"texture":"#3"},"up":{"uv":[4.25,4.5,9.75,4.75],"rotation":180,"texture":"#3"},"down":{"uv":[15.75,15.75,16,16],"texture":"#3"}}},{"from":[6.7,9.655,8.0438],"to":[7.09,10.045,8.6162],"rotation":{"angle":0,"axis":"y","origin":[5.2,8.28,8.0006]},"faces":{"east":{"uv":[13,14,13.5,16],"texture":"#6"},"south":{"uv":[12.5,14,14.5,16],"texture":"#6"},"west":{"uv":[13,14,13.5,16],"texture":"#6"},"up":{"uv":[13,12,13.5,14],"rotation":90,"texture":"#6"},"down":{"uv":[13,15.5,13.5,16],"texture":"#6"}}},{"from":[7.0208,8.39948,8.5838],"to":[7.4108,8.54948,8.7962],"rotation":{"angle":45,"axis":"z","origin":[5.395,8.775,8.69]},"faces":{"east":{"uv":[13.5,13,15,13.5],"rotation":90,"texture":"#6"},"south":{"uv":[3,10,7.5,11.5],"texture":"#6"},"west":{"uv":[11,15.5,12.5,16],"rotation":270,"texture":"#6"},"up":{"uv":[10.5,13,15,13.5],"rotation":180,"texture":"#6"},"down":{"uv":[11.5,15.5,16,16],"rotation":180,"texture":"#6"}}},{"from":[6.04,9.835,8.1038],"to":[6.19,9.985,8.6162],"rotation":{"angle":0,"axis":"y","origin":[5.32,8.28,7.9994]},"faces":{"east":{"uv":[14.5,13.5,15,16],"texture":"#6"},"south":{"uv":[12,6.5,15,9.5],"texture":"#6"},"west":{"uv":[14.5,13.5,15,16],"texture":"#6"},"up":{"uv":[13,12,13.5,14.5],"rotation":90,"texture":"#6"},"down":{"uv":[13,15.5,13.5,16],"texture":"#6"}}},{"from":[5.14,9.835,8.1038],"to":[5.59,9.985,8.6162],"rotation":{"angle":0,"axis":"y","origin":[5.32,8.28,7.9994]},"faces":{"east":{"uv":[15.5,13.5,16,16],"texture":"#6"},"south":{"uv":[13,11,14.5,16],"rotation":90,"texture":"#6"},"west":{"uv":[15.5,13.5,16,16],"texture":"#6"},"up":{"uv":[10.5,13,15.5,13.5],"texture":"#6"},"down":{"uv":[13,15.5,13.5,16],"rotation":90,"texture":"#6"}}},{"from":[4.123,9.64,8.5541],"to":[4.663,10.18,8.5865],"rotation":{"angle":0,"axis":"y","origin":[5.32,8.28,7.9994]},"faces":{"south":{"uv":[0.5,6,10,15.5],"texture":"#6"}}},{"from":[4.39147,9.12988,8.3738],"to":[4.99147,9.37841,8.5862],"rotation":{"angle":22.5,"axis":"z","origin":[2.89427,8.835,8.48]},"faces":{"east":{"uv":[5,0,9,1],"rotation":90,"texture":"#6"},"south":{"uv":[3.5,10.5,4,11],"texture":"#6"},"west":{"uv":[11,1,15,2],"rotation":270,"texture":"#6"}}},{"from":[3.5687,10.27793,8.37386],"to":[4.1687,10.52646,8.58626],"rotation":{"angle":-22.5,"axis":"z","origin":[2.89427,8.835,8.48]},"faces":{"east":{"uv":[3,1,7,2],"rotation":90,"texture":"#6"},"south":{"uv":[3.5,10.5,4,11],"texture":"#6"},"west":{"uv":[4.5,0,8.5,1],"rotation":90,"texture":"#6"}}},{"from":[3.74443,10.1022,8.37374],"to":[3.99296,10.7022,8.58614],"rotation":{"angle":-22.5,"axis":"z","origin":[2.89427,8.835,8.48]},"faces":{"south":{"uv":[3.5,10.5,4,11],"texture":"#6"},"up":{"uv":[0,0,4,1],"texture":"#6"},"down":{"uv":[11,2,15,3],"rotation":180,"texture":"#6"}}},{"from":[4.5672,8.95415,8.3738],"to":[4.81573,9.55415,8.5862],"rotation":{"angle":22.5,"axis":"z","origin":[2.89427,8.835,8.48]},"faces":{"south":{"uv":[3.5,10.5,4,11],"texture":"#6"},"up":{"uv":[0.5,0,4.5,1],"rotation":180,"texture":"#6"},"down":{"uv":[5,2,9,3],"rotation":180,"texture":"#6"}}},{"from":[4.27,10.2838,7.64],"to":[4.41321,10.3738,8.36],"rotation":{"angle":0,"axis":"x","origin":[2.84161,9.2538,8]},"faces":{"north":{"uv":[5.5,0,7.5,1],"texture":"#6"},"south":{"uv":[11.5,0.5,13.5,1.5],"texture":"#6"},"up":{"uv":[3.5,10.5,4,11],"texture":"#6"}}},{"from":[3.83066,10.2838,8.70066],"to":[3.97387,10.3738,9.42066],"rotation":{"angle":45,"axis":"y","origin":[2.84161,9.2538,8]},"faces":{"north":{"uv":[5.5,1,7.5,2],"texture":"#6"},"south":{"uv":[13.5,0,15.5,1],"texture":"#6"},"up":{"uv":[3.5,10.5,4,11],"texture":"#6"}}},{"from":[4.15582,10.2838,8.21403],"to":[4.29903,10.3738,8.93403],"rotation":{"angle":22.5,"axis":"y","origin":[2.84161,9.2538,8]},"faces":{"north":{"uv":[7.5,0,9.5,1],"texture":"#6"},"south":{"uv":[11.5,0,13.5,1],"texture":"#6"},"up":{"uv":[3.5,10.5,4,11],"texture":"#6"}}},{"from":[3.86743,10.2838,7.35436],"to":[4.58743,10.3738,7.49758],"rotation":{"angle":-22.5,"axis":"y","origin":[2.84161,9.2538,8]},"faces":{"east":{"uv":[0.5,0,2.5,1],"texture":"#6"},"west":{"uv":[6.5,2,8.5,3],"texture":"#6"},"up":{"uv":[3.5,10.5,4,11],"texture":"#6"}}},{"from":[3.98161,10.2838,7.92839],"to":[4.70161,10.3738,8.07161],"rotation":{"angle":0,"axis":"y","origin":[2.84161,9.2538,8]},"faces":{"east":{"uv":[1.5,0,3.5,1],"texture":"#6"},"west":{"uv":[7.5,2,9.5,3],"texture":"#6"},"up":{"uv":[3.5,10.5,4,11],"texture":"#6"}}},{"from":[3.86743,10.2838,8.50242],"to":[4.58743,10.3738,8.64564],"rotation":{"angle":22.5,"axis":"y","origin":[2.84161,9.2538,8]},"faces":{"east":{"uv":[1.5,0,3.5,1],"texture":"#6"},"west":{"uv":[7.5,2,9.5,3],"texture":"#6"},"up":{"uv":[3.5,10.5,4,11],"texture":"#6"}}},{"from":[3.83066,10.2838,6.57934],"to":[3.97387,10.3738,7.29934],"rotation":{"angle":-45,"axis":"y","origin":[2.84161,9.2538,8]},"faces":{"north":{"uv":[2.5,0,4.5,1],"texture":"#6"},"south":{"uv":[9.5,1.5,11.5,2.5],"texture":"#6"},"up":{"uv":[3.5,10.5,4,11],"texture":"#6"}}},{"from":[4.15582,10.2838,7.06597],"to":[4.29903,10.3738,7.78597],"rotation":{"angle":-22.5,"axis":"y","origin":[2.84161,9.2538,8]},"faces":{"north":{"uv":[3.5,0,5.5,1],"texture":"#6"},"south":{"uv":[9.5,1,11.5,2],"texture":"#6"},"up":{"uv":[3.5,10.5,4,11],"texture":"#6"}}},{"from":[3.99661,10.2841,7.655],"to":[4.68661,10.3741,8.345],"rotation":{"angle":0,"axis":"y","origin":[2.84161,9.25386,8]},"faces":{"up":{"uv":[0,5.5,10.499,16],"rotation":90,"texture":"#6"}}},{"from":[7.645,10.03171,7.28006],"to":[8.11,10.16671,7.67216],"rotation":{"angle":22.5,"axis":"x","origin":[6.55,9.48854,8]},"faces":{"east":{"uv":[4,5.25,4.25,5.5],"texture":"#3"},"west":{"uv":[4.25,5.75,4.5,6],"rotation":180,"texture":"#3"},"up":{"uv":[10.5,8.5,10.75,8.75],"texture":"#3"}}},{"from":[7.645,10.16514,8.29514],"to":[8.11,10.45224,8.44514],"rotation":{"angle":-45,"axis":"x","origin":[6.55,9.48854,8]},"faces":{"east":{"uv":[4,5.25,4.25,5.5],"texture":"#3"},"south":{"uv":[10.5,8.75,10.75,9],"texture":"#3"},"west":{"uv":[4.25,5.75,4.5,6],"rotation":180,"texture":"#3"}}},{"from":[7.645,10.39817,7.96138],"to":[8.11,10.62527,8.09638],"rotation":{"angle":-22.5,"axis":"x","origin":[6.55,9.48854,8]},"faces":{"east":{"uv":[4,5.25,4.25,5.5],"texture":"#3"},"south":{"uv":[10.75,8.25,11,8.5],"texture":"#3"},"west":{"uv":[4.25,5.75,4.5,6],"rotation":180,"texture":"#3"}}},{"from":[7.645,10.48,7.595],"to":[8.11,10.6471,7.685],"rotation":{"angle":0,"axis":"x","origin":[6.55,9.48854,8]},"faces":{"east":{"uv":[4,5.25,4.25,5.5],"texture":"#3"},"south":{"uv":[11,8,11.25,8.25],"texture":"#3"},"west":{"uv":[4.25,5.75,4.5,6],"rotation":180,"texture":"#3"}}},{"from":[7.645,10.41317,7.22862],"to":[8.11,10.56527,7.27362],"rotation":{"angle":22.5,"axis":"x","origin":[6.55,9.48854,8]},"faces":{"east":{"uv":[4,5.25,4.25,5.5],"texture":"#3"},"south":{"uv":[15.75,15.75,16,16],"texture":"#3"},"west":{"uv":[4.25,5.75,4.5,6],"rotation":180,"texture":"#3"}}},{"from":[7.645,10.18014,6.87986],"to":[8.11,10.33224,6.92486],"rotation":{"angle":45,"axis":"x","origin":[6.55,9.48854,8]},"faces":{"east":{"uv":[4,5.25,4.25,5.5],"texture":"#3"},"south":{"uv":[15.75,15.75,16,16],"texture":"#3"},"west":{"uv":[4.25,5.75,4.5,6],"rotation":180,"texture":"#3"}}},{"from":[7.645,10.79671,8.34284],"to":[8.11,10.84171,8.49493],"rotation":{"angle":-22.5,"axis":"x","origin":[6.55,9.48854,8]},"faces":{"east":{"uv":[4,5.25,4.25,5.5],"texture":"#3"},"west":{"uv":[4.25,5.75,4.5,6],"rotation":180,"texture":"#3"},"down":{"uv":[15.75,15.75,16,16],"texture":"#3"}}},{"from":[7.645,10.87854,7.92396],"to":[8.11,10.92354,8.07604],"rotation":{"angle":0,"axis":"x","origin":[6.55,9.48854,8.0075]},"faces":{"east":{"uv":[4,5.25,4.25,5.5],"texture":"#3"},"west":{"uv":[4.25,5.75,4.5,6],"rotation":180,"texture":"#3"},"down":{"uv":[15.75,15.75,16,16],"texture":"#3"}}},{"from":[7.645,10.79671,7.50507],"to":[8.11,10.84171,7.65716],"rotation":{"angle":22.5,"axis":"x","origin":[6.55,9.48854,8]},"faces":{"east":{"uv":[4,5.25,4.25,5.5],"texture":"#3"},"west":{"uv":[5.5,5.75,5.75,6],"rotation":180,"texture":"#3"},"down":{"uv":[15.75,15.75,16,16],"texture":"#3"}}},{"from":[7.645,10.18014,9.07514],"to":[8.11,10.33223,9.12014],"rotation":{"angle":-45,"axis":"x","origin":[6.55,9.48854,8]},"faces":{"north":{"uv":[15.75,15.75,16,16],"texture":"#3"},"east":{"uv":[4,5.25,4.25,5.5],"texture":"#3"},"west":{"uv":[5.5,5.75,5.75,6],"rotation":180,"texture":"#3"}}},{"from":[7.645,10.41317,8.72638],"to":[8.11,10.56526,8.77138],"rotation":{"angle":-22.5,"axis":"x","origin":[6.55,9.48854,8]},"faces":{"north":{"uv":[15.75,15.75,16,16],"texture":"#3"},"east":{"uv":[4,5.25,4.25,5.5],"texture":"#3"},"west":{"uv":[5.5,5.75,5.75,6],"rotation":180,"texture":"#3"}}},{"from":[7.645,10.48,8.315],"to":[8.11,10.64709,8.405],"rotation":{"angle":0,"axis":"x","origin":[6.55,9.48854,8]},"faces":{"north":{"uv":[11,8,11.25,8.25],"texture":"#3"},"east":{"uv":[4,5.25,4.25,5.5],"texture":"#3"},"west":{"uv":[5.5,5.75,5.75,6],"rotation":180,"texture":"#3"}}},{"from":[7.645,10.16514,7.55486],"to":[8.11,10.43723,7.71986],"rotation":{"angle":45,"axis":"x","origin":[6.55,9.48854,8]},"faces":{"north":{"uv":[10.5,8.75,10.75,9],"texture":"#3"},"east":{"uv":[4,5.25,4.25,5.5],"texture":"#3"},"west":{"uv":[5.5,5.75,5.75,6],"rotation":180,"texture":"#3"}}},{"from":[7.645,10.39817,7.90362],"to":[8.11,10.62526,8.03862],"rotation":{"angle":22.5,"axis":"x","origin":[6.55,9.48854,8]},"faces":{"north":{"uv":[10.75,8.25,11,8.5],"texture":"#3"},"east":{"uv":[4,5.25,4.25,5.5],"texture":"#3"},"west":{"uv":[5.5,5.75,5.75,6],"rotation":180,"texture":"#3"}}},{"from":[7.645,10.03171,8.32784],"to":[8.11,10.16671,8.71993],"rotation":{"angle":-22.5,"axis":"x","origin":[6.55,9.48854,8]},"faces":{"east":{"uv":[4,5.25,4.25,5.5],"texture":"#3"},"west":{"uv":[5.5,5.75,5.75,6],"rotation":180,"texture":"#3"},"up":{"uv":[10.5,8.5,10.75,8.75],"texture":"#3"}}},{"from":[7.6453,10.08354,7.57146],"to":[8.1103,10.24854,8.42854],"rotation":{"angle":0,"axis":"x","origin":[6.55,9.48854,8]},"faces":{"east":{"uv":[7,11.5,9,12],"texture":"#3"},"west":{"uv":[4.25,5.75,6.25,6],"rotation":180,"texture":"#3"},"up":{"uv":[10.5,8.5,10.75,8.75],"texture":"#3"}}},{"from":[7.555,10.165,7.5194],"to":[8.14,10.504,7.5806],"rotation":{"angle":0,"axis":"y","origin":[5.2,8.28,8]},"faces":{"north":{"uv":[5,11.75,6.5,12.5],"rotation":180,"texture":"#3"},"east":{"uv":[4,5.25,4.25,6],"texture":"#3"},"south":{"uv":[5.5,5.75,5.75,6],"rotation":180,"texture":"#3"}}},{"from":[7.555,10.24037,7.16862],"to":[8.14,10.56527,7.22862],"rotation":{"angle":22.5,"axis":"x","origin":[6.55,9.48854,8]},"faces":{"north":{"uv":[5.25,12,6.75,12.75],"rotation":180,"texture":"#3"},"east":{"uv":[4,4.75,4.25,5.5],"texture":"#3"},"south":{"uv":[5.5,5.75,5.75,6],"rotation":180,"texture":"#3"},"west":{"uv":[7.25,11.75,7.5,12.5],"rotation":180,"texture":"#3"}}},{"from":[7.55506,10.16514,6.81986],"to":[8.14006,10.33223,6.87986],"rotation":{"angle":45,"axis":"x","origin":[6.55,9.48854,8]},"faces":{"north":{"uv":[12.75,4.75,14.25,5.25],"texture":"#2"},"east":{"uv":[3.75,4.5,4,5],"texture":"#3"},"south":{"uv":[5.5,5.75,5.75,6],"rotation":180,"texture":"#3"},"west":{"uv":[7.5,12.25,7.75,12.75],"texture":"#3"}}},{"from":[7.555,10.84171,8.32784],"to":[8.14,10.90171,8.49493],"rotation":{"angle":-22.5,"axis":"x","origin":[6.55,9.48854,8]},"faces":{"east":{"uv":[3.75,4.25,4,4.75],"rotation":270,"texture":"#3"},"west":{"uv":[3.75,4.5,4,5],"rotation":90,"texture":"#3"},"up":{"uv":[10.25,4.5,11.75,5],"rotation":180,"texture":"#2"},"down":{"uv":[5.5,5.75,5.75,6],"rotation":180,"texture":"#3"}}},{"from":[7.55506,10.92354,7.91646],"to":[8.14006,10.98354,8.08354],"rotation":{"angle":0,"axis":"x","origin":[6.55,9.48854,8]},"faces":{"east":{"uv":[3.75,4.25,4,4.5],"rotation":90,"texture":"#3"},"west":{"uv":[3.75,4.5,4,4.75],"rotation":90,"texture":"#3"},"up":{"uv":[12.5,4,14,4.5],"texture":"#2"},"down":{"uv":[5.5,5.75,5.75,6],"rotation":180,"texture":"#3"}}},{"from":[7.555,10.84171,7.50507],"to":[8.14,10.90171,7.67216],"rotation":{"angle":22.5,"axis":"x","origin":[6.55,9.48854,8]},"faces":{"east":{"uv":[3.75,4.25,4,4.75],"rotation":90,"texture":"#3"},"west":{"uv":[3.75,4.5,4,5],"rotation":270,"texture":"#3"},"up":{"uv":[11.25,4.5,12.75,5],"texture":"#2"},"down":{"uv":[5.5,5.75,5.75,6],"rotation":180,"texture":"#3"}}},{"from":[7.55506,10.16514,9.12014],"to":[8.14006,10.33223,9.18014],"rotation":{"angle":-45,"axis":"x","origin":[6.55,9.48854,8]},"faces":{"north":{"uv":[5.5,5.75,5.75,6],"rotation":180,"texture":"#3"},"east":{"uv":[3.75,4.5,4,5],"texture":"#3"},"south":{"uv":[12.75,4.75,14.25,5.25],"texture":"#2"},"west":{"uv":[7.5,12.25,7.75,12.75],"texture":"#3"}}},{"from":[7.555,10.24037,8.77138],"to":[8.14,10.56527,8.83138],"rotation":{"angle":-22.5,"axis":"x","origin":[6.55,9.48854,8]},"faces":{"north":{"uv":[5.5,5.75,5.75,6],"rotation":180,"texture":"#3"},"east":{"uv":[4,4.75,4.25,5.5],"texture":"#3"},"south":{"uv":[6.5,12,8,12.75],"rotation":180,"texture":"#3"},"west":{"uv":[7.25,11.75,7.5,12.5],"rotation":180,"texture":"#3"}}},{"from":[7.555,10.165,8.4194],"to":[8.14,10.504,8.4806],"rotation":{"angle":0,"axis":"y","origin":[5.2,8.28,8]},"faces":{"north":{"uv":[5.5,5.75,5.75,6],"rotation":180,"texture":"#3"},"east":{"uv":[4,5.25,4.25,6],"texture":"#3"},"south":{"uv":[5,11.75,6.5,12.5],"rotation":180,"texture":"#3"}}},{"from":[6.94972,10.53547,8.41934],"to":[7.09972,10.93447,8.48054],"rotation":{"angle":-22.5,"axis":"z","origin":[6.17029,9.19778,8.45]},"faces":{"north":{"uv":[5.5,5.75,5.75,6],"rotation":180,"texture":"#3"},"south":{"uv":[5,11.75,5.25,12.5],"rotation":180,"texture":"#3"},"west":{"uv":[3.75,4.75,4,5.5],"texture":"#3"}}},{"from":[6.94975,10.53547,7.51946],"to":[7.09975,10.93447,7.58066],"rotation":{"angle":-22.5,"axis":"z","origin":[6.17029,9.19778,7.55]},"faces":{"north":{"uv":[5,11.75,5.25,12.5],"rotation":180,"texture":"#3"},"south":{"uv":[5.5,5.75,5.75,6],"rotation":180,"texture":"#3"},"west":{"uv":[3.75,4.75,4,5.5],"texture":"#3"}}},{"from":[8.1346,10.462,7.9025],"to":[8.2246,10.657,8.0975],"rotation":{"angle":0,"axis":"x","origin":[6.679,9.51,8.0075]},"faces":{"west":{"uv":[0,0,8,8],"texture":"#9"}}},{"from":[6.1256,7.54493,7.4],"to":[6.6756,7.64493,7.5],"rotation":{"angle":-22.5,"axis":"z","origin":[6.5256,7.59493,7.5]},"faces":{"north":{"uv":[10.25,7.75,10.45,8.75],"rotation":270,"texture":"#3"},"east":{"uv":[10.25,7.75,10.45,8.25],"rotation":180,"texture":"#3"},"south":{"uv":[15.75,15.75,16,16],"texture":"#3"},"up":{"uv":[10.25,7.75,10.45,8.25],"rotation":270,"texture":"#3"},"down":{"uv":[15.75,15.75,16,16],"texture":"#3"}}},{"from":[6.023,7.6745,7.3755],"to":[7.173,8.2745,7.5495],"rotation":{"angle":0,"axis":"z","origin":[6.398,8.2245,7.4375]},"faces":{"north":{"uv":[10.75,5,12.5,6],"texture":"#3"},"east":{"uv":[10.5,5.25,12.25,6.25],"rotation":180,"texture":"#3"},"west":{"uv":[10.5,5.25,12.25,6.25],"rotation":180,"texture":"#3"},"down":{"uv":[15.75,15.75,16,16],"texture":"#3"}}},{"from":[5.323,8.2745,7.3755],"to":[7.673,8.5745,7.5495],"rotation":{"angle":0,"axis":"z","origin":[6.498,8.4245,7.4375]},"faces":{"north":{"uv":[10.25,4.75,14,5.25],"texture":"#3"},"east":{"uv":[10.25,5,10.5,5.5],"texture":"#3"},"west":{"uv":[10.25,5,10.5,5.5],"texture":"#3"},"up":{"uv":[9.75,4.5,13.5,5],"texture":"#3"},"down":{"uv":[15.75,15.75,16,16],"texture":"#3"}}},{"from":[5.423,7.6745,7.4755],"to":[7.573,8.2745,7.5495],"rotation":{"angle":0,"axis":"z","origin":[6.398,8.2245,7.4625]},"faces":{"north":{"uv":[9.5,5,13.25,6],"rotation":180,"texture":"#3"},"east":{"uv":[9.5,5,13.25,6],"rotation":180,"texture":"#3"},"west":{"uv":[9.5,5,13.25,6],"rotation":180,"texture":"#3"},"down":{"uv":[15.75,15.75,16,16],"texture":"#3"}}},{"from":[5.448,8.3995,7.4255],"to":[5.748,9.2995,7.5495],"rotation":{"angle":0,"axis":"y","origin":[10.6,8,8]},"faces":{"north":{"uv":[9.25,8,9.75,9.5],"rotation":180,"texture":"#3"},"east":{"uv":[9.25,8,9.5,9.5],"rotation":180,"texture":"#3"},"south":{"uv":[15.75,15.75,16,16],"texture":"#3"},"west":{"uv":[9.25,8,9.5,9.5],"rotation":180,"texture":"#3"}}},{"from":[5.4481,9.28709,7.3449],"to":[5.7481,9.41109,7.9199],"rotation":{"angle":-45,"axis":"x","origin":[3.59585,9.45259,7.5199]},"faces":{"east":{"uv":[9.25,8,9.5,9],"rotation":270,"texture":"#3"},"west":{"uv":[9.25,8,9.5,9],"rotation":270,"texture":"#3"},"up":{"uv":[8.75,6.75,9.25,7.75],"rotation":180,"texture":"#3"},"down":{"uv":[15.75,15.75,16,16],"texture":"#3"}}},{"from":[7.2481,9.28709,7.3449],"to":[7.5481,9.41109,7.9199],"rotation":{"angle":-45,"axis":"x","origin":[3.39885,9.45259,7.5199]},"faces":{"east":{"uv":[9.25,8,9.5,9],"rotation":270,"texture":"#3"},"west":{"uv":[9.25,8,9.5,9],"rotation":270,"texture":"#3"},"up":{"uv":[8.75,6.75,9.25,7.75],"rotation":180,"texture":"#3"},"down":{"uv":[15.75,15.75,16,16],"texture":"#3"}}},{"from":[7.248,8.4495,7.4255],"to":[7.548,9.2995,7.5495],"rotation":{"angle":0,"axis":"z","origin":[10.4,8,8]},"faces":{"north":{"uv":[9.25,8,9.75,9.5],"rotation":180,"texture":"#3"},"east":{"uv":[9.25,8,9.5,9.5],"rotation":180,"texture":"#3"},"south":{"uv":[15.75,15.75,16,16],"texture":"#3"},"west":{"uv":[9.25,8,9.5,9.5],"rotation":180,"texture":"#3"}}}]}