{"credit":"thebradqq's guns","textures":{"0":"mgs:gun/metal_bright","1":"mgs:gun/augmag","2":"mgs:gun/copper","3":"mgs:gun/metal","1_1":"mgs:gun/brass"},"gui_light":"front","display":{"thirdperson_righthand":{"rotation":[20,117,0],"translation":[-0.5,0,0],"scale":[0.11,0.11,0.11]},"thirdperson_lefthand":{"rotation":[22,-72,0],"translation":[-0.5,0,0],"scale":[0.11,0.11,0.11]},"firstperson_righthand":{"rotation":[-71,66,80],"translation":[2.5,0,0],"scale":[0.175,0.175,0.175]},"firstperson_lefthand":{"rotation":[180,-66,168],"translation":[2.5,0,0],"scale":[0.175,0.175,0.175]},"ground":{"translation":[0,3,0],"scale":[0.11,0.11,0.11]},"gui":{"rotation":[0,-180,22],"scale":[0.4,0.4,0.4]},"head":{"scale":[0.22,0.22,0.22]},"fixed":{"rotation":[0,180,0],"translation":[0,0,-1],"scale":[0.22,0.22,0.22]}},"elements":[{"from":[-2.84583,17.1591,6.69836],"to":[-1.23183,22.1831,9.30164],"rotation":{"angle":-22.5,"axis":"z","origin":[1.46117,19.6711,8]},"faces":{"north":{"uv":[0,0,0.65,0.5],"texture":"#1"},"south":{"uv":[0,0,0.65,0.5],"texture":"#1"},"west":{"uv":[3,4.25,3.65,5],"texture":"#1"},"down":{"uv":[6.25,15.5,6.9,16],"texture":"#1"}}},{"from":[-2.34583,10.6591,4.69836],"to":[14.88217,18.6831,11.30164],"rotation":{"angle":0,"axis":"z","origin":[35.66674,9.31022,8.00236]},"faces":{"north":{"uv":[0,6,6.5,2.5],"rotation":180,"texture":"#1"},"east":{"uv":[6,1.5,7.25,3.5],"texture":"#1"},"south":{"uv":[6.5,6,0,2.5],"rotation":180,"texture":"#1"},"west":{"uv":[6,1.5,7.25,5],"texture":"#1"},"up":{"uv":[1.25,2,2.15,3],"texture":"#1"}}},{"from":[-2.34583,2.6351,4.69836],"to":[6.26817,10.6591,11.30164],"rotation":{"angle":0,"axis":"z","origin":[35.66674,10.72622,8.00236]},"faces":{"north":{"uv":[0,9.25,3.25,5.75],"rotation":180,"texture":"#1"},"south":{"uv":[3.25,9.25,0,5.75],"rotation":180,"texture":"#1"},"west":{"uv":[6,4,7.25,7.5],"texture":"#1"}}},{"from":[-2.3458,18.6591,10.39836],"to":[14.8822,29.6831,10.79836],"rotation":{"angle":0,"axis":"z","origin":[35.66674,17.31022,8.00236]},"faces":{"north":{"uv":[4.75,15.25,5,15.5],"texture":"#1"},"south":{"uv":[6.4,0,0,3.5],"texture":"#1"},"up":{"uv":[1.4,2,1.65,2.25],"texture":"#1"}}},{"from":[14.48217,18.6591,5.19836],"to":[14.88217,29.6831,10.80166],"rotation":{"angle":0,"axis":"y","origin":[14.68217,27.1711,13.81236]},"faces":{"east":{"uv":[2.25,0,3.4,3.5],"texture":"#1"},"west":{"uv":[4.75,15.25,5,15.5],"texture":"#1"},"up":{"uv":[1.4,2,1.65,2.25],"texture":"#1"}}},{"from":[-2.34583,18.6591,5.19834],"to":[-1.94583,29.6831,10.80164],"rotation":{"angle":0,"axis":"y","origin":[-2.14583,27.1711,13.81234]},"faces":{"east":{"uv":[4.75,15.25,5,15.5],"texture":"#1"},"west":{"uv":[2.25,0,3.4,3.5],"texture":"#1"},"up":{"uv":[1.4,2,1.65,2.25],"texture":"#1"}}},{"from":[-2.3458,18.6591,5.20164],"to":[14.8822,29.6831,5.60164],"rotation":{"angle":0,"axis":"z","origin":[35.66674,17.31022,7.99764]},"faces":{"north":{"uv":[0,0,6.4,3.5],"texture":"#1"},"south":{"uv":[4.75,15.25,5,15.5],"texture":"#1"},"up":{"uv":[1.4,2,1.65,2.25],"texture":"#1"}}},{"from":[-2.3456,29.52953,5.57041],"to":[9.3824,31.35353,5.97041],"rotation":{"angle":22.5,"axis":"x","origin":[3.51817,30.54153,5.77041]},"faces":{"north":{"uv":[2.5,2,6.4,2.75],"texture":"#1"},"east":{"uv":[6.25,6.75,6.5,7],"texture":"#1"},"south":{"uv":[4.75,15.25,5,15.5],"texture":"#1"},"west":{"uv":[1.5,2.25,1.75,2.5],"texture":"#1"},"up":{"uv":[1.4,2,1.65,2.25],"texture":"#1"}}},{"from":[-2.3456,29.52953,10.02959],"to":[9.3824,31.35353,10.42959],"rotation":{"angle":-22.5,"axis":"x","origin":[3.51817,30.54153,10.22959]},"faces":{"north":{"uv":[4.75,15.25,5,15.5],"texture":"#1"},"east":{"uv":[6.25,6.75,6.5,7],"texture":"#1"},"south":{"uv":[2.5,2,6.4,2.75],"rotation":180,"texture":"#1"},"west":{"uv":[1.5,2.25,1.75,2.5],"texture":"#1"},"up":{"uv":[1.4,2,1.65,2.25],"texture":"#1"}}},{"from":[6.26817,2.6351,4.69836],"to":[14.88217,10.6591,11.30164],"rotation":{"angle":0,"axis":"z","origin":[35.66674,10.72622,8.00236]},"faces":{"north":{"uv":[3.25,9.25,6.5,5.75],"rotation":180,"texture":"#1"},"east":{"uv":[6,1.75,7.25,3.5],"texture":"#1"},"south":{"uv":[6.5,9.25,3.25,5.75],"rotation":180,"texture":"#1"}}},{"from":[0.34004,-1.89978,4.696],"to":[8.95404,6.59622,11.304],"rotation":{"angle":22.5,"axis":"z","origin":[8.95404,-2.13578,8]},"faces":{"north":{"uv":[0,13,3.25,9.25],"rotation":180,"texture":"#1"},"south":{"uv":[3.25,13,0,9.25],"rotation":180,"texture":"#1"},"west":{"uv":[6,6.75,7.25,10.75],"texture":"#1"}}},{"from":[0.34004,-9.92378,4.696],"to":[17.56804,-1.89978,11.304],"rotation":{"angle":22.5,"axis":"z","origin":[8.95404,-2.13578,8]},"faces":{"north":{"uv":[0,14.75,6.4,11],"rotation":180,"texture":"#1"},"east":{"uv":[6,14.25,7.25,16],"texture":"#1"},"south":{"uv":[6.4,14.75,0,11],"rotation":180,"texture":"#1"},"west":{"uv":[6,4.75,7.25,8.25],"texture":"#1"}}},{"from":[-0.13196,-12.75578,4.224],"to":[17.92204,-9.45178,11.776],"rotation":{"angle":22.5,"axis":"z","origin":[8.95404,-2.13578,7.528]},"faces":{"north":{"uv":[11.5,6.25,15.9,7.25],"texture":"#1"},"east":{"uv":[12.75,6.5,14.25,7.5],"texture":"#1"},"south":{"uv":[15.9,6.25,11.5,7.25],"texture":"#1"},"west":{"uv":[11.5,3.75,13,4.75],"texture":"#1"},"up":{"uv":[13.75,5.75,15.9,6.5],"rotation":180,"texture":"#1"},"down":{"uv":[13,4,13.9,5],"texture":"#1"}}},{"from":[8.95404,-1.89978,4.696],"to":[17.56804,3.76422,11.304],"rotation":{"angle":22.5,"axis":"z","origin":[8.95404,-2.13578,8]},"faces":{"north":{"uv":[3.25,10.75,6.5,8.25],"rotation":180,"texture":"#1"},"east":{"uv":[6,11.5,7.25,12.75],"texture":"#1"},"south":{"uv":[6.5,10.75,3.25,8.25],"rotation":180,"texture":"#1"}}},{"from":[-1.95,28.4,5.4],"to":[14.55,29.1,10.6],"rotation":{"angle":0,"axis":"y","origin":[8,8.175,8]},"faces":{"up":{"uv":[5.25,10.75,6.25,11.75],"texture":"#3"}}},{"from":[-1.65,29,8.2],"to":[10.45,30.1,10.2],"rotation":{"angle":0,"axis":"y","origin":[8,8.175,8]},"faces":{"north":{"uv":[5.25,11.5,6.25,12.5],"rotation":180,"texture":"#3"},"south":{"uv":[5.25,10.75,6.25,11.75],"texture":"#3"},"west":{"uv":[5.25,10.75,6.25,11.75],"texture":"#3"},"up":{"uv":[5,11,6,12],"rotation":180,"texture":"#3"}}},{"from":[10.02258,29.32888,8.2],"to":[12.82258,30.42888,10.2],"rotation":{"angle":-22.5,"axis":"z","origin":[9.4096,29.19005,9.2]},"faces":{"north":{"uv":[5.25,11.5,6.25,12.5],"rotation":180,"texture":"#3"},"south":{"uv":[5.25,10.75,6.25,11.75],"texture":"#3"},"up":{"uv":[0,11.5,1,12.5],"rotation":180,"texture":"#3"}}}]}