{"credit":"thebradqq's guns","textures":{"1":"mgs:gun/brass","2":"mgs:gun/copper","4":"mgs:gun/metal_bright","6":"mgs:gun/metal_dark"},"gui_light":"front","display":{"thirdperson_righthand":{"rotation":[0,100,0],"translation":[-0.5,0,0],"scale":[0.15,0.15,0.15]},"thirdperson_lefthand":{"rotation":[0,-81,-13],"translation":[-0.5,0,0],"scale":[0.15,0.15,0.15]},"firstperson_righthand":{"rotation":[-71,71,60],"translation":[3,0,0.5],"scale":[0.3,0.3,0.3]},"firstperson_lefthand":{"rotation":[-28,-113,-29],"translation":[3,0,0.5],"scale":[0.3,0.3,0.3]},"ground":{"translation":[0,2.75,0],"scale":[0.15,0.15,0.15]},"gui":{"rotation":[0,180,30],"translation":[1,0.25,0],"scale":[0.6,0.6,0.6]},"head":{"scale":[0.3,0.3,0.3]},"fixed":{"translation":[0,1.5,-1.5],"scale":[-0.3,0.3,-0.3]}},"elements":[{"from":[2.1,-8.3,5.549],"to":[2.4,21.1,10.451],"rotation":{"angle":0,"axis":"y","origin":[8,17.6,8]},"faces":{"east":{"uv":[0,15.5,0.5,16],"rotation":180,"texture":"#6"},"west":{"uv":[8,8.25,11.75,9.75],"rotation":90,"texture":"#4"},"up":{"uv":[6,3.25,8,3.5],"rotation":90,"texture":"#6"}}},{"from":[16.3,-8.3,5.549],"to":[16.6,20.3,10.451],"rotation":{"angle":0,"axis":"y","origin":[8,17.6,8]},"faces":{"east":{"uv":[1.75,3.25,5.5,4.75],"rotation":90,"texture":"#6"},"west":{"uv":[0,15.5,0.5,16],"rotation":180,"texture":"#6"},"up":{"uv":[6,3.25,8,3.5],"rotation":90,"texture":"#6"}}},{"from":[2.1,21.1,5.549],"to":[16.3,22.3,5.751],"rotation":{"angle":22.5,"axis":"x","origin":[1.3,21.1,5.55]},"faces":{"north":{"uv":[1,11.75,5.5,12.5],"texture":"#6"},"east":{"uv":[1.75,4.5,2.75,4.75],"rotation":90,"texture":"#6"},"south":{"uv":[1,11.5,1.5,12],"texture":"#6"},"west":{"uv":[8,9.25,10,9.5],"rotation":90,"texture":"#4"},"up":{"uv":[6,3.25,12,3.5],"rotation":180,"texture":"#6"}}},{"from":[2.1,21.1,10.249],"to":[16.3,22.3,10.451],"rotation":{"angle":-22.5,"axis":"x","origin":[1.3,21.1,10.45]},"faces":{"north":{"uv":[1,11.5,1.5,12],"texture":"#6"},"east":{"uv":[1.75,4.5,2.75,4.75],"rotation":90,"texture":"#6"},"south":{"uv":[1,11.75,5.5,12.5],"texture":"#6"},"west":{"uv":[8,9.25,10,9.5],"rotation":90,"texture":"#4"},"up":{"uv":[6,3.25,12,3.5],"rotation":180,"texture":"#6"}}},{"from":[2.1,-8.3,5.549],"to":[10.8,21.101,5.751],"rotation":{"angle":0,"axis":"y","origin":[8,17.6,8]},"faces":{"north":{"uv":[0,13.25,3.75,16],"rotation":90,"texture":"#6"},"south":{"uv":[0,15.5,0.5,16],"rotation":180,"texture":"#6"}}},{"from":[2.1,-8.3,10.249],"to":[10.8,21.101,10.451],"rotation":{"angle":0,"axis":"y","origin":[8,17.6,8]},"faces":{"north":{"uv":[0,15.5,0.5,16],"rotation":180,"texture":"#6"},"south":{"uv":[0,16,3.75,13.25],"rotation":90,"texture":"#6"}}},{"from":[10.8,-8.3,5.549],"to":[16.599,21.101,5.751],"rotation":{"angle":0,"axis":"y","origin":[8,17.6,8]},"faces":{"north":{"uv":[0,14.25,3.75,16],"rotation":90,"texture":"#6"},"east":{"uv":[1.75,4.5,5.5,4.75],"rotation":90,"texture":"#6"},"south":{"uv":[0,15.5,0.5,16],"rotation":180,"texture":"#6"},"up":{"uv":[6,3.25,8,3.5],"rotation":180,"texture":"#6"}}},{"from":[10.8,-8.3,10.249],"to":[16.599,21.101,10.451],"rotation":{"angle":0,"axis":"y","origin":[8,17.6,8]},"faces":{"north":{"uv":[0,15.5,0.5,16],"rotation":180,"texture":"#6"},"east":{"uv":[1.75,4.5,5.5,4.75],"rotation":90,"texture":"#6"},"south":{"uv":[0,16,3.75,14.25],"rotation":90,"texture":"#6"},"up":{"uv":[6,3.25,8,3.5],"rotation":180,"texture":"#6"}}},{"from":[2.4,18.2,5.749],"to":[16.4,20.8,10.251],"rotation":{"angle":0,"axis":"y","origin":[8,17.6,8]},"faces":{"east":{"uv":[5.25,4.5,8,5],"texture":"#6"},"up":{"uv":[0,4.25,2.75,5.25],"rotation":180,"texture":"#6"},"down":{"uv":[6.5,8.5,7.5,13],"rotation":90,"texture":"#6"}}},{"from":[3,18.8,5.949],"to":[12.1,21.4,7.551],"rotation":{"angle":0,"axis":"y","origin":[8,17.6,8]},"faces":{"north":{"uv":[2.25,15.5,5,16],"rotation":180,"texture":"#6"},"east":{"uv":[2.25,15.5,3,16],"rotation":180,"texture":"#6"},"south":{"uv":[2.25,15.5,5,16],"rotation":180,"texture":"#6"},"west":{"uv":[2.25,15.5,3,16],"rotation":180,"texture":"#6"},"up":{"uv":[9.5,4.25,12.25,4.75],"rotation":180,"texture":"#6"},"down":{"uv":[6.5,8.5,7.5,13],"rotation":90,"texture":"#6"}}}]}