{"credit":"thebradqq's guns","textures":{"1":"mgs:gun/metal","2":"mgs:gun/metal_bright","3":"mgs:gun/m4mag","4":"mgs:gun/brass","5":"mgs:gun/copper","6":"mgs:gun/metal_dark","particle":"mgs:gun/m4mag"},"gui_light":"front","display":{"thirdperson_righthand":{"rotation":[20,117,0],"translation":[-0.5,0,0],"scale":[0.11,0.11,0.11]},"thirdperson_lefthand":{"rotation":[22,-72,0],"translation":[-0.5,0,0],"scale":[0.11,0.11,0.11]},"firstperson_righthand":{"rotation":[-71,66,80],"translation":[2.5,0,0],"scale":[0.175,0.175,0.175]},"firstperson_lefthand":{"rotation":[180,-66,168],"translation":[2.5,0,0],"scale":[0.175,0.175,0.175]},"ground":{"translation":[0,3,0],"scale":[0.11,0.11,0.11]},"gui":{"rotation":[0,-180,22],"scale":[0.4,0.4,0.4]},"head":{"scale":[0.22,0.22,0.22]},"fixed":{"rotation":[0,180,0],"translation":[0,0,-1],"scale":[0.22,0.22,0.22]}},"elements":[{"from":[-2.45,6.25,5.4],"to":[14.95,30,10.6],"faces":{"north":{"uv":[0,14,16,0],"rotation":180,"texture":"#3"},"east":{"uv":[11.25,1.5,12.25,5],"rotation":180,"texture":"#1"},"south":{"uv":[16,14,0,0],"rotation":180,"texture":"#3"},"west":{"uv":[12,1.5,13,5],"rotation":180,"texture":"#6"}}},{"from":[-4.65,-14,5.401],"to":[11.4,9.7,10.599],"rotation":{"angle":22.5,"axis":"z","origin":[5.15,13.5,5.9]},"faces":{"north":{"uv":[0,16,16,2],"rotation":180,"texture":"#3"},"east":{"uv":[6,15,9.5,16],"rotation":90,"texture":"#2"},"south":{"uv":[16,16,0,2],"rotation":180,"texture":"#3"},"west":{"uv":[12.25,0,13.25,3.5],"rotation":180,"texture":"#6"},"down":{"uv":[5.5,15,9.5,16],"texture":"#3"}}},{"from":[-2.449,30,5.4],"to":[6.251,31.7,5.8],"rotation":{"angle":22.5,"axis":"x","origin":[6.3,30,5.4]},"faces":{"north":{"uv":[0,4,8,2],"rotation":180,"texture":"#3"},"east":{"uv":[10.5,4.75,12,5],"rotation":90,"texture":"#1"},"south":{"uv":[3,11.5,4.5,12],"texture":"#1"},"west":{"uv":[10.5,4.75,12,5],"rotation":90,"texture":"#1"},"up":{"uv":[12.75,1.75,14.25,2],"rotation":180,"texture":"#1"}}},{"from":[-2.449,30,10.2],"to":[6.251,31.7,10.6],"rotation":{"angle":-22.5,"axis":"x","origin":[6.3,30,10.6]},"faces":{"north":{"uv":[3,11.5,4.5,12],"texture":"#1"},"east":{"uv":[10.5,4.75,12,5],"rotation":90,"texture":"#1"},"south":{"uv":[0,4,8,2],"texture":"#3"},"west":{"uv":[10.5,4.75,12,5],"rotation":90,"texture":"#1"},"up":{"uv":[12.75,1.75,14.25,2],"rotation":180,"texture":"#1"}}},{"from":[-2.449,25.3,10.2],"to":[14.751,30,10.6],"faces":{"north":{"uv":[0.25,15.75,1.75,16],"rotation":90,"texture":"#1"},"up":{"uv":[12.75,1.75,14.25,2],"rotation":180,"texture":"#1"}}},{"from":[-2.449,25.3,5.4],"to":[14.751,30,5.8],"faces":{"south":{"uv":[0.25,15.75,1.75,16],"rotation":90,"texture":"#1"},"up":{"uv":[12.75,1.75,14.25,2],"rotation":180,"texture":"#1"}}},{"from":[14.55,25.3,5.399],"to":[14.95,30,10.599],"faces":{"west":{"uv":[0.25,15.75,1.75,16],"rotation":90,"texture":"#1"},"up":{"uv":[12.75,1.75,14.25,2],"rotation":180,"texture":"#1"}}},{"from":[-2.45,25.3,5.399],"to":[-2.05,30,10.599],"faces":{"east":{"uv":[0.25,15.75,1.75,16],"rotation":90,"texture":"#1"},"up":{"uv":[9.75,4.75,11.25,5],"rotation":90,"texture":"#1"}}},{"from":[9.18594,29.11719,6.85149],"to":[9.67579,31.28281,7.74851],"rotation":{"angle":0,"axis":"y","origin":[9.18805,6.4375,8]},"faces":{"east":{"uv":[9.5,7.25,10.25,8.25],"texture":"#4"},"up":{"uv":[1.25,3.75,1.75,4.5],"rotation":180,"texture":"#4"},"down":{"uv":[6.25,7.75,6.75,8.5],"texture":"#4"}}},{"from":[-1.7999,30.0718,6.65548],"to":[-1.69677,30.3282,7.94454],"rotation":{"angle":0,"axis":"y","origin":[9.18805,6.4375,8]},"faces":{"north":{"uv":[6.25,4.5,6.5,5],"texture":"#2"},"south":{"uv":[6.25,4.5,6.5,5],"texture":"#2"},"west":{"uv":[6.25,4.5,6.75,5],"texture":"#2"}}},{"from":[-1.8,27.99511,-2.38476],"to":[-1.69687,28.25152,-1.0957],"rotation":{"angle":22.5,"axis":"x","origin":[9.18805,6.4375,8]},"faces":{"north":{"uv":[7.25,4.25,7.5,4.75],"texture":"#2"},"south":{"uv":[6.25,5,6.5,5.5],"texture":"#2"},"west":{"uv":[9.25,4.5,9.75,5.25],"rotation":270,"texture":"#2"}}},{"from":[-1.8,28.53087,15.80227],"to":[-1.69687,28.78728,17.09133],"rotation":{"angle":-22.5,"axis":"x","origin":[9.18805,6.4375,8]},"faces":{"north":{"uv":[6.25,5,6.5,5.5],"texture":"#2"},"south":{"uv":[7.25,4.25,7.5,4.75],"texture":"#2"},"west":{"uv":[9,4.5,9.5,5.25],"rotation":90,"texture":"#2"}}},{"from":[-1.7999,22.61693,-9.94212],"to":[-1.69677,22.87335,-8.65306],"rotation":{"angle":45,"axis":"x","origin":[9.18805,6.4375,8]},"faces":{"north":{"uv":[8.25,4.5,8.5,5],"texture":"#2"},"south":{"uv":[6,5.5,6.25,6],"texture":"#2"},"west":{"uv":[6.25,4.5,6.75,5.25],"rotation":270,"texture":"#2"}}},{"from":[-1.7999,23.60688,23.66311],"to":[-1.69677,23.8633,24.95217],"rotation":{"angle":-45,"axis":"x","origin":[9.18805,6.4375,8]},"faces":{"north":{"uv":[6,5.5,6.25,6],"texture":"#2"},"south":{"uv":[3.75,4,4,4.5],"texture":"#2"},"west":{"uv":[6.25,4.5,6.75,5.25],"rotation":90,"texture":"#2"}}},{"from":[-1.8,28.01454,16.31859],"to":[-1.69687,29.3036,16.57501],"rotation":{"angle":-22.5,"axis":"x","origin":[9.18805,6.4375,8]},"faces":{"west":{"uv":[5.25,4.5,5.75,5.25],"texture":"#2"},"up":{"uv":[7.25,4.25,7.5,4.75],"rotation":180,"texture":"#2"},"down":{"uv":[9,8,9.25,8.5],"rotation":180,"texture":"#2"}}},{"from":[-1.8,27.47878,-1.86844],"to":[-1.69687,28.76785,-1.61203],"rotation":{"angle":22.5,"axis":"x","origin":[9.18805,6.4375,8]},"faces":{"west":{"uv":[5.25,4.5,5.75,5.25],"texture":"#2"},"up":{"uv":[3.25,4,3.5,4.5],"texture":"#2"},"down":{"uv":[9,8,9.25,8.5],"texture":"#2"}}},{"from":[-1.7999,29.55548,7.1718],"to":[-1.69677,30.84454,7.4282],"rotation":{"angle":0,"axis":"y","origin":[0.05166,23.625,8]},"faces":{"west":{"uv":[6.25,4.5,6.75,5.25],"texture":"#2"},"up":{"uv":[3.25,4,3.5,4.5],"texture":"#2"},"down":{"uv":[9.5,8,9.75,8.25],"texture":"#2"}}},{"from":[-1.07812,26.83425,-1.99664],"to":[9.18594,29.41237,-1.48381],"rotation":{"angle":22.5,"axis":"x","origin":[9.18805,6.4375,8]},"faces":{"east":{"uv":[9.5,7.25,10.25,8.25],"texture":"#4"},"west":{"uv":[12.5,7.5,13,8],"texture":"#4"},"up":{"uv":[2,3.75,6,4.25],"texture":"#4"},"down":{"uv":[3,9,7,9.5],"rotation":180,"texture":"#4"}}},{"from":[-1.07812,27.37,16.19038],"to":[9.18594,29.94813,16.70321],"rotation":{"angle":-22.5,"axis":"x","origin":[9.18805,6.4375,8]},"faces":{"east":{"uv":[9.5,7.25,10.25,8.25],"texture":"#4"},"west":{"uv":[12.5,7.5,13,8],"texture":"#4"},"up":{"uv":[0,3.25,4,3.75],"texture":"#4"},"down":{"uv":[3.5,8,7.5,8.5],"rotation":180,"texture":"#4"}}},{"from":[-1.07812,21.45608,-9.55401],"to":[9.18594,24.03421,-9.04118],"rotation":{"angle":45,"axis":"x","origin":[9.18805,6.4375,8]},"faces":{"east":{"uv":[9.5,7.25,10.25,8.25],"texture":"#4"},"west":{"uv":[12.5,7.5,13,8],"texture":"#4"},"up":{"uv":[5.25,4.25,9.25,4.75],"texture":"#4"},"down":{"uv":[5.75,5.5,9.75,6],"rotation":180,"texture":"#4"}}},{"from":[-1.07812,22.44603,24.05123],"to":[9.18594,25.02416,24.56406],"rotation":{"angle":-45,"axis":"x","origin":[9.18805,6.4375,8]},"faces":{"east":{"uv":[9.5,7.25,10.25,8.25],"texture":"#4"},"west":{"uv":[12.5,7.5,13,8],"texture":"#4"},"up":{"uv":[1.25,4.25,5.25,4.75],"rotation":180,"texture":"#4"},"down":{"uv":[4.5,5.5,8.5,6],"texture":"#4"}}},{"from":[-1.07812,28.40265,15.15773],"to":[9.18594,28.91548,17.73586],"rotation":{"angle":-22.5,"axis":"x","origin":[9.18805,6.4375,8]},"faces":{"north":{"uv":[6.25,5,10.25,5.5],"texture":"#4"},"east":{"uv":[9.5,7.25,10.25,7.75],"texture":"#4"},"south":{"uv":[5.25,4.75,9.25,5.25],"texture":"#4"},"west":{"uv":[12.5,7.5,13,8],"rotation":90,"texture":"#4"}}},{"from":[-1.07812,27.8669,-3.02929],"to":[9.18594,28.37972,-0.45116],"rotation":{"angle":22.5,"axis":"x","origin":[9.18805,6.4375,8]},"faces":{"north":{"uv":[5.25,4.75,9.25,5.25],"texture":"#4"},"east":{"uv":[9.5,7.25,10.25,7.75],"texture":"#4"},"south":{"uv":[6.25,5,10.25,5.5],"texture":"#4"},"west":{"uv":[12.5,7.5,13,8],"rotation":270,"texture":"#4"}}},{"from":[-1.07812,29.94359,6.01094],"to":[9.18594,30.45641,8.58906],"rotation":{"angle":0,"axis":"y","origin":[9.18805,6.4375,8]},"faces":{"north":{"uv":[3,12.25,7,12.75],"texture":"#4"},"south":{"uv":[0,12,4,12.5],"texture":"#4"},"west":{"uv":[12.5,7.5,13,8],"texture":"#4"}}},{"from":[6.56043,29.0611,7.04359],"to":[7.84949,30.09235,7.55641],"rotation":{"angle":-22.5,"axis":"z","origin":[11.38409,24.19104,8]},"faces":{"north":{"uv":[10.5,2.75,11,3.25],"rotation":180,"texture":"#4"},"south":{"uv":[10.5,2.75,11,3.25],"rotation":180,"texture":"#4"},"up":{"uv":[2,3.25,2.75,3.75],"texture":"#4"}}},{"from":[17.7863,27.20106,7.04359],"to":[19.07536,28.23231,7.55641],"rotation":{"angle":22.5,"axis":"z","origin":[9.18805,6.4375,8]},"faces":{"north":{"uv":[7.5,8,7.75,8.25],"rotation":180,"texture":"#4"},"south":{"uv":[7.5,8,7.75,8.25],"rotation":180,"texture":"#4"},"down":{"uv":[5.5,7.75,6.25,8.25],"rotation":180,"texture":"#4"}}},{"from":[8.96067,29.94359,7.51216],"to":[10.24974,30.45641,8.54341],"rotation":{"angle":22.5,"axis":"y","origin":[9.18806,6.4375,8]},"faces":{"south":{"uv":[0,12,0.75,12.5],"texture":"#4"},"up":{"uv":[4.5,12,5,12.5],"rotation":180,"texture":"#4"},"down":{"uv":[4.5,12,5,12.5],"rotation":180,"texture":"#4"}}},{"from":[8.42491,29.94359,6.16315],"to":[9.71398,30.45641,7.1944],"rotation":{"angle":-22.5,"axis":"y","origin":[9.18805,6.4375,8]},"faces":{"north":{"uv":[0,12,0.75,12.5],"texture":"#4"},"up":{"uv":[4.5,12,5,12.5],"rotation":180,"texture":"#4"},"down":{"uv":[4.5,12,5,12.5],"rotation":180,"texture":"#4"}}},{"from":[-1.07812,28.91094,7.04359],"to":[9.18594,31.48906,7.55643],"rotation":{"angle":0,"axis":"y","origin":[9.18805,6.4375,8]},"faces":{"west":{"uv":[12.5,7.5,13,8],"texture":"#4"},"up":{"uv":[2,3.25,6,3.75],"texture":"#4"},"down":{"uv":[5.5,7.75,9.5,8.25],"rotation":180,"texture":"#4"}}},{"from":[9.18594,22.65228,23.85913],"to":[9.67579,24.81791,24.75616],"rotation":{"angle":-45,"axis":"x","origin":[9.18805,6.4375,8]},"faces":{"east":{"uv":[9.5,7.25,10.25,8.25],"texture":"#4"},"up":{"uv":[1.25,4.25,1.75,5],"rotation":180,"texture":"#4"},"down":{"uv":[2,5.75,2.5,6.5],"rotation":180,"texture":"#4"}}},{"from":[9.18594,21.66233,-9.74611],"to":[9.67579,23.82796,-8.84908],"rotation":{"angle":45,"axis":"x","origin":[9.18805,6.4375,8]},"faces":{"east":{"uv":[9.5,7.25,10.25,8.25],"texture":"#4"},"up":{"uv":[1.25,4.25,1.75,5],"texture":"#4"},"down":{"uv":[2,5.75,2.5,6.5],"texture":"#4"}}},{"from":[9.18594,29.75149,6.21719],"to":[9.67579,30.64851,8.38281],"rotation":{"angle":0,"axis":"y","origin":[9.18805,6.4375,8]},"faces":{"north":{"uv":[3,4.75,3.5,5.5],"texture":"#4"},"east":{"uv":[9.5,7.25,10.25,8.25],"texture":"#4"},"south":{"uv":[3,4.75,3.5,5.5],"texture":"#4"}}},{"from":[9.47344,29.37969,7.13683],"to":[11.34844,31.02031,7.46318],"rotation":{"angle":0,"axis":"y","origin":[8.35277,8,8]},"faces":{"east":{"uv":[5.25,10.5,5.75,11],"texture":"#4"},"up":{"uv":[3.5,4,4.5,4.25],"rotation":180,"texture":"#4"},"down":{"uv":[7.25,8,8.25,8.25],"rotation":180,"texture":"#4"}}},{"from":[9.47344,27.42193,-1.30546],"to":[11.34844,29.06256,-0.97911],"rotation":{"angle":22.5,"axis":"x","origin":[8.35277,8,8]},"faces":{"east":{"uv":[5.25,10.5,5.75,11],"texture":"#4"},"up":{"uv":[5.25,4.25,6.25,4.5],"rotation":180,"texture":"#4"},"down":{"uv":[5.25,7.75,6.25,8],"rotation":180,"texture":"#4"}}},{"from":[9.47344,27.95769,15.68568],"to":[11.34844,29.59832,16.01203],"rotation":{"angle":-22.5,"axis":"x","origin":[8.35277,8,8]},"faces":{"east":{"uv":[5.25,10.5,5.75,11],"texture":"#4"},"up":{"uv":[4.75,4.25,5.75,4.5],"rotation":180,"texture":"#4"},"down":{"uv":[2.5,8.25,3.5,8.5],"rotation":180,"texture":"#4"}}},{"from":[9.47344,22.38248,-8.35591],"to":[11.34844,24.02311,-8.02957],"rotation":{"angle":45,"axis":"x","origin":[8.35277,8,8]},"faces":{"east":{"uv":[5.25,10.5,5.75,11],"texture":"#4"},"up":{"uv":[6.75,4.5,7.75,4.75],"rotation":180,"texture":"#4"},"down":{"uv":[4.75,5.5,5.75,5.75],"rotation":180,"texture":"#4"}}},{"from":[9.47344,23.37243,23.03962],"to":[11.34844,25.01306,23.36596],"rotation":{"angle":-45,"axis":"x","origin":[8.35277,8,8]},"faces":{"east":{"uv":[5.25,10.5,5.75,11],"texture":"#4"},"up":{"uv":[1.25,4.25,2.25,4.5],"rotation":180,"texture":"#4"},"down":{"uv":[4.25,5.75,5.25,6],"rotation":180,"texture":"#4"}}},{"from":[9.47344,28.61483,15.02854],"to":[11.34844,28.94118,16.66917],"rotation":{"angle":-22.5,"axis":"x","origin":[8.35277,8,8]},"faces":{"north":{"uv":[3,5.25,4,5.5],"rotation":180,"texture":"#4"},"east":{"uv":[5.25,10.5,5.75,11],"texture":"#4"},"south":{"uv":[6.75,4.75,7.75,5],"rotation":180,"texture":"#4"}}},{"from":[9.47344,28.07907,-1.9626],"to":[11.34844,28.40542,-0.32198],"rotation":{"angle":22.5,"axis":"x","origin":[8.35277,8,8]},"faces":{"north":{"uv":[1.5,4.75,2.5,5],"rotation":180,"texture":"#4"},"east":{"uv":[5.25,10.5,5.75,11],"texture":"#4"},"south":{"uv":[8,5.25,9,5.5],"rotation":180,"texture":"#4"}}},{"from":[9.47344,30.03683,6.47969],"to":[11.34844,30.36318,8.12031],"rotation":{"angle":0,"axis":"y","origin":[8.35277,8,8]},"faces":{"north":{"uv":[2,5,3,5.25],"rotation":180,"texture":"#4"},"east":{"uv":[5.25,10.5,5.75,11],"texture":"#4"},"south":{"uv":[5,5,6,5.25],"rotation":180,"texture":"#4"}}},{"from":[11.00469,29.45,7.15081],"to":[11.94219,30.95,7.44919],"rotation":{"angle":0,"axis":"y","origin":[8.35277,8,8]},"faces":{"east":{"uv":[11,7.5,11.5,8],"texture":"#5"},"up":{"uv":[3.25,4,3.75,4.25],"texture":"#5"},"down":{"uv":[7.75,8,8.25,8.25],"rotation":180,"texture":"#5"}}},{"from":[11.00469,28.028,15.69967],"to":[11.94219,29.528,15.99804],"rotation":{"angle":-22.5,"axis":"x","origin":[8.35277,8,8]},"faces":{"east":{"uv":[11,7.5,11.5,8],"texture":"#5"},"up":{"uv":[7.5,4.25,8,4.5],"texture":"#5"},"down":{"uv":[4.25,8,4.75,8.25],"rotation":180,"texture":"#5"}}},{"from":[11.00469,27.49225,-1.29148],"to":[11.94219,28.99225,-0.9931],"rotation":{"angle":22.5,"axis":"x","origin":[8.35277,8,8]},"faces":{"east":{"uv":[11,7.5,11.5,8],"texture":"#5"},"up":{"uv":[5.5,4.25,6,4.5],"texture":"#5"},"down":{"uv":[4.25,8,4.75,8.25],"texture":"#5"}}},{"from":[11.00469,23.44275,23.05361],"to":[11.94219,24.94275,23.35197],"rotation":{"angle":-45,"axis":"x","origin":[8.35277,8,8]},"faces":{"east":{"uv":[11,7.5,11.5,8],"texture":"#5"},"up":{"uv":[6.5,4.75,7,5],"rotation":180,"texture":"#5"},"down":{"uv":[2.75,9.25,3.25,9.5],"rotation":180,"texture":"#5"}}},{"from":[11.00469,22.4528,-8.34192],"to":[11.94219,23.9528,-8.04356],"rotation":{"angle":45,"axis":"x","origin":[8.35277,8,8]},"faces":{"east":{"uv":[11,7.5,11.5,8],"texture":"#5"},"up":{"uv":[8.5,4.75,9,5],"texture":"#5"},"down":{"uv":[2.75,9.25,3.25,9.75],"rotation":180,"texture":"#5"}}},{"from":[11.00469,28.09306,-1.89229],"to":[11.94219,28.39143,-0.39229],"rotation":{"angle":22.5,"axis":"x","origin":[8.35277,8,8]},"faces":{"north":{"uv":[5.5,11.5,6,11.75],"rotation":180,"texture":"#5"},"east":{"uv":[11,7.5,11.5,8],"rotation":90,"texture":"#5"},"south":{"uv":[1.25,9.75,1.75,10],"rotation":180,"texture":"#5"}}},{"from":[11.00469,28.62882,15.09886],"to":[11.94219,28.92719,16.59886],"rotation":{"angle":-22.5,"axis":"x","origin":[8.35277,8,8]},"faces":{"north":{"uv":[2.5,10,3,10.5],"rotation":180,"texture":"#5"},"east":{"uv":[11,7.5,11.5,8],"rotation":270,"texture":"#5"},"south":{"uv":[5.5,11.5,6,11.75],"rotation":180,"texture":"#5"}}},{"from":[11.00469,30.05081,6.55],"to":[11.94219,30.34919,8.05],"rotation":{"angle":0,"axis":"y","origin":[8.35277,8,8]},"faces":{"north":{"uv":[5.5,11,6,11.25],"rotation":180,"texture":"#5"},"east":{"uv":[11,7.5,11.5,8],"texture":"#5"},"south":{"uv":[5.5,11,6,11.25],"rotation":180,"texture":"#5"}}},{"from":[11.94219,29.49688,7.16015],"to":[12.59844,30.90313,7.43985],"rotation":{"angle":0,"axis":"y","origin":[8.35277,8,8]},"faces":{"east":{"uv":[11,7.5,11.5,8],"texture":"#5"},"up":{"uv":[3.25,4,3.75,4.25],"texture":"#5"},"down":{"uv":[7.75,8,8.25,8.25],"rotation":180,"texture":"#5"}}},{"from":[11.94219,27.53912,-1.28214],"to":[12.59844,28.94537,-1.00243],"rotation":{"angle":22.5,"axis":"x","origin":[8.35277,8,8]},"faces":{"east":{"uv":[11,7.5,11.5,8],"texture":"#5"},"up":{"uv":[12.75,2.25,13.25,2.5],"texture":"#5"},"down":{"uv":[4.25,8,4.75,8.25],"texture":"#5"}}},{"from":[11.94219,28.07488,15.70899],"to":[12.59844,29.48113,15.98871],"rotation":{"angle":-22.5,"axis":"x","origin":[8.35277,8,8]},"faces":{"east":{"uv":[11,7.5,11.5,8],"texture":"#5"},"up":{"uv":[8.5,4.25,9,4.5],"texture":"#5"},"down":{"uv":[4.25,8,4.75,8.25],"rotation":180,"texture":"#5"}}},{"from":[11.94219,22.49967,-8.3326],"to":[12.59844,23.90592,-8.05288],"rotation":{"angle":45,"axis":"x","origin":[8.35277,8,8]},"faces":{"east":{"uv":[11,7.5,11.5,8],"texture":"#5"},"up":{"uv":[9.25,4.75,9.75,5],"texture":"#5"},"down":{"uv":[2.75,9.25,3.25,9.75],"rotation":180,"texture":"#5"}}},{"from":[11.94219,23.48962,23.06293],"to":[12.59844,24.89587,23.34265],"rotation":{"angle":-45,"axis":"x","origin":[8.35277,8,8]},"faces":{"east":{"uv":[11,7.5,11.5,8],"texture":"#5"},"up":{"uv":[5.75,4.75,6.25,5],"rotation":180,"texture":"#5"},"down":{"uv":[2.75,9.25,3.25,9.5],"rotation":180,"texture":"#5"}}},{"from":[11.94219,28.63815,15.14573],"to":[12.59844,28.91787,16.55198],"rotation":{"angle":-22.5,"axis":"x","origin":[8.35277,8,8]},"faces":{"north":{"uv":[2.5,10,3,10.5],"rotation":180,"texture":"#5"},"east":{"uv":[11,7.5,11.5,8],"rotation":270,"texture":"#5"},"south":{"uv":[6.25,11.5,6.75,11.75],"rotation":180,"texture":"#5"}}},{"from":[11.94219,28.1024,-1.84541],"to":[12.59844,28.38211,-0.43916],"rotation":{"angle":22.5,"axis":"x","origin":[8.35277,8,8]},"faces":{"north":{"uv":[4.75,11.5,5.25,11.75],"rotation":180,"texture":"#5"},"east":{"uv":[11,7.5,11.5,8],"rotation":90,"texture":"#5"},"south":{"uv":[1.25,9.75,1.75,10],"rotation":180,"texture":"#5"}}},{"from":[11.94219,30.06015,6.59688],"to":[12.59844,30.33986,8.00313],"rotation":{"angle":0,"axis":"y","origin":[8.35277,8,8]},"faces":{"north":{"uv":[6.5,11,7,11.25],"rotation":180,"texture":"#5"},"east":{"uv":[11,7.5,11.5,8],"texture":"#5"},"south":{"uv":[5.5,11,6,11.25],"rotation":180,"texture":"#5"}}},{"from":[12.59844,29.54375,7.16946],"to":[13.02031,30.85625,7.43054],"rotation":{"angle":0,"axis":"y","origin":[8.35277,8,8]},"faces":{"east":{"uv":[11,7.5,11.5,8],"texture":"#5"},"up":{"uv":[3.25,4,3.75,4.25],"texture":"#5"},"down":{"uv":[7.75,8,8.25,8.25],"rotation":180,"texture":"#5"}}},{"from":[12.59844,28.12175,15.71832],"to":[13.02031,29.43425,15.97939],"rotation":{"angle":-22.5,"axis":"x","origin":[8.35277,8,8]},"faces":{"east":{"uv":[11,7.5,11.5,8],"texture":"#5"},"up":{"uv":[8.75,4.25,9.25,4.5],"texture":"#5"},"down":{"uv":[4.25,8,4.75,8.25],"rotation":180,"texture":"#5"}}},{"from":[12.59844,27.586,-1.27283],"to":[13.02031,28.8985,-1.01175],"rotation":{"angle":22.5,"axis":"x","origin":[8.35277,8,8]},"faces":{"east":{"uv":[11,7.5,11.5,8],"texture":"#5"},"up":{"uv":[10.5,2.75,11,3],"texture":"#5"},"down":{"uv":[4.25,8,4.75,8.25],"texture":"#5"}}},{"from":[12.59844,23.5365,23.07226],"to":[13.02031,24.849,23.33333],"rotation":{"angle":-45,"axis":"x","origin":[8.35277,8,8]},"faces":{"east":{"uv":[11,7.5,11.5,8],"texture":"#5"},"up":{"uv":[7.5,4.75,8,5],"rotation":180,"texture":"#5"},"down":{"uv":[2.75,9.25,3.25,9.5],"rotation":180,"texture":"#5"}}},{"from":[12.59844,28.11171,-1.79854],"to":[13.02031,28.37278,-0.48604],"rotation":{"angle":22.5,"axis":"x","origin":[8.35277,8,8]},"faces":{"north":{"uv":[6.75,11.5,7.25,11.75],"rotation":180,"texture":"#5"},"east":{"uv":[11,7.5,11.5,8],"rotation":90,"texture":"#5"},"south":{"uv":[1.25,9.75,1.75,10],"rotation":180,"texture":"#5"}}},{"from":[12.59844,22.54655,-8.32328],"to":[13.02031,23.85905,-8.06221],"rotation":{"angle":45,"axis":"x","origin":[8.35277,8,8]},"faces":{"east":{"uv":[11,7.5,11.5,8],"texture":"#5"},"up":{"uv":[9,4.75,9.5,5],"texture":"#5"},"down":{"uv":[2.75,9.25,3.25,9.75],"rotation":180,"texture":"#5"}}},{"from":[12.59844,28.64747,15.19261],"to":[13.02031,28.90854,16.50511],"rotation":{"angle":-22.5,"axis":"x","origin":[8.35277,8,8]},"faces":{"north":{"uv":[2.5,10,3,10.5],"rotation":180,"texture":"#5"},"east":{"uv":[11,7.5,11.5,8],"rotation":270,"texture":"#5"},"south":{"uv":[6.25,11.5,6.75,11.75],"rotation":180,"texture":"#5"}}},{"from":[12.59844,30.06946,6.64375],"to":[13.02031,30.33054,7.95625],"rotation":{"angle":0,"axis":"y","origin":[8.35277,8,8]},"faces":{"north":{"uv":[4.75,11,5.25,11.25],"rotation":180,"texture":"#5"},"east":{"uv":[11,7.5,11.5,8],"texture":"#5"},"south":{"uv":[5.5,11,6,11.25],"rotation":180,"texture":"#5"}}},{"from":[13.02031,29.59063,7.17879],"to":[13.25469,30.80938,7.42121],"rotation":{"angle":0,"axis":"y","origin":[8.35277,8,8]},"faces":{"east":{"uv":[11,7.5,11.5,8],"texture":"#5"},"up":{"uv":[3.25,4,3.75,4.25],"texture":"#5"},"down":{"uv":[7.75,8,8.25,8.25],"rotation":180,"texture":"#5"}}},{"from":[13.02031,27.63287,-1.2635],"to":[13.25469,28.85162,-1.02108],"rotation":{"angle":22.5,"axis":"x","origin":[8.35277,8,8]},"faces":{"east":{"uv":[11,7.5,11.5,8],"texture":"#5"},"up":{"uv":[11.25,3.25,11.75,3.5],"texture":"#5"},"down":{"uv":[4.25,8,4.75,8.25],"texture":"#5"}}},{"from":[13.02031,28.16863,15.72764],"to":[13.25469,29.38738,15.97007],"rotation":{"angle":-22.5,"axis":"x","origin":[8.35277,8,8]},"faces":{"east":{"uv":[11,7.5,11.5,8],"texture":"#5"},"up":{"uv":[11,3,11.5,3.25],"texture":"#5"},"down":{"uv":[4.25,8,4.75,8.25],"rotation":180,"texture":"#5"}}},{"from":[13.02031,22.59342,-8.31395],"to":[13.25469,23.81217,-8.07153],"rotation":{"angle":45,"axis":"x","origin":[8.35277,8,8]},"faces":{"east":{"uv":[11,7.5,11.5,8],"texture":"#5"},"up":{"uv":[6.5,4.75,7,5],"texture":"#5"},"down":{"uv":[2.75,9.25,3.25,9.75],"rotation":180,"texture":"#5"}}},{"from":[13.02031,23.58337,23.08158],"to":[13.25469,24.80212,23.324],"rotation":{"angle":-45,"axis":"x","origin":[8.35277,8,8]},"faces":{"east":{"uv":[11,7.5,11.5,8],"texture":"#5"},"up":{"uv":[8,4.75,8.5,5],"rotation":180,"texture":"#5"},"down":{"uv":[2.75,9.25,3.25,9.5],"rotation":180,"texture":"#5"}}},{"from":[13.02031,28.65679,15.23948],"to":[13.25469,28.89922,16.45823],"rotation":{"angle":-22.5,"axis":"x","origin":[8.35277,8,8]},"faces":{"north":{"uv":[2.5,10,3,10.5],"rotation":180,"texture":"#5"},"east":{"uv":[11,7.5,11.5,8],"rotation":270,"texture":"#5"},"south":{"uv":[7.5,11.5,8,11.75],"rotation":180,"texture":"#5"}}},{"from":[13.02031,28.12103,-1.75166],"to":[13.25469,28.36346,-0.53291],"rotation":{"angle":22.5,"axis":"x","origin":[8.35277,8,8]},"faces":{"north":{"uv":[7,11.5,7.5,11.75],"rotation":180,"texture":"#5"},"east":{"uv":[11,7.5,11.5,8],"rotation":90,"texture":"#5"},"south":{"uv":[1.25,9.75,1.75,10],"rotation":180,"texture":"#5"}}},{"from":[13.02031,30.07879,6.69063],"to":[13.25469,30.32121,7.90938],"rotation":{"angle":0,"axis":"y","origin":[8.35277,8,8]},"faces":{"north":{"uv":[6.25,11,6.75,11.25],"rotation":180,"texture":"#5"},"east":{"uv":[11,7.5,11.5,8],"texture":"#5"},"south":{"uv":[5.5,11,6,11.25],"rotation":180,"texture":"#5"}}},{"from":[4.17072,30.5307,7.1125],"to":[5.15509,30.9057,7.4875],"rotation":{"angle":-22.5,"axis":"z","origin":[8.35277,8,8]},"faces":{"north":{"uv":[6,4.5,6.5,5],"texture":"#5"},"east":{"uv":[7.5,2,8,2.5],"texture":"#5"},"south":{"uv":[5.75,4.5,6.25,5],"texture":"#5"},"up":{"uv":[4,4,4.5,4.5],"texture":"#5"}}},{"from":[21.16186,26.11457,7.1125],"to":[22.14624,26.48957,7.4875],"rotation":{"angle":22.5,"axis":"z","origin":[8.35277,8,8]},"faces":{"north":{"uv":[5,8,5.5,8.5],"rotation":180,"texture":"#5"},"east":{"uv":[7.5,2,8,2.5],"texture":"#5"},"south":{"uv":[5,8,5.5,8.5],"rotation":180,"texture":"#5"},"down":{"uv":[15,8,15.5,8.5],"rotation":180,"texture":"#5"}}},{"from":[12.93417,30.0125,9.32698],"to":[13.91855,30.3875,9.74885],"rotation":{"angle":22.5,"axis":"y","origin":[8.35277,8,8]},"faces":{"east":{"uv":[7.5,2,8,2.5],"texture":"#5"},"south":{"uv":[4.75,11.25,5.25,11.75],"rotation":180,"texture":"#5"},"up":{"uv":[6.5,4.75,7,5.25],"texture":"#5"},"down":{"uv":[9,10.25,9.5,10.75],"rotation":180,"texture":"#5"}}},{"from":[12.39841,30.0125,4.95771],"to":[13.38279,30.3875,5.37959],"rotation":{"angle":-22.5,"axis":"y","origin":[8.35277,8,8]},"faces":{"north":{"uv":[4.75,11.25,5.25,11.75],"rotation":180,"texture":"#5"},"east":{"uv":[7.5,2,8,2.5],"texture":"#5"},"up":{"uv":[6.5,4.75,7,5.25],"rotation":180,"texture":"#5"},"down":{"uv":[9,10.25,9.5,10.75],"rotation":180,"texture":"#5"}}},{"from":[-1.69697,28.91094,7.04358],"to":[-1.43906,31.48906,7.55643],"rotation":{"angle":0,"axis":"y","origin":[9.18805,6.4375,8]},"faces":{"east":{"uv":[12.5,7.5,13,8],"texture":"#4"},"west":{"uv":[8.25,4,8.75,6],"texture":"#4"},"up":{"uv":[3.5,3.75,4,4.25],"rotation":180,"texture":"#4"},"down":{"uv":[6.25,8,6.75,8.25],"rotation":180,"texture":"#4"}}},{"from":[-1.69687,26.83425,-1.99665],"to":[-1.43896,29.41237,-1.48381],"rotation":{"angle":22.5,"axis":"x","origin":[9.18805,6.4375,8]},"faces":{"east":{"uv":[12.5,7.5,13,8],"texture":"#4"},"west":{"uv":[7.25,4,7.75,6],"texture":"#4"},"up":{"uv":[3.5,4.25,4,4.75],"texture":"#4"},"down":{"uv":[6.25,8,6.75,8.25],"rotation":180,"texture":"#4"}}},{"from":[-1.69687,27.37,16.19038],"to":[-1.43896,29.94813,16.70322],"rotation":{"angle":-22.5,"axis":"x","origin":[9.18805,6.4375,8]},"faces":{"east":{"uv":[12.5,7.5,13,8],"texture":"#4"},"west":{"uv":[7.25,4,7.75,6],"texture":"#4"},"up":{"uv":[3.5,4.25,4,4.75],"rotation":180,"texture":"#4"},"down":{"uv":[6.25,8,6.75,8.25],"rotation":180,"texture":"#4"}}},{"from":[-1.69697,21.45608,-9.55402],"to":[-1.43906,24.03421,-9.04117],"rotation":{"angle":45,"axis":"x","origin":[9.18805,6.4375,8]},"faces":{"east":{"uv":[12.5,7.5,13,8],"texture":"#4"},"west":{"uv":[10.75,4.5,11.25,6.5],"texture":"#4"},"up":{"uv":[3.75,4.75,4.25,5.25],"texture":"#4"},"down":{"uv":[6.25,8,6.75,8.25],"rotation":180,"texture":"#4"}}},{"from":[-1.69697,22.44603,24.05122],"to":[-1.43906,25.02416,24.56407],"rotation":{"angle":-45,"axis":"x","origin":[9.18805,6.4375,8]},"faces":{"east":{"uv":[12.5,7.5,13,8],"texture":"#4"},"west":{"uv":[6.75,4.5,7.25,6.5],"texture":"#4"},"up":{"uv":[7.75,4.75,8.25,5.25],"rotation":180,"texture":"#4"},"down":{"uv":[6.25,8,6.75,8.25],"rotation":180,"texture":"#4"}}},{"from":[-1.69687,28.40265,15.15773],"to":[-1.43896,28.91549,17.73586],"rotation":{"angle":-22.5,"axis":"x","origin":[9.18805,6.4375,8]},"faces":{"north":{"uv":[6.75,8,7.25,8.5],"rotation":180,"texture":"#4"},"east":{"uv":[12.5,7.5,13,8],"rotation":270,"texture":"#4"},"south":{"uv":[5.25,5.5,5.75,6],"texture":"#4"},"west":{"uv":[0.5,4.75,1,6.75],"rotation":90,"texture":"#4"}}},{"from":[-1.69687,27.8669,-3.02929],"to":[-1.43896,28.37973,-0.45116],"rotation":{"angle":22.5,"axis":"x","origin":[9.18805,6.4375,8]},"faces":{"north":{"uv":[6.75,5.5,7.25,6],"texture":"#4"},"east":{"uv":[12.5,7.5,13,8],"rotation":90,"texture":"#4"},"south":{"uv":[6,8,6.5,8.5],"rotation":180,"texture":"#4"},"west":{"uv":[0.75,4.75,1.25,6.75],"rotation":270,"texture":"#4"}}},{"from":[-1.69697,29.94358,6.01094],"to":[-1.43906,30.45643,8.58906],"rotation":{"angle":0,"axis":"y","origin":[9.18805,6.4375,8]},"faces":{"north":{"uv":[4.25,8.25,4.75,8.75],"rotation":180,"texture":"#4"},"east":{"uv":[12.5,7.5,13,8],"texture":"#4"},"south":{"uv":[6.25,8.25,6.75,8.75],"rotation":180,"texture":"#4"},"west":{"uv":[7.25,9.5,7.75,11.5],"rotation":90,"texture":"#4"}}},{"from":[-1.43916,29.16875,7.09488],"to":[-1.02656,31.23125,7.50513],"rotation":{"angle":0,"axis":"y","origin":[9.18805,6.4375,8]},"faces":{"up":{"uv":[10,2.75,10.5,3.25],"rotation":180,"texture":"#4"},"down":{"uv":[5.75,8,6.25,8.25],"texture":"#4"}}},{"from":[-1.43916,27.09206,-1.94535],"to":[-1.02656,29.15456,-1.5351],"rotation":{"angle":22.5,"axis":"x","origin":[9.18805,6.4375,8]},"faces":{"up":{"uv":[11,2.5,11.5,3],"rotation":180,"texture":"#4"},"down":{"uv":[5.75,8,6.25,8.25],"texture":"#4"}}},{"from":[-1.43916,27.62782,16.24167],"to":[-1.02656,29.69032,16.65192],"rotation":{"angle":-22.5,"axis":"x","origin":[9.18805,6.4375,8]},"faces":{"up":{"uv":[8.5,4,9,4.5],"rotation":180,"texture":"#4"},"down":{"uv":[5.75,8,6.25,8.25],"texture":"#4"}}},{"from":[-1.43916,21.7139,-9.50272],"to":[-1.02656,23.7764,-9.09247],"rotation":{"angle":45,"axis":"x","origin":[9.18805,6.4375,8]},"faces":{"up":{"uv":[3.25,4.25,3.75,4.75],"texture":"#4"},"down":{"uv":[5.75,8,6.25,8.25],"texture":"#4"}}},{"from":[-1.43916,28.45394,15.41554],"to":[-1.02656,28.86419,17.47804],"rotation":{"angle":-22.5,"axis":"x","origin":[9.18805,6.4375,8]},"faces":{"north":{"uv":[3,8,3.5,8.5],"rotation":180,"texture":"#4"},"south":{"uv":[3.25,4.75,3.75,5.25],"texture":"#4"}}},{"from":[-1.43916,22.70385,24.10252],"to":[-1.02656,24.76635,24.51277],"rotation":{"angle":-45,"axis":"x","origin":[9.18805,6.4375,8]},"faces":{"up":{"uv":[3.25,4.25,3.75,4.75],"rotation":180,"texture":"#4"},"down":{"uv":[5.75,8,6.25,8.25],"texture":"#4"}}},{"from":[-1.43916,27.91818,-2.77148],"to":[-1.02656,28.32843,-0.70898],"rotation":{"angle":22.5,"axis":"x","origin":[9.18805,6.4375,8]},"faces":{"north":{"uv":[3.25,4.75,3.75,5.25],"texture":"#4"},"south":{"uv":[3,8,3.5,8.5],"rotation":180,"texture":"#4"}}},{"from":[-1.43916,29.99488,6.26875],"to":[-1.02656,30.40513,8.33125],"rotation":{"angle":0,"axis":"y","origin":[9.18805,6.4375,8]},"faces":{"north":{"uv":[3.25,5.25,3.75,5.75],"texture":"#4"},"south":{"uv":[3.25,5.25,3.75,5.75],"texture":"#4"}}},{"from":[9.18594,27.11719,8.47649],"to":[9.67579,29.28281,9.37351],"rotation":{"angle":0,"axis":"y","origin":[9.18805,6.4375,8]},"faces":{"east":{"uv":[9.5,7.25,10.25,8.25],"texture":"#4"},"up":{"uv":[1.25,3.75,1.75,4.5],"rotation":180,"texture":"#4"},"down":{"uv":[6.25,7.75,6.75,8.5],"texture":"#4"}}},{"from":[-1.7999,28.0718,8.28047],"to":[-1.69677,28.3282,9.56954],"rotation":{"angle":0,"axis":"y","origin":[9.18805,6.4375,8]},"faces":{"north":{"uv":[6.25,4.5,6.5,5],"texture":"#2"},"south":{"uv":[6.25,4.5,6.5,5],"texture":"#2"},"west":{"uv":[6.25,4.5,6.75,5],"texture":"#2"}}},{"from":[-1.8,26.76921,-0.11809],"to":[-1.69687,27.02562,1.17097],"rotation":{"angle":22.5,"axis":"x","origin":[9.18805,6.4375,8]},"faces":{"north":{"uv":[7.25,4.25,7.5,4.75],"texture":"#2"},"south":{"uv":[6.25,5,6.5,5.5],"texture":"#2"},"west":{"uv":[9.25,4.5,9.75,5.25],"rotation":270,"texture":"#2"}}},{"from":[-1.8,26.06125,16.53821],"to":[-1.69687,26.31766,17.82727],"rotation":{"angle":-22.5,"axis":"x","origin":[9.18805,6.4375,8]},"faces":{"north":{"uv":[6.25,5,6.5,5.5],"texture":"#2"},"south":{"uv":[7.25,4.25,7.5,4.75],"texture":"#2"},"west":{"uv":[9,4.5,9.5,5.25],"rotation":90,"texture":"#2"}}},{"from":[-1.7999,22.35177,-7.37886],"to":[-1.69677,22.60818,-6.0898],"rotation":{"angle":45,"axis":"x","origin":[9.18805,6.4375,8]},"faces":{"north":{"uv":[8.25,4.5,8.5,5],"texture":"#2"},"south":{"uv":[6,5.5,6.25,6],"texture":"#2"},"west":{"uv":[6.25,4.5,6.75,5.25],"rotation":270,"texture":"#2"}}},{"from":[-1.7999,21.04362,23.39794],"to":[-1.69677,21.30003,24.68701],"rotation":{"angle":-45,"axis":"x","origin":[9.18805,6.4375,8]},"faces":{"north":{"uv":[6,5.5,6.25,6],"texture":"#2"},"south":{"uv":[3.75,4,4,4.5],"texture":"#2"},"west":{"uv":[6.25,4.5,6.75,5.25],"rotation":90,"texture":"#2"}}},{"from":[-1.8,25.54492,17.05453],"to":[-1.69687,26.83398,17.31094],"rotation":{"angle":-22.5,"axis":"x","origin":[9.18805,6.4375,8]},"faces":{"west":{"uv":[5.25,4.5,5.75,5.25],"texture":"#2"},"up":{"uv":[7.25,4.25,7.5,4.75],"rotation":180,"texture":"#2"},"down":{"uv":[9,8,9.25,8.5],"rotation":180,"texture":"#2"}}},{"from":[-1.8,26.25289,0.39823],"to":[-1.69687,27.54195,0.65465],"rotation":{"angle":22.5,"axis":"x","origin":[9.18805,6.4375,8]},"faces":{"west":{"uv":[5.25,4.5,5.75,5.25],"texture":"#2"},"up":{"uv":[3.25,4,3.5,4.5],"texture":"#2"},"down":{"uv":[9,8,9.25,8.5],"texture":"#2"}}},{"from":[-1.7999,27.55547,8.7968],"to":[-1.69677,28.84454,9.0532],"rotation":{"angle":0,"axis":"y","origin":[0.05166,23.625,8]},"faces":{"west":{"uv":[6.25,4.5,6.75,5.25],"texture":"#2"},"up":{"uv":[3.25,4,3.5,4.5],"texture":"#2"},"down":{"uv":[9.5,8,9.75,8.25],"texture":"#2"}}},{"from":[-1.07812,25.60835,0.27003],"to":[9.18594,28.18647,0.78286],"rotation":{"angle":22.5,"axis":"x","origin":[9.18805,6.4375,8]},"faces":{"east":{"uv":[9.5,7.25,10.25,8.25],"texture":"#4"},"west":{"uv":[12.5,7.5,13,8],"texture":"#4"},"up":{"uv":[2,3.75,6,4.25],"texture":"#4"},"down":{"uv":[3,9,7,9.5],"rotation":180,"texture":"#4"}}},{"from":[-1.07812,24.90038,16.92632],"to":[9.18594,27.47851,17.43914],"rotation":{"angle":-22.5,"axis":"x","origin":[9.18805,6.4375,8]},"faces":{"east":{"uv":[9.5,7.25,10.25,8.25],"texture":"#4"},"west":{"uv":[12.5,7.5,13,8],"texture":"#4"},"up":{"uv":[0,3.25,4,3.75],"texture":"#4"},"down":{"uv":[3.5,8,7.5,8.5],"rotation":180,"texture":"#4"}}},{"from":[-1.07812,21.19092,-6.99075],"to":[9.18594,23.76904,-6.47792],"rotation":{"angle":45,"axis":"x","origin":[9.18805,6.4375,8]},"faces":{"east":{"uv":[9.5,7.25,10.25,8.25],"texture":"#4"},"west":{"uv":[12.5,7.5,13,8],"texture":"#4"},"up":{"uv":[5.25,4.25,9.25,4.75],"texture":"#4"},"down":{"uv":[5.75,5.5,9.75,6],"rotation":180,"texture":"#4"}}},{"from":[-1.07812,19.88277,23.78607],"to":[9.18594,22.4609,24.29889],"rotation":{"angle":-45,"axis":"x","origin":[9.18805,6.4375,8]},"faces":{"east":{"uv":[9.5,7.25,10.25,8.25],"texture":"#4"},"west":{"uv":[12.5,7.5,13,8],"texture":"#4"},"up":{"uv":[1.25,4.25,5.25,4.75],"rotation":180,"texture":"#4"},"down":{"uv":[4.5,5.5,8.5,6],"texture":"#4"}}},{"from":[-1.07812,25.93303,15.89367],"to":[9.18594,26.44586,18.47179],"rotation":{"angle":-22.5,"axis":"x","origin":[9.18805,6.4375,8]},"faces":{"north":{"uv":[6.25,5,10.25,5.5],"texture":"#4"},"east":{"uv":[9.5,7.25,10.25,7.75],"texture":"#4"},"south":{"uv":[5.25,4.75,9.25,5.25],"texture":"#4"},"west":{"uv":[12.5,7.5,13,8],"rotation":90,"texture":"#4"}}},{"from":[-1.07812,26.641,-0.76262],"to":[9.18594,27.15382,1.81551],"rotation":{"angle":22.5,"axis":"x","origin":[9.18805,6.4375,8]},"faces":{"north":{"uv":[5.25,4.75,9.25,5.25],"texture":"#4"},"east":{"uv":[9.5,7.25,10.25,7.75],"texture":"#4"},"south":{"uv":[6.25,5,10.25,5.5],"texture":"#4"},"west":{"uv":[12.5,7.5,13,8],"rotation":270,"texture":"#4"}}},{"from":[-1.07812,27.94359,7.63594],"to":[9.18594,28.45641,10.21406],"rotation":{"angle":0,"axis":"y","origin":[9.18805,6.4375,8]},"faces":{"north":{"uv":[3,12.25,7,12.75],"texture":"#4"},"south":{"uv":[0,12,4,12.5],"texture":"#4"},"west":{"uv":[12.5,7.5,13,8],"texture":"#4"}}},{"from":[7.3258,27.21334,8.66859],"to":[8.61486,28.24459,9.18141],"rotation":{"angle":-22.5,"axis":"z","origin":[11.38409,24.19104,8]},"faces":{"north":{"uv":[10.5,2.75,11,3.25],"rotation":180,"texture":"#4"},"south":{"uv":[10.5,2.75,11,3.25],"rotation":180,"texture":"#4"},"up":{"uv":[2,3.25,2.75,3.75],"texture":"#4"}}},{"from":[17.02093,25.3533,8.66859],"to":[18.31,26.38455,9.18141],"rotation":{"angle":22.5,"axis":"z","origin":[9.18805,6.4375,8]},"faces":{"north":{"uv":[7.5,8,7.75,8.25],"rotation":180,"texture":"#4"},"south":{"uv":[7.5,8,7.75,8.25],"rotation":180,"texture":"#4"},"down":{"uv":[5.5,7.75,6.25,8.25],"rotation":180,"texture":"#4"}}},{"from":[8.33881,27.94359,9.01347],"to":[9.62788,28.45641,10.04472],"rotation":{"angle":22.5,"axis":"y","origin":[9.18806,6.4375,8]},"faces":{"south":{"uv":[0,12,0.75,12.5],"texture":"#4"},"up":{"uv":[4.5,12,5,12.5],"rotation":180,"texture":"#4"},"down":{"uv":[4.5,12,5,12.5],"rotation":180,"texture":"#4"}}},{"from":[9.04677,27.94359,7.66446],"to":[10.33584,28.45641,8.69571],"rotation":{"angle":-22.5,"axis":"y","origin":[9.18805,6.4375,8]},"faces":{"north":{"uv":[0,12,0.75,12.5],"texture":"#4"},"up":{"uv":[4.5,12,5,12.5],"rotation":180,"texture":"#4"},"down":{"uv":[4.5,12,5,12.5],"rotation":180,"texture":"#4"}}},{"from":[-1.07812,26.91094,8.66859],"to":[9.18594,29.48906,9.18142],"rotation":{"angle":0,"axis":"y","origin":[9.18805,6.4375,8]},"faces":{"west":{"uv":[12.5,7.5,13,8],"texture":"#4"},"up":{"uv":[2,3.25,6,3.75],"texture":"#4"},"down":{"uv":[5.5,7.75,9.5,8.25],"rotation":180,"texture":"#4"}}},{"from":[9.18594,20.08902,23.59397],"to":[9.67579,22.25465,24.49099],"rotation":{"angle":-45,"axis":"x","origin":[9.18805,6.4375,8]},"faces":{"east":{"uv":[9.5,7.25,10.25,8.25],"texture":"#4"},"up":{"uv":[1.25,4.25,1.75,5],"rotation":180,"texture":"#4"},"down":{"uv":[2,5.75,2.5,6.5],"rotation":180,"texture":"#4"}}},{"from":[9.18594,21.39717,-7.18285],"to":[9.67579,23.56279,-6.28582],"rotation":{"angle":45,"axis":"x","origin":[9.18805,6.4375,8]},"faces":{"east":{"uv":[9.5,7.25,10.25,8.25],"texture":"#4"},"up":{"uv":[1.25,4.25,1.75,5],"texture":"#4"},"down":{"uv":[2,5.75,2.5,6.5],"texture":"#4"}}},{"from":[9.18594,27.75149,7.84219],"to":[9.67579,28.64851,10.00781],"rotation":{"angle":0,"axis":"y","origin":[9.18805,6.4375,8]},"faces":{"north":{"uv":[3,4.75,3.5,5.5],"texture":"#4"},"east":{"uv":[9.5,7.25,10.25,8.25],"texture":"#4"},"south":{"uv":[3,4.75,3.5,5.5],"texture":"#4"}}},{"from":[9.47344,27.37969,8.76183],"to":[11.34844,29.02031,9.08817],"rotation":{"angle":0,"axis":"y","origin":[8.35277,8,8]},"faces":{"east":{"uv":[5.25,10.5,5.75,11],"texture":"#4"},"up":{"uv":[3.5,4,4.5,4.25],"rotation":180,"texture":"#4"},"down":{"uv":[7.25,8,8.25,8.25],"rotation":180,"texture":"#4"}}},{"from":[9.47344,26.19604,0.96121],"to":[11.34844,27.83666,1.28756],"rotation":{"angle":22.5,"axis":"x","origin":[8.35277,8,8]},"faces":{"east":{"uv":[5.25,10.5,5.75,11],"texture":"#4"},"up":{"uv":[5.25,4.25,6.25,4.5],"rotation":180,"texture":"#4"},"down":{"uv":[5.25,7.75,6.25,8],"rotation":180,"texture":"#4"}}},{"from":[9.47344,25.48807,16.42162],"to":[11.34844,27.1287,16.74797],"rotation":{"angle":-22.5,"axis":"x","origin":[8.35277,8,8]},"faces":{"east":{"uv":[5.25,10.5,5.75,11],"texture":"#4"},"up":{"uv":[4.75,4.25,5.75,4.5],"rotation":180,"texture":"#4"},"down":{"uv":[2.5,8.25,3.5,8.5],"rotation":180,"texture":"#4"}}},{"from":[9.47344,22.11732,-5.79265],"to":[11.34844,23.75794,-5.46631],"rotation":{"angle":45,"axis":"x","origin":[8.35277,8,8]},"faces":{"east":{"uv":[5.25,10.5,5.75,11],"texture":"#4"},"up":{"uv":[6.75,4.5,7.75,4.75],"rotation":180,"texture":"#4"},"down":{"uv":[4.75,5.5,5.75,5.75],"rotation":180,"texture":"#4"}}},{"from":[9.47344,20.80917,22.77446],"to":[11.34844,22.4498,23.10079],"rotation":{"angle":-45,"axis":"x","origin":[8.35277,8,8]},"faces":{"east":{"uv":[5.25,10.5,5.75,11],"texture":"#4"},"up":{"uv":[1.25,4.25,2.25,4.5],"rotation":180,"texture":"#4"},"down":{"uv":[4.25,5.75,5.25,6],"rotation":180,"texture":"#4"}}},{"from":[9.47344,26.14521,15.76448],"to":[11.34844,26.47156,17.40511],"rotation":{"angle":-22.5,"axis":"x","origin":[8.35277,8,8]},"faces":{"north":{"uv":[3,5.25,4,5.5],"rotation":180,"texture":"#4"},"east":{"uv":[5.25,10.5,5.75,11],"texture":"#4"},"south":{"uv":[6.75,4.75,7.75,5],"rotation":180,"texture":"#4"}}},{"from":[9.47344,26.85317,0.30407],"to":[11.34844,27.17952,1.9447],"rotation":{"angle":22.5,"axis":"x","origin":[8.35277,8,8]},"faces":{"north":{"uv":[1.5,4.75,2.5,5],"rotation":180,"texture":"#4"},"east":{"uv":[5.25,10.5,5.75,11],"texture":"#4"},"south":{"uv":[8,5.25,9,5.5],"rotation":180,"texture":"#4"}}},{"from":[9.47344,28.03682,8.10469],"to":[11.34844,28.36317,9.74531],"rotation":{"angle":0,"axis":"y","origin":[8.35277,8,8]},"faces":{"north":{"uv":[2,5,3,5.25],"rotation":180,"texture":"#4"},"east":{"uv":[5.25,10.5,5.75,11],"texture":"#4"},"south":{"uv":[5,5,6,5.25],"rotation":180,"texture":"#4"}}},{"from":[11.00469,27.45,8.77581],"to":[11.94219,28.95,9.07419],"rotation":{"angle":0,"axis":"y","origin":[8.35277,8,8]},"faces":{"east":{"uv":[11,7.5,11.5,8],"texture":"#5"},"up":{"uv":[3.25,4,3.75,4.25],"texture":"#5"},"down":{"uv":[7.75,8,8.25,8.25],"rotation":180,"texture":"#5"}}},{"from":[11.00469,25.55838,16.43561],"to":[11.94219,27.05838,16.73398],"rotation":{"angle":-22.5,"axis":"x","origin":[8.35277,8,8]},"faces":{"east":{"uv":[11,7.5,11.5,8],"texture":"#5"},"up":{"uv":[7.5,4.25,8,4.5],"texture":"#5"},"down":{"uv":[4.25,8,4.75,8.25],"rotation":180,"texture":"#5"}}},{"from":[11.00469,26.26635,0.9752],"to":[11.94219,27.76635,1.27357],"rotation":{"angle":22.5,"axis":"x","origin":[8.35277,8,8]},"faces":{"east":{"uv":[11,7.5,11.5,8],"texture":"#5"},"up":{"uv":[5.5,4.25,6,4.5],"texture":"#5"},"down":{"uv":[4.25,8,4.75,8.25],"texture":"#5"}}},{"from":[11.00469,20.87948,22.78844],"to":[11.94219,22.37948,23.08681],"rotation":{"angle":-45,"axis":"x","origin":[8.35277,8,8]},"faces":{"east":{"uv":[11,7.5,11.5,8],"texture":"#5"},"up":{"uv":[6.5,4.75,7,5],"rotation":180,"texture":"#5"},"down":{"uv":[2.75,9.25,3.25,9.5],"rotation":180,"texture":"#5"}}},{"from":[11.00469,22.18763,-5.77866],"to":[11.94219,23.68763,-5.4803],"rotation":{"angle":45,"axis":"x","origin":[8.35277,8,8]},"faces":{"east":{"uv":[11,7.5,11.5,8],"texture":"#5"},"up":{"uv":[8.5,4.75,9,5],"texture":"#5"},"down":{"uv":[2.75,9.25,3.25,9.75],"rotation":180,"texture":"#5"}}},{"from":[11.00469,26.86716,0.37438],"to":[11.94219,27.16554,1.87438],"rotation":{"angle":22.5,"axis":"x","origin":[8.35277,8,8]},"faces":{"north":{"uv":[5.5,11.5,6,11.75],"rotation":180,"texture":"#5"},"east":{"uv":[11,7.5,11.5,8],"rotation":90,"texture":"#5"},"south":{"uv":[1.25,9.75,1.75,10],"rotation":180,"texture":"#5"}}},{"from":[11.00469,26.1592,15.83479],"to":[11.94219,26.45757,17.33479],"rotation":{"angle":-22.5,"axis":"x","origin":[8.35277,8,8]},"faces":{"north":{"uv":[2.5,10,3,10.5],"rotation":180,"texture":"#5"},"east":{"uv":[11,7.5,11.5,8],"rotation":270,"texture":"#5"},"south":{"uv":[5.5,11.5,6,11.75],"rotation":180,"texture":"#5"}}},{"from":[11.00469,28.05081,8.175],"to":[11.94219,28.34919,9.675],"rotation":{"angle":0,"axis":"y","origin":[8.35277,8,8]},"faces":{"north":{"uv":[5.5,11,6,11.25],"rotation":180,"texture":"#5"},"east":{"uv":[11,7.5,11.5,8],"texture":"#5"},"south":{"uv":[5.5,11,6,11.25],"rotation":180,"texture":"#5"}}},{"from":[11.94219,27.49687,8.78515],"to":[12.59844,28.90312,9.06485],"rotation":{"angle":0,"axis":"y","origin":[8.35277,8,8]},"faces":{"east":{"uv":[11,7.5,11.5,8],"texture":"#5"},"up":{"uv":[3.25,4,3.75,4.25],"texture":"#5"},"down":{"uv":[7.75,8,8.25,8.25],"rotation":180,"texture":"#5"}}},{"from":[11.94219,26.31322,0.98453],"to":[12.59844,27.71947,1.26425],"rotation":{"angle":22.5,"axis":"x","origin":[8.35277,8,8]},"faces":{"east":{"uv":[11,7.5,11.5,8],"texture":"#5"},"up":{"uv":[12.75,2.25,13.25,2.5],"texture":"#5"},"down":{"uv":[4.25,8,4.75,8.25],"texture":"#5"}}},{"from":[11.94219,25.60526,16.44493],"to":[12.59844,27.01151,16.72464],"rotation":{"angle":-22.5,"axis":"x","origin":[8.35277,8,8]},"faces":{"east":{"uv":[11,7.5,11.5,8],"texture":"#5"},"up":{"uv":[8.5,4.25,9,4.5],"texture":"#5"},"down":{"uv":[4.25,8,4.75,8.25],"rotation":180,"texture":"#5"}}},{"from":[11.94219,22.23451,-5.76933],"to":[12.59844,23.64076,-5.48962],"rotation":{"angle":45,"axis":"x","origin":[8.35277,8,8]},"faces":{"east":{"uv":[11,7.5,11.5,8],"texture":"#5"},"up":{"uv":[9.25,4.75,9.75,5],"texture":"#5"},"down":{"uv":[2.75,9.25,3.25,9.75],"rotation":180,"texture":"#5"}}},{"from":[11.94219,20.92636,22.79777],"to":[12.59844,22.33261,23.07748],"rotation":{"angle":-45,"axis":"x","origin":[8.35277,8,8]},"faces":{"east":{"uv":[11,7.5,11.5,8],"texture":"#5"},"up":{"uv":[5.75,4.75,6.25,5],"rotation":180,"texture":"#5"},"down":{"uv":[2.75,9.25,3.25,9.5],"rotation":180,"texture":"#5"}}},{"from":[11.94219,26.16853,15.88167],"to":[12.59844,26.44825,17.28792],"rotation":{"angle":-22.5,"axis":"x","origin":[8.35277,8,8]},"faces":{"north":{"uv":[2.5,10,3,10.5],"rotation":180,"texture":"#5"},"east":{"uv":[11,7.5,11.5,8],"rotation":270,"texture":"#5"},"south":{"uv":[6.25,11.5,6.75,11.75],"rotation":180,"texture":"#5"}}},{"from":[11.94219,26.8765,0.42126],"to":[12.59844,27.15621,1.82751],"rotation":{"angle":22.5,"axis":"x","origin":[8.35277,8,8]},"faces":{"north":{"uv":[4.75,11.5,5.25,11.75],"rotation":180,"texture":"#5"},"east":{"uv":[11,7.5,11.5,8],"rotation":90,"texture":"#5"},"south":{"uv":[1.25,9.75,1.75,10],"rotation":180,"texture":"#5"}}},{"from":[11.94219,28.06015,8.22187],"to":[12.59844,28.33986,9.62812],"rotation":{"angle":0,"axis":"y","origin":[8.35277,8,8]},"faces":{"north":{"uv":[6.5,11,7,11.25],"rotation":180,"texture":"#5"},"east":{"uv":[11,7.5,11.5,8],"texture":"#5"},"south":{"uv":[5.5,11,6,11.25],"rotation":180,"texture":"#5"}}},{"from":[12.59844,27.54375,8.79446],"to":[13.02031,28.85625,9.05554],"rotation":{"angle":0,"axis":"y","origin":[8.35277,8,8]},"faces":{"east":{"uv":[11,7.5,11.5,8],"texture":"#5"},"up":{"uv":[3.25,4,3.75,4.25],"texture":"#5"},"down":{"uv":[7.75,8,8.25,8.25],"rotation":180,"texture":"#5"}}},{"from":[12.59844,25.65213,16.45426],"to":[13.02031,26.96463,16.71533],"rotation":{"angle":-22.5,"axis":"x","origin":[8.35277,8,8]},"faces":{"east":{"uv":[11,7.5,11.5,8],"texture":"#5"},"up":{"uv":[8.75,4.25,9.25,4.5],"texture":"#5"},"down":{"uv":[4.25,8,4.75,8.25],"rotation":180,"texture":"#5"}}},{"from":[12.59844,26.3601,0.99385],"to":[13.02031,27.6726,1.25492],"rotation":{"angle":22.5,"axis":"x","origin":[8.35277,8,8]},"faces":{"east":{"uv":[11,7.5,11.5,8],"texture":"#5"},"up":{"uv":[10.5,2.75,11,3],"texture":"#5"},"down":{"uv":[4.25,8,4.75,8.25],"texture":"#5"}}},{"from":[12.59844,20.97323,22.80709],"to":[13.02031,22.28573,23.06817],"rotation":{"angle":-45,"axis":"x","origin":[8.35277,8,8]},"faces":{"east":{"uv":[11,7.5,11.5,8],"texture":"#5"},"up":{"uv":[7.5,4.75,8,5],"rotation":180,"texture":"#5"},"down":{"uv":[2.75,9.25,3.25,9.5],"rotation":180,"texture":"#5"}}},{"from":[12.59844,26.88581,0.46813],"to":[13.02031,27.14689,1.78063],"rotation":{"angle":22.5,"axis":"x","origin":[8.35277,8,8]},"faces":{"north":{"uv":[6.75,11.5,7.25,11.75],"rotation":180,"texture":"#5"},"east":{"uv":[11,7.5,11.5,8],"rotation":90,"texture":"#5"},"south":{"uv":[1.25,9.75,1.75,10],"rotation":180,"texture":"#5"}}},{"from":[12.59844,22.28138,-5.76002],"to":[13.02031,23.59388,-5.49895],"rotation":{"angle":45,"axis":"x","origin":[8.35277,8,8]},"faces":{"east":{"uv":[11,7.5,11.5,8],"texture":"#5"},"up":{"uv":[9,4.75,9.5,5],"texture":"#5"},"down":{"uv":[2.75,9.25,3.25,9.75],"rotation":180,"texture":"#5"}}},{"from":[12.59844,26.17785,15.92854],"to":[13.02031,26.43892,17.24104],"rotation":{"angle":-22.5,"axis":"x","origin":[8.35277,8,8]},"faces":{"north":{"uv":[2.5,10,3,10.5],"rotation":180,"texture":"#5"},"east":{"uv":[11,7.5,11.5,8],"rotation":270,"texture":"#5"},"south":{"uv":[6.25,11.5,6.75,11.75],"rotation":180,"texture":"#5"}}},{"from":[12.59844,28.06946,8.26875],"to":[13.02031,28.33054,9.58125],"rotation":{"angle":0,"axis":"y","origin":[8.35277,8,8]},"faces":{"north":{"uv":[4.75,11,5.25,11.25],"rotation":180,"texture":"#5"},"east":{"uv":[11,7.5,11.5,8],"texture":"#5"},"south":{"uv":[5.5,11,6,11.25],"rotation":180,"texture":"#5"}}},{"from":[13.02031,27.59062,8.80379],"to":[13.25469,28.80937,9.04621],"rotation":{"angle":0,"axis":"y","origin":[8.35277,8,8]},"faces":{"east":{"uv":[11,7.5,11.5,8],"texture":"#5"},"up":{"uv":[3.25,4,3.75,4.25],"texture":"#5"},"down":{"uv":[7.75,8,8.25,8.25],"rotation":180,"texture":"#5"}}},{"from":[13.02031,26.40697,1.00317],"to":[13.25469,27.62572,1.2456],"rotation":{"angle":22.5,"axis":"x","origin":[8.35277,8,8]},"faces":{"east":{"uv":[11,7.5,11.5,8],"texture":"#5"},"up":{"uv":[11.25,3.25,11.75,3.5],"texture":"#5"},"down":{"uv":[4.25,8,4.75,8.25],"texture":"#5"}}},{"from":[13.02031,25.69901,16.46358],"to":[13.25469,26.91776,16.70601],"rotation":{"angle":-22.5,"axis":"x","origin":[8.35277,8,8]},"faces":{"east":{"uv":[11,7.5,11.5,8],"texture":"#5"},"up":{"uv":[11,3,11.5,3.25],"texture":"#5"},"down":{"uv":[4.25,8,4.75,8.25],"rotation":180,"texture":"#5"}}},{"from":[13.02031,22.32826,-5.75068],"to":[13.25469,23.54701,-5.50827],"rotation":{"angle":45,"axis":"x","origin":[8.35277,8,8]},"faces":{"east":{"uv":[11,7.5,11.5,8],"texture":"#5"},"up":{"uv":[6.5,4.75,7,5],"texture":"#5"},"down":{"uv":[2.75,9.25,3.25,9.75],"rotation":180,"texture":"#5"}}},{"from":[13.02031,21.02011,22.81642],"to":[13.25469,22.23886,23.05883],"rotation":{"angle":-45,"axis":"x","origin":[8.35277,8,8]},"faces":{"east":{"uv":[11,7.5,11.5,8],"texture":"#5"},"up":{"uv":[8,4.75,8.5,5],"rotation":180,"texture":"#5"},"down":{"uv":[2.75,9.25,3.25,9.5],"rotation":180,"texture":"#5"}}},{"from":[13.02031,26.18717,15.97542],"to":[13.25469,26.4296,17.19417],"rotation":{"angle":-22.5,"axis":"x","origin":[8.35277,8,8]},"faces":{"north":{"uv":[2.5,10,3,10.5],"rotation":180,"texture":"#5"},"east":{"uv":[11,7.5,11.5,8],"rotation":270,"texture":"#5"},"south":{"uv":[7.5,11.5,8,11.75],"rotation":180,"texture":"#5"}}},{"from":[13.02031,26.89514,0.51501],"to":[13.25469,27.13756,1.73376],"rotation":{"angle":22.5,"axis":"x","origin":[8.35277,8,8]},"faces":{"north":{"uv":[7,11.5,7.5,11.75],"rotation":180,"texture":"#5"},"east":{"uv":[11,7.5,11.5,8],"rotation":90,"texture":"#5"},"south":{"uv":[1.25,9.75,1.75,10],"rotation":180,"texture":"#5"}}},{"from":[13.02031,28.07879,8.31562],"to":[13.25469,28.32121,9.53437],"rotation":{"angle":0,"axis":"y","origin":[8.35277,8,8]},"faces":{"north":{"uv":[6.25,11,6.75,11.25],"rotation":180,"texture":"#5"},"east":{"uv":[11,7.5,11.5,8],"texture":"#5"},"south":{"uv":[5.5,11,6,11.25],"rotation":180,"texture":"#5"}}},{"from":[4.93609,28.68294,8.7375],"to":[5.92046,29.05794,9.1125],"rotation":{"angle":-22.5,"axis":"z","origin":[8.35277,8,8]},"faces":{"north":{"uv":[6,4.5,6.5,5],"texture":"#5"},"east":{"uv":[7.5,2,8,2.5],"texture":"#5"},"south":{"uv":[5.75,4.5,6.25,5],"texture":"#5"},"up":{"uv":[4,4,4.5,4.5],"texture":"#5"}}},{"from":[20.3965,24.26681,8.7375],"to":[21.38087,24.64181,9.1125],"rotation":{"angle":22.5,"axis":"z","origin":[8.35277,8,8]},"faces":{"north":{"uv":[5,8,5.5,8.5],"rotation":180,"texture":"#5"},"east":{"uv":[7.5,2,8,2.5],"texture":"#5"},"south":{"uv":[5,8,5.5,8.5],"rotation":180,"texture":"#5"},"down":{"uv":[15,8,15.5,8.5],"rotation":180,"texture":"#5"}}},{"from":[12.31231,28.0125,10.82828],"to":[13.29668,28.3875,11.25016],"rotation":{"angle":22.5,"axis":"y","origin":[8.35277,8,8]},"faces":{"east":{"uv":[7.5,2,8,2.5],"texture":"#5"},"south":{"uv":[4.75,11.25,5.25,11.75],"rotation":180,"texture":"#5"},"up":{"uv":[6.5,4.75,7,5.25],"texture":"#5"},"down":{"uv":[9,10.25,9.5,10.75],"rotation":180,"texture":"#5"}}},{"from":[13.02027,28.0125,6.45902],"to":[14.00465,28.3875,6.88089],"rotation":{"angle":-22.5,"axis":"y","origin":[8.35277,8,8]},"faces":{"north":{"uv":[4.75,11.25,5.25,11.75],"rotation":180,"texture":"#5"},"east":{"uv":[7.5,2,8,2.5],"texture":"#5"},"up":{"uv":[6.5,4.75,7,5.25],"rotation":180,"texture":"#5"},"down":{"uv":[9,10.25,9.5,10.75],"rotation":180,"texture":"#5"}}},{"from":[-1.69697,26.91094,8.66857],"to":[-1.43906,29.48906,9.18142],"rotation":{"angle":0,"axis":"y","origin":[9.18805,6.4375,8]},"faces":{"east":{"uv":[12.5,7.5,13,8],"texture":"#4"},"west":{"uv":[8.25,4,8.75,6],"texture":"#4"},"up":{"uv":[3.5,3.75,4,4.25],"rotation":180,"texture":"#4"},"down":{"uv":[6.25,8,6.75,8.25],"rotation":180,"texture":"#4"}}},{"from":[-1.69687,25.60835,0.27002],"to":[-1.43896,28.18647,0.78286],"rotation":{"angle":22.5,"axis":"x","origin":[9.18805,6.4375,8]},"faces":{"east":{"uv":[12.5,7.5,13,8],"texture":"#4"},"west":{"uv":[7.25,4,7.75,6],"texture":"#4"},"up":{"uv":[3.5,4.25,4,4.75],"texture":"#4"},"down":{"uv":[6.25,8,6.75,8.25],"rotation":180,"texture":"#4"}}},{"from":[-1.69687,24.90038,16.92632],"to":[-1.43896,27.47851,17.43916],"rotation":{"angle":-22.5,"axis":"x","origin":[9.18805,6.4375,8]},"faces":{"east":{"uv":[12.5,7.5,13,8],"texture":"#4"},"west":{"uv":[7.25,4,7.75,6],"texture":"#4"},"up":{"uv":[3.5,4.25,4,4.75],"rotation":180,"texture":"#4"},"down":{"uv":[6.25,8,6.75,8.25],"rotation":180,"texture":"#4"}}},{"from":[-1.69697,21.19092,-6.99076],"to":[-1.43906,23.76904,-6.47791],"rotation":{"angle":45,"axis":"x","origin":[9.18805,6.4375,8]},"faces":{"east":{"uv":[12.5,7.5,13,8],"texture":"#4"},"west":{"uv":[10.75,4.5,11.25,6.5],"texture":"#4"},"up":{"uv":[3.75,4.75,4.25,5.25],"texture":"#4"},"down":{"uv":[6.25,8,6.75,8.25],"rotation":180,"texture":"#4"}}},{"from":[-1.69697,19.88277,23.78606],"to":[-1.43906,22.4609,24.29891],"rotation":{"angle":-45,"axis":"x","origin":[9.18805,6.4375,8]},"faces":{"east":{"uv":[12.5,7.5,13,8],"texture":"#4"},"west":{"uv":[6.75,4.5,7.25,6.5],"texture":"#4"},"up":{"uv":[7.75,4.75,8.25,5.25],"rotation":180,"texture":"#4"},"down":{"uv":[6.25,8,6.75,8.25],"rotation":180,"texture":"#4"}}},{"from":[-1.69687,25.93303,15.89367],"to":[-1.43896,26.44587,18.47179],"rotation":{"angle":-22.5,"axis":"x","origin":[9.18805,6.4375,8]},"faces":{"north":{"uv":[6.75,8,7.25,8.5],"rotation":180,"texture":"#4"},"east":{"uv":[12.5,7.5,13,8],"rotation":270,"texture":"#4"},"south":{"uv":[5.25,5.5,5.75,6],"texture":"#4"},"west":{"uv":[0.5,4.75,1,6.75],"rotation":90,"texture":"#4"}}},{"from":[-1.69687,26.641,-0.76262],"to":[-1.43896,27.15384,1.81551],"rotation":{"angle":22.5,"axis":"x","origin":[9.18805,6.4375,8]},"faces":{"north":{"uv":[6.75,5.5,7.25,6],"texture":"#4"},"east":{"uv":[12.5,7.5,13,8],"rotation":90,"texture":"#4"},"south":{"uv":[6,8,6.5,8.5],"rotation":180,"texture":"#4"},"west":{"uv":[0.75,4.75,1.25,6.75],"rotation":270,"texture":"#4"}}},{"from":[-1.69697,27.94357,7.63594],"to":[-1.43906,28.45642,10.21406],"rotation":{"angle":0,"axis":"y","origin":[9.18805,6.4375,8]},"faces":{"north":{"uv":[4.25,8.25,4.75,8.75],"rotation":180,"texture":"#4"},"east":{"uv":[12.5,7.5,13,8],"texture":"#4"},"south":{"uv":[6.25,8.25,6.75,8.75],"rotation":180,"texture":"#4"},"west":{"uv":[7.25,9.5,7.75,11.5],"rotation":90,"texture":"#4"}}},{"from":[-1.43916,27.16875,8.71987],"to":[-1.02656,29.23125,9.13012],"rotation":{"angle":0,"axis":"y","origin":[9.18805,6.4375,8]},"faces":{"up":{"uv":[10,2.75,10.5,3.25],"rotation":180,"texture":"#4"},"down":{"uv":[5.75,8,6.25,8.25],"texture":"#4"}}},{"from":[-1.43916,25.86616,0.32132],"to":[-1.02656,27.92866,0.73157],"rotation":{"angle":22.5,"axis":"x","origin":[9.18805,6.4375,8]},"faces":{"up":{"uv":[11,2.5,11.5,3],"rotation":180,"texture":"#4"},"down":{"uv":[5.75,8,6.25,8.25],"texture":"#4"}}},{"from":[-1.43916,25.1582,16.97761],"to":[-1.02656,27.2207,17.38786],"rotation":{"angle":-22.5,"axis":"x","origin":[9.18805,6.4375,8]},"faces":{"up":{"uv":[8.5,4,9,4.5],"rotation":180,"texture":"#4"},"down":{"uv":[5.75,8,6.25,8.25],"texture":"#4"}}},{"from":[-1.43916,21.44873,-6.93946],"to":[-1.02656,23.51123,-6.52921],"rotation":{"angle":45,"axis":"x","origin":[9.18805,6.4375,8]},"faces":{"up":{"uv":[3.25,4.25,3.75,4.75],"texture":"#4"},"down":{"uv":[5.75,8,6.25,8.25],"texture":"#4"}}},{"from":[-1.43916,25.98432,16.15148],"to":[-1.02656,26.39457,18.21398],"rotation":{"angle":-22.5,"axis":"x","origin":[9.18805,6.4375,8]},"faces":{"north":{"uv":[3,8,3.5,8.5],"rotation":180,"texture":"#4"},"south":{"uv":[3.25,4.75,3.75,5.25],"texture":"#4"}}},{"from":[-1.43916,20.14058,23.83736],"to":[-1.02656,22.20308,24.24761],"rotation":{"angle":-45,"axis":"x","origin":[9.18805,6.4375,8]},"faces":{"up":{"uv":[3.25,4.25,3.75,4.75],"rotation":180,"texture":"#4"},"down":{"uv":[5.75,8,6.25,8.25],"texture":"#4"}}},{"from":[-1.43916,26.69229,-0.5048],"to":[-1.02656,27.10254,1.5577],"rotation":{"angle":22.5,"axis":"x","origin":[9.18805,6.4375,8]},"faces":{"north":{"uv":[3.25,4.75,3.75,5.25],"texture":"#4"},"south":{"uv":[3,8,3.5,8.5],"rotation":180,"texture":"#4"}}},{"from":[-1.43916,27.99487,7.89375],"to":[-1.02656,28.40512,9.95625],"rotation":{"angle":0,"axis":"y","origin":[9.18805,6.4375,8]},"faces":{"north":{"uv":[3.25,5.25,3.75,5.75],"texture":"#4"},"south":{"uv":[3.25,5.25,3.75,5.75],"texture":"#4"}}},{"from":[0.55,22.75,5.399],"to":[3.45,24.5,10.601],"faces":{"north":{"uv":[7.5,8.5,9,7.25],"rotation":180,"texture":"#4"},"south":{"uv":[7.5,8.5,9,7.25],"rotation":180,"texture":"#4"}}},{"from":[-1.75,26.85,6],"to":[10.95,27.55,8.4],"faces":{"up":{"uv":[10,4.25,11,5.25],"rotation":180,"texture":"#4"}}},{"from":[10.95,26.85,6.5],"to":[12.75,27.55,8],"faces":{"up":{"uv":[9.5,4.25,10.5,5.25],"rotation":180,"texture":"#5"}}},{"from":[-2.35,26.8,5.4],"to":[14.85,27.5,10.6],"faces":{"up":{"uv":[0,15,1,16],"texture":"#6"}}},{"from":[12.75,26.85,6.8],"to":[14.15,27.55,7.7],"faces":{"up":{"uv":[9.5,4.25,10.5,5.25],"rotation":180,"texture":"#5"}}}]}