{"credit":"thebradqq's guns","textures":{"0":"mgs:gun/makarovdetails","1":"mgs:gun/makarovplastic_cross","2":"mgs:gun/metal_bright","3":"mgs:gun/metal_dark","4":"mgs:misc/reticles"},"gui_light":"front","display":{"thirdperson_righthand":{"rotation":[0,90,0],"translation":[0,-0.5,3.75],"scale":[0.35,0.35,0.35]},"thirdperson_lefthand":{"rotation":[90,90,45],"translation":[-2,-2,6],"scale":[0.35,0.35,0.35]},"firstperson_righthand":{"rotation":[0,90,0],"translation":[-3.25,3.5,6],"scale":[0.35,0.35,0.35]},"firstperson_lefthand":{"translation":[12,-2,0],"scale":[0,0,0]},"ground":{"translation":[0,3,0],"scale":[0.35,0.35,0.35]},"gui":{"rotation":[0,0,40],"translation":[-4.25,-3.75,0],"scale":[0.7,0.7,0.7]},"head":{"scale":[0.7,0.7,0.7]},"fixed":{"rotation":[0,180,0],"translation":[7.25,0.25,-2],"scale":[0.7,0.7,0.7]}},"elements":[{"from":[11,11.35,7.84087],"to":[27.3,11.6,8.15913],"rotation":{"angle":0,"axis":"y","origin":[16.8,12.15,8]},"faces":{"east":{"uv":[11,5,11.5,5.5],"rotation":180,"texture":"#3"},"up":{"uv":[2,1.75,5.5,2.25],"texture":"#2"},"down":{"uv":[15.75,15.75,16,16],"rotation":180,"texture":"#3"}}},{"from":[11,12.7,7.84087],"to":[27.301,12.95,8.15913],"rotation":{"angle":0,"axis":"y","origin":[16.8,12.15,8]},"faces":{"east":{"uv":[3,4.25,3.5,4.75],"texture":"#3"},"up":{"uv":[9.5,4.25,10,5],"texture":"#2"},"down":{"uv":[15.75,15.75,16,16],"texture":"#3"}}},{"from":[10.85,12.9,7.7613],"to":[27.2,13.35,8.2387],"rotation":{"angle":0,"axis":"x","origin":[18.5,12.15,8]},"faces":{"east":{"uv":[6.25,4.5,6.75,5.25],"texture":"#3"},"south":{"uv":[0,4.75,13.5,5.75],"texture":"#3"},"west":{"uv":[10.25,7.25,11,7.75],"texture":"#3"},"up":{"uv":[4.25,15.25,12.5,16],"rotation":180,"texture":"#2"}}},{"from":[10.875,13.35,7.82125],"to":[27.2,13.5,8.17875],"rotation":{"angle":0,"axis":"x","origin":[18.5,12.25,7.95]},"faces":{"north":{"uv":[6,5,14.25,5.5],"texture":"#2"},"east":{"uv":[5.75,5.25,6.25,5.75],"texture":"#2"},"south":{"uv":[6.25,5,14.5,5.5],"texture":"#2"},"west":{"uv":[6,5.25,6.5,5.75],"texture":"#2"},"up":{"uv":[0,3.5,16,4],"rotation":180,"texture":"#2"}}},{"from":[26.5,13.5,7.92125],"to":[27.2,13.725,8.07875],"rotation":{"angle":0,"axis":"x","origin":[18.5,12.4,7.95]},"faces":{"north":{"uv":[6,5.25,7,5.75],"texture":"#2"},"east":{"uv":[5.75,4.75,6,5.25],"texture":"#2"},"south":{"uv":[6,5.25,7,5.75],"texture":"#2"},"west":{"uv":[6,5.25,6.5,5.75],"texture":"#2"},"up":{"uv":[6,4.75,7,5.25],"texture":"#2"}}},{"from":[11.8,13.1,7.32125],"to":[12.5,13.575,8.67875],"rotation":{"angle":0,"axis":"x","origin":[3.8,12.3,8.05]},"faces":{"north":{"uv":[8.5,11.5,9.25,12.25],"rotation":180,"texture":"#3"},"east":{"uv":[8.5,11.75,10,12.5],"rotation":180,"texture":"#3"},"south":{"uv":[8.5,11.5,9.25,12.25],"rotation":180,"texture":"#3"},"west":{"uv":[8.5,11.5,10,12.25],"rotation":180,"texture":"#3"},"up":{"uv":[7.75,4.5,9.25,5.25],"rotation":90,"texture":"#3"}}},{"from":[11.8,13.575,7.32125],"to":[12.2,13.725,7.92875],"rotation":{"angle":0,"axis":"x","origin":[3.8,12.75,8.05]},"faces":{"north":{"uv":[4.5,15.75,5,16],"rotation":180,"texture":"#3"},"east":{"uv":[4.5,15.75,5,16],"rotation":180,"texture":"#3"},"south":{"uv":[10.5,9.5,11,9.75],"rotation":180,"texture":"#3"},"west":{"uv":[8.5,12.25,9.25,12.5],"rotation":180,"texture":"#3"},"up":{"uv":[7.75,4.5,8.5,5],"rotation":90,"texture":"#3"}}},{"from":[11.8,13.575,8.07125],"to":[12.2,13.725,8.67875],"rotation":{"angle":0,"axis":"x","origin":[3.8,12.75,7.95]},"faces":{"north":{"uv":[10.5,9.5,11,9.75],"rotation":180,"texture":"#3"},"east":{"uv":[4.5,15.75,5,16],"rotation":180,"texture":"#3"},"south":{"uv":[4.5,15.75,5,16],"rotation":180,"texture":"#3"},"west":{"uv":[8.5,12.25,9.25,12.5],"rotation":180,"texture":"#3"},"up":{"uv":[7.75,4.5,8.5,5],"rotation":90,"texture":"#3"}}},{"from":[10.55,11.9113,6.8],"to":[27.2,12.38869,7.25],"rotation":{"angle":0,"axis":"x","origin":[18.5,12.15,8]},"faces":{"north":{"uv":[0,10.75,8.25,11.5],"rotation":180,"texture":"#3"},"east":{"uv":[7,4.75,7.5,5.5],"rotation":90,"texture":"#3"},"west":{"uv":[15.75,15.75,16,16],"rotation":180,"texture":"#3"}}},{"from":[11,11.9113,6.8],"to":[27.2005,12.38869,7.25],"rotation":{"angle":-22.5,"axis":"x","origin":[18.5,12.15,8]},"faces":{"north":{"uv":[0,9.75,8.25,10.5],"rotation":180,"texture":"#3"},"east":{"uv":[0,5,0.5,5.75],"rotation":90,"texture":"#3"}}},{"from":[11,10.95,7.76131],"to":[27.2,11.4,8.2387],"rotation":{"angle":0,"axis":"x","origin":[18.5,12.15,8]},"faces":{"east":{"uv":[0,5.25,0.5,6],"rotation":90,"texture":"#3"},"down":{"uv":[15.75,15.75,16,16],"rotation":180,"texture":"#3"}}},{"from":[11,10.95,7.76131],"to":[27.2,11.4,8.2387],"rotation":{"angle":22.5,"axis":"x","origin":[18.5,12.15,8]},"faces":{"east":{"uv":[0,5.25,0.5,6],"rotation":90,"texture":"#3"},"down":{"uv":[15.75,15.75,16,16],"rotation":180,"texture":"#3"}}},{"from":[11,10.95,7.76131],"to":[27.2,11.4,8.2387],"rotation":{"angle":-45,"axis":"x","origin":[18.5,12.15,8]},"faces":{"east":{"uv":[0,5.25,0.5,6],"rotation":90,"texture":"#3"},"down":{"uv":[0,8,8.25,8.25],"rotation":180,"texture":"#3"}}},{"from":[11,11.9113,6.8],"to":[27.2,12.38869,7.25],"rotation":{"angle":-45,"axis":"x","origin":[18.5,12.15,8]},"faces":{"north":{"uv":[0,8,8.25,8.25],"rotation":180,"texture":"#3"},"east":{"uv":[0,5.25,0.5,6],"rotation":90,"texture":"#3"}}},{"from":[11,10.95,7.76131],"to":[27.2,11.4,8.2387],"rotation":{"angle":-22.5,"axis":"x","origin":[18.5,12.15,8]},"faces":{"east":{"uv":[0,5.25,0.5,6],"rotation":90,"texture":"#3"},"down":{"uv":[15.75,15.75,16,16],"rotation":180,"texture":"#3"}}},{"from":[11,11.9113,8.75],"to":[27.2005,12.38869,9.2],"rotation":{"angle":22.5,"axis":"x","origin":[18.5,12.15,8]},"faces":{"east":{"uv":[0,5,0.5,5.75],"rotation":270,"texture":"#3"},"south":{"uv":[0,9.75,8.25,10.5],"rotation":180,"texture":"#3"}}},{"from":[10.55,11.9113,8.75],"to":[27.2,12.38869,9.2],"rotation":{"angle":0,"axis":"x","origin":[18.5,12.15,8]},"faces":{"east":{"uv":[7,4.75,7.5,5.5],"rotation":270,"texture":"#3"},"south":{"uv":[0,10.75,8.25,11.5],"rotation":180,"texture":"#3"},"west":{"uv":[15.75,15.75,16,16],"rotation":180,"texture":"#3"},"up":{"uv":[0,4.5,13.5,5.5],"rotation":180,"texture":"#3"}}},{"from":[16.6817,12.41131,8.75],"to":[17.4067,12.5887,9.1],"rotation":{"angle":-45,"axis":"z","origin":[16.825,12.35,8.975]},"faces":{"south":{"uv":[4.5,4.75,5.25,5.25],"texture":"#3"},"up":{"uv":[4,4.5,4.75,5.25],"rotation":180,"texture":"#3"}}},{"from":[16.6817,12.9,8.26131],"to":[17.4067,13.25,8.4387],"rotation":{"angle":45,"axis":"y","origin":[16.825,13.125,8.2]},"faces":{"south":{"uv":[7,12.25,7.75,13],"rotation":180,"texture":"#3"},"up":{"uv":[6.5,4.5,7.25,5],"rotation":180,"texture":"#2"}}},{"from":[18.9433,12.41131,8.75],"to":[19.6683,12.5887,9.1],"rotation":{"angle":45,"axis":"z","origin":[19.525,12.35,8.975]},"faces":{"south":{"uv":[4.5,4.75,5.25,5.25],"texture":"#3"},"up":{"uv":[4,4.5,4.75,5.25],"rotation":180,"texture":"#3"}}},{"from":[18.9433,12.9,8.28631],"to":[19.6683,13.25,8.4387],"rotation":{"angle":-45,"axis":"y","origin":[19.525,13.125,8.2]},"faces":{"south":{"uv":[7,12.25,7.75,13],"rotation":180,"texture":"#3"},"up":{"uv":[6.5,4.5,7.25,5],"rotation":180,"texture":"#2"}}},{"from":[9.925,11.3613,6.575],"to":[27.0005,12.1387,7.425],"rotation":{"angle":0,"axis":"x","origin":[18.5,11.8,7.875]},"faces":{"north":{"uv":[0,12,8.25,13],"rotation":180,"texture":"#3"},"east":{"uv":[0,5.25,0.25,6],"texture":"#3"}}},{"from":[13.45,11.8863,6.574],"to":[13.65,12.0863,7.424],"rotation":{"angle":0,"axis":"x","origin":[22.025,12.325,7.875]},"faces":{"north":{"uv":[4.5,15,5.5,16],"rotation":180,"texture":"#0"}}},{"from":[12.75,10.6863,8.074],"to":[13.95,12.0863,9.426],"rotation":{"angle":0,"axis":"z","origin":[12.85,11.3863,6.999]},"faces":{"south":{"uv":[8.5,0,13,3.5],"texture":"#0"}}},{"from":[13.95,10.6863,6.574],"to":[16.2,12.0863,9.426],"rotation":{"angle":0,"axis":"z","origin":[16.05,11.3863,6.999]},"faces":{"north":{"uv":[0,0,8.5,3.5],"texture":"#0"},"south":{"uv":[8.5,0,0,3.5],"texture":"#0"}}},{"from":[9.925,11.3613,8.575],"to":[27.0005,12.1387,9.425],"rotation":{"angle":0,"axis":"x","origin":[18.5,11.8,8.125]},"faces":{"east":{"uv":[0,5.25,0.25,6],"texture":"#3"},"south":{"uv":[0,12,8.25,13],"rotation":180,"texture":"#3"}}},{"from":[9.9,10.6339,6.5755],"to":[23.2,11.5113,9.4245],"rotation":{"angle":0,"axis":"x","origin":[18.5,11.2726,7.8255]},"faces":{"north":{"uv":[0,11.25,7.75,12],"rotation":180,"texture":"#3"},"south":{"uv":[0,11.25,7.75,12],"rotation":180,"texture":"#3"},"down":{"uv":[15.75,15.75,16,16],"texture":"#3"}}},{"from":[9.225,10.6339,6.5755],"to":[9.925,11.1113,9.4245],"rotation":{"angle":0,"axis":"x","origin":[6.3,11.5726,7.8255]},"faces":{"north":{"uv":[0,11.25,1,11.75],"rotation":180,"texture":"#3"},"south":{"uv":[0,11.25,1,11.75],"rotation":180,"texture":"#3"},"west":{"uv":[0,4.5,4.25,5.25],"texture":"#3"},"down":{"uv":[15.75,15.75,16,16],"texture":"#3"}}},{"from":[9.55848,10.79606,6.5755],"to":[9.95848,11.87346,7.5255],"rotation":{"angle":-22.5,"axis":"z","origin":[10.40848,11.08476,8]},"faces":{"north":{"uv":[0,11.5,0.5,13],"rotation":180,"texture":"#3"},"south":{"uv":[10.25,7.25,12,7.75],"rotation":270,"texture":"#3"},"west":{"uv":[7.75,4.25,9.75,5.25],"rotation":270,"texture":"#3"}}},{"from":[9.55848,10.79606,8.4745],"to":[9.95848,11.87346,9.4245],"rotation":{"angle":-22.5,"axis":"z","origin":[10.40848,11.08476,8]},"faces":{"north":{"uv":[10.25,7.25,12,7.75],"rotation":90,"texture":"#3"},"south":{"uv":[0,11.5,0.5,13],"rotation":180,"texture":"#3"},"west":{"uv":[7.75,4.25,9.75,5.25],"rotation":90,"texture":"#3"}}},{"from":[10.08018,11.53594,8.4752],"to":[10.68018,12.76334,9.04236],"rotation":{"angle":-45,"axis":"z","origin":[10.93018,12.02464,8.0005]},"faces":{"north":{"uv":[10.25,7.5,12,8.25],"rotation":90,"texture":"#3"},"south":{"uv":[0,11.25,1,12.25],"rotation":90,"texture":"#3"},"west":{"uv":[7.5,4.5,9.5,5.25],"rotation":90,"texture":"#3"},"up":{"uv":[0,4.5,0.75,5.25],"rotation":270,"texture":"#3"}}},{"from":[9.9245,11.05879,8.475],"to":[10.9245,12.38619,9.17751],"rotation":{"angle":0,"axis":"z","origin":[10.775,11.94749,8.0005]},"faces":{"north":{"uv":[10.25,7.5,12,8.25],"rotation":90,"texture":"#3"},"west":{"uv":[7.5,4.5,7.75,5.25],"rotation":90,"texture":"#3"},"up":{"uv":[8.5,4.5,9.5,5.25],"rotation":180,"texture":"#3"}}},{"from":[9.9245,11.05879,6.82249],"to":[10.9245,12.38619,7.525],"rotation":{"angle":0,"axis":"z","origin":[10.775,11.94749,7.9995]},"faces":{"south":{"uv":[10.25,7.5,12,8.25],"rotation":270,"texture":"#3"},"west":{"uv":[7.5,4.5,7.75,5.25],"rotation":270,"texture":"#3"},"up":{"uv":[8.5,4.5,9.5,5.25],"texture":"#3"}}},{"from":[10.849,11.04414,7.41642],"to":[11.549,12.92154,8.58358],"rotation":{"angle":0,"axis":"z","origin":[11.7,11.93284,6.94192]},"faces":{"east":{"uv":[15.75,15.75,16,16],"rotation":180,"texture":"#3"},"west":{"uv":[10.25,7.5,12,10.5],"texture":"#3"}}},{"from":[10.848,11.84414,7.7],"to":[11.548,12.44414,8.3],"rotation":{"angle":0,"axis":"z","origin":[11.7,12.63284,7.1255]},"faces":{"west":{"uv":[6,16,8.5,13.5],"rotation":180,"texture":"#0"}}},{"from":[10.08018,11.53594,6.9576],"to":[10.68018,12.76334,7.52476],"rotation":{"angle":-45,"axis":"z","origin":[10.93018,12.02464,7.9995]},"faces":{"north":{"uv":[0,11.25,1,12.25],"rotation":270,"texture":"#3"},"south":{"uv":[10.25,7.5,12,8.25],"rotation":270,"texture":"#3"},"west":{"uv":[7.75,4.5,9.75,5.25],"rotation":270,"texture":"#3"},"up":{"uv":[0,4.5,0.75,5.25],"rotation":270,"texture":"#3"}}},{"from":[9.5283,11.08648,6.5755],"to":[9.9057,11.28648,7.5245],"rotation":{"angle":22.5,"axis":"z","origin":[9.817,10.43648,8]},"faces":{"north":{"uv":[0,11.5,0.5,11.75],"rotation":180,"texture":"#3"},"south":{"uv":[12,10.75,12.25,11],"rotation":270,"texture":"#3"},"up":{"uv":[5,4.25,6.25,4.75],"rotation":270,"texture":"#3"}}},{"from":[9.5283,11.08648,8.4755],"to":[9.9057,11.28648,9.4245],"rotation":{"angle":22.5,"axis":"z","origin":[9.817,10.43648,8]},"faces":{"north":{"uv":[12,10.75,12.25,11],"rotation":270,"texture":"#3"},"south":{"uv":[0,11.5,0.5,11.75],"rotation":180,"texture":"#3"},"up":{"uv":[5,4.25,6.25,4.75],"rotation":270,"texture":"#3"}}},{"from":[8.3283,10.58648,7.538],"to":[9.7057,11.08648,8.462],"rotation":{"angle":-22.5,"axis":"z","origin":[9.817,10.43648,7.0625]},"faces":{"north":{"uv":[13.5,6,16,7],"texture":"#0"},"south":{"uv":[13.5,6,16,7],"texture":"#0"},"west":{"uv":[12,3.5,14,5.5],"rotation":90,"texture":"#0"},"up":{"uv":[4,0,6,2],"texture":"#1"}}},{"from":[9.6283,10.61148,7.538],"to":[10.7057,11.11148,8.462],"rotation":{"angle":0,"axis":"z","origin":[9.617,10.46148,7.0625]},"faces":{"up":{"uv":[6,0,8,2],"texture":"#1"}}},{"from":[8.49903,10.84477,7.53775],"to":[9.57643,11.14477,8.46225],"rotation":{"angle":0,"axis":"z","origin":[9.98773,10.49477,7.06225]},"faces":{"north":{"uv":[13.5,6.5,16,7],"texture":"#0"},"south":{"uv":[13.5,6.5,16,7],"texture":"#0"},"west":{"uv":[13,3.5,14,5.5],"rotation":90,"texture":"#0"}}},{"from":[8.63445,11.16394,7.538],"to":[9.31185,11.46394,8.462],"rotation":{"angle":22.5,"axis":"z","origin":[10.12315,10.81394,7.0625]},"faces":{"north":{"uv":[13.5,6.5,16,7],"texture":"#0"},"south":{"uv":[13.5,6.5,16,7],"texture":"#0"},"west":{"uv":[14,3.5,15,5.5],"rotation":90,"texture":"#0"}}},{"from":[8.63742,11.51065,7.538],"to":[9.31482,11.81065,8.462],"rotation":{"angle":45,"axis":"z","origin":[10.12612,11.16065,7.0625]},"faces":{"north":{"uv":[13.5,6.5,16,7],"texture":"#0"},"south":{"uv":[13.5,6.5,16,7],"texture":"#0"},"west":{"uv":[15,3.5,16,5.5],"rotation":90,"texture":"#0"}}},{"from":[9.34619,9.99341,7.538],"to":[9.64619,10.67081,8.462],"rotation":{"angle":-22.5,"axis":"z","origin":[9.99619,11.48211,7.0625]},"faces":{"north":{"uv":[13.5,6.5,16,7],"rotation":90,"texture":"#0"},"east":{"uv":[2.5,5.5,3,6],"texture":"#0"},"south":{"uv":[13.5,6.5,16,7],"texture":"#0"},"down":{"uv":[15,3.5,16,5.5],"texture":"#0"}}},{"from":[9.2,9.85,6.8375],"to":[21.4,10.05,9.1625],"rotation":{"angle":0,"axis":"z","origin":[15.3,10.05,8.05]},"faces":{"north":{"uv":[2.75,9,3,13],"rotation":90,"texture":"#3"},"south":{"uv":[2.5,13,2.75,9],"rotation":90,"texture":"#3"},"west":{"uv":[9.25,4.25,11.25,4.5],"texture":"#3"},"down":{"uv":[15.75,15.75,16,16],"texture":"#3"}}},{"from":[14.6,6.65,6.8375],"to":[16.3,9.85,9.1625],"rotation":{"angle":0,"axis":"z","origin":[16.2,4.05,8.05]},"faces":{"north":{"uv":[4,10.5,6,11.75],"rotation":90,"texture":"#3"},"east":{"uv":[10.25,8,11.75,10],"rotation":180,"texture":"#3"},"south":{"uv":[4,10.5,6,11.75],"rotation":270,"texture":"#3"},"down":{"uv":[15.75,15.75,16,16],"rotation":90,"texture":"#3"}}},{"from":[9.34968,8.90251,6.8377],"to":[12.04968,10.00251,9.1623],"rotation":{"angle":-22.5,"axis":"z","origin":[10.39968,9.50251,8.0002]},"faces":{"north":{"uv":[4,11,6,11.75],"texture":"#3"},"south":{"uv":[4,11,6,11.75],"texture":"#3"},"down":{"uv":[15.75,15.75,16,16],"texture":"#3"}}},{"from":[10.25679,8.1954,7.3377],"to":[11.45679,8.5954,8.6623],"rotation":{"angle":-45,"axis":"z","origin":[11.20679,8.7954,8.0002]},"faces":{"north":{"uv":[15.75,15.75,16,16],"texture":"#3"},"south":{"uv":[15.75,15.75,16,16],"texture":"#3"},"down":{"uv":[7.5,7.5,9.25,8.75],"texture":"#3"}}},{"from":[9.15679,8.3954,7.3377],"to":[10.85679,8.7954,8.6623],"rotation":{"angle":-22.5,"axis":"z","origin":[11.20679,8.7954,8.0002]},"faces":{"north":{"uv":[15.75,15.75,16,16],"texture":"#3"},"south":{"uv":[15.75,15.75,16,16],"texture":"#3"},"west":{"uv":[7.75,7.25,9.5,7.75],"texture":"#3"},"down":{"uv":[7.5,7.5,9.25,8.75],"texture":"#3"}}},{"from":[9.2,9.35,6.8375],"to":[14.6,9.85,9.1625],"rotation":{"angle":0,"axis":"z","origin":[10.25,9.95,8]},"faces":{"north":{"uv":[3.75,10.25,6.75,11],"texture":"#3"},"south":{"uv":[3.75,10.25,6.75,11],"texture":"#3"},"west":{"uv":[9.25,4.5,11.25,5],"texture":"#3"}}},{"from":[9.16423,3.96745,7.038],"to":[13.58923,7.26745,8.962],"rotation":{"angle":-22.5,"axis":"z","origin":[13.96423,1.46745,8.0505]},"faces":{"north":{"uv":[3.75,8,4.75,10],"texture":"#3"},"east":{"uv":[4.25,7.75,5,9.5],"texture":"#3"},"south":{"uv":[3.75,8,4.75,10],"texture":"#3"}}},{"from":[8.96423,0.86745,6.8375],"to":[13.18923,7.26745,9.1625],"rotation":{"angle":-22.5,"axis":"z","origin":[13.76423,1.46745,8.05]},"faces":{"north":{"uv":[14.5,2.5,0.5,14.5],"texture":"#1"},"east":{"uv":[14,0,15.9,1.5],"rotation":90,"texture":"#1"},"south":{"uv":[0.5,2.5,14.5,14.5],"texture":"#1"},"west":{"uv":[0,2.5,2.5,14.5],"rotation":180,"texture":"#1"}}},{"from":[10.88923,2.46745,6.837],"to":[12.96423,4.56745,9.164],"rotation":{"angle":0,"axis":"y","origin":[12.17673,3.76745,8]},"faces":{"north":{"uv":[0,4,8,12],"texture":"#0"},"south":{"uv":[0,4,8,12],"texture":"#0"}}},{"from":[8.76423,0.86745,7.1375],"to":[9.56423,7.26745,8.8625],"rotation":{"angle":-22.5,"axis":"z","origin":[13.56423,1.46745,8.05]},"faces":{"north":{"uv":[0,0,2,12],"rotation":180,"texture":"#1"},"south":{"uv":[0,0,2,12],"rotation":180,"texture":"#1"},"west":{"uv":[0,2.5,2.5,14.5],"rotation":180,"texture":"#1"}}},{"from":[8.7635,2.76745,7.5],"to":[9.5635,3.76745,8.5],"rotation":{"angle":-22.5,"axis":"z","origin":[13.56423,1.46745,7.8125]},"faces":{"west":{"uv":[3.5,12.5,0,16],"texture":"#0"}}},{"from":[13.58923,3.96745,7.388],"to":[13.98923,7.26745,8.612],"rotation":{"angle":-22.5,"axis":"z","origin":[14.06423,1.46745,8.1005]},"faces":{"north":{"uv":[3.75,8,4.75,10],"texture":"#3"},"east":{"uv":[4.25,7.75,5,9.5],"texture":"#3"},"south":{"uv":[3.75,8,4.75,10],"texture":"#3"}}},{"from":[15.55427,6.47924,7.3875],"to":[17.05427,8.47924,8.6125],"rotation":{"angle":22.5,"axis":"z","origin":[16.60427,6.87924,8]},"faces":{"north":{"uv":[4.5,10.75,6,12.25],"rotation":90,"texture":"#3"},"east":{"uv":[9.5,11,11,13],"texture":"#3"},"south":{"uv":[4.5,10.75,6,12.25],"rotation":270,"texture":"#3"},"down":{"uv":[3.75,8,4,8.25],"texture":"#3"}}},{"from":[16.55427,6.67924,7.387],"to":[16.85427,6.97924,8.613],"rotation":{"angle":0,"axis":"z","origin":[17.60427,7.07924,7.9995]},"faces":{"north":{"uv":[2,13,3,14],"rotation":270,"texture":"#0"},"south":{"uv":[2,13,3,14],"texture":"#0"}}},{"from":[12.4,-0.049,7.0375],"to":[14.7,5.351,8.9625],"rotation":{"angle":0,"axis":"z","origin":[15.4,-0.45,8.05]},"faces":{"north":{"uv":[3.75,11,4.75,13],"texture":"#3"},"east":{"uv":[3.75,10.5,4.25,12.5],"texture":"#3"},"south":{"uv":[3.75,11,4.75,13],"texture":"#3"},"down":{"uv":[15.75,15.75,16,16],"rotation":270,"texture":"#3"}}},{"from":[14.7,-0.05,7.3875],"to":[15,5.35,8.6125],"rotation":{"angle":0,"axis":"z","origin":[15.7,-0.45,8.1]},"faces":{"north":{"uv":[3.75,11,4.25,13],"texture":"#3"},"east":{"uv":[4,9.25,4.75,12.5],"texture":"#3"},"south":{"uv":[3.75,11,4.25,13],"texture":"#3"}}},{"from":[11.1,-0.05,6.8372],"to":[14.1,2.75,8.1628],"rotation":{"angle":0,"axis":"z","origin":[12.6,-1.45,8.0497]},"faces":{"north":{"uv":[16,7,6.5,2],"texture":"#1"},"east":{"uv":[14,0,15.9,1.5],"rotation":90,"texture":"#1"},"west":{"uv":[13.5,0,16,2.5],"texture":"#1"},"down":{"uv":[14,0,15.9,1.5],"rotation":90,"texture":"#1"}}},{"from":[9.1,1.625,6.8372],"to":[11.1,2.75,8.1628],"rotation":{"angle":0,"axis":"z","origin":[9.6,-1.45,8.0497]},"faces":{"north":{"uv":[6.5,6,0.5,4],"texture":"#1"},"west":{"uv":[0,0,2.5,2],"rotation":180,"texture":"#1"},"down":{"uv":[15.5,0,16,0.5],"texture":"#1"}}},{"from":[9.1,-0.05,8.3372],"to":[14.1,2.75,9.1628],"rotation":{"angle":0,"axis":"z","origin":[12.6,-1.45,8.0497]},"faces":{"east":{"uv":[14,0,15.9,1.5],"rotation":90,"texture":"#1"},"south":{"uv":[0.5,7,16,2],"texture":"#1"},"west":{"uv":[0,14,2.5,16],"rotation":180,"texture":"#1"},"down":{"uv":[14,0,15.9,1.5],"rotation":90,"texture":"#1"}}},{"from":[8.9,-0.05,7.1374],"to":[11.2,2.75,8.8626],"rotation":{"angle":0,"axis":"z","origin":[12.4,-1.45,8.0499]},"faces":{"north":{"uv":[7,0,9.5,2.5],"rotation":180,"texture":"#1"},"south":{"uv":[0,0,2.5,2.5],"rotation":180,"texture":"#1"},"west":{"uv":[0,11,2.5,16],"rotation":180,"texture":"#1"},"down":{"uv":[14,0,15.9,1.5],"rotation":90,"texture":"#1"}}},{"from":[13.4,2.75,6.8376],"to":[14.1,4.35,9.1624],"rotation":{"angle":0,"axis":"z","origin":[12.6,1.35,8.0501]},"faces":{"north":{"uv":[15,2.5,14,4],"texture":"#1"},"east":{"uv":[14,0,15.9,1.5],"rotation":90,"texture":"#1"},"south":{"uv":[15,2.5,14,4],"texture":"#1"}}},{"from":[13.12796,7.65263,6.8376],"to":[13.52796,8.35263,9.1624],"rotation":{"angle":-45,"axis":"z","origin":[11.92796,5.05263,8.0501]},"faces":{"north":{"uv":[15,2.5,14,4],"texture":"#1"},"east":{"uv":[13,0,14.9,1.5],"rotation":90,"texture":"#1"},"south":{"uv":[15,2.5,14,4],"texture":"#1"}}},{"from":[11,7.45,6.8376],"to":[11.8,8.85,9.1624],"rotation":{"angle":0,"axis":"z","origin":[12.6,5.35,8.0501]},"faces":{"north":{"uv":[0.5,0,2.4,1.5],"rotation":90,"texture":"#1"},"south":{"uv":[0.5,0,2.4,1.5],"rotation":90,"texture":"#1"},"west":{"uv":[0,0,2.5,1.5],"rotation":180,"texture":"#1"}}},{"from":[10.8,7.45,7.1376],"to":[11.6,8.85,8.8624],"rotation":{"angle":0,"axis":"z","origin":[12.4,5.35,8.0501]},"faces":{"north":{"uv":[0,0,2.5,1.5],"rotation":180,"texture":"#1"},"south":{"uv":[0,0,2.5,1.5],"rotation":180,"texture":"#1"},"west":{"uv":[0,0,2.5,1.5],"rotation":180,"texture":"#1"}}},{"from":[11.47314,7.02045,6.6874],"to":[15.90314,8.10045,9.3126],"rotation":{"angle":-22.5,"axis":"z","origin":[13.72314,7.92045,8.0498]},"faces":{"north":{"uv":[5.5,0,7.4,2.5],"rotation":90,"texture":"#1"},"east":{"uv":[7,0,8.9,1.5],"rotation":90,"texture":"#1"},"south":{"uv":[5.5,2.5,7.4,0],"rotation":90,"texture":"#1"},"down":{"uv":[15.5,15.5,16,16],"rotation":90,"texture":"#1"}}},{"from":[13.4,7.25,6.6876],"to":[15.8,9.05,9.3124],"rotation":{"angle":0,"axis":"z","origin":[13.65,8.15,8.05]},"faces":{"north":{"uv":[3,0,6.4,2.5],"rotation":90,"texture":"#1"},"east":{"uv":[6,0,7.9,1.5],"rotation":90,"texture":"#1"},"south":{"uv":[3,0,6.4,2.5],"rotation":90,"texture":"#1"}}},{"from":[11.3,7.95,6.6876],"to":[13.4,9.05,9.3124],"rotation":{"angle":0,"axis":"z","origin":[11.25,8.15,8.05]},"faces":{"north":{"uv":[0.5,0,2.4,2.5],"rotation":90,"texture":"#1"},"south":{"uv":[0.5,0,2.4,2.5],"rotation":90,"texture":"#1"},"west":{"uv":[0.5,0,2.4,1.5],"rotation":90,"texture":"#1"}}},{"from":[11.64822,8.47437,6.6874],"to":[13.14822,9.09937,9.3126],"rotation":{"angle":22.5,"axis":"z","origin":[11.59822,8.19937,8.0498]},"faces":{"north":{"uv":[0,0,1.4,1.5],"rotation":90,"texture":"#1"},"south":{"uv":[0,0,1.4,1.5],"rotation":90,"texture":"#1"},"up":{"uv":[0,8,1.9,9.5],"rotation":90,"texture":"#1"}}},{"from":[14.07357,9.06167,6.6875],"to":[15.57357,9.71167,9.3125],"rotation":{"angle":-22.5,"axis":"z","origin":[14.02357,8.81167,8.0499]},"faces":{"north":{"uv":[0,0,1.4,1.5],"rotation":90,"texture":"#1"},"south":{"uv":[0,0,1.4,1.5],"rotation":90,"texture":"#1"},"up":{"uv":[0,2,1.9,3.5],"rotation":90,"texture":"#1"}}},{"from":[12.68582,9.02403,6.6875],"to":[14.41418,9.62403,9.3125],"rotation":{"angle":0,"axis":"z","origin":[12.63582,8.72403,8.0499]},"faces":{"north":{"uv":[0,2,1.4,4],"rotation":90,"texture":"#1"},"south":{"uv":[0,2,1.4,4],"rotation":90,"texture":"#1"},"up":{"uv":[0,14.5,1.9,16],"rotation":90,"texture":"#1"}}},{"from":[8.9,-0.275,7.2375],"to":[11.4,-0.05,8.7625],"rotation":{"angle":0,"axis":"z","origin":[12.8,-2.275,7.65]},"faces":{"north":{"uv":[0,6.75,3.25,7.5],"texture":"#3"},"south":{"uv":[0,6.75,3.25,7.5],"texture":"#3"},"west":{"uv":[8.25,6.75,11.5,7.5],"texture":"#3"},"down":{"uv":[15.75,15.75,16,16],"rotation":270,"texture":"#3"}}},{"from":[15.5,9.55,7.2875],"to":[21.7,9.95,8.7125],"rotation":{"angle":0,"axis":"z","origin":[15.6,9.75,8]},"faces":{"north":{"uv":[4.75,11.5,9.25,12.25],"texture":"#3"},"south":{"uv":[4.75,11.5,9.25,12.25],"texture":"#3"},"down":{"uv":[15.75,15.75,16,16],"texture":"#3"}}},{"from":[18,9.35,7.6375],"to":[19.1,9.65,8.3625],"rotation":{"angle":0,"axis":"z","origin":[13.1,9.45,7.75]},"faces":{"north":{"uv":[1.25,5,2.25,5.25],"rotation":270,"texture":"#3"},"east":{"uv":[10.25,8,11.25,8.75],"texture":"#3"},"south":{"uv":[1.25,5,2.25,5.25],"rotation":270,"texture":"#3"},"west":{"uv":[15.75,15.75,16,16],"rotation":270,"texture":"#3"}}},{"from":[18.7,8.55,7.6375],"to":[19.1,9.35,8.3625],"rotation":{"angle":0,"axis":"z","origin":[13.1,9.15,7.75]},"faces":{"north":{"uv":[1.25,4.75,2.25,5.25],"rotation":270,"texture":"#3"},"east":{"uv":[10.25,8,11.25,8.75],"texture":"#3"},"south":{"uv":[1.25,4.75,2.25,5.25],"rotation":90,"texture":"#3"},"west":{"uv":[8.25,8,9.25,8.75],"texture":"#3"}}},{"from":[18.81491,7.97231,7.6375],"to":[19.21491,8.67231,8.3625],"rotation":{"angle":22.5,"axis":"z","origin":[19.06491,8.32231,7.75]},"faces":{"north":{"uv":[1.25,4.75,2.25,5.25],"rotation":270,"texture":"#3"},"east":{"uv":[10.25,5.5,11.25,6.25],"rotation":180,"texture":"#3"},"south":{"uv":[1.25,4.75,2.25,5.25],"rotation":90,"texture":"#3"},"west":{"uv":[8.25,8,9.25,8.75],"rotation":180,"texture":"#3"}}},{"from":[19.14214,7.48257,7.6375],"to":[19.54214,8.18257,8.3625],"rotation":{"angle":45,"axis":"z","origin":[19.39214,7.83257,7.75]},"faces":{"north":{"uv":[14.5,4.5,15.5,5],"rotation":270,"texture":"#3"},"east":{"uv":[10.25,4.75,11.25,5.5],"rotation":180,"texture":"#3"},"south":{"uv":[15.5,4.5,14.5,5],"rotation":90,"texture":"#3"},"west":{"uv":[15.75,15.75,16,16],"rotation":180,"texture":"#3"}}},{"from":[19.53188,7.25534,7.6375],"to":[20.23188,7.65534,8.3625],"rotation":{"angle":-22.5,"axis":"z","origin":[19.88188,7.50534,7.75]},"faces":{"north":{"uv":[10.25,4.5,11.25,5],"texture":"#3"},"east":{"uv":[10.25,4.75,11.25,5.25],"texture":"#3"},"south":{"uv":[10.25,4.5,11.25,5],"texture":"#3"},"up":{"uv":[10.5,4.25,11.5,5],"rotation":90,"texture":"#3"},"down":{"uv":[15.75,15.75,16,16],"rotation":180,"texture":"#3"}}},{"from":[19.71802,12.69767,7.638],"to":[20.31802,13.29767,8.362],"rotation":{"angle":-45,"axis":"z","origin":[14.81802,13.09767,7.7505]},"faces":{"north":{"uv":[1.25,5,1.5,5.25],"rotation":270,"texture":"#3"},"south":{"uv":[1.25,5,1.5,5.25],"rotation":270,"texture":"#3"},"down":{"uv":[5.75,8,6.75,8.5],"rotation":270,"texture":"#3"}}},{"from":[18.42426,8.92574,7.638],"to":[18.72426,9.22574,8.362],"rotation":{"angle":0,"axis":"z","origin":[13.52426,9.32574,7.7505]},"faces":{"north":{"uv":[1.25,5,1.5,5.25],"rotation":270,"texture":"#3"},"south":{"uv":[1.25,5,1.5,5.25],"rotation":270,"texture":"#3"},"down":{"uv":[15.75,15.75,16,16],"rotation":270,"texture":"#3"}}},{"from":[16.3,6.35,7.4875],"to":[20.69619,6.65,8.5125],"rotation":{"angle":0,"axis":"z","origin":[20.3481,8.1,8]},"faces":{"north":{"uv":[5.25,7.25,8.75,7.75],"texture":"#3"},"south":{"uv":[5.25,7.25,8.75,7.75],"texture":"#3"},"up":{"uv":[10.75,1,12.25,6.5],"rotation":90,"texture":"#3"},"down":{"uv":[3.75,8,4.75,12],"rotation":270,"texture":"#3"}}},{"from":[21.7981,7.7519,7.4875],"to":[22.0981,8.44809,8.5125],"rotation":{"angle":0,"axis":"z","origin":[20.3481,8.1,8]},"faces":{"north":{"uv":[0,7.25,0.5,7.75],"rotation":90,"texture":"#3"},"east":{"uv":[4.25,11,5.25,11.75],"texture":"#3"},"south":{"uv":[0,7.25,0.5,7.75],"rotation":270,"texture":"#3"},"west":{"uv":[8.75,8,10.25,8.75],"texture":"#3"}}},{"from":[16.3019,7.7519,7.4875],"to":[16.9019,8.44809,8.5125],"rotation":{"angle":0,"axis":"z","origin":[18.3519,8.1,8]},"faces":{"north":{"uv":[14.5,4.5,13.75,5.5],"rotation":270,"texture":"#3"},"east":{"uv":[10.25,8,11.75,8.75],"texture":"#3"},"south":{"uv":[14.5,4.5,13.75,5.5],"rotation":90,"texture":"#3"}}},{"from":[21.7981,7.7519,7.4875],"to":[22.0981,8.44809,8.5125],"rotation":{"angle":-45,"axis":"z","origin":[20.3481,8.1,8]},"faces":{"north":{"uv":[3.5,7.25,4,7.75],"rotation":90,"texture":"#3"},"east":{"uv":[3.5,15.25,4.5,16],"rotation":180,"texture":"#3"},"south":{"uv":[3.5,7.25,4,7.75],"rotation":270,"texture":"#3"},"west":{"uv":[10.25,4.75,11.75,5.5],"rotation":180,"texture":"#3"}}},{"from":[16.4019,7.7519,7.488],"to":[16.9019,8.44809,8.512],"rotation":{"angle":45,"axis":"z","origin":[18.3519,8.1,8.0005]},"faces":{"north":{"uv":[10.25,4.25,11,5],"rotation":270,"texture":"#3"},"east":{"uv":[10.25,4.75,11.75,5.5],"rotation":180,"texture":"#3"},"south":{"uv":[10.25,4.25,11,5],"rotation":90,"texture":"#3"}}},{"from":[21.7981,7.7519,7.4875],"to":[22.0981,8.44809,8.5125],"rotation":{"angle":45,"axis":"z","origin":[20.3481,8.1,8]},"faces":{"north":{"uv":[0,7.25,0.5,7.75],"rotation":90,"texture":"#3"},"south":{"uv":[0,7.25,0.5,7.75],"rotation":270,"texture":"#3"},"west":{"uv":[15.75,15.75,16,16],"texture":"#3"}}},{"from":[16.5019,7.7269,7.4875],"to":[16.9019,8.44809,8.5125],"rotation":{"angle":-45,"axis":"z","origin":[18.3519,8.1,8]},"faces":{"north":{"uv":[15.5,5,14.75,5.75],"rotation":270,"texture":"#3"},"east":{"uv":[15.75,15.75,16,16],"texture":"#3"},"south":{"uv":[14.75,5,14,5.75],"rotation":90,"texture":"#3"}}},{"from":[15.5019,7.6519,6.837],"to":[16.4019,8.64809,9.162],"rotation":{"angle":-45,"axis":"z","origin":[17.8519,8.1,8.0495]},"faces":{"north":{"uv":[4,11.25,6,12],"rotation":90,"texture":"#3"},"east":{"uv":[10.25,8,11.75,8.25],"texture":"#3"},"south":{"uv":[4,11.5,6,12.25],"rotation":270,"texture":"#3"}}},{"from":[15.6,9.55,6.6375],"to":[16.9,10.65,6.8625],"rotation":{"angle":0,"axis":"z","origin":[16.3519,8.1,7.05]},"faces":{"north":{"uv":[3,11.25,4.5,12.5],"rotation":180,"texture":"#3"},"east":{"uv":[3.75,4.75,4,6],"texture":"#3"},"west":{"uv":[3.75,4.75,4,6],"texture":"#3"},"down":{"uv":[5.25,8,6.75,8.25],"texture":"#3"}}},{"from":[10.4,0.15,6.4375],"to":[10.8,0.55,7.1625],"rotation":{"angle":-45,"axis":"z","origin":[10.6,0.35,6.9]},"faces":{"north":{"uv":[12.5,7.5,13.25,8.25],"texture":"#3"},"east":{"uv":[12.5,7.5,13.25,8.25],"texture":"#3"},"west":{"uv":[1.75,4.75,1,5.5],"texture":"#3"},"up":{"uv":[13,7.25,14,8],"rotation":90,"texture":"#2"},"down":{"uv":[8,8,11,8.25],"rotation":90,"texture":"#3"}}},{"from":[9.3,0.15,6.2125],"to":[10.7,0.5495,6.6125],"rotation":{"angle":-45,"axis":"z","origin":[10.6,0.35,6.35]},"faces":{"north":{"uv":[13,7.25,16,8],"texture":"#3"},"east":{"uv":[12.5,7.5,13.25,8.25],"texture":"#3"},"south":{"uv":[8,8,11,8.75],"rotation":180,"texture":"#3"},"west":{"uv":[14.25,4,15,4.75],"texture":"#3"},"up":{"uv":[13,7.25,16,8],"texture":"#2"},"down":{"uv":[8,8,11,8.75],"texture":"#3"}}},{"from":[9.2,0.15,6.4375],"to":[9.6,0.55,7.1625],"rotation":{"angle":-45,"axis":"z","origin":[10.6,0.35,6.9]},"faces":{"north":{"uv":[12.5,7.5,13.25,8.25],"texture":"#3"},"east":{"uv":[12.5,7.5,13.25,8.25],"texture":"#3"},"west":{"uv":[2.5,4,1.75,4.75],"texture":"#3"},"up":{"uv":[13,7.25,14,8],"rotation":270,"texture":"#2"},"down":{"uv":[8,8,11,8.75],"rotation":90,"texture":"#3"}}},{"from":[15.6,9.62097,6.46616],"to":[16.9,9.94597,6.79116],"rotation":{"angle":45,"axis":"x","origin":[16.25,9.77097,6.62866]},"faces":{"north":{"uv":[4.5,12.75,6,14.25],"texture":"#3"},"east":{"uv":[3.5,5.25,3.75,5.75],"rotation":270,"texture":"#3"},"west":{"uv":[3.5,5.25,3.75,5.75],"rotation":270,"texture":"#3"},"down":{"uv":[5.25,11,6.75,12],"texture":"#3"}}},{"from":[21.34,9.17,7.4876],"to":[21.79,9.75,8.5124],"rotation":{"angle":0,"axis":"z","origin":[20.3481,8.1,8.0001]},"faces":{"north":{"uv":[2.5,9.75,3,10.25],"rotation":180,"texture":"#3"},"east":{"uv":[4.25,10,5.25,10.75],"texture":"#3"},"south":{"uv":[2.5,9.75,3,10.25],"rotation":180,"texture":"#3"}}},{"from":[20.94,9.87,7.4876],"to":[21.09,10.075,8.5124],"rotation":{"angle":-22.5,"axis":"z","origin":[20.3481,7.9,8.0001]},"faces":{"north":{"uv":[2.5,9.75,3,10.25],"rotation":180,"texture":"#3"},"east":{"uv":[4.75,8.5,5.75,8.75],"texture":"#3"},"south":{"uv":[2.5,9.75,3,10.25],"rotation":180,"texture":"#3"}}},{"from":[20,6.35,7.4875],"to":[20.69619,6.65,8.5125],"rotation":{"angle":22.5,"axis":"z","origin":[20.3481,8.1,8]},"faces":{"north":{"uv":[6.25,7.25,6.75,7.75],"texture":"#3"},"south":{"uv":[6.25,7.25,6.75,7.75],"texture":"#3"},"up":{"uv":[10.5,4.25,12,5],"rotation":270,"texture":"#3"},"down":{"uv":[4,11.75,5,12.5],"rotation":270,"texture":"#3"}}},{"from":[18.00381,6.35,7.488],"to":[18.7,6.65,8.512],"rotation":{"angle":-22.5,"axis":"z","origin":[18.3519,8.1,8.0005]},"faces":{"north":{"uv":[10.25,4.25,11,4.75],"texture":"#3"},"south":{"uv":[10.25,4.25,11,4.75],"texture":"#3"},"up":{"uv":[10.5,4.25,12,5],"rotation":90,"texture":"#3"}}},{"from":[21.7981,7.7519,7.4877],"to":[22.0981,9.34809,8.5123],"rotation":{"angle":22.5,"axis":"z","origin":[20.3481,8.1,8.0002]},"faces":{"north":{"uv":[0,7.25,0.5,7.75],"rotation":90,"texture":"#3"},"east":{"uv":[5,8,6,9.5],"texture":"#3"},"south":{"uv":[0,7.25,0.5,7.75],"rotation":270,"texture":"#3"},"west":{"uv":[15.75,15.75,16,16],"texture":"#3"}}},{"from":[16.4019,7.6519,7.4877],"to":[16.9019,8.44809,8.5123],"rotation":{"angle":-22.5,"axis":"z","origin":[18.3519,8,8.0002]},"faces":{"north":{"uv":[14.25,4.75,13.5,5.5],"rotation":270,"texture":"#3"},"east":{"uv":[10.25,8,11.75,8.25],"texture":"#3"},"south":{"uv":[14.25,4.75,13.5,5.5],"rotation":90,"texture":"#3"}}},{"from":[15.93071,7.53277,6.8377],"to":[16.35571,8.42896,9.1623],"rotation":{"angle":-22.5,"axis":"z","origin":[17.8519,8,8.0502]},"faces":{"north":{"uv":[4,11.75,4.75,12],"rotation":90,"texture":"#3"},"east":{"uv":[10.25,8,11.75,8.75],"texture":"#3"},"south":{"uv":[4,11.75,4.75,12],"rotation":90,"texture":"#3"}}},{"from":[21.7981,7.7519,7.4875],"to":[22.0981,8.44809,8.5125],"rotation":{"angle":-22.5,"axis":"z","origin":[20.3481,8.1,8]},"faces":{"north":{"uv":[1,7.25,1.5,7.75],"rotation":90,"texture":"#3"},"east":{"uv":[4,12,5,12.75],"texture":"#3"},"south":{"uv":[1,7.25,1.5,7.75],"rotation":270,"texture":"#3"},"west":{"uv":[9.5,5.25,11,6],"rotation":180,"texture":"#3"}}},{"from":[16.6019,7.7519,7.4875],"to":[16.9019,8.44809,8.5125],"rotation":{"angle":22.5,"axis":"z","origin":[18.3519,8.1,8]},"faces":{"north":{"uv":[4.75,4.5,5.5,5],"rotation":270,"texture":"#3"},"east":{"uv":[10.25,5.5,11.75,6.25],"rotation":180,"texture":"#3"},"south":{"uv":[5.5,4.5,4.75,5],"rotation":90,"texture":"#3"}}},{"from":[20.00001,9.55,7.4876],"to":[20.6962,9.85,8.5124],"rotation":{"angle":-22.5,"axis":"z","origin":[20.3481,8.1,8.0001]},"faces":{"north":{"uv":[0,7.25,0.5,7.75],"rotation":180,"texture":"#3"},"south":{"uv":[0,7.25,0.5,7.75],"rotation":180,"texture":"#3"},"down":{"uv":[15.75,15.75,16,16],"texture":"#3"}}},{"from":[18.0038,9.55,7.4876],"to":[18.69999,10.05,8.5124],"rotation":{"angle":22.5,"axis":"z","origin":[18.3519,8.1,8.0001]},"faces":{"north":{"uv":[14.75,5,14,6],"rotation":180,"texture":"#3"},"south":{"uv":[14.75,5,14,6],"rotation":180,"texture":"#3"},"down":{"uv":[15.75,15.75,16,16],"texture":"#3"}}},{"from":[17.5038,9.55,6.8376],"to":[18.94999,10.15,9.1624],"rotation":{"angle":22.5,"axis":"z","origin":[17.8519,8.1,8.0501]},"faces":{"north":{"uv":[4,11.5,5,12],"texture":"#3"},"south":{"uv":[4,11.75,5,12.25],"texture":"#3"},"down":{"uv":[15.75,15.75,16,16],"texture":"#3"}}},{"from":[9.2,10.05,6.8375],"to":[24.4,11.1,9.1625],"rotation":{"angle":0,"axis":"z","origin":[17.1,10.3726,8.0495]},"faces":{"north":{"uv":[3.25,7.75,10.75,8.75],"texture":"#3"},"east":{"uv":[8.75,8,9.75,9],"texture":"#3"},"south":{"uv":[3.25,7.75,10.75,8.75],"texture":"#3"},"west":{"uv":[7.25,1.5,9,3.25],"rotation":90,"texture":"#3"},"up":{"uv":[8.5,4.5,10.25,11.25],"rotation":270,"texture":"#3"},"down":{"uv":[15.75,15.75,16,16],"texture":"#3"}}},{"from":[21.28212,10.06525,6.838],"to":[21.80712,10.44265,9.162],"rotation":{"angle":22.5,"axis":"z","origin":[21.88212,10.25395,8.05]},"faces":{"north":{"uv":[4.25,12.5,4.5,12.75],"texture":"#3"},"south":{"uv":[4.25,12.5,4.5,12.75],"texture":"#3"},"down":{"uv":[10,8,11,8.5],"rotation":90,"texture":"#3"}}},{"from":[21.58212,9.76525,7.288],"to":[22.90712,10.16765,8.712],"rotation":{"angle":22.5,"axis":"z","origin":[22.18212,9.95395,8]},"faces":{"north":{"uv":[4.75,11.5,5.75,12.25],"texture":"#3"},"south":{"uv":[4.75,11.5,5.75,12.25],"texture":"#3"},"down":{"uv":[4.25,8,5.25,8.75],"rotation":90,"texture":"#3"}}},{"from":[10.975,10.5547,8.14311],"to":[27,11.1047,8.75672],"rotation":{"angle":-22.5,"axis":"x","origin":[18.475,10.8934,8.59083]},"faces":{"east":{"uv":[3.5,11.25,4,12],"texture":"#3"},"down":{"uv":[8.25,8,16,8.5],"rotation":180,"texture":"#3"}}},{"from":[10.975,10.86135,8.50307],"to":[27,11.41135,9.11668],"rotation":{"angle":-45,"axis":"x","origin":[18.475,11.20005,8.95079]},"faces":{"east":{"uv":[3.5,11.25,4,12],"texture":"#3"},"down":{"uv":[0,7.5,7.75,8],"texture":"#3"}}},{"from":[10.975,11.17338,9.05471],"to":[27,11.48019,9.50471],"rotation":{"angle":22.5,"axis":"x","origin":[18.475,11.6211,9.16601]},"faces":{"east":{"uv":[3.5,11,4,12],"rotation":90,"texture":"#3"},"south":{"uv":[0,7,7.75,7.5],"rotation":180,"texture":"#3"}}},{"from":[10.975,10.87216,6.8878],"to":[27,11.42216,7.50141],"rotation":{"angle":45,"axis":"x","origin":[18.475,11.21086,7.03839]},"faces":{"east":{"uv":[3.5,11.25,4,12],"texture":"#3"},"down":{"uv":[0,7.5,7.75,8],"rotation":180,"texture":"#3"}}},{"from":[10.975,11.16473,6.4518],"to":[27,11.47154,6.9018],"rotation":{"angle":-22.5,"axis":"x","origin":[18.475,11.72609,6.7905]},"faces":{"north":{"uv":[0,7,7.75,7.5],"texture":"#3"},"east":{"uv":[3.5,11,4,12],"rotation":270,"texture":"#3"}}},{"from":[10.975,10.44685,7.22183],"to":[27,10.99685,7.83544],"rotation":{"angle":22.5,"axis":"x","origin":[18.475,10.78555,7.66955]},"faces":{"east":{"uv":[3.5,11.25,4,12],"texture":"#3"},"down":{"uv":[8.25,8,16,8.5],"texture":"#3"}}},{"from":[10.975,10.40915,7.6932],"to":[27,10.95915,8.3068],"rotation":{"angle":0,"axis":"x","origin":[18.475,10.74785,8.14092]},"faces":{"east":{"uv":[3.5,11.25,4,12],"texture":"#3"},"down":{"uv":[15.75,15.75,16,16],"texture":"#3"}}},{"from":[9.925,11.27277,6.16554],"to":[27,11.62277,6.64054],"rotation":{"angle":45,"axis":"x","origin":[18.5,11.21147,7.41554]},"faces":{"north":{"uv":[0,4.5,8.25,5.25],"rotation":180,"texture":"#3"},"east":{"uv":[0,4.75,0.25,5.5],"texture":"#3"},"west":{"uv":[7.25,4.25,7.5,4.5],"rotation":270,"texture":"#3"}}},{"from":[9.925,11.27277,9.35946],"to":[27,11.62277,9.83446],"rotation":{"angle":-45,"axis":"x","origin":[18.5,11.21147,8.58446]},"faces":{"east":{"uv":[0,4.75,0.25,5.5],"texture":"#3"},"south":{"uv":[0,4.5,8.25,5.25],"rotation":180,"texture":"#3"},"west":{"uv":[7.25,4.25,7.5,4.5],"rotation":270,"texture":"#3"}}},{"from":[22.95229,11.1018,6.576],"to":[24.85229,11.9292,9.424],"rotation":{"angle":22.5,"axis":"z","origin":[24.25229,11.4905,7.801]},"faces":{"north":{"uv":[1,11.5,0,12.25],"rotation":180,"texture":"#3"},"south":{"uv":[0,11.5,1,12.25],"rotation":180,"texture":"#3"},"down":{"uv":[7.5,7.75,8.5,9],"rotation":90,"texture":"#3"}}},{"from":[24.15229,10.7018,7.088],"to":[25.65229,11.1542,8.712],"rotation":{"angle":22.5,"axis":"z","origin":[25.45229,11.0905,7.813]},"faces":{"north":{"uv":[10,8,11,8.5],"texture":"#3"},"south":{"uv":[10,8,11,8.5],"texture":"#3"},"down":{"uv":[7.5,7.75,8.5,9],"rotation":90,"texture":"#3"}}},{"from":[10.85,12.9,7.7613],"to":[27.2,13.35,8.2387],"rotation":{"angle":-45,"axis":"x","origin":[18.5,12.15,8]},"faces":{"east":{"uv":[6.25,4.5,6.75,5.25],"texture":"#3"},"west":{"uv":[10.25,7.25,11,7.75],"texture":"#3"},"up":{"uv":[0,4.5,8.25,5.25],"rotation":180,"texture":"#3"}}},{"from":[19.45,12.9,7.76131],"to":[27.2,13.35,8.2387],"rotation":{"angle":45,"axis":"x","origin":[18.5,12.15,8]},"faces":{"east":{"uv":[6.25,4.5,6.75,5.25],"texture":"#3"},"west":{"uv":[5,4.25,4.25,5],"texture":"#3"},"up":{"uv":[8.5,4.5,12.25,5.25],"texture":"#3"}}},{"from":[15.4,12.9,7.8113],"to":[16.825,13.375,8.18869],"rotation":{"angle":45,"axis":"x","origin":[18.5,12.15,8]},"faces":{"north":{"uv":[13.5,6.5,14,7],"texture":"#0"},"east":{"uv":[13.5,6.5,14,7],"texture":"#0"},"south":{"uv":[13.5,6.5,14,7],"texture":"#0"},"west":{"uv":[13.5,6.5,14,7],"texture":"#0"},"up":{"uv":[13.5,6,16,7],"texture":"#0"}}},{"from":[11.6,11.1,6.476],"to":[13.525,12,6.951],"rotation":{"angle":-22.5,"axis":"z","origin":[12.3125,11.585,6.7125]},"faces":{"north":{"uv":[12,5.5,16,7.5],"texture":"#0"},"east":{"uv":[2.5,5.5,3,6],"texture":"#0"},"up":{"uv":[14.5,5.5,15,7],"texture":"#0"},"down":{"uv":[2.5,5.5,3,6],"texture":"#0"}}},{"from":[11.62665,11.304,6.475],"to":[11.99945,12.204,6.95],"rotation":{"angle":22.5,"axis":"z","origin":[11.81305,11.754,6.7125]},"faces":{"north":{"uv":[14.5,5.5,15.5,7.5],"texture":"#0"},"up":{"uv":[14.5,5.5,15,7],"texture":"#0"}}},{"from":[11.36305,11.5676,6.4745],"to":[12.16305,11.94039,6.9495],"rotation":{"angle":-22.5,"axis":"z","origin":[11.81305,11.754,6.7125]},"faces":{"north":{"uv":[12,6,14,7],"texture":"#0"},"west":{"uv":[14.5,5.5,15,7],"texture":"#0"}}},{"from":[11.363,11.5676,6.4765],"to":[11.663,11.94039,6.9515],"rotation":{"angle":22.5,"axis":"z","origin":[11.81305,11.754,6.7125]},"faces":{"north":{"uv":[12.5,6.5,13.5,7.5],"texture":"#0"},"west":{"uv":[2.5,5.5,3,6],"texture":"#0"}}},{"from":[12.6,11.4,6.3],"to":[13.525,11.7,6.475],"rotation":{"angle":-22.5,"axis":"z","origin":[12.3125,11.585,6.2375]},"faces":{"north":{"uv":[12,6.5,14.5,7.5],"texture":"#0"},"east":{"uv":[2.5,5.5,3,6],"texture":"#0"},"west":{"uv":[14.5,5.5,15,7],"texture":"#0"},"up":{"uv":[12,5.5,14.5,6.5],"texture":"#0"},"down":{"uv":[12,6.5,14.5,7.5],"texture":"#0"}}},{"from":[10.85,12.9,7.76131],"to":[16.8,13.35,8.2387],"rotation":{"angle":45,"axis":"x","origin":[18.5,12.15,8]},"faces":{"east":{"uv":[10,9.75,10.5,10.25],"texture":"#3"},"west":{"uv":[10.25,7.25,11,7.75],"texture":"#3"},"up":{"uv":[8.5,4.5,11.5,5.25],"texture":"#3"}}},{"from":[19.45,12.9,7.7613],"to":[27.2,13.35,8.2387],"rotation":{"angle":22.5,"axis":"x","origin":[18.5,12.15,8]},"faces":{"east":{"uv":[6.25,4.5,6.75,5.25],"texture":"#3"},"west":{"uv":[8.25,4.25,9,5],"texture":"#3"},"up":{"uv":[6.5,4.5,10.25,5.25],"texture":"#2"}}},{"from":[10.85,12.9,7.7613],"to":[16.9,13.35,8.2387],"rotation":{"angle":22.5,"axis":"x","origin":[18.5,12.15,8]},"faces":{"east":{"uv":[8.25,4.25,9,5],"texture":"#3"},"south":{"uv":[8.5,7.25,9.25,8],"texture":"#3"},"west":{"uv":[10.25,7.25,11,7.75],"texture":"#3"},"up":{"uv":[6.5,4.5,9.5,5.25],"texture":"#2"}}},{"from":[10.55,11.9113,6.8],"to":[27.2005,12.38869,7.25],"rotation":{"angle":22.5,"axis":"x","origin":[18.5,12.15,8]},"faces":{"north":{"uv":[0,11.25,8.25,12],"rotation":180,"texture":"#3"},"east":{"uv":[7,4.75,7.5,5.5],"rotation":90,"texture":"#3"},"west":{"uv":[0,11.25,0.5,12],"rotation":180,"texture":"#3"}}},{"from":[10.85,12.9,7.7613],"to":[27.2,13.35,8.2387],"rotation":{"angle":-22.5,"axis":"x","origin":[18.5,12.15,8]},"faces":{"east":{"uv":[6.25,4.5,6.75,5.25],"texture":"#3"},"west":{"uv":[10.25,7.25,11,7.75],"texture":"#3"},"up":{"uv":[6.5,4.5,14.75,5.25],"rotation":180,"texture":"#2"}}},{"from":[19.45,11.91131,8.75],"to":[27.2005,12.3887,9.2],"rotation":{"angle":-22.5,"axis":"x","origin":[18.5,12.15,8]},"faces":{"east":{"uv":[7,4.75,7.5,5.5],"rotation":270,"texture":"#3"},"south":{"uv":[0,11.25,3.75,12],"rotation":180,"texture":"#3"},"west":{"uv":[4,4.25,3.25,5],"rotation":90,"texture":"#3"}}},{"from":[10.55,11.91131,8.75],"to":[16.9005,12.3887,9.2],"rotation":{"angle":-22.5,"axis":"x","origin":[18.5,12.15,8]},"faces":{"east":{"uv":[8.5,4.5,9,5.25],"texture":"#3"},"south":{"uv":[0,11.25,3.75,12],"rotation":180,"texture":"#3"},"west":{"uv":[0,11.25,0.5,12],"rotation":180,"texture":"#3"},"up":{"uv":[6.75,1.75,7.5,2.5],"rotation":180,"texture":"#3"}}},{"from":[11,11.99087,7.2],"to":[27.3,12.30913,7.45],"rotation":{"angle":0,"axis":"x","origin":[16.8,12.15,8]},"faces":{"north":{"uv":[8,8,8.5,8.75],"rotation":180,"texture":"#3"},"east":{"uv":[13,4.25,13.5,4.75],"rotation":90,"texture":"#3"},"south":{"uv":[9.75,7.75,13.25,8.25],"texture":"#2"}}},{"from":[11,11.99087,8.55],"to":[27.3,12.30913,8.8],"rotation":{"angle":0,"axis":"x","origin":[16.8,12.15,8]},"faces":{"north":{"uv":[9.75,7.75,13.25,8.25],"rotation":180,"texture":"#2"},"east":{"uv":[12.5,4.25,13,4.75],"rotation":270,"texture":"#3"},"south":{"uv":[8,8,8.5,8.75],"rotation":180,"texture":"#3"}}},{"from":[11,11.99087,7.2],"to":[27.299,12.30913,7.45],"rotation":{"angle":22.5,"axis":"x","origin":[16.8,12.15,8]},"faces":{"north":{"uv":[8.5,11.25,9,12],"rotation":180,"texture":"#3"},"east":{"uv":[13,4.25,13.5,4.75],"rotation":90,"texture":"#3"},"south":{"uv":[7.75,11.25,11.25,11.75],"texture":"#3"}}},{"from":[11,11.99087,8.55],"to":[27.3005,12.30913,8.8],"rotation":{"angle":22.5,"axis":"x","origin":[16.8,12.15,8]},"faces":{"north":{"uv":[11.75,5,15.25,5.5],"rotation":180,"texture":"#2"},"east":{"uv":[15.25,4.5,15.75,5],"rotation":270,"texture":"#3"},"south":{"uv":[8,8,8.5,8.25],"rotation":180,"texture":"#3"}}},{"from":[11,11.99087,7.2],"to":[27.3005,12.30913,7.45],"rotation":{"angle":-22.5,"axis":"x","origin":[16.8,12.15,8]},"faces":{"north":{"uv":[8,8,8.5,8.25],"rotation":180,"texture":"#3"},"east":{"uv":[15.25,4.5,15.75,5],"rotation":90,"texture":"#3"},"south":{"uv":[11.75,5,15.25,5.5],"texture":"#2"}}},{"from":[11,11.99087,8.55],"to":[27.299,12.30913,8.8],"rotation":{"angle":-22.5,"axis":"x","origin":[16.8,12.15,8]},"faces":{"north":{"uv":[7.75,11.25,11.25,11.75],"texture":"#3"},"east":{"uv":[12.25,4.25,12.75,4.75],"rotation":270,"texture":"#3"},"south":{"uv":[7.5,9.75,8,10.5],"rotation":180,"texture":"#3"}}},{"from":[16.5,12.06587,8.675],"to":[19.799,12.40913,8.9],"rotation":{"angle":-22.5,"axis":"x","origin":[16.8,12.25,8.1]},"faces":{"south":{"uv":[11.25,5,16,5.75],"texture":"#2"}}},{"from":[11,11.99087,8.55],"to":[27.3,12.30913,8.8],"rotation":{"angle":45,"axis":"x","origin":[16.8,12.15,8]},"faces":{"north":{"uv":[3,5,6.5,5.5],"rotation":180,"texture":"#2"},"east":{"uv":[11.75,4.75,12.25,5.25],"rotation":270,"texture":"#3"},"south":{"uv":[15.75,15.75,16,16],"rotation":180,"texture":"#3"}}},{"from":[11,12.7,7.84087],"to":[27.3,12.95,8.15913],"rotation":{"angle":-45,"axis":"x","origin":[16.8,12.15,8]},"faces":{"east":{"uv":[0.5,4.25,0,4.75],"texture":"#3"},"up":{"uv":[9.25,5,9.75,5.75],"rotation":180,"texture":"#2"},"down":{"uv":[7.25,8,10.75,8.5],"texture":"#3"}}},{"from":[11,11.99087,7.2],"to":[27.3,12.30913,7.45],"rotation":{"angle":-45,"axis":"x","origin":[16.8,12.15,8]},"faces":{"north":{"uv":[15.75,15.75,16,16],"rotation":180,"texture":"#3"},"east":{"uv":[11.75,4.75,12.25,5.25],"rotation":90,"texture":"#3"},"south":{"uv":[3,5,6.5,5.5],"texture":"#2"}}},{"from":[11,12.7,7.84087],"to":[27.3,12.95,8.15913],"rotation":{"angle":45,"axis":"x","origin":[16.8,12.15,8]},"faces":{"east":{"uv":[0,4.25,0.5,4.75],"texture":"#3"},"up":{"uv":[8.5,11.25,9,12],"rotation":180,"texture":"#3"},"down":{"uv":[7.25,8,10.75,8.5],"texture":"#3"}}},{"from":[16.5,12.825,7.94087],"to":[19.8,13.05,8.25913],"rotation":{"angle":45,"axis":"x","origin":[16.8,12.25,8.1]},"faces":{"up":{"uv":[10.5,4.5,15.25,5.25],"texture":"#2"}}},{"from":[11,11.35,7.84087],"to":[27.2995,11.6,8.15913],"rotation":{"angle":-22.5,"axis":"x","origin":[16.8,12.15,8]},"faces":{"east":{"uv":[11,5,11.5,5.5],"rotation":180,"texture":"#3"},"up":{"uv":[1.75,2.5,5.25,3],"rotation":180,"texture":"#2"},"down":{"uv":[15.75,15.75,16,16],"rotation":180,"texture":"#3"}}},{"from":[11,12.7,7.84087],"to":[27.3,12.95,8.15913],"rotation":{"angle":-22.5,"axis":"x","origin":[16.8,12.15,8]},"faces":{"east":{"uv":[3,4.25,3.5,4.75],"texture":"#3"},"up":{"uv":[9.5,4.25,10,5],"rotation":180,"texture":"#2"},"down":{"uv":[15.75,15.75,16,16],"texture":"#3"}}},{"from":[11,11.35,7.84087],"to":[27.2995,11.6,8.15913],"rotation":{"angle":22.5,"axis":"x","origin":[16.8,12.15,8]},"faces":{"east":{"uv":[11,5,11.5,5.5],"rotation":180,"texture":"#3"},"up":{"uv":[1.75,2.5,5.25,3],"rotation":180,"texture":"#2"},"down":{"uv":[15.75,15.75,16,16],"rotation":180,"texture":"#3"}}},{"from":[11,12.7,7.84087],"to":[27.3,12.95,8.15913],"rotation":{"angle":22.5,"axis":"x","origin":[16.8,12.15,8]},"faces":{"east":{"uv":[3,4.25,3.5,4.75],"texture":"#3"},"up":{"uv":[9.25,5,9.75,5.75],"texture":"#2"},"down":{"uv":[15.75,15.75,16,16],"texture":"#3"}}},{"from":[16.5,12.825,7.91587],"to":[19.8,13.05,8.25913],"rotation":{"angle":22.5,"axis":"x","origin":[16.8,12.25,8.1]},"faces":{"up":{"uv":[9.5,3.75,14.25,4.5],"texture":"#2"}}},{"from":[11.4,-0.375,7.0875],"to":[15.4,0.25,8.9125],"rotation":{"angle":0,"axis":"z","origin":[12.8,-2.275,8.3]},"faces":{"north":{"uv":[0,7,3.5,8],"texture":"#3"},"east":{"uv":[3.25,4.5,4.5,5.5],"texture":"#3"},"south":{"uv":[0,7,3.5,8],"texture":"#3"},"west":{"uv":[9.5,7.75,11.25,8.5],"rotation":180,"texture":"#3"},"up":{"uv":[4,9.25,5,12.25],"rotation":270,"texture":"#3"},"down":{"uv":[15.75,15.75,16,16],"rotation":270,"texture":"#3"}}}]}