{"credit":"thebradqq's guns","textures":{"0":"mgs:gun/mosindetails","1":"mgs:gun/mosinsights","2":"mgs:gun/mosinwood","3":"mgs:gun/metal","4":"mgs:gun/metal_dark","5":"mgs:gun/pudetails","6":"mgs:misc/reticle_pu","7":"mgs:misc/reticles","particle":"mgs:gun/pudetails"},"gui_light":"front","display":{"thirdperson_righthand":{"rotation":[0,90,0],"translation":[-2,-0.5,-4],"scale":[0.85,0.85,0.85]},"thirdperson_lefthand":{"rotation":[0,-90,-170],"translation":[-2,-4,12.5],"scale":[0.85,0.85,0.85]},"firstperson_righthand":{"rotation":[0,90,0],"translation":[-8.960149253731343,5.040149253731341,-3.5],"scale":[1.6,2,2]},"firstperson_lefthand":{"translation":[2,3.75,-0.5],"scale":[0,0,0]},"ground":{"translation":[0,-0.5,0],"scale":[0.85,0.85,0.85]},"gui":{"rotation":[0,0,45],"translation":[0.75,2.5,0],"scale":[0.85,0.85,0.85]},"head":{"scale":[1.7,1.7,1.7]},"fixed":{"translation":[-4.5,0.5,-1.75],"scale":[-1.7,1.7,-1.7]}},"elements":[{"from":[4.40957,6.7519,7.6005],"to":[6.30957,7.9019,8.3995],"rotation":{"angle":22.5,"axis":"z","origin":[4.40957,6.7269,8.0005]},"faces":{"north":{"uv":[5.75,11.5,7.5,12.75],"texture":"#4"},"east":{"uv":[8.75,8,9.75,8.25],"rotation":180,"texture":"#3"},"south":{"uv":[5.75,11.5,7.5,12.75],"texture":"#4"},"down":{"uv":[7.25,8,8.25,10],"rotation":90,"texture":"#3"}}},{"from":[1.25,8.771,8.2],"to":[2.9,8.95,8.45],"rotation":{"angle":-22.5,"axis":"x","origin":[2.75,8.8605,8]},"faces":{"north":{"uv":[15.75,15.75,16,16],"rotation":90,"texture":"#4"},"east":{"uv":[8,10.25,9,11],"texture":"#4"},"south":{"uv":[8,4.75,10,5.5],"texture":"#4"},"west":{"uv":[7.75,5,8.5,5.75],"texture":"#4"},"up":{"uv":[0,7,3.5,8],"rotation":180,"texture":"#3"}}},{"from":[13.7,8.825,7.96022],"to":[28.05,8.9,8.03978],"faces":{"east":{"uv":[6,6.75,5.5,7.25],"texture":"#4"},"up":{"uv":[6.25,3.25,5.75,3.75],"rotation":180,"texture":"#4"},"down":{"uv":[15.75,15.75,16,16],"rotation":180,"texture":"#4"}}},{"from":[-5.9,4.45,7.499],"to":[2.4,5.85,8.501],"rotation":{"angle":22.5,"axis":"z","origin":[-5.9,4.45,7.9995]},"faces":{"north":{"uv":[0,6,16,9.5],"texture":"#2"},"east":{"uv":[7,7,8.5,10.5],"texture":"#2"},"south":{"uv":[16,6,0,9.5],"texture":"#2"},"up":{"uv":[0,0,16,2.5],"rotation":180,"texture":"#2"},"down":{"uv":[0,14,16,16],"texture":"#2"}}},{"from":[1.51984,7.01597,7.9],"to":[1.61984,7.36597,8.1],"rotation":{"angle":0,"axis":"y","origin":[7.99424,7.99604,8]},"faces":{"north":{"uv":[14.5,7.25,16,7.75],"rotation":270,"texture":"#3"},"east":{"uv":[9,11.5,9.5,13],"texture":"#3"},"south":{"uv":[14.5,7.25,16,7.75],"rotation":90,"texture":"#3"},"west":{"uv":[8.25,9.5,8.75,11],"texture":"#3"},"down":{"uv":[0,7.25,0.5,7.75],"rotation":90,"texture":"#3"}}},{"from":[1.465,6.79,7.8],"to":[2.55,6.89,8.2],"faces":{"north":{"uv":[3.75,7.25,5.5,7.75],"texture":"#4"},"south":{"uv":[3.75,7.25,5.5,7.75],"texture":"#4"},"up":{"uv":[7,11.25,7.75,13],"rotation":90,"texture":"#4"},"down":{"uv":[6.25,10.25,7.25,12.25],"rotation":90,"texture":"#3"}}},{"from":[2.5,6.75,7.6],"to":[4.4,7.9,8.4],"faces":{"north":{"uv":[6,11.5,8,12.75],"texture":"#4"},"south":{"uv":[6,11.5,8,12.75],"texture":"#4"},"west":{"uv":[6,11.25,7.25,12.5],"texture":"#3"},"down":{"uv":[6.75,9.75,8.75,10.75],"rotation":180,"texture":"#3"}}},{"from":[2.875,6.75,7.599],"to":[2.925,7.625,8.401],"rotation":{"angle":0,"axis":"y","origin":[8,8,7.999]},"faces":{"north":{"uv":[11,11.25,11.25,12],"texture":"#4"},"south":{"uv":[11,11.25,11.25,12],"texture":"#4"}}},{"from":[4.35,6.75,7.599],"to":[4.4,7.625,8.401],"rotation":{"angle":0,"axis":"y","origin":[8,8,7.999]},"faces":{"north":{"uv":[11,11.25,11.25,12],"texture":"#4"},"south":{"uv":[11,11.25,11.25,12],"texture":"#4"}}},{"from":[8.6499,8.701,7.65],"to":[11.2499,9.426,8.35],"faces":{"north":{"uv":[2.25,9.5,12.25,12],"rotation":180,"texture":"#4"},"east":{"uv":[8,4.5,9.75,7],"texture":"#4"},"south":{"uv":[2.25,9.5,12.25,12],"rotation":180,"texture":"#4"},"west":{"uv":[7,9.25,8.75,11.75],"rotation":180,"texture":"#4"},"up":{"uv":[3.5,4.75,13.5,7.25],"rotation":180,"texture":"#3"}}},{"from":[8.652,9.45,7.65],"to":[8.7145,9.675,8.35],"faces":{"north":{"uv":[14,0,15,3],"texture":"#0"},"east":{"uv":[7,0,16,3],"texture":"#0"},"south":{"uv":[14,0,15,3],"texture":"#0"},"west":{"uv":[7,0,16,3],"texture":"#0"},"up":{"uv":[7,0,16,0.5],"rotation":90,"texture":"#0"},"down":{"uv":[10,8.5,10.25,8.75],"texture":"#0"}}},{"from":[11.14393,6.73535,7.68],"to":[11.34393,6.93535,8.33],"rotation":{"angle":45,"axis":"z","origin":[8,8,8]},"faces":{"north":{"uv":[13.5,13,15.5,15],"texture":"#0"},"east":{"uv":[9,13,12.5,15],"texture":"#0"},"south":{"uv":[13.5,13,15.5,15],"rotation":90,"texture":"#0"},"west":{"uv":[3.75,8,4,8.25],"rotation":180,"texture":"#4"},"up":{"uv":[8.5,13.5,12,15.5],"rotation":90,"texture":"#0"},"down":{"uv":[3.75,8,4,8.25],"rotation":180,"texture":"#4"}}},{"from":[9.2322,9.4276,7.675],"to":[9.5572,9.6276,8.325],"faces":{"north":{"uv":[7.5,11,9,12],"rotation":180,"texture":"#4"},"east":{"uv":[9,11.5,11.25,12.5],"rotation":180,"texture":"#4"},"south":{"uv":[7.5,11,9,12],"rotation":180,"texture":"#4"},"west":{"uv":[9,11.5,11.25,12.5],"rotation":180,"texture":"#4"},"up":{"uv":[6,6.75,8.25,7.75],"rotation":90,"texture":"#3"}}},{"from":[9.2572,9.4526,7.6],"to":[9.5322,9.6026,8.4],"faces":{"north":{"uv":[7.25,12.5,8.75,15.25],"rotation":90,"texture":"#3"},"east":{"uv":[8.75,4.5,11,5.5],"texture":"#4"},"south":{"uv":[7.25,12.5,8.75,15.25],"rotation":90,"texture":"#3"},"west":{"uv":[8.75,4.5,11,5.5],"texture":"#4"},"up":{"uv":[10.5,4,12.75,5],"rotation":90,"texture":"#3"},"down":{"uv":[10,10,10.5,10.5],"texture":"#4"}}},{"from":[8.7,9.475,7.8],"to":[9.9,9.525,8.2],"rotation":{"angle":0,"axis":"y","origin":[8,8,8.1]},"faces":{"north":{"uv":[2.5,7.5,14.5,8],"texture":"#4"},"south":{"uv":[2.5,7.5,14.5,8],"texture":"#4"},"up":{"uv":[0,0,16,5.75],"texture":"#1"},"down":{"uv":[15.75,15.75,16,16],"texture":"#4"}}},{"from":[9.9,9.475,7.8],"to":[11.1,9.525,8.2],"rotation":{"angle":0,"axis":"y","origin":[8,8,8.1]},"faces":{"north":{"uv":[2.5,7.5,14.5,8],"texture":"#4"},"south":{"uv":[2.5,7.5,14.5,8],"texture":"#4"},"up":{"uv":[0,6,16,11.75],"texture":"#1"},"down":{"uv":[15.75,15.75,16,16],"texture":"#4"}}},{"from":[1.25,7,7.8],"to":[1.35,7.9,8.2],"faces":{"north":{"uv":[3.75,7.25,5,7.75],"rotation":270,"texture":"#4"},"east":{"uv":[7,11,7.75,12.5],"texture":"#4"},"south":{"uv":[3.75,7.25,5,7.75],"rotation":90,"texture":"#4"},"west":{"uv":[7,7.75,8,9.25],"texture":"#3"}}},{"from":[1.278,8.76,7.799],"to":[1.378,9.06,8.201],"rotation":{"angle":45,"axis":"z","origin":[3.75,8,8]},"faces":{"north":{"uv":[3.75,7.25,4.5,7.75],"rotation":270,"texture":"#4"},"east":{"uv":[7.25,12.25,8,13],"texture":"#4"},"south":{"uv":[3.75,7.25,4.5,7.75],"rotation":90,"texture":"#4"},"west":{"uv":[6,11,7,11.75],"texture":"#3"}}},{"from":[5.75,7.44,7.5995],"to":[5.9,7.59,8.4005],"faces":{"north":{"uv":[14,13.5,15.5,15],"texture":"#0"},"south":{"uv":[14,13.5,15.5,15],"rotation":90,"texture":"#0"}}},{"from":[27.075,9.175,7.875],"to":[27.35,9.525,8.125],"faces":{"north":{"uv":[10,4.25,10.75,5.5],"rotation":180,"texture":"#4"},"east":{"uv":[10,4.25,10.5,5.5],"rotation":180,"texture":"#4"},"south":{"uv":[10,4.25,10.75,5.5],"rotation":180,"texture":"#4"},"west":{"uv":[10,5,10.5,6.25],"rotation":180,"texture":"#4"}}},{"from":[27.175,9.5,7.985],"to":[27.225,9.65,8.015],"faces":{"north":{"uv":[5,4.75,5.5,5.5],"texture":"#4"},"east":{"uv":[5.25,4.5,5.75,5.25],"texture":"#4"},"south":{"uv":[5,4.75,5.5,5.5],"texture":"#4"},"west":{"uv":[5,5,5.5,5.75],"texture":"#4"},"up":{"uv":[11.75,2.5,12.25,3],"texture":"#4"}}},{"from":[13.7,8.825,7.96022],"to":[28.05,8.9,8.03978],"rotation":{"angle":22.5,"axis":"x","origin":[16.4,9.025,8]},"faces":{"east":{"uv":[6,6.75,5.5,7.25],"texture":"#4"},"up":{"uv":[6.5,4.25,6,4.75],"rotation":180,"texture":"#4"},"down":{"uv":[15.75,15.75,16,16],"rotation":180,"texture":"#4"}}},{"from":[13.7,8.825,7.96022],"to":[28.05,8.9,8.03978],"rotation":{"angle":45,"axis":"x","origin":[16.4,9.025,8]},"faces":{"east":{"uv":[6,6.75,5.5,7.25],"texture":"#4"},"up":{"uv":[6.25,4.75,5.75,5.25],"rotation":180,"texture":"#4"},"down":{"uv":[0,8,16,8.25],"rotation":180,"texture":"#4"}}},{"from":[13.7,8.825,7.96022],"to":[28.05,8.9,8.03978],"rotation":{"angle":-22.5,"axis":"x","origin":[16.4,9.025,8]},"faces":{"east":{"uv":[6,6.75,5.5,7.25],"texture":"#4"},"up":{"uv":[6.5,4.25,6,4.75],"rotation":180,"texture":"#4"},"down":{"uv":[15.75,15.75,16,16],"rotation":180,"texture":"#4"}}},{"from":[13.7,8.825,7.96022],"to":[28.05,8.9,8.03978],"rotation":{"angle":-45,"axis":"x","origin":[16.4,9.025,8]},"faces":{"east":{"uv":[6,6.75,5.5,7.25],"texture":"#4"},"up":{"uv":[6.25,4.75,5.75,5.25],"texture":"#4"},"down":{"uv":[0,8,16,8.25],"rotation":180,"texture":"#4"}}},{"from":[13.7,8.98522,7.8],"to":[28.05,9.06478,7.875],"rotation":{"angle":22.5,"axis":"x","origin":[16.4,9.025,8]},"faces":{"north":{"uv":[0,12,16,12.5],"rotation":180,"texture":"#4"},"east":{"uv":[3.5,4.5,3,5],"rotation":90,"texture":"#4"},"south":{"uv":[6.25,8,5.75,8.25],"texture":"#4"}}},{"from":[13.7,8.98522,7.8],"to":[28.05,9.06478,7.875],"faces":{"north":{"uv":[0,11.5,16,12],"rotation":180,"texture":"#4"},"east":{"uv":[5,4.75,4.5,5.25],"rotation":90,"texture":"#4"},"south":{"uv":[6.25,8,5.75,8.5],"texture":"#4"}}},{"from":[13.7,8.98522,7.8],"to":[28.05,9.06478,7.875],"rotation":{"angle":-22.5,"axis":"x","origin":[16.4,9.025,8]},"faces":{"north":{"uv":[0,8,16,8.5],"rotation":180,"texture":"#4"},"east":{"uv":[6,6.75,5.5,7.25],"rotation":270,"texture":"#4"},"south":{"uv":[6.25,5.25,5.75,5.75],"rotation":180,"texture":"#4"}}},{"from":[13.7,8.98522,8.125],"to":[28.05,9.06478,8.2],"rotation":{"angle":22.5,"axis":"x","origin":[16.4,9.025,8]},"faces":{"north":{"uv":[6.25,5.25,5.75,5.75],"rotation":180,"texture":"#4"},"east":{"uv":[6,6.75,5.5,7.25],"rotation":90,"texture":"#4"},"south":{"uv":[0,8,16,8.5],"rotation":180,"texture":"#4"}}},{"from":[13.7,8.98522,8.125],"to":[28.05,9.06478,8.2],"rotation":{"angle":-22.5,"axis":"x","origin":[16.4,9.025,8]},"faces":{"north":{"uv":[6.25,8,5.75,8.25],"texture":"#4"},"east":{"uv":[3.5,4.5,3,5],"rotation":270,"texture":"#4"},"south":{"uv":[0,12,16,12.5],"rotation":180,"texture":"#4"}}},{"from":[13.7,8.98522,8.125],"to":[28.05,9.06478,8.2],"faces":{"north":{"uv":[6.25,8,5.75,8.5],"texture":"#4"},"east":{"uv":[5,4.75,4.5,5.25],"rotation":270,"texture":"#4"},"south":{"uv":[0,11.5,16,12],"rotation":180,"texture":"#4"}}},{"from":[13.7,9.15,7.96022],"to":[28.05,9.225,8.03978],"rotation":{"angle":45,"axis":"x","origin":[16.4,9.025,8]},"faces":{"east":{"uv":[0,4.25,0.5,4.75],"texture":"#4"},"up":{"uv":[0,4.5,16,5],"texture":"#4"},"down":{"uv":[15.75,15.75,16,16],"texture":"#4"}}},{"from":[13.7,9.15,7.96022],"to":[28.05,9.225,8.03978],"rotation":{"angle":22.5,"axis":"x","origin":[16.4,9.025,8]},"faces":{"east":{"uv":[5.75,1.75,6.25,2.25],"texture":"#4"},"up":{"uv":[0,4.25,16,4.75],"texture":"#3"},"down":{"uv":[15.75,15.75,16,16],"texture":"#4"}}},{"from":[13.7,9.15,7.96022],"to":[28.05,9.225,8.03978],"faces":{"east":{"uv":[7,1.75,7.5,2.25],"texture":"#4"},"up":{"uv":[0,3,16,3.5],"rotation":180,"texture":"#3"},"down":{"uv":[15.75,15.75,16,16],"texture":"#4"}}},{"from":[13.7,9.15,7.96022],"to":[28.05,9.225,8.03978],"rotation":{"angle":-22.5,"axis":"x","origin":[16.4,9.025,8]},"faces":{"east":{"uv":[4.75,1.75,5.25,2.25],"texture":"#4"},"up":{"uv":[0,4.25,16,4.75],"rotation":180,"texture":"#3"},"down":{"uv":[15.75,15.75,16,16],"texture":"#4"}}},{"from":[13.7,9.15,7.96022],"to":[28.05,9.225,8.03978],"rotation":{"angle":-45,"axis":"x","origin":[16.4,9.025,8]},"faces":{"east":{"uv":[0.5,4.25,0,4.75],"texture":"#4"},"up":{"uv":[0,4.5,16,5],"rotation":180,"texture":"#4"},"down":{"uv":[6.25,8,5.75,8.25],"texture":"#4"}}},{"from":[27.05,9.63522,7.8],"to":[27.3625,9.71478,7.85],"faces":{"north":{"uv":[8.5,7.25,8.75,7.75],"texture":"#4"},"east":{"uv":[8.75,4.25,9.25,4.75],"texture":"#4"},"south":{"uv":[5.25,8,6.25,8.25],"texture":"#3"},"west":{"uv":[9.25,5,9.75,5.5],"texture":"#4"}}},{"from":[27.05,9.63522,7.8],"to":[27.3625,9.71478,7.85],"rotation":{"angle":-22.5,"axis":"x","origin":[30.05,9.675,8]},"faces":{"north":{"uv":[9,11.25,9.25,11.75],"rotation":180,"texture":"#4"},"east":{"uv":[8.75,4.5,9.25,5],"texture":"#4"},"south":{"uv":[5.25,8,6.25,8.5],"texture":"#3"},"west":{"uv":[9.25,5.25,9.75,5.5],"texture":"#4"}}},{"from":[27.05,9.475,7.96022],"to":[27.3625,9.525,8.03978],"rotation":{"angle":45,"axis":"x","origin":[30.05,9.675,8]},"faces":{"east":{"uv":[9.25,4.75,9.75,5.25],"rotation":90,"texture":"#4"},"west":{"uv":[9.25,9.75,9.75,10.25],"rotation":90,"texture":"#4"},"up":{"uv":[4.75,5.25,5.75,5.75],"rotation":180,"texture":"#3"},"down":{"uv":[8.5,10.25,8.75,10.5],"texture":"#4"}}},{"from":[27.05,9.475,7.96022],"to":[27.3625,9.525,8.03978],"rotation":{"angle":22.5,"axis":"x","origin":[30.05,9.675,8]},"faces":{"east":{"uv":[9.25,5,9.75,5.5],"rotation":90,"texture":"#4"},"west":{"uv":[9.25,9.75,9.75,10.25],"rotation":90,"texture":"#4"},"up":{"uv":[4,4.75,5,5.25],"rotation":180,"texture":"#3"},"down":{"uv":[8.5,8,8.75,8.5],"texture":"#4"}}},{"from":[27.05,9.475,7.96022],"to":[27.3625,9.525,8.03978],"faces":{"east":{"uv":[9.25,9.75,9.75,10.25],"rotation":90,"texture":"#4"},"west":{"uv":[9.25,9.75,9.75,10.25],"rotation":90,"texture":"#4"},"up":{"uv":[2.75,4.25,3.75,4.75],"rotation":180,"texture":"#3"},"down":{"uv":[15.75,15.75,16,16],"rotation":90,"texture":"#4"}}},{"from":[27.05,9.475,7.96022],"to":[27.3625,9.525,8.03978],"rotation":{"angle":-22.5,"axis":"x","origin":[30.05,9.675,8]},"faces":{"east":{"uv":[9.25,5,9.75,5.5],"rotation":270,"texture":"#4"},"west":{"uv":[9.25,9.75,9.75,10.25],"rotation":90,"texture":"#4"},"up":{"uv":[4,4.5,5,5],"texture":"#3"},"down":{"uv":[8.5,8,8.75,8.5],"rotation":180,"texture":"#4"}}},{"from":[27.05,9.475,7.96022],"to":[27.3625,9.525,8.03978],"rotation":{"angle":-45,"axis":"x","origin":[30.05,9.675,8]},"faces":{"east":{"uv":[9,4.75,9.5,5.25],"rotation":270,"texture":"#4"},"west":{"uv":[9.25,9.75,9.75,10.25],"rotation":90,"texture":"#4"},"up":{"uv":[4.75,5,5.75,5.5],"texture":"#3"},"down":{"uv":[8.5,10.25,8.75,10.5],"texture":"#4"}}},{"from":[27.05,9.63522,8.15],"to":[27.3625,9.71478,8.2],"faces":{"north":{"uv":[5.25,8,6.25,8.25],"texture":"#3"},"east":{"uv":[9,4.25,9.5,4.75],"texture":"#4"},"south":{"uv":[8.5,7.25,8.75,7.75],"texture":"#4"},"west":{"uv":[9.25,5,9.75,5.5],"texture":"#4"}}},{"from":[27.05,9.63522,8.15],"to":[27.3625,9.71478,8.2],"rotation":{"angle":22.5,"axis":"x","origin":[30.05,9.675,8]},"faces":{"north":{"uv":[5.25,8,6.25,8.5],"texture":"#3"},"east":{"uv":[9,4.5,9.5,5],"texture":"#4"},"south":{"uv":[9,11.25,9.25,11.75],"rotation":180,"texture":"#4"},"west":{"uv":[9.25,5.25,9.75,5.5],"texture":"#4"}}},{"from":[27.05,9.63522,8.15],"to":[27.3625,9.71478,8.2],"rotation":{"angle":-22.5,"axis":"x","origin":[30.05,9.675,8]},"faces":{"north":{"uv":[15.75,15.75,16,16],"texture":"#3"},"east":{"uv":[8.75,4,9.25,4.5],"texture":"#4"},"south":{"uv":[11.25,4.25,11.5,4.75],"texture":"#4"},"west":{"uv":[9.25,4.75,9.75,5.25],"texture":"#4"}}},{"from":[27.05,9.825,7.96022],"to":[27.3625,9.875,8.03978],"rotation":{"angle":22.5,"axis":"x","origin":[30.05,9.675,8]},"faces":{"east":{"uv":[10,2.75,10.5,3.25],"rotation":90,"texture":"#4"},"west":{"uv":[8.75,4.25,9.25,4.75],"rotation":270,"texture":"#4"},"up":{"uv":[4,4.25,4.25,4.75],"texture":"#3"},"down":{"uv":[15.75,15.75,16,16],"texture":"#3"}}},{"from":[27.05,9.825,7.96022],"to":[27.3625,9.875,8.03978],"rotation":{"angle":45,"axis":"x","origin":[30.05,9.675,8]},"faces":{"east":{"uv":[8.75,4,9.25,4.5],"texture":"#4"},"west":{"uv":[8.75,4.5,9.25,5],"rotation":270,"texture":"#4"},"up":{"uv":[11,4,11.25,4.5],"texture":"#4"},"down":{"uv":[15.75,15.75,16,16],"texture":"#3"}}},{"from":[27.0501,9.825,7.96022],"to":[27.3626,9.875,8.03978],"faces":{"east":{"uv":[11.5,1,12,1.5],"rotation":270,"texture":"#4"},"west":{"uv":[11.5,1,12,1.5],"rotation":270,"texture":"#4"},"up":{"uv":[3.75,3.75,4,4.25],"rotation":180,"texture":"#3"},"down":{"uv":[15.75,15.75,16,16],"texture":"#3"}}},{"from":[27.05,9.825,7.96022],"to":[27.3625,9.875,8.03978],"rotation":{"angle":-45,"axis":"x","origin":[30.05,9.675,8]},"faces":{"east":{"uv":[9.25,4,9.75,4.5],"texture":"#4"},"west":{"uv":[9,4.5,9.5,5],"rotation":90,"texture":"#4"},"up":{"uv":[11,4,11.25,4.5],"rotation":180,"texture":"#4"},"down":{"uv":[15.75,15.75,16,16],"texture":"#3"}}},{"from":[27.05,9.825,7.96022],"to":[27.3625,9.875,8.03978],"rotation":{"angle":-22.5,"axis":"x","origin":[30.05,9.675,8]},"faces":{"east":{"uv":[10,2.75,10.5,3.25],"rotation":270,"texture":"#4"},"west":{"uv":[9,4.25,9.5,4.75],"rotation":90,"texture":"#4"},"up":{"uv":[4,4.25,4.25,4.75],"rotation":180,"texture":"#3"},"down":{"uv":[15.75,15.75,16,16],"texture":"#3"}}},{"from":[27.05,9.63522,7.8],"to":[27.3625,9.71478,7.85],"rotation":{"angle":22.5,"axis":"x","origin":[30.05,9.675,8]},"faces":{"north":{"uv":[11.25,4.25,11.5,4.75],"texture":"#4"},"east":{"uv":[8.75,4,9.25,4.5],"texture":"#4"},"south":{"uv":[15.75,15.75,16,16],"texture":"#3"},"west":{"uv":[9,4.75,9.5,5.25],"texture":"#4"}}},{"from":[21.3,8.4501,7.93787],"to":[27.3,8.5501,8.03787],"faces":{"north":{"uv":[0,1.75,8.75,2.25],"texture":"#4"},"east":{"uv":[8.5,2,9,2.5],"rotation":270,"texture":"#4"},"south":{"uv":[0,1.75,8.75,2.25],"texture":"#4"},"up":{"uv":[0,1.25,8.75,1.75],"texture":"#3"},"down":{"uv":[0,7.75,8.75,8.25],"texture":"#4"}}},{"from":[-10.8,7.4529,7.7929],"to":[-3.9,7.7529,8.20712],"rotation":{"angle":0,"axis":"y","origin":[8.0008,8.0029,8.00001]},"faces":{"up":{"uv":[0,0,12,1.5],"texture":"#2"}}},{"from":[-4.06464,7.35541,7.7929],"to":[-3.66464,7.65541,8.20712],"rotation":{"angle":-45,"axis":"z","origin":[-3.86464,7.50541,8.00001]},"faces":{"north":{"uv":[0,1,1,2.5],"rotation":90,"texture":"#2"},"south":{"uv":[0,1,1,2.5],"rotation":270,"texture":"#2"},"up":{"uv":[0,0,1,1.5],"rotation":270,"texture":"#2"}}},{"from":[-10.9,7.4529,7.7929],"to":[-10.8,7.7529,8.20712],"rotation":{"angle":0,"axis":"y","origin":[8.0008,8.0029,8.00001]},"faces":{"west":{"uv":[10,4.25,11,4.75],"texture":"#4"},"up":{"uv":[10.75,1,11,2],"rotation":180,"texture":"#4"}}},{"from":[1.2,8.7,7.55],"to":[2.9001,8.95,8.45],"faces":{"north":{"uv":[6.5,9.5,9.75,10],"rotation":180,"texture":"#4"},"south":{"uv":[5.25,10,8.5,10.5],"rotation":180,"texture":"#4"},"up":{"uv":[8,7.5,13,10],"rotation":180,"texture":"#0"}}},{"from":[0.47438,8.57556,7.55],"to":[1.27448,8.82556,8.45],"rotation":{"angle":22.5,"axis":"z","origin":[0.92443,8.70056,8]},"faces":{"north":{"uv":[4.5,10.5,6.5,11],"rotation":180,"texture":"#4"},"south":{"uv":[5.75,9.5,7.75,10],"rotation":180,"texture":"#4"},"west":{"uv":[10,10,10.5,11.25],"rotation":180,"texture":"#4"},"up":{"uv":[11,7.5,15,10],"rotation":180,"texture":"#0"}}},{"from":[2.425,6.825,7.79975],"to":[2.525,7.975,8.20025],"rotation":{"angle":0,"axis":"y","origin":[8,8,7.99975]},"faces":{"north":{"uv":[3.75,7.25,6,7.75],"rotation":90,"texture":"#4"},"south":{"uv":[3.75,7.25,6,7.75],"rotation":270,"texture":"#4"},"west":{"uv":[7,10,7.75,11.75],"texture":"#4"}}},{"from":[1.5256,7.34493,7.89975],"to":[1.6256,7.74493,8.10025],"rotation":{"angle":-22.5,"axis":"z","origin":[1.5756,7.36993,7.99975]},"faces":{"north":{"uv":[7,7.25,8.5,7.75],"rotation":270,"texture":"#3"},"east":{"uv":[9.25,10,9.75,11.5],"texture":"#3"},"south":{"uv":[5,7.25,6.5,7.75],"rotation":90,"texture":"#3"},"west":{"uv":[7.5,8,7.75,8.25],"texture":"#3"}}},{"from":[-10.8,4.45,7.5],"to":[-5.9,7.46,8.5],"faces":{"north":{"uv":[0,2,8,10],"texture":"#2"},"south":{"uv":[0,2,8,10],"texture":"#2"},"down":{"uv":[0,14,8,16],"texture":"#2"}}},{"from":[-10.9,4.45,7.5],"to":[-10.8,7.46,8.5],"faces":{"north":{"uv":[6.5,8,6.75,12],"rotation":180,"texture":"#4"},"south":{"uv":[6.5,8,6.75,12],"rotation":180,"texture":"#4"},"west":{"uv":[6.25,9,8.25,13],"rotation":180,"texture":"#4"},"down":{"uv":[7,8,9,8.25],"rotation":180,"texture":"#4"}}},{"from":[8.65,8.4,7.84033],"to":[25,9.35,8.15967],"faces":{"east":{"uv":[4.5,6,6,6.5],"texture":"#2"},"up":{"uv":[0,0,16,1],"texture":"#2"},"down":{"uv":[0,12,16,13.5],"texture":"#2"}}},{"from":[8.7,7.6,7.5995],"to":[9.6,9,8.4005],"faces":{"north":{"uv":[12,3,13.5,8.5],"texture":"#2"},"south":{"uv":[12,3,13.5,8.5],"texture":"#2"},"west":{"uv":[13,15,14,16],"texture":"#2"},"down":{"uv":[0,13.5,1.5,16],"texture":"#2"}}},{"from":[10.55,7.6,7.6005],"to":[11.5,8.4,8.3995],"rotation":{"angle":22.5,"axis":"z","origin":[9.6,7.6,8.2005]},"faces":{"north":{"uv":[6.5,4.5,8,8],"texture":"#2"},"south":{"uv":[8,4.5,6.5,8],"texture":"#2"},"down":{"uv":[7.5,12,9,14.5],"texture":"#2"}}},{"from":[11.5,7.6,7.6005],"to":[12.5,8,8.3995],"rotation":{"angle":22.5,"axis":"z","origin":[9.6,7.6,8.2005]},"faces":{"north":{"uv":[8,5.5,10,7.5],"texture":"#2"},"south":{"uv":[8,5.5,9.5,7.5],"texture":"#2"},"down":{"uv":[11,10.5,13,13],"texture":"#2"}}},{"from":[24.85,8.66716,7.8],"to":[25.7002,8.83284,8.2],"faces":{"north":{"uv":[3.75,4.25,4.5,5],"texture":"#4"},"east":{"uv":[4.5,7.5,5.25,8.25],"rotation":180,"texture":"#4"},"south":{"uv":[3.75,4.25,4.5,5],"texture":"#4"}}},{"from":[24.85,8.55,7.91716],"to":[25.7005,8.95,8.08284],"faces":{"east":{"uv":[4.5,7.5,5.25,8.25],"rotation":180,"texture":"#4"},"down":{"uv":[15.75,15.75,16,16],"rotation":180,"texture":"#4"}}},{"from":[-10.8,7.4029,7.79289],"to":[-3.9,7.7529,8.20711],"rotation":{"angle":45,"axis":"x","origin":[-8.9001,7.2529,8]},"faces":{"east":{"uv":[0,1.5,1,3],"rotation":90,"texture":"#2"},"up":{"uv":[0,0.5,12,2],"texture":"#2"}}},{"from":[-10.899,7.4029,7.79289],"to":[-10.799,7.7529,8.20711],"rotation":{"angle":45,"axis":"x","origin":[-8.9001,7.2529,8]},"faces":{"west":{"uv":[9.75,4,10.75,4.75],"texture":"#4"},"up":{"uv":[9.25,4.25,9.5,5.25],"texture":"#4"}}},{"from":[-10.8,7.4029,7.79289],"to":[-3.9,7.7529,8.20711],"rotation":{"angle":-45,"axis":"x","origin":[-8.9001,7.2529,8]},"faces":{"east":{"uv":[0,1.5,1,3],"rotation":270,"texture":"#2"},"up":{"uv":[0,0.5,12,2],"rotation":180,"texture":"#2"}}},{"from":[-10.899,7.4029,7.79289],"to":[-10.799,7.7529,8.20711],"rotation":{"angle":-45,"axis":"x","origin":[-8.9001,7.2529,8]},"faces":{"west":{"uv":[9,4,10,4.75],"texture":"#4"},"up":{"uv":[9.25,4.25,9.5,5.25],"rotation":180,"texture":"#4"}}},{"from":[-5.9,5.95,7.5],"to":[-2.3,7.46,8.5],"faces":{"north":{"uv":[0,2,6.5,6],"texture":"#2"},"south":{"uv":[0,2,6.5,6],"texture":"#2"},"up":{"uv":[0,0,6.5,2.5],"rotation":180,"texture":"#2"}}},{"from":[2.45,8.771,7.55],"to":[8.7,8.95,7.9],"rotation":{"angle":22.5,"axis":"x","origin":[2.75,8.8605,8]},"faces":{"north":{"uv":[8,4.75,14.25,5.5],"texture":"#4"},"east":{"uv":[8,10.25,9,11],"texture":"#4"},"west":{"uv":[7.75,5,8.5,5.75],"texture":"#4"},"up":{"uv":[12.5,7,16,8.75],"texture":"#3"}}},{"from":[2.45,8.771,8.3],"to":[2.9,8.95,8.45],"rotation":{"angle":-45,"axis":"x","origin":[2.375,8.8605,8]},"faces":{"north":{"uv":[15.75,15.75,16,16],"rotation":90,"texture":"#4"},"east":{"uv":[7.75,5,8.5,5.75],"texture":"#4"},"south":{"uv":[7,4.25,7.5,5],"texture":"#4"},"west":{"uv":[7.75,4.75,8.5,5.5],"texture":"#4"},"up":{"uv":[8,4.75,8.5,5.5],"rotation":180,"texture":"#4"}}},{"from":[8.65,8.75,8.04033],"to":[25,9.35,8.15967],"rotation":{"angle":22.5,"axis":"x","origin":[13.3,9.05,8.1]},"faces":{"east":{"uv":[4.5,6,6,6.5],"texture":"#2"},"up":{"uv":[0,0,16,0.5],"texture":"#2"}}},{"from":[8.65,8.75,8.04033],"to":[25,9.35,8.15967],"rotation":{"angle":45,"axis":"x","origin":[13.3,9.05,8.1]},"faces":{"east":{"uv":[4.5,6,6,6.5],"texture":"#2"},"west":{"uv":[14,3,14.5,3.5],"texture":"#2"},"up":{"uv":[0,0.5,16,1],"texture":"#2"}}},{"from":[10.25,8.4,8.04033],"to":[25.3,9,8.15967],"rotation":{"angle":-22.5,"axis":"x","origin":[13.3,8.7,8.1]},"faces":{"east":{"uv":[4.5,10,6,10.5],"texture":"#2"},"down":{"uv":[0,9,16,9.5],"texture":"#2"}}},{"from":[10.25,8.4,8.04033],"to":[25.305,9,8.15967],"rotation":{"angle":-45,"axis":"x","origin":[13.3,8.7,8.1]},"faces":{"east":{"uv":[4.5,10,6,10.5],"texture":"#2"},"down":{"uv":[0,7,16,7.5],"texture":"#2"}}},{"from":[8.65,8.99033,7.6],"to":[25,9.10967,8.2],"rotation":{"angle":22.5,"axis":"x","origin":[13.3,9.05,7.9]},"faces":{"north":{"uv":[0,2,16,2.5],"texture":"#2"},"east":{"uv":[4.5,6,6,6.5],"texture":"#2"},"west":{"uv":[14,3,14.5,3.5],"texture":"#2"}}},{"from":[10.25,8.64033,7.6],"to":[25.3,8.75967,8.2],"rotation":{"angle":-22.5,"axis":"x","origin":[13.3,8.7,7.9]},"faces":{"north":{"uv":[0,6,16,6.5],"texture":"#2"},"east":{"uv":[4.5,8,6,8.5],"texture":"#2"}}},{"from":[8.65,8.75,7.84033],"to":[25,9.35,7.95967],"rotation":{"angle":-45,"axis":"x","origin":[13.3,9.05,7.9]},"faces":{"east":{"uv":[4.5,6,6,6.5],"texture":"#2"},"west":{"uv":[14,3,14.5,3.5],"texture":"#2"},"up":{"uv":[0,1.5,16,2],"texture":"#2"}}},{"from":[8.65,8.75,7.84033],"to":[25,9.35,7.95967],"rotation":{"angle":-22.5,"axis":"x","origin":[13.3,9.05,7.9]},"faces":{"east":{"uv":[4.5,6,6,6.5],"texture":"#2"},"up":{"uv":[0,1,16,1.5],"texture":"#2"}}},{"from":[8.65,8.64033,7.6],"to":[25.3,9.10967,8.4],"faces":{"north":{"uv":[0,2,16,4.5],"texture":"#2"},"east":{"uv":[4.5,6,6,8.5],"texture":"#2"},"south":{"uv":[0,2,16,4.5],"texture":"#2"},"west":{"uv":[14,3,14.5,3.5],"texture":"#2"},"up":{"uv":[0,0,16,1],"texture":"#2"}}},{"from":[10.25,8.4,7.84033],"to":[25.3,9,7.95967],"rotation":{"angle":22.5,"axis":"x","origin":[13.3,8.7,7.9]},"faces":{"east":{"uv":[4.5,10,6,10.5],"texture":"#2"},"down":{"uv":[0,9,16,9.5],"texture":"#2"}}},{"from":[10.25,8.4,7.84033],"to":[25.305,9,7.95967],"rotation":{"angle":45,"axis":"x","origin":[13.3,8.7,7.9]},"faces":{"east":{"uv":[4.5,10,6,10.5],"texture":"#2"},"down":{"uv":[0,7,16,7.5],"texture":"#2"}}},{"from":[8.65,8.99033,7.8],"to":[25,9.10967,8.4],"rotation":{"angle":-22.5,"axis":"x","origin":[13.3,9.05,8.1]},"faces":{"east":{"uv":[4.5,6,6,6.5],"texture":"#2"},"south":{"uv":[0,1.5,16,2],"texture":"#2"},"west":{"uv":[14,3,14.5,3.5],"texture":"#2"}}},{"from":[10.25,8.64033,7.8],"to":[25.3,8.75967,8.4],"rotation":{"angle":22.5,"axis":"x","origin":[13.3,8.7,8.1]},"faces":{"east":{"uv":[4.5,8,6,8.5],"texture":"#2"},"south":{"uv":[0,6,16,6.5],"texture":"#2"}}},{"from":[9.6,7.6,7.6005],"to":[10.55,8.7,8.3995],"rotation":{"angle":22.5,"axis":"z","origin":[9.6,7.6,8.2005]},"faces":{"north":{"uv":[13.5,4,15,8.5],"texture":"#2"},"south":{"uv":[13.5,4,15,8.5],"texture":"#2"},"down":{"uv":[4,13,5.5,15.5],"texture":"#2"}}},{"from":[24.85,8.55,7.91716],"to":[25.7,8.95,8.08284],"rotation":{"angle":45,"axis":"x","origin":[25.825,8.75,8]},"faces":{"east":{"uv":[4.5,7.5,5.25,8.25],"rotation":180,"texture":"#4"},"up":{"uv":[15.25,7.25,16,8],"rotation":180,"texture":"#4"},"down":{"uv":[4.5,7.5,5.25,8.25],"rotation":180,"texture":"#4"}}},{"from":[24.85,8.55,7.91716],"to":[25.7,8.95,8.08284],"rotation":{"angle":-45,"axis":"x","origin":[25.825,8.75,8]},"faces":{"east":{"uv":[4.5,7.5,5.25,8.25],"rotation":180,"texture":"#4"},"up":{"uv":[15.25,7.25,16,8],"texture":"#4"},"down":{"uv":[4.5,7.5,5.25,8.25],"texture":"#4"}}},{"from":[11.85,8.35,8.09033],"to":[11.95,8.95,8.20967],"rotation":{"angle":-22.5,"axis":"x","origin":[15.15,8.65,8.15]},"faces":{"east":{"uv":[9.25,10.5,9.75,11],"texture":"#4"},"west":{"uv":[9.25,10.5,9.75,11],"texture":"#4"},"down":{"uv":[15.75,15.75,16,16],"rotation":180,"texture":"#4"}}},{"from":[11.85,8.35,8.09033],"to":[11.95,8.95,8.20967],"rotation":{"angle":-45,"axis":"x","origin":[15.15,8.65,8.15]},"faces":{"east":{"uv":[9.25,10.5,9.75,11],"texture":"#4"},"west":{"uv":[9.25,10.5,9.75,11],"texture":"#4"},"down":{"uv":[8.5,8,8.75,8.25],"rotation":180,"texture":"#4"}}},{"from":[11.85,8.59033,7.85],"to":[11.95,8.70967,8.45],"rotation":{"angle":22.5,"axis":"x","origin":[15.15,8.65,8.15]},"faces":{"east":{"uv":[9.25,10.5,9.75,11],"texture":"#4"},"south":{"uv":[8.25,8,8.5,8.5],"rotation":180,"texture":"#4"},"west":{"uv":[9.25,10.5,9.75,11],"texture":"#4"}}},{"from":[11.85,8.59033,7.55],"to":[11.95,9.15967,8.45],"faces":{"north":{"uv":[14.75,3.75,15,5.75],"texture":"#4"},"east":{"uv":[8.25,4.5,8.75,6.5],"texture":"#4"},"south":{"uv":[14.75,3.75,15,5.75],"texture":"#4"},"west":{"uv":[8.25,4.5,8.75,6.5],"texture":"#4"}}},{"from":[11.85,8.35,7.79033],"to":[11.95,9.4,8.20967],"faces":{"east":{"uv":[8.75,4.25,9.75,5.75],"texture":"#4"},"west":{"uv":[8.75,4.25,9.75,5.75],"texture":"#4"},"up":{"uv":[3.25,4,4.25,4.25],"rotation":90,"texture":"#3"},"down":{"uv":[15.75,15.75,16,16],"rotation":180,"texture":"#4"}}},{"from":[11.85,8.8,8.09033],"to":[11.95,9.4,8.20967],"rotation":{"angle":22.5,"axis":"x","origin":[15.15,9.1,8.15]},"faces":{"east":{"uv":[7.75,4.25,8.25,5.75],"texture":"#4"},"west":{"uv":[7.75,4.25,8.25,5.75],"texture":"#4"},"up":{"uv":[3.75,3.75,4,4.25],"texture":"#3"}}},{"from":[11.85,9.04033,7.85],"to":[11.95,9.15967,8.45],"rotation":{"angle":-22.5,"axis":"x","origin":[15.15,9.1,8.15]},"faces":{"east":{"uv":[8.25,4.25,8.75,4.75],"texture":"#4"},"south":{"uv":[14,4,14.25,4.5],"texture":"#4"},"west":{"uv":[8.25,4.25,8.75,4.75],"texture":"#4"}}},{"from":[11.85,8.8,8.09033],"to":[11.95,9.4,8.20967],"rotation":{"angle":45,"axis":"x","origin":[15.15,9.1,8.15]},"faces":{"east":{"uv":[9.5,4.25,10,5.75],"texture":"#4"},"west":{"uv":[9.5,4.25,10,5.75],"texture":"#4"},"up":{"uv":[13.75,4,14,4.5],"texture":"#3"}}},{"from":[11.85,8.35,7.79033],"to":[11.95,8.95,7.90967],"rotation":{"angle":22.5,"axis":"x","origin":[15.15,8.65,7.85]},"faces":{"east":{"uv":[9.25,10.5,9.75,11],"texture":"#4"},"west":{"uv":[9.25,10.5,9.75,11],"texture":"#4"},"down":{"uv":[15.75,15.75,16,16],"rotation":180,"texture":"#4"}}},{"from":[11.85,8.35,7.79033],"to":[11.95,8.95,7.90967],"rotation":{"angle":45,"axis":"x","origin":[15.15,8.65,7.85]},"faces":{"east":{"uv":[9.25,10.5,9.75,11],"texture":"#4"},"west":{"uv":[9.25,10.5,9.75,11],"texture":"#4"},"down":{"uv":[8.5,8,8.75,8.25],"rotation":180,"texture":"#4"}}},{"from":[11.85,8.59033,7.55],"to":[11.95,8.70967,8.15],"rotation":{"angle":-22.5,"axis":"x","origin":[15.15,8.65,7.85]},"faces":{"north":{"uv":[8.25,8,8.5,8.5],"rotation":180,"texture":"#4"},"east":{"uv":[9.25,10.5,9.75,11],"texture":"#4"},"west":{"uv":[9.25,10.5,9.75,11],"texture":"#4"}}},{"from":[11.85,8.8,7.79033],"to":[11.95,9.4,7.90967],"rotation":{"angle":-22.5,"axis":"x","origin":[15.15,9.1,7.85]},"faces":{"east":{"uv":[7.75,4.25,8.25,5.75],"texture":"#4"},"west":{"uv":[7.75,4.25,8.25,5.75],"texture":"#4"},"up":{"uv":[3.75,3.75,4,4.25],"texture":"#3"}}},{"from":[11.85,8.8,7.79033],"to":[11.95,9.4,7.90967],"rotation":{"angle":-45,"axis":"x","origin":[15.15,9.1,7.85]},"faces":{"east":{"uv":[9.5,4.25,10,5.75],"texture":"#4"},"west":{"uv":[9.5,4.25,10,5.75],"texture":"#4"},"up":{"uv":[13.75,4,14,4.5],"rotation":180,"texture":"#3"}}},{"from":[11.85,9.04033,7.55],"to":[11.95,9.15967,8.15],"rotation":{"angle":22.5,"axis":"x","origin":[15.15,9.1,7.85]},"faces":{"north":{"uv":[14,4,14.25,4.5],"texture":"#4"},"east":{"uv":[8.25,4.25,8.75,4.75],"texture":"#4"},"west":{"uv":[8.25,4.25,8.75,4.75],"texture":"#4"}}},{"from":[22.95,8.59033,7.85],"to":[23.05,8.70967,8.45],"rotation":{"angle":22.5,"axis":"x","origin":[26.25,8.65,8.15]},"faces":{"east":{"uv":[9.25,10.5,9.75,11],"texture":"#4"},"south":{"uv":[8.25,8,8.5,8.5],"rotation":180,"texture":"#4"},"west":{"uv":[9.25,10.5,9.75,11],"texture":"#4"}}},{"from":[22.95,8.35,8.09033],"to":[23.05,8.95,8.20967],"rotation":{"angle":-45,"axis":"x","origin":[26.25,8.65,8.15]},"faces":{"east":{"uv":[9.25,10.5,9.75,11],"texture":"#4"},"west":{"uv":[9.25,10.5,9.75,11],"texture":"#4"},"down":{"uv":[8.5,8,8.75,8.25],"rotation":180,"texture":"#4"}}},{"from":[22.95,8.35,8.09033],"to":[23.05,8.95,8.20967],"rotation":{"angle":-22.5,"axis":"x","origin":[26.25,8.65,8.15]},"faces":{"east":{"uv":[9.25,10.5,9.75,11],"texture":"#4"},"west":{"uv":[9.25,10.5,9.75,11],"texture":"#4"},"down":{"uv":[15.75,15.75,16,16],"rotation":180,"texture":"#4"}}},{"from":[22.95,8.35,7.79033],"to":[23.05,8.95,7.90967],"rotation":{"angle":22.5,"axis":"x","origin":[26.25,8.65,7.85]},"faces":{"east":{"uv":[9.25,10.5,9.75,11],"texture":"#4"},"west":{"uv":[9.25,10.5,9.75,11],"texture":"#4"},"down":{"uv":[15.75,15.75,16,16],"rotation":180,"texture":"#4"}}},{"from":[22.95,8.35,7.79033],"to":[23.05,8.95,7.90967],"rotation":{"angle":45,"axis":"x","origin":[26.25,8.65,7.85]},"faces":{"east":{"uv":[9.25,10.5,9.75,11],"texture":"#4"},"west":{"uv":[9.25,10.5,9.75,11],"texture":"#4"},"down":{"uv":[8.5,8,8.75,8.25],"rotation":180,"texture":"#4"}}},{"from":[22.95,8.59033,7.55],"to":[23.05,8.70967,8.15],"rotation":{"angle":-22.5,"axis":"x","origin":[26.25,8.65,7.85]},"faces":{"north":{"uv":[8.25,8,8.5,8.5],"rotation":180,"texture":"#4"},"east":{"uv":[9.25,10.5,9.75,11],"texture":"#4"},"west":{"uv":[9.25,10.5,9.75,11],"texture":"#4"}}},{"from":[22.95,9.04033,7.55],"to":[23.05,9.15967,8.15],"rotation":{"angle":22.5,"axis":"x","origin":[26.25,9.1,7.85]},"faces":{"north":{"uv":[14,4,14.25,4.5],"texture":"#4"},"east":{"uv":[8.25,4.25,8.75,4.75],"texture":"#4"},"west":{"uv":[8.25,4.25,8.75,4.75],"texture":"#4"}}},{"from":[22.95,8.8,7.79033],"to":[23.05,9.4,7.90967],"rotation":{"angle":-45,"axis":"x","origin":[26.25,9.1,7.85]},"faces":{"east":{"uv":[9.5,4.25,10,5.75],"texture":"#4"},"west":{"uv":[9.5,4.25,10,5.75],"texture":"#4"},"up":{"uv":[13.75,4,14,4.5],"rotation":180,"texture":"#3"}}},{"from":[22.95,8.8,7.79033],"to":[23.05,9.4,7.90967],"rotation":{"angle":-22.5,"axis":"x","origin":[26.25,9.1,7.85]},"faces":{"east":{"uv":[7.75,4.25,8.25,5.75],"texture":"#4"},"west":{"uv":[7.75,4.25,8.25,5.75],"texture":"#4"},"up":{"uv":[3.75,3.75,4,4.25],"texture":"#3"}}},{"from":[22.95,8.35,7.79033],"to":[23.05,9.4,8.20967],"faces":{"east":{"uv":[8.75,4.25,9.75,5.75],"texture":"#4"},"west":{"uv":[8.75,4.25,9.75,5.75],"texture":"#4"},"up":{"uv":[3.25,4,4.25,4.25],"rotation":90,"texture":"#3"},"down":{"uv":[15.75,15.75,16,16],"rotation":180,"texture":"#4"}}},{"from":[22.95,8.8,8.09033],"to":[23.05,9.4,8.20967],"rotation":{"angle":22.5,"axis":"x","origin":[26.25,9.1,8.15]},"faces":{"east":{"uv":[7.75,4.25,8.25,5.75],"texture":"#4"},"west":{"uv":[7.75,4.25,8.25,5.75],"texture":"#4"},"up":{"uv":[3.75,3.75,4,4.25],"texture":"#3"}}},{"from":[22.95,8.8,8.09033],"to":[23.05,9.4,8.20967],"rotation":{"angle":45,"axis":"x","origin":[26.25,9.1,8.15]},"faces":{"east":{"uv":[9.5,4.25,10,5.75],"texture":"#4"},"west":{"uv":[9.5,4.25,10,5.75],"texture":"#4"},"up":{"uv":[13.75,4,14,4.5],"texture":"#3"}}},{"from":[22.95,9.04033,7.85],"to":[23.05,9.15967,8.45],"rotation":{"angle":-22.5,"axis":"x","origin":[26.25,9.1,8.15]},"faces":{"east":{"uv":[8.25,4.25,8.75,4.75],"texture":"#4"},"south":{"uv":[14,4,14.25,4.5],"texture":"#4"},"west":{"uv":[8.25,4.25,8.75,4.75],"texture":"#4"}}},{"from":[22.95,8.59033,7.55],"to":[23.05,9.15967,8.45],"faces":{"north":{"uv":[14.75,3.75,15,5.75],"texture":"#4"},"east":{"uv":[8.25,4.5,8.75,6.5],"texture":"#4"},"south":{"uv":[14.75,3.75,15,5.75],"texture":"#4"},"west":{"uv":[8.25,4.5,8.75,6.5],"texture":"#4"}}},{"from":[25,8.4,7.84033],"to":[25.3,8.9,8.15967],"faces":{"east":{"uv":[4.5,10,6,10.5],"texture":"#2"},"down":{"uv":[0,12,1,13.5],"texture":"#2"}}},{"from":[25,8.99033,8.03909],"to":[25.299,9.10967,8.38909],"rotation":{"angle":-22.5,"axis":"x","origin":[13.3,9.05,8.08909]},"faces":{"east":{"uv":[8,11.75,8.25,11.25],"texture":"#4"},"south":{"uv":[8,11.75,9,11.25],"texture":"#3"}}},{"from":[24.9995,9,8.02942],"to":[25.2985,9.35,8.14876],"rotation":{"angle":45,"axis":"x","origin":[13.3,9.05,8.08909]},"faces":{"east":{"uv":[9.75,12.25,10,11.75],"rotation":90,"texture":"#4"},"up":{"uv":[9.75,12.25,10.75,11.75],"texture":"#3"}}},{"from":[24.999,9,8.02942],"to":[25.298,9.35,8.14876],"rotation":{"angle":22.5,"axis":"x","origin":[13.3,9.05,8.08909]},"faces":{"east":{"uv":[9.75,12.25,10,12],"rotation":270,"texture":"#4"},"up":{"uv":[10,5,11,4.5],"rotation":180,"texture":"#3"}}},{"from":[25,9.05,7.85442],"to":[25.299,9.35,8.14876],"rotation":{"angle":0,"axis":"y","origin":[8,8,7.98909]},"faces":{"east":{"uv":[9.75,12.25,10,12],"rotation":270,"texture":"#4"},"up":{"uv":[10,3.75,11,4.75],"rotation":180,"texture":"#3"}}},{"from":[25,8.9999,7.61219],"to":[25.299,9.11924,7.96219],"rotation":{"angle":22.5,"axis":"x","origin":[13.3,9.05,7.88909]},"faces":{"north":{"uv":[8,11.75,9,11.25],"texture":"#3"},"east":{"uv":[8,11.75,8.25,11.25],"texture":"#4"}}},{"from":[24.9995,8.98232,7.8471],"to":[25.2985,9.33232,7.96644],"rotation":{"angle":-45,"axis":"x","origin":[13.3,9.05,7.88909]},"faces":{"east":{"uv":[9.75,12.25,10,11.75],"rotation":270,"texture":"#4"},"up":{"uv":[9.75,12.25,10.75,11.75],"rotation":180,"texture":"#3"}}},{"from":[24.999,8.99043,7.85252],"to":[25.298,9.34043,7.97186],"rotation":{"angle":-22.5,"axis":"x","origin":[13.3,9.05,7.88909]},"faces":{"east":{"uv":[9.75,12.25,10,12],"rotation":270,"texture":"#4"},"up":{"uv":[8,13,9,12.5],"rotation":180,"texture":"#3"}}},{"from":[5.2005,9.1605,7.9105],"to":[8.6505,9.3105,8.0895],"rotation":{"angle":22.5,"axis":"x","origin":[6.4,8.8605,8]},"faces":{"west":{"uv":[6.25,4.5,7,5.25],"texture":"#4"},"up":{"uv":[0.75,4.25,4.25,5],"texture":"#3"},"down":{"uv":[15.75,15.75,16,16],"rotation":90,"texture":"#4"}}},{"from":[5.2,9.1605,7.9105],"to":[8.65,9.3105,8.0895],"faces":{"west":{"uv":[5.75,4.25,6.5,5],"texture":"#4"},"up":{"uv":[1.75,4,5.25,4.75],"rotation":180,"texture":"#3"},"down":{"uv":[15.75,15.75,16,16],"rotation":90,"texture":"#4"}}},{"from":[5.2005,9.1605,7.9105],"to":[8.6505,9.3105,8.0895],"rotation":{"angle":-22.5,"axis":"x","origin":[6.4,8.8605,8]},"faces":{"west":{"uv":[6.25,4.5,7,5.25],"texture":"#4"},"up":{"uv":[8.75,3.25,12.25,4],"rotation":180,"texture":"#4"},"down":{"uv":[15.75,15.75,16,16],"rotation":90,"texture":"#4"}}},{"from":[5.2,9.1605,7.9105],"to":[8.65,9.3105,8.0895],"rotation":{"angle":-45,"axis":"x","origin":[6.4,8.8605,8]},"faces":{"west":{"uv":[7.25,4.75,8,5.5],"texture":"#4"},"up":{"uv":[7,4.25,10.5,5],"rotation":180,"texture":"#4"},"down":{"uv":[15.75,15.75,16,16],"rotation":90,"texture":"#4"}}},{"from":[5.2,8.771,8.3],"to":[8.7,8.95,8.45],"rotation":{"angle":-45,"axis":"x","origin":[8.175,8.8605,8]},"faces":{"north":{"uv":[15.75,15.75,16,16],"rotation":90,"texture":"#4"},"south":{"uv":[7,4.25,10.5,5],"texture":"#4"},"west":{"uv":[7.25,4.75,8,5.5],"rotation":90,"texture":"#4"}}},{"from":[5.2005,8.771,8.3],"to":[8.7005,8.95,8.45],"rotation":{"angle":-22.5,"axis":"x","origin":[8.55,8.8605,8]},"faces":{"north":{"uv":[15.75,15.75,16,16],"rotation":90,"texture":"#4"},"east":{"uv":[8,10.25,9,11],"texture":"#4"},"south":{"uv":[8,4.75,11.5,5.5],"texture":"#4"},"west":{"uv":[8.25,5,9,5.75],"rotation":90,"texture":"#4"}}},{"from":[2.9,8.5,7.65],"to":[5.2001,8.75,8.5],"faces":{"south":{"uv":[6.5,10,9.75,10.5],"rotation":180,"texture":"#4"},"up":{"uv":[5,3.75,7,4],"rotation":180,"texture":"#4"}}},{"from":[1.25,7.6,7.64033],"to":[8.7,8.2,7.75967],"rotation":{"angle":22.5,"axis":"x","origin":[12.5,7.9,7.7]},"faces":{"east":{"uv":[7,9.5,7.5,10],"texture":"#2"},"down":{"uv":[0,9.5,14,10],"rotation":180,"texture":"#2"}}},{"from":[1.25,7.6,7.64033],"to":[8.7,8.2,7.75967],"rotation":{"angle":45,"axis":"x","origin":[12.5,7.9,7.7]},"faces":{"east":{"uv":[7,9.5,7.5,10],"texture":"#2"},"west":{"uv":[15.5,8,16,8.5],"rotation":180,"texture":"#2"},"down":{"uv":[2,8,16,8.5],"rotation":180,"texture":"#2"}}},{"from":[1.25,7.84033,7.4],"to":[8.7,7.95967,8],"rotation":{"angle":-22.5,"axis":"x","origin":[12.5,7.9,7.7]},"faces":{"north":{"uv":[0,7.5,14,8],"rotation":180,"texture":"#2"},"east":{"uv":[7,9.5,7.5,10],"texture":"#2"},"west":{"uv":[15.5,8,16,8.5],"rotation":180,"texture":"#2"}}},{"from":[1.25,8.35,7.64033],"to":[8.7,8.95,7.75967],"rotation":{"angle":-22.5,"axis":"x","origin":[12.5,8.65,7.7]},"faces":{"east":{"uv":[13.5,2.5,14,3],"rotation":180,"texture":"#2"},"up":{"uv":[0,0,14,0.5],"texture":"#2"}}},{"from":[1.25,8.35,7.64033],"to":[8.7,8.95,7.75967],"rotation":{"angle":-45,"axis":"x","origin":[12.5,8.65,7.7]},"faces":{"east":{"uv":[13.5,2.5,14,3],"rotation":180,"texture":"#2"},"west":{"uv":[13.5,2.5,14,3],"rotation":180,"texture":"#2"},"up":{"uv":[0,1,14,1.5],"texture":"#2"}}},{"from":[1.25,8.59033,7.4],"to":[8.7,8.70967,8],"rotation":{"angle":22.5,"axis":"x","origin":[12.5,8.65,7.7]},"faces":{"north":{"uv":[0,1.5,14,2],"texture":"#2"},"east":{"uv":[13.5,2.5,14,3],"rotation":180,"texture":"#2"},"west":{"uv":[13.5,2.5,14,3],"rotation":180,"texture":"#2"}}},{"from":[1.25,7.6,8.24033],"to":[8.7,8.2,8.35967],"rotation":{"angle":-22.5,"axis":"x","origin":[12.5,7.9,8.3]},"faces":{"east":{"uv":[7,9.5,7.5,10],"texture":"#2"},"down":{"uv":[0,9.5,14,10],"rotation":180,"texture":"#2"}}},{"from":[1.25,7.6,8.24033],"to":[8.7,8.2,8.35967],"rotation":{"angle":-45,"axis":"x","origin":[12.5,7.9,8.3]},"faces":{"east":{"uv":[7,9.5,7.5,10],"texture":"#2"},"west":{"uv":[15.5,8,16,8.5],"rotation":180,"texture":"#2"},"down":{"uv":[0,8,14,8.5],"rotation":180,"texture":"#2"}}},{"from":[1.25,7.84033,8],"to":[8.7,7.95967,8.6],"rotation":{"angle":22.5,"axis":"x","origin":[12.5,7.9,8.3]},"faces":{"east":{"uv":[7,9.5,7.5,10],"texture":"#2"},"south":{"uv":[2,7.5,16,8],"rotation":180,"texture":"#2"},"west":{"uv":[15.5,8,16,8.5],"rotation":180,"texture":"#2"}}},{"from":[1.25,8.44,7.4],"to":[8.7,8.7096,8.6],"faces":{"north":{"uv":[0,2,14,3],"texture":"#2"},"south":{"uv":[0,2,14,3],"texture":"#2"},"up":{"uv":[0,1.5,14,2],"texture":"#2"},"down":{"uv":[1,15,15,16],"rotation":180,"texture":"#2"}}},{"from":[5.2,8.59033,8],"to":[8.7,8.70967,8.6],"rotation":{"angle":-22.5,"axis":"x","origin":[12.5,8.65,8.3]},"faces":{"east":{"uv":[13.5,2.5,14,3],"rotation":180,"texture":"#2"},"south":{"uv":[0,1.5,7,2],"texture":"#2"},"west":{"uv":[8,1.5,8.5,2],"texture":"#2"}}},{"from":[5.2,8.35,8.24033],"to":[8.7005,8.95,8.35967],"rotation":{"angle":45,"axis":"x","origin":[12.5,8.65,8.3]},"faces":{"east":{"uv":[13.5,2.5,14,3],"rotation":180,"texture":"#2"},"west":{"uv":[12,2,12.5,2.5],"texture":"#2"},"up":{"uv":[2.5,0.5,9.5,1],"texture":"#2"}}},{"from":[5.2,8.35,8.24033],"to":[8.7,8.95,8.35967],"rotation":{"angle":22.5,"axis":"x","origin":[12.5,8.65,8.3]},"faces":{"east":{"uv":[13.5,2.5,14,3],"rotation":180,"texture":"#2"},"west":{"uv":[14,3,14.5,3.5],"texture":"#2"},"up":{"uv":[9,0,16,0.5],"texture":"#2"}}},{"from":[1.7,7.6,7.64033],"to":[8.7,8.45,8.35967],"faces":{"down":{"uv":[0,13.5,14,16],"texture":"#2"}}},{"from":[1.25,8.59033,8],"to":[2.9,8.70967,8.6],"rotation":{"angle":-22.5,"axis":"x","origin":[8.55,8.65,8.3]},"faces":{"east":{"uv":[8,1.5,8.5,2],"texture":"#2"},"south":{"uv":[0,1.5,3,2],"texture":"#2"},"west":{"uv":[13.5,2.5,14,3],"rotation":180,"texture":"#2"}}},{"from":[1.25,8.35,8.24033],"to":[2.9,8.95,8.35967],"rotation":{"angle":45,"axis":"x","origin":[8.55,8.65,8.3]},"faces":{"east":{"uv":[12,2,12.5,2.5],"texture":"#2"},"west":{"uv":[13.5,2.5,14,3],"rotation":180,"texture":"#2"},"up":{"uv":[0.5,1,3.5,1.5],"texture":"#2"}}},{"from":[1.25,8.35,8.24033],"to":[2.9,8.95,8.35967],"rotation":{"angle":22.5,"axis":"x","origin":[8.55,8.65,8.3]},"faces":{"east":{"uv":[14,3,14.5,3.5],"texture":"#2"},"up":{"uv":[2.5,0.5,5.5,1],"texture":"#2"}}},{"from":[2.899,8.7,7.55],"to":[8.6991,8.9501,8.45],"faces":{"north":{"uv":[5.75,9.75,9,10.25],"rotation":180,"texture":"#4"},"east":{"uv":[8,10.25,9,11],"texture":"#4"},"south":{"uv":[1.5,7.5,4.75,8.5],"texture":"#4"},"up":{"uv":[7,8,7.75,8.25],"rotation":90,"texture":"#4"}}},{"from":[0.2001,8.78038,7.65],"to":[0.3001,8.91962,8.35],"rotation":{"angle":-22.5,"axis":"x","origin":[0.45,8.85,8]},"faces":{"north":{"uv":[1,4.75,1.5,5.25],"rotation":270,"texture":"#3"},"east":{"uv":[11.75,2.5,12.25,4.75],"rotation":270,"texture":"#3"},"south":{"uv":[12,4.25,12.5,4.75],"rotation":90,"texture":"#3"},"west":{"uv":[13.75,2.25,14.25,4.5],"rotation":90,"texture":"#3"}}},{"from":[0.2,8.5,7.93038],"to":[0.3,9.2,8.06962],"rotation":{"angle":45,"axis":"x","origin":[0.45,8.85,8]},"faces":{"east":{"uv":[11.75,2.5,12.25,4.75],"texture":"#3"},"west":{"uv":[13.75,2.5,14.25,4.75],"texture":"#3"},"up":{"uv":[10.25,4,10.75,4.5],"rotation":90,"texture":"#3"},"down":{"uv":[0,5,0.5,5.5],"rotation":90,"texture":"#3"}}},{"from":[0.19999,8.5,7.93038],"to":[0.29999,9.2,8.06962],"rotation":{"angle":22.5,"axis":"x","origin":[0.45,8.85,8]},"faces":{"east":{"uv":[11.75,2.5,12.25,4.75],"texture":"#3"},"west":{"uv":[12,2.5,12.5,4.75],"texture":"#3"},"up":{"uv":[3.75,4,4.25,4.5],"rotation":90,"texture":"#3"},"down":{"uv":[10.25,5,10.75,5.5],"rotation":90,"texture":"#3"}}},{"from":[0.2002,8.5,7.93038],"to":[0.3002,9.2,8.06962],"rotation":{"angle":0,"axis":"y","origin":[8.1,8,8]},"faces":{"east":{"uv":[11.75,2.5,12.25,4.75],"texture":"#3"},"west":{"uv":[11.75,2.5,12.25,4.75],"texture":"#3"},"up":{"uv":[3,4,3.5,4.5],"rotation":90,"texture":"#3"},"down":{"uv":[10.25,5,10.75,5.5],"rotation":90,"texture":"#3"}}},{"from":[0.2,8.5,7.93038],"to":[0.3,9.2,8.06962],"rotation":{"angle":-22.5,"axis":"x","origin":[0.45,8.85,8]},"faces":{"east":{"uv":[11.75,2.5,12.25,4.75],"texture":"#3"},"west":{"uv":[12.25,2.5,12.75,4.75],"texture":"#3"},"up":{"uv":[3.75,4,4.25,4.5],"rotation":90,"texture":"#3"},"down":{"uv":[10.25,5,10.75,5.5],"rotation":90,"texture":"#3"}}},{"from":[0.2,8.5,7.93038],"to":[0.3,9.2,8.06962],"rotation":{"angle":-45,"axis":"x","origin":[0.45,8.85,8]},"faces":{"east":{"uv":[11.75,2.5,12.25,4.75],"texture":"#3"},"west":{"uv":[12.75,2.5,12.25,4.75],"texture":"#3"},"up":{"uv":[10.25,4,10.75,4.5],"rotation":90,"texture":"#3"},"down":{"uv":[0,5,0.5,5.5],"rotation":90,"texture":"#3"}}},{"from":[0.2001,8.78038,7.65],"to":[0.3001,8.91962,8.35],"rotation":{"angle":22.5,"axis":"x","origin":[0.45,8.85,8]},"faces":{"north":{"uv":[12,4.25,12.5,4.75],"rotation":270,"texture":"#3"},"east":{"uv":[11.75,2.5,12.25,4.75],"rotation":90,"texture":"#3"},"south":{"uv":[1,4.75,1.5,5.25],"rotation":90,"texture":"#3"},"west":{"uv":[13.75,2.25,14.25,4.5],"rotation":270,"texture":"#3"}}},{"from":[0.2002,8.78038,7.65],"to":[0.3002,8.91962,8.35],"rotation":{"angle":0,"axis":"y","origin":[8.1,8,8]},"faces":{"north":{"uv":[12.5,4.5,13,5],"rotation":270,"texture":"#3"},"east":{"uv":[11.5,4.25,12,4.75],"texture":"#3"},"south":{"uv":[12.5,4.5,13,5],"rotation":90,"texture":"#3"},"west":{"uv":[10.75,0,11.25,2.25],"rotation":90,"texture":"#3"}}},{"from":[0.3,8.65,7.96022],"to":[5.8,9.05,8.03978],"faces":{"up":{"uv":[9,2.25,16,2.75],"texture":"#3"},"down":{"uv":[2.5,8,9.5,8.25],"rotation":180,"texture":"#3"}}},{"from":[0.3,8.65,7.96022],"to":[5.8,9.05,8.03978],"rotation":{"angle":22.5,"axis":"x","origin":[0.25,8.85,8]},"faces":{"up":{"uv":[6.5,4,13.5,4.5],"texture":"#3"},"down":{"uv":[5,8,12,8.5],"texture":"#3"}}},{"from":[0.3,8.65,7.96022],"to":[5.8,9.05,8.03978],"rotation":{"angle":-22.5,"axis":"x","origin":[0.25,8.85,8]},"faces":{"up":{"uv":[6.5,4,13.5,4.5],"rotation":180,"texture":"#3"},"down":{"uv":[2.5,8,9.5,8.5],"rotation":180,"texture":"#3"}}},{"from":[0.3,8.65,7.96022],"to":[5.8,9.05,8.03978],"rotation":{"angle":45,"axis":"x","origin":[0.25,8.85,8]},"faces":{"up":{"uv":[5.75,4.5,12.75,5],"texture":"#3"},"down":{"uv":[0.75,11.25,7.75,11.75],"texture":"#3"}}},{"from":[0.3,8.65,7.96022],"to":[5.8,9.05,8.03978],"rotation":{"angle":-45,"axis":"x","origin":[0.25,8.85,8]},"faces":{"up":{"uv":[5.75,4.5,12.75,5],"rotation":180,"texture":"#3"},"down":{"uv":[0.75,11.25,7.75,11.75],"texture":"#3"}}},{"from":[0.3,8.81022,7.8],"to":[5.8,8.88978,8.2],"rotation":{"angle":-22.5,"axis":"x","origin":[0.25,8.85,8]},"faces":{"north":{"uv":[0,11.75,7,12.25],"rotation":180,"texture":"#3"},"south":{"uv":[1.75,15,8.75,15.5],"texture":"#3"}}},{"from":[0.3,8.81022,7.8],"to":[5.8,8.88978,8.2],"rotation":{"angle":22.5,"axis":"x","origin":[0.25,8.85,8]},"faces":{"north":{"uv":[1.75,15,8.75,15.5],"texture":"#3"},"south":{"uv":[0,11.75,7,12.25],"rotation":180,"texture":"#3"}}},{"from":[0.3,8.81022,7.8],"to":[5.8,8.88978,8.2],"faces":{"north":{"uv":[4.5,15.5,11.5,16],"texture":"#3"},"south":{"uv":[4.5,15.5,11.5,16],"texture":"#3"}}},{"from":[2.9,8.71022,8.05],"to":[5.15,8.98978,8.46],"faces":{"east":{"uv":[6.75,4.5,7.5,5.25],"texture":"#3"},"south":{"uv":[6.75,4.25,10.25,5],"texture":"#3"},"west":{"uv":[6.75,4.5,7.5,5.25],"texture":"#3"},"up":{"uv":[10.25,0.25,13.75,1.5],"texture":"#3"}}},{"from":[4.9,8.96022,7.9],"to":[5.05,9.13978,8.2],"faces":{"north":{"uv":[10.25,4.5,10.75,5.25],"texture":"#3"},"east":{"uv":[8.5,4.75,9.5,5.5],"texture":"#3"},"south":{"uv":[10.75,4.25,11.25,5],"texture":"#3"},"west":{"uv":[13.5,4.25,14.5,5],"texture":"#3"},"up":{"uv":[10.5,1,11,2],"texture":"#3"}}},{"from":[0.9,8.9,7.86022],"to":[2.8,9.3,8.13978],"rotation":{"angle":0,"axis":"y","origin":[8.2,8,8]},"faces":{"north":{"uv":[9,4.25,14,5.5],"texture":"#3"},"east":{"uv":[10.5,3.75,11.25,5],"texture":"#3"},"south":{"uv":[9,4.25,14,5.5],"texture":"#3"},"up":{"uv":[1.75,3.5,6.75,4.25],"texture":"#3"}}},{"from":[0.4,9.05,7.8603],"to":[0.9,9.3,8.1397],"rotation":{"angle":45,"axis":"z","origin":[0.9,9.3,8.00008]},"faces":{"north":{"uv":[9,4.25,10.25,5.25],"texture":"#3"},"south":{"uv":[9,4.25,10.25,5.25],"texture":"#3"},"up":{"uv":[13,3.75,14.25,4.5],"texture":"#3"}}},{"from":[8.7,7.84033,8.4],"to":[9.3,8.70967,8.6],"rotation":{"angle":22.5,"axis":"y","origin":[8.7,8.275,8.6]},"faces":{"south":{"uv":[2,2.5,3,6],"texture":"#2"},"west":{"uv":[3.5,7,4.5,10.5],"rotation":180,"texture":"#2"},"up":{"uv":[13,1.5,13.5,2.5],"rotation":180,"texture":"#2"},"down":{"uv":[7,9.5,7.5,10],"texture":"#2"}}},{"from":[8.7,7.84033,7.4],"to":[9.3,8.70967,7.6],"rotation":{"angle":-22.5,"axis":"y","origin":[8.7,8.275,7.4]},"faces":{"north":{"uv":[2,2.5,3,6],"texture":"#2"},"west":{"uv":[3.5,7,4.5,10.5],"rotation":180,"texture":"#2"},"up":{"uv":[13,1.5,13.5,2.5],"texture":"#2"},"down":{"uv":[7,9.5,7.5,10],"texture":"#2"}}},{"from":[0.85,7.84033,7.4],"to":[1.25,8.70967,7.6],"rotation":{"angle":22.5,"axis":"y","origin":[1.25,8.275,7.4]},"faces":{"north":{"uv":[2,2,3,5.5],"texture":"#2"},"up":{"uv":[13,1.5,13.5,2],"rotation":180,"texture":"#2"},"down":{"uv":[15.5,8,16,8.5],"rotation":180,"texture":"#2"}}},{"from":[0.85,7.84033,8.4],"to":[1.25,8.70967,8.6],"rotation":{"angle":-22.5,"axis":"y","origin":[1.25,8.275,8.6]},"faces":{"south":{"uv":[2.5,2,3.5,5.5],"texture":"#2"},"up":{"uv":[13,1.5,13.5,2],"rotation":180,"texture":"#2"},"down":{"uv":[15.5,8,16,8.5],"rotation":180,"texture":"#2"}}},{"from":[1.25,7.4,7.8005],"to":[1.75,7.5,8.1995],"rotation":{"angle":22.5,"axis":"z","origin":[1.3,7.45,8.0005]},"faces":{"north":{"uv":[3.75,7.25,6,7.75],"texture":"#4"},"south":{"uv":[3.75,7.25,6,7.75],"texture":"#4"},"down":{"uv":[7,11,7.75,11.75],"texture":"#4"}}},{"from":[1.3,7.55,7.8],"to":[2.45,7.65,8.2],"faces":{"north":{"uv":[3.75,7.25,6,7.75],"texture":"#4"},"south":{"uv":[3.75,7.25,6,7.75],"texture":"#4"},"down":{"uv":[6.75,7.75,9.25,8.5],"texture":"#4"}}},{"from":[0.1999,8.7,7.85],"to":[0.2999,9,8.15],"rotation":{"angle":22.5,"axis":"x","origin":[0.2499,8.85,8]},"faces":{"west":{"uv":[0,12.5,3.5,16],"rotation":90,"texture":"#0"}}},{"from":[5.6,8.14,7.3995],"to":[5.9,8.44,8.6005],"faces":{"north":{"uv":[13,13,15,15],"texture":"#0"},"east":{"uv":[11.5,14,12.5,16],"texture":"#0"},"south":{"uv":[15,13,13,15],"texture":"#0"}}},{"from":[1.25,7.84033,7.4],"to":[8.7,8.20003,8.6],"rotation":{"angle":0,"axis":"y","origin":[8,8,7.5]},"faces":{"north":{"uv":[0,6,14,7.5],"texture":"#2"},"south":{"uv":[2,6,16,7.5],"texture":"#2"},"up":{"uv":[1,2,15,3],"rotation":180,"texture":"#2"}}},{"from":[1.25,8.2,7.4],"to":[5.7,8.44,8.6],"rotation":{"angle":0,"axis":"y","origin":[8,8,7.5]},"faces":{"north":{"uv":[6.5,4,15,5],"texture":"#2"},"south":{"uv":[0,4,8.5,5],"texture":"#2"}}},{"from":[3.55,8.19033,7.5],"to":[8.7,8.45967,8.5],"faces":{"north":{"uv":[0.5,7,10.5,8],"rotation":180,"texture":"#2"},"south":{"uv":[0.5,7,10.5,8],"rotation":180,"texture":"#2"}}},{"from":[3.25,8.76022,8.45],"to":[3.45,8.96022,9.2],"faces":{"east":{"uv":[4.75,4.25,6.25,5],"texture":"#3"},"west":{"uv":[4.75,4.25,6.25,5],"texture":"#3"},"up":{"uv":[3,3.75,4.5,4.5],"rotation":90,"texture":"#3"},"down":{"uv":[6.75,11.75,8.25,12.5],"rotation":270,"texture":"#3"}}},{"from":[3.0999,8.61022,9.3],"to":[3.5999,9.11022,9.50711],"faces":{"east":{"uv":[11,3.75,11.75,5.25],"texture":"#3"},"west":{"uv":[11,3.75,11.75,5.25],"texture":"#3"},"up":{"uv":[3,4,4.5,4.5],"rotation":180,"texture":"#3"},"down":{"uv":[9.75,5.25,11.25,6],"texture":"#3"}}},{"from":[3.1001,8.61022,9.3],"to":[3.6002,9.11022,9.50711],"rotation":{"angle":-45,"axis":"x","origin":[3.35,8.86022,9.40355]},"faces":{"east":{"uv":[11,3.5,11.75,5],"texture":"#3"},"west":{"uv":[11,3.5,11.75,5],"texture":"#3"},"up":{"uv":[3,3.5,4.5,4.25],"texture":"#3"},"down":{"uv":[11,4.75,12.5,5.5],"texture":"#3"}}},{"from":[3.1001,8.61022,9.3],"to":[3.6001,9.11022,9.50711],"rotation":{"angle":45,"axis":"x","origin":[3.35,8.86022,9.40355]},"faces":{"east":{"uv":[11,3.5,11.75,5],"texture":"#3"},"west":{"uv":[11,3.5,11.75,5],"texture":"#3"},"up":{"uv":[3,3.5,4.5,4.25],"rotation":180,"texture":"#3"},"down":{"uv":[10.5,5,12,5.75],"rotation":180,"texture":"#3"}}},{"from":[3.1,8.75666,9.15355],"to":[3.6,8.96377,9.65355],"faces":{"north":{"uv":[10.5,4.25,12,5],"texture":"#3"},"east":{"uv":[11,4,12.5,4.75],"texture":"#3"},"south":{"uv":[11,4,12.5,4.75],"texture":"#3"},"west":{"uv":[11,4,12.5,4.75],"texture":"#3"}}}]}