{"credit":"thebradqq's guns","textures":{"0":"mgs:gun/metal_dark","1":"mgs:gun/brass","2":"mgs:gun/copper"},"gui_light":"front","display":{"thirdperson_righthand":{"rotation":[25,111,-23],"translation":[-0.5,-2,0],"scale":[0.2,0.2,0.2]},"thirdperson_lefthand":{"rotation":[69,-71,65],"translation":[-0.25,-2.5,0],"scale":[0.2,0.2,0.2]},"firstperson_righthand":{"rotation":[-87,65,68],"translation":[5.5,-3,0],"scale":[0.4,0.4,0.4]},"firstperson_lefthand":{"rotation":[-40,-110,-27],"translation":[4.25,-3,0],"scale":[0.4,0.4,0.4]},"ground":{"translation":[0,3.5,0],"scale":[0.2,0.2,0.2]},"gui":{"rotation":[0,180,33],"translation":[-0.25,-0.75,0],"scale":[0.55,0.55,0.55]},"head":{"scale":[0.5,0.5,0.5]},"fixed":{"rotation":[0,180,0],"translation":[0,-0.5,-2],"scale":[0.4,0.4,0.4]}},"elements":[{"from":[5.45,-9.5,6.1],"to":[10.55,25.5,9.9],"rotation":{"angle":0,"axis":"z","origin":[6.95,16.5,6.4]},"faces":{"north":{"uv":[0,7.75,8.25,9.25],"rotation":270,"texture":"#0"},"east":{"uv":[0,11.25,8.25,12.25],"rotation":90,"texture":"#0"},"south":{"uv":[0,7.75,8.25,9.25],"rotation":90,"texture":"#0"},"west":{"uv":[0,8,8.25,8.5],"rotation":270,"texture":"#0"},"down":{"uv":[4,9.5,5,11],"rotation":270,"texture":"#0"}}},{"from":[5.45,-9.5,9.6],"to":[10.55,25.501,9.9],"rotation":{"angle":0,"axis":"z","origin":[6.95,16.5,6.4]},"faces":{"north":{"uv":[7.5,10,8,9.5],"texture":"#0"},"up":{"uv":[4.75,11.5,5.5,12],"texture":"#0"}}},{"from":[5.45,-9.5,6.1],"to":[10.55,25.501,6.4],"rotation":{"angle":0,"axis":"z","origin":[6.95,16.5,9.6]},"faces":{"south":{"uv":[7.5,10,8,9.5],"texture":"#0"},"up":{"uv":[4.75,11.5,5.5,12],"rotation":180,"texture":"#0"}}},{"from":[5.45,-9.5,6.1],"to":[5.55,25.5,9.9],"rotation":{"angle":0,"axis":"z","origin":[6.95,16.5,6.4]},"faces":{"east":{"uv":[7.5,10,8,9.5],"texture":"#0"},"up":{"uv":[4.75,10.75,5,11],"texture":"#0"}}},{"from":[10.45,-9.5,6.1],"to":[10.55,25.5,9.9],"rotation":{"angle":0,"axis":"z","origin":[6.95,16.5,6.4]},"faces":{"west":{"uv":[7.5,10,8,9.5],"texture":"#0"},"up":{"uv":[4.75,10.75,5,11],"texture":"#0"}}},{"from":[5.45,25.53827,6.09239],"to":[8.85,27.03827,6.29239],"rotation":{"angle":22.5,"axis":"x","origin":[7,25.5,6]},"faces":{"north":{"uv":[0,8.25,0.75,9.25],"rotation":270,"texture":"#0"},"east":{"uv":[7.5,10,8,9.5],"texture":"#0"},"south":{"uv":[7,8,8,8.5],"texture":"#0"},"west":{"uv":[5.5,8,5.75,8.25],"texture":"#0"},"up":{"uv":[1,11.5,2,12],"rotation":180,"texture":"#0"}}},{"from":[5.5,22.25,6.099],"to":[7,23.65,9.901],"rotation":{"angle":0,"axis":"z","origin":[7,25.5,6]},"faces":{"north":{"uv":[4.25,11.25,5.5,12.25],"texture":"#0"},"south":{"uv":[4.25,11.25,5.5,12.25],"texture":"#0"}}},{"from":[5.45,25.53827,9.70761],"to":[8.85,27.03827,9.90761],"rotation":{"angle":-22.5,"axis":"x","origin":[7,25.5,10]},"faces":{"north":{"uv":[7,8,8,8.5],"texture":"#0"},"east":{"uv":[7.5,10,8,9.5],"texture":"#0"},"south":{"uv":[0,8.25,0.75,9.25],"rotation":90,"texture":"#0"},"west":{"uv":[5.5,8,5.75,8.25],"texture":"#0"},"up":{"uv":[1,11.5,2,12],"texture":"#0"}}},{"from":[5.45,24.2,6.3],"to":[10.55,25.401,9.7],"rotation":{"angle":0,"axis":"z","origin":[6.95,16.5,9.6]},"faces":{"up":{"uv":[0,7.75,1,6.75],"texture":"#0"}}},{"from":[5.45,25.2,6.5],"to":[9.35,25.901,7.9],"rotation":{"angle":0,"axis":"z","origin":[6.95,16.5,9.6]},"faces":{"north":{"uv":[6.25,11.75,6.75,11.25],"texture":"#0"},"south":{"uv":[6.5,12,7,11.5],"texture":"#0"},"west":{"uv":[6.5,10.75,7,10.25],"texture":"#0"},"up":{"uv":[5.25,12.5,6.25,11.75],"rotation":180,"texture":"#0"}}},{"from":[9.14356,26.01118,6.5],"to":[10.34356,26.71218,7.9],"rotation":{"angle":-22.5,"axis":"z","origin":[7.20774,25.78766,7.2]},"faces":{"north":{"uv":[6.25,11.75,6.75,11.25],"texture":"#0"},"south":{"uv":[6.5,12,7,11.5],"texture":"#0"},"up":{"uv":[5.25,12.5,6.25,11.75],"rotation":180,"texture":"#0"}}}]}