{"credit":"thebradqq's guns","textures":{"0":"mgs:gun/spas12details","1":"mgs:gun/metal","2":"mgs:gun/metal_bright","3":"mgs:gun/metal_brighter","4":"mgs:gun/metal_dark","5":"mgs:gun/holodetails","6":"mgs:gun/kobradetails","7":"mgs:gun/acogdetails","8":"mgs:misc/reticles","particle":"mgs:misc/reticles"},"gui_light":"front","display":{"thirdperson_righthand":{"rotation":[0,100,0],"translation":[-0.5,1.5,-1],"scale":[0.7,0.7,0.7]},"thirdperson_lefthand":{"rotation":[0,-90,190],"translation":[-2,-6.5,5],"scale":[0.7,0.7,0.7]},"firstperson_righthand":{"rotation":[0,90,0],"translation":[-2.75,3.25,-0.75],"scale":[1.3,1.3,1.3]},"firstperson_lefthand":{"scale":[0,0,0]},"ground":{"translation":[0,1,0],"scale":[0.7,0.7,0.7]},"gui":{"rotation":[0,0,45],"translation":[-4,0,-1],"scale":[0.7,0.7,0.7]},"head":{"scale":[1.4,1.4,1.4]},"fixed":{"translation":[0,1.5,-2.2],"scale":[-1.4,1.4,-1.4]}},"elements":[{"from":[1.5,1.75,7.5],"to":[3.5,5.25,8.5],"rotation":{"angle":-22.5,"axis":"z","origin":[2.75,3,8.25]},"faces":{"north":{"uv":[10,4.75,16,7],"rotation":90,"texture":"#1"},"east":{"uv":[6.25,8,7.75,12.5],"texture":"#1"},"south":{"uv":[10,7,16,4.75],"rotation":90,"texture":"#1"},"west":{"uv":[6.75,7.5,8.25,12],"texture":"#2"},"down":{"uv":[8,10.25,9.25,12.25],"rotation":90,"texture":"#4"}}},{"from":[4.15,4.85,7.625],"to":[4.9,6.2,8.375],"faces":{"north":{"uv":[7.75,7.75,9.25,9.5],"texture":"#1"},"east":{"uv":[9,7.5,12.25,8.75],"rotation":270,"texture":"#4"},"south":{"uv":[7.75,7.75,9.25,9.5],"texture":"#1"}}},{"from":[1,6.48065,7.399],"to":[3.5,8.23065,8.601],"rotation":{"angle":22.5,"axis":"z","origin":[3.5,8.23065,7.399]},"faces":{"north":{"uv":[4,9.75,7.75,12.25],"rotation":180,"texture":"#1"},"east":{"uv":[0,6.25,0.75,8.25],"rotation":90,"texture":"#2"},"south":{"uv":[4.25,8.75,8,12],"rotation":180,"texture":"#1"},"west":{"uv":[7,11,8.5,12.5],"texture":"#4"},"up":{"uv":[1.5,6.25,5.25,8.25],"texture":"#1"},"down":{"uv":[6.25,8,7.75,8.25],"texture":"#1"}}},{"from":[11,7.625,7.3],"to":[21.25,7.75,7.4],"faces":{"north":{"uv":[1.75,15.5,12.5,15.75],"texture":"#4"},"south":{"uv":[0,13,9,13.5],"rotation":180,"texture":"#4"},"west":{"uv":[0.25,7.125,0.5,7.375],"texture":"#4"},"up":{"uv":[7,3.5,16,4],"rotation":180,"texture":"#4"},"down":{"uv":[0.75,11,11.5,11.25],"texture":"#4"}}},{"from":[5.10381,4.85586,7.90025],"to":[5.20381,5.25586,8.09975],"rotation":{"angle":22.5,"axis":"z","origin":[5.20381,5.23086,8.05025]},"faces":{"north":{"uv":[1,15,1.5,16],"rotation":180,"texture":"#4"},"east":{"uv":[8.5,4.25,9,5],"rotation":180,"texture":"#4"},"south":{"uv":[1,15,1.5,16],"rotation":180,"texture":"#4"},"west":{"uv":[8.25,8,8.5,8.25],"texture":"#4"},"down":{"uv":[8.25,8,8.5,8.25],"texture":"#4"}}},{"from":[5.3,7.2,7.95],"to":[10.55,7.8,8.45],"faces":{"south":{"uv":[6,4,10,5.25],"texture":"#4"},"up":{"uv":[8,4.5,12,4.75],"texture":"#1"}}},{"from":[9.75,7.25,8.45],"to":[9.95,7.55,9.2],"faces":{"east":{"uv":[5.5,7.5,7,8.25],"texture":"#1"},"south":{"uv":[7.5,4.5,8,5.25],"texture":"#1"},"west":{"uv":[5.5,5.25,7,6],"texture":"#1"},"up":{"uv":[5.75,4.5,7.25,5],"rotation":90,"texture":"#1"},"down":{"uv":[2.25,7.75,3.75,8.25],"rotation":90,"texture":"#1"}}},{"from":[11,7.75,7.3],"to":[11.5,8,8.7],"faces":{"north":{"uv":[13.25,15.5,13.75,16],"texture":"#4"},"east":{"uv":[8.5,7.5,8.75,8.25],"rotation":180,"texture":"#4"},"south":{"uv":[13.25,15.5,13.75,16],"texture":"#4"},"west":{"uv":[0.25,7.125,0.5,7.375],"texture":"#4"}}},{"from":[11,8,7.3],"to":[21.25,8.2,7.5],"faces":{"north":{"uv":[1.25,15,12,15.5],"texture":"#4"},"south":{"uv":[0,13,9,13.5],"rotation":180,"texture":"#4"},"west":{"uv":[0.25,7.125,0.5,7.375],"texture":"#4"},"up":{"uv":[1,4.25,11.75,4.75],"rotation":180,"texture":"#4"},"down":{"uv":[1.5,10,10.5,10.5],"rotation":180,"texture":"#4"}}},{"from":[11,8.2,7.3],"to":[13.25,8.4,8.7],"faces":{"north":{"uv":[1.25,15,3.75,15.25],"texture":"#4"},"east":{"uv":[12.25,14.5,12.75,15],"rotation":180,"texture":"#4"},"south":{"uv":[1.25,15,3.75,15.25],"texture":"#4"},"west":{"uv":[4.25,12.5,4.5,13],"rotation":180,"texture":"#4"},"up":{"uv":[11.25,0.75,13.5,4.25],"rotation":180,"texture":"#4"},"down":{"uv":[15.75,15.75,16,16],"rotation":180,"texture":"#4"}}},{"from":[10.75,7.2,7.92541],"to":[27,7.275,8.07459],"faces":{"up":{"uv":[8.75,11,9,11.25],"rotation":180,"texture":"#4"},"down":{"uv":[15.75,15.75,16,16],"texture":"#4"}}},{"from":[26.1,8.05,7.925],"to":[26.6,8.85,8.075],"faces":{"north":{"uv":[12.5,2.5,13.25,4.75],"texture":"#4"},"east":{"uv":[15.25,3,15.75,4.75],"texture":"#1"},"south":{"uv":[12.5,2.5,13.25,4.75],"texture":"#4"},"west":{"uv":[12.75,3.5,13.25,5.25],"texture":"#4"},"up":{"uv":[5.75,1.75,6.5,2.25],"rotation":180,"texture":"#2"}}},{"from":[13.75,5.85,7.15],"to":[17.35,7.6,8.85],"faces":{"north":{"uv":[4,2.5,16,9],"texture":"#0"},"south":{"uv":[16,2.5,4,9],"texture":"#0"},"west":{"uv":[1,3,2,9.5],"texture":"#0"},"up":{"uv":[4,7,16,8],"rotation":180,"texture":"#0"}}},{"from":[13.55,5.8,7],"to":[13.8,7.15,9],"faces":{"north":{"uv":[3.5,2.25,5.5,2.75],"rotation":90,"texture":"#4"},"east":{"uv":[4.5,10.25,6.5,10.75],"rotation":90,"texture":"#4"},"south":{"uv":[3.5,2.25,5.5,2.75],"rotation":270,"texture":"#4"},"west":{"uv":[4.5,10.25,5,10.75],"rotation":90,"texture":"#4"},"up":{"uv":[5,1.75,7,2.25],"rotation":90,"texture":"#4"}}},{"from":[21.25,7.625,7.299],"to":[21.75,8.2,8.701],"faces":{"north":{"uv":[8.25,15,8.75,16],"texture":"#4"},"east":{"uv":[7.5,11.25,8.75,12.25],"rotation":180,"texture":"#4"},"south":{"uv":[8.25,15,8.75,16],"texture":"#4"},"west":{"uv":[8.5,7.5,8.75,8.25],"rotation":180,"texture":"#4"},"up":{"uv":[14.5,10.5,15.5,16],"texture":"#0"},"down":{"uv":[15.75,15.75,16,16],"texture":"#4"}}},{"from":[14.4408,8.10237,7.3005],"to":[14.9908,8.30237,7.5005],"rotation":{"angle":-22.5,"axis":"z","origin":[14.7158,8.20237,8.55]},"faces":{"north":{"uv":[1.25,15,1.75,15.25],"texture":"#4"},"south":{"uv":[0,13,1,13.5],"rotation":180,"texture":"#4"},"up":{"uv":[1,4.25,1.5,4.75],"rotation":180,"texture":"#4"}}},{"from":[11,7.125,7.3],"to":[11.25,7.625,8.7],"faces":{"north":{"uv":[10.25,15.25,10.5,16],"texture":"#4"},"east":{"uv":[11.5,4.5,11.75,5.25],"rotation":180,"texture":"#4"},"south":{"uv":[10.25,15.25,10.5,16],"texture":"#4"},"west":{"uv":[0.25,7.125,0.5,7.375],"texture":"#4"}}},{"from":[11.25,7.125,7.4],"to":[21.75,7.625,8.6],"faces":{"north":{"uv":[0.75,11.75,11.5,12.75],"texture":"#4"},"east":{"uv":[7.5,10.5,8.5,11.5],"rotation":180,"texture":"#4"},"south":{"uv":[0.75,11.75,11.5,12.75],"texture":"#4"},"up":{"uv":[8.25,8,8.5,8.25],"texture":"#4"},"down":{"uv":[8.25,8,8.5,8.25],"texture":"#4"}}},{"from":[11,7,7.3],"to":[21.75,7.125,7.5],"faces":{"north":{"uv":[0,15.75,10.75,16],"texture":"#4"},"west":{"uv":[0.25,7.125,0.5,7.375],"texture":"#4"},"up":{"uv":[3.5,4.5,14.25,4.75],"texture":"#4"},"down":{"uv":[8.25,8,8.5,8.25],"texture":"#4"}}},{"from":[11,6.625,7.3],"to":[21.75,6.75,7.5],"faces":{"north":{"uv":[0,15.75,10.75,16],"texture":"#4"},"west":{"uv":[0.25,7.125,0.5,7.375],"texture":"#4"},"up":{"uv":[8.25,8,8.5,8.25],"texture":"#4"},"down":{"uv":[8.25,8,8.5,8.25],"texture":"#4"}}},{"from":[11,6.75,7.3],"to":[12,7,8.7],"faces":{"north":{"uv":[9.25,15.5,10.25,16],"texture":"#4"},"east":{"uv":[8.25,8,8.5,8.25],"texture":"#4"},"south":{"uv":[9.25,15.5,10.25,16],"texture":"#4"},"west":{"uv":[0.25,7.125,0.5,7.375],"texture":"#4"}}},{"from":[13,6.75,7.3],"to":[13.25,7,7.35],"faces":{"north":{"uv":[5.5,15.5,5.75,16],"texture":"#4"},"east":{"uv":[8,7.25,8.25,8],"rotation":180,"texture":"#4"},"west":{"uv":[8,7.25,8.25,8],"rotation":180,"texture":"#4"}}},{"from":[11,6.375,7.3],"to":[11.5,6.625,8.7],"faces":{"north":{"uv":[7.75,15.5,8.25,16],"texture":"#4"},"east":{"uv":[8.25,8,8.5,8.25],"texture":"#4"},"south":{"uv":[7.75,15.5,8.25,16],"texture":"#4"},"west":{"uv":[0.25,7.125,0.5,7.375],"texture":"#4"}}},{"from":[12.5,6.375,7.3],"to":[12.75,6.625,7.35],"faces":{"north":{"uv":[3,15.5,3.25,16],"texture":"#4"},"east":{"uv":[8,7.25,8.25,8],"rotation":180,"texture":"#4"},"west":{"uv":[8,7.25,8.25,8],"rotation":180,"texture":"#4"}}},{"from":[11,6.25,7.3],"to":[21.75,6.375,8.7],"faces":{"north":{"uv":[4,15.5,14.75,15.75],"texture":"#4"},"south":{"uv":[4,15.5,14.75,15.75],"texture":"#4"},"west":{"uv":[0.25,7.125,0.5,7.375],"texture":"#4"},"up":{"uv":[8.25,8,8.5,8.25],"texture":"#4"},"down":{"uv":[8.25,8,8.5,8.25],"texture":"#4"}}},{"from":[11,5.7,7.86076],"to":[21.75,6.1,8.13924],"faces":{"east":{"uv":[8,8,9,8.25],"rotation":180,"texture":"#4"},"west":{"uv":[0.25,7.125,0.5,7.375],"texture":"#4"},"down":{"uv":[0,10.75,10.75,11.25],"rotation":180,"texture":"#4"}}},{"from":[11,5.7,7.86076],"to":[21.75,6.1,8.13924],"rotation":{"angle":22.5,"axis":"x","origin":[16.375,6.4,8]},"faces":{"east":{"uv":[8,8,9,8.25],"rotation":180,"texture":"#4"},"west":{"uv":[0.25,7.125,0.5,7.375],"texture":"#4"},"down":{"uv":[1.75,11.25,12.5,11.75],"texture":"#4"}}},{"from":[11,5.7,7.86076],"to":[21.75,6.1,8.13924],"rotation":{"angle":-22.5,"axis":"x","origin":[16.375,6.4,8]},"faces":{"east":{"uv":[8,8,9,8.25],"rotation":180,"texture":"#4"},"west":{"uv":[0.25,7.125,0.5,7.375],"texture":"#4"},"down":{"uv":[1.75,11.25,12.5,11.75],"rotation":180,"texture":"#4"}}},{"from":[11,5.7,7.86076],"to":[21.75,6.1,8.13924],"rotation":{"angle":45,"axis":"x","origin":[16.375,6.4,8]},"faces":{"north":{"uv":[8.25,8,8.5,8.25],"texture":"#4"},"east":{"uv":[8,8,9,8.25],"rotation":180,"texture":"#4"},"down":{"uv":[2.25,11.75,13,12.25],"texture":"#4"}}},{"from":[11,5.7,7.86076],"to":[21.75,6.1,8.13924],"rotation":{"angle":-45,"axis":"x","origin":[16.375,6.4,8]},"faces":{"east":{"uv":[8,8,9,8.25],"rotation":180,"texture":"#4"},"south":{"uv":[8.25,8,8.5,8.25],"texture":"#4"},"down":{"uv":[1.75,11.75,12.5,12.25],"rotation":180,"texture":"#4"}}},{"from":[11,6.26076,7.3],"to":[21.75,6.28926,7.9],"rotation":{"angle":-22.5,"axis":"x","origin":[16.375,6.4,8]},"faces":{"north":{"uv":[2.25,12.5,13,12.75],"texture":"#4"},"east":{"uv":[8,8,9,8.25],"rotation":180,"texture":"#4"},"west":{"uv":[0.25,7.125,0.5,7.375],"texture":"#4"},"up":{"uv":[8,7.25,8.25,8],"texture":"#4"}}},{"from":[11,6.26076,8.1],"to":[21.75,6.28926,8.7],"rotation":{"angle":22.5,"axis":"x","origin":[16.375,6.4,8]},"faces":{"east":{"uv":[8,8,9,8.25],"rotation":180,"texture":"#4"},"south":{"uv":[2.25,12.5,13,12.75],"texture":"#4"},"west":{"uv":[0.25,7.125,0.5,7.375],"texture":"#4"},"up":{"uv":[8,7.25,8.25,8],"rotation":180,"texture":"#4"}}},{"from":[11,6.2893,8.3],"to":[12,6.5393,8.7],"rotation":{"angle":22.5,"axis":"x","origin":[16.375,6.4,8]},"faces":{"east":{"uv":[8.25,8,8.5,8.25],"texture":"#4"},"south":{"uv":[7.75,15.5,8.75,16],"texture":"#4"},"west":{"uv":[0.25,7.125,0.5,7.375],"texture":"#4"}}},{"from":[11,6.2893,7.3],"to":[12,6.5393,7.7],"rotation":{"angle":-22.5,"axis":"x","origin":[16.375,6.4,8]},"faces":{"north":{"uv":[7.75,15.5,8.75,16],"texture":"#4"},"east":{"uv":[8.25,8,8.5,8.25],"texture":"#4"},"west":{"uv":[0.25,7.125,0.5,7.375],"texture":"#4"}}},{"from":[13,6.2893,8.65],"to":[13.25,6.5393,8.7],"rotation":{"angle":22.5,"axis":"x","origin":[18.375,6.4,8]},"faces":{"east":{"uv":[8,7.25,8.25,8],"rotation":180,"texture":"#4"},"south":{"uv":[0,15.5,0.25,16],"texture":"#4"},"west":{"uv":[8,7.25,8.25,8],"rotation":180,"texture":"#4"}}},{"from":[13,6.2893,7.3],"to":[13.25,6.5393,7.35],"rotation":{"angle":-22.5,"axis":"x","origin":[18.375,6.4,8]},"faces":{"north":{"uv":[0,15.5,0.25,16],"texture":"#4"},"east":{"uv":[8,7.25,8.25,8],"rotation":180,"texture":"#4"},"west":{"uv":[8,7.25,8.25,8],"rotation":180,"texture":"#4"}}},{"from":[13.25,8.2,7.3],"to":[14.5,8.4,7.5],"faces":{"north":{"uv":[1.25,15,2.5,15.25],"texture":"#4"},"south":{"uv":[0,13,7,13.5],"rotation":180,"texture":"#4"},"up":{"uv":[1,4.25,2.25,4.75],"rotation":180,"texture":"#4"}}},{"from":[13.25,8.2,8.5],"to":[14.5,8.4,8.7],"faces":{"north":{"uv":[0,13,7,13.5],"rotation":180,"texture":"#4"},"south":{"uv":[1.25,15,2.5,15.25],"texture":"#4"},"up":{"uv":[1,4.25,2.25,4.75],"texture":"#4"}}},{"from":[14.4408,8.10237,8.4995],"to":[14.9908,8.30237,8.6995],"rotation":{"angle":-22.5,"axis":"z","origin":[14.7158,8.20237,9.75]},"faces":{"north":{"uv":[0,13,1,13.5],"rotation":180,"texture":"#4"},"south":{"uv":[1.25,15,1.75,15.25],"texture":"#4"},"up":{"uv":[1,4.25,1.5,4.75],"texture":"#4"}}},{"from":[11,8,8.5],"to":[21.25,8.2,8.7],"faces":{"north":{"uv":[0,13,9,13.5],"rotation":180,"texture":"#4"},"south":{"uv":[1.25,15,12,15.5],"texture":"#4"},"west":{"uv":[0.25,7.125,0.5,7.375],"texture":"#4"},"up":{"uv":[1,4.25,11.75,4.75],"texture":"#4"},"down":{"uv":[1.5,10,10.5,10.5],"rotation":180,"texture":"#4"}}},{"from":[13.25,8.35,7.75],"to":[14.5,8.4,7.875],"faces":{"north":{"uv":[0,15.75,9,16],"rotation":180,"texture":"#4"},"south":{"uv":[0,15.75,9,16],"rotation":180,"texture":"#4"},"up":{"uv":[4.75,4.75,6,5],"rotation":180,"texture":"#2"},"down":{"uv":[15.75,15.75,16,16],"texture":"#4"}}},{"from":[14.4408,8.25237,7.75],"to":[14.9908,8.30237,7.875],"rotation":{"angle":-22.5,"axis":"z","origin":[14.7158,8.20237,8.9]},"faces":{"north":{"uv":[0,15.75,9,16],"rotation":180,"texture":"#4"},"south":{"uv":[0,15.75,9,16],"rotation":180,"texture":"#4"},"up":{"uv":[4.75,4.75,5.25,5],"rotation":180,"texture":"#2"},"down":{"uv":[15.75,15.75,16,16],"texture":"#4"}}},{"from":[14.975,8.15,7.75],"to":[21.25,8.2,7.875],"faces":{"north":{"uv":[0,15.75,9,16],"rotation":180,"texture":"#4"},"south":{"uv":[0,15.75,9,16],"rotation":180,"texture":"#4"},"up":{"uv":[8.5,4.75,15,5],"rotation":180,"texture":"#2"},"down":{"uv":[15.75,15.75,16,16],"texture":"#4"}}},{"from":[13.25,8.35,8.125],"to":[14.5,8.4,8.25],"faces":{"north":{"uv":[0,15.75,9,16],"rotation":180,"texture":"#4"},"south":{"uv":[0,15.75,9,16],"rotation":180,"texture":"#4"},"up":{"uv":[4.75,4.75,6,5],"rotation":180,"texture":"#2"},"down":{"uv":[15.75,15.75,16,16],"texture":"#4"}}},{"from":[14.4408,8.25237,8.125],"to":[14.9908,8.30237,8.25],"rotation":{"angle":-22.5,"axis":"z","origin":[14.7158,8.20237,9.25]},"faces":{"north":{"uv":[0,15.75,9,16],"rotation":180,"texture":"#4"},"south":{"uv":[0,15.75,9,16],"rotation":180,"texture":"#4"},"up":{"uv":[4.75,4.75,5.25,5],"rotation":180,"texture":"#2"},"down":{"uv":[15.75,15.75,16,16],"texture":"#4"}}},{"from":[14.975,8.15,8.125],"to":[21.25,8.2,8.25],"faces":{"north":{"uv":[0,15.75,9,16],"rotation":180,"texture":"#4"},"south":{"uv":[0,15.75,9,16],"rotation":180,"texture":"#4"},"up":{"uv":[4.75,4.75,11.25,5],"rotation":180,"texture":"#2"},"down":{"uv":[15.75,15.75,16,16],"texture":"#4"}}},{"from":[14.25,8.35,7.875],"to":[14.5,8.4,8.125],"faces":{"east":{"uv":[14,15.5,14.5,16],"rotation":180,"texture":"#4"},"west":{"uv":[0,11.75,0.5,12.25],"rotation":180,"texture":"#4"},"up":{"uv":[11.75,4.5,12.25,4.75],"rotation":90,"texture":"#2"},"down":{"uv":[15.75,15.75,16,16],"texture":"#4"}}},{"from":[13.25,8.35,7.5],"to":[14,8.4,7.75],"faces":{"east":{"uv":[14,15.5,14.5,16],"rotation":180,"texture":"#4"},"up":{"uv":[14,4,14.75,4.5],"rotation":180,"texture":"#4"},"down":{"uv":[15.75,15.75,16,16],"texture":"#4"}}},{"from":[13.25,8.35,8.25],"to":[14,8.4,8.5],"faces":{"east":{"uv":[14,15.5,14.5,16],"rotation":180,"texture":"#4"},"up":{"uv":[14,4,14.75,4.5],"texture":"#4"},"down":{"uv":[15.75,15.75,16,16],"texture":"#4"}}},{"from":[15,8.15,8.25],"to":[15.25,8.2,8.5],"faces":{"east":{"uv":[14,15.5,14.5,16],"rotation":180,"texture":"#4"},"west":{"uv":[0,11.75,0.5,12.25],"rotation":180,"texture":"#4"},"up":{"uv":[14,4,14.5,4.5],"texture":"#4"},"down":{"uv":[15.75,15.75,16,16],"texture":"#4"}}},{"from":[16.25,8.15,8.25],"to":[16.5,8.2,8.5],"faces":{"east":{"uv":[14,15.5,14.5,16],"rotation":180,"texture":"#4"},"west":{"uv":[0,11.75,0.5,12.25],"rotation":180,"texture":"#4"},"up":{"uv":[4.25,3,4.75,3.5],"texture":"#4"},"down":{"uv":[15.75,15.75,16,16],"texture":"#4"}}},{"from":[17.5,8.15,8.25],"to":[17.75,8.2,8.5],"faces":{"east":{"uv":[14,15.5,14.5,16],"rotation":180,"texture":"#4"},"west":{"uv":[0,11.75,0.5,12.25],"rotation":180,"texture":"#4"},"up":{"uv":[3,4,3.5,4.5],"texture":"#4"},"down":{"uv":[15.75,15.75,16,16],"texture":"#4"}}},{"from":[18.75,8.15,8.25],"to":[19,8.2,8.5],"faces":{"east":{"uv":[14,15.5,14.5,16],"rotation":180,"texture":"#4"},"west":{"uv":[0,11.75,0.5,12.25],"rotation":180,"texture":"#4"},"up":{"uv":[3.25,4,3.75,4.5],"texture":"#4"},"down":{"uv":[15.75,15.75,16,16],"texture":"#4"}}},{"from":[20,8.15,8.25],"to":[20.25,8.2,8.5],"faces":{"east":{"uv":[14,15.5,14.5,16],"rotation":180,"texture":"#4"},"west":{"uv":[0,11.75,0.5,12.25],"rotation":180,"texture":"#4"},"up":{"uv":[4,3.75,4.5,4.25],"texture":"#4"},"down":{"uv":[15.75,15.75,16,16],"texture":"#4"}}},{"from":[15.5,8.15,7.875],"to":[15.75,8.2,8.125],"faces":{"east":{"uv":[14,15.5,14.5,16],"rotation":180,"texture":"#4"},"west":{"uv":[0,11.75,0.5,12.25],"rotation":180,"texture":"#4"},"up":{"uv":[11.75,4.5,12.25,4.75],"rotation":90,"texture":"#2"},"down":{"uv":[15.75,15.75,16,16],"texture":"#4"}}},{"from":[16.75,8.15,7.875],"to":[17,8.2,8.125],"faces":{"east":{"uv":[14,15.5,14.5,16],"rotation":180,"texture":"#4"},"west":{"uv":[0,11.75,0.5,12.25],"rotation":180,"texture":"#4"},"up":{"uv":[11.75,4.5,12.25,4.75],"rotation":90,"texture":"#2"},"down":{"uv":[15.75,15.75,16,16],"texture":"#4"}}},{"from":[18,8.15,7.875],"to":[18.25,8.2,8.125],"faces":{"east":{"uv":[14,15.5,14.5,16],"rotation":180,"texture":"#4"},"west":{"uv":[0,11.75,0.5,12.25],"rotation":180,"texture":"#4"},"up":{"uv":[12,4.5,12.5,4.75],"rotation":90,"texture":"#2"},"down":{"uv":[15.75,15.75,16,16],"texture":"#4"}}},{"from":[19.25,8.15,7.875],"to":[19.5,8.2,8.125],"faces":{"east":{"uv":[14,15.5,14.5,16],"rotation":180,"texture":"#4"},"west":{"uv":[0,11.75,0.5,12.25],"rotation":180,"texture":"#4"},"up":{"uv":[11.5,4.5,12,4.75],"rotation":90,"texture":"#2"},"down":{"uv":[15.75,15.75,16,16],"texture":"#4"}}},{"from":[20.5,8.15,7.875],"to":[21.25,8.2,8.125],"faces":{"west":{"uv":[0,11.75,0.5,12.25],"rotation":180,"texture":"#4"},"up":{"uv":[9.5,4.25,10.5,4.75],"texture":"#2"},"down":{"uv":[15.75,15.75,16,16],"texture":"#4"}}},{"from":[10.75,7.2,7.92541],"to":[27,7.275,8.07459],"rotation":{"angle":-22.5,"axis":"x","origin":[13.125,7.575,8]},"faces":{"up":{"uv":[8.75,11,9,11.25],"rotation":180,"texture":"#4"},"down":{"uv":[5.25,8,12.5,8.5],"rotation":180,"texture":"#4"}}},{"from":[10.75,7.2,7.92541],"to":[27,7.275,8.07459],"rotation":{"angle":22.5,"axis":"x","origin":[13.125,7.575,8]},"faces":{"up":{"uv":[8.75,11,9,11.25],"rotation":180,"texture":"#4"},"down":{"uv":[15.75,15.75,16,16],"texture":"#4"}}},{"from":[10.75,7.2,7.92541],"to":[27,7.275,8.07459],"rotation":{"angle":-45,"axis":"x","origin":[13.125,7.575,8]},"faces":{"up":{"uv":[8.5,8,8.75,8.25],"rotation":180,"texture":"#4"},"down":{"uv":[5,11.25,12.25,11.75],"rotation":180,"texture":"#4"}}},{"from":[10.75,7.2,7.92541],"to":[27,7.275,8.07459],"rotation":{"angle":45,"axis":"x","origin":[13.125,7.575,8]},"faces":{"up":{"uv":[8.5,8,8.75,8.25],"rotation":180,"texture":"#4"},"down":{"uv":[5.25,8,12.5,8.5],"texture":"#4"}}},{"from":[10.75,7.50041,7.625],"to":[27,7.64959,7.7],"rotation":{"angle":22.5,"axis":"x","origin":[13.125,7.575,8]},"faces":{"north":{"uv":[4,12.25,11.25,12.75],"rotation":180,"texture":"#4"},"south":{"uv":[15.75,15.75,16,16],"rotation":180,"texture":"#4"}}},{"from":[10.75,7.50041,7.625],"to":[27,7.64959,7.7],"rotation":{"angle":-22.5,"axis":"x","origin":[13.125,7.575,8]},"faces":{"north":{"uv":[5,11.25,12.25,11.75],"rotation":180,"texture":"#4"},"south":{"uv":[8.5,8,8.75,8.25],"rotation":180,"texture":"#4"}}},{"from":[10.75,7.50041,7.625],"to":[27,7.64959,7.7],"faces":{"north":{"uv":[5,11.75,12.25,12.25],"rotation":180,"texture":"#4"},"south":{"uv":[15.75,15.75,16,16],"rotation":180,"texture":"#4"}}},{"from":[10.75,7.875,7.92541],"to":[27,7.95,8.07459],"rotation":{"angle":-45,"axis":"x","origin":[13.125,7.575,8]},"faces":{"up":{"uv":[5.5,4.5,12.75,5],"rotation":180,"texture":"#4"},"down":{"uv":[15.75,15.75,16,16],"rotation":180,"texture":"#4"}}},{"from":[10.75,7.875,7.92541],"to":[27,7.95,8.07459],"rotation":{"angle":-22.5,"axis":"x","origin":[13.125,7.575,8]},"faces":{"up":{"uv":[0,4.75,7.25,5.25],"rotation":180,"texture":"#2"},"down":{"uv":[15.75,15.75,16,16],"rotation":180,"texture":"#4"}}},{"from":[10.75,7.875,7.92541],"to":[27,7.95,8.07459],"faces":{"up":{"uv":[8.75,1.75,16,2.25],"rotation":180,"texture":"#2"},"down":{"uv":[15.75,15.75,16,16],"rotation":180,"texture":"#4"}}},{"from":[10.75,7.875,7.92541],"to":[27,7.95,8.07459],"rotation":{"angle":22.5,"axis":"x","origin":[13.125,7.575,8]},"faces":{"up":{"uv":[0,4.75,7.25,5.25],"texture":"#2"},"down":{"uv":[15.75,15.75,16,16],"rotation":180,"texture":"#4"}}},{"from":[10.75,7.875,7.92541],"to":[27,7.95,8.07459],"rotation":{"angle":45,"axis":"x","origin":[13.125,7.575,8]},"faces":{"up":{"uv":[5.5,4.5,12.75,5],"texture":"#4"},"down":{"uv":[15.75,15.75,16,16],"rotation":180,"texture":"#4"}}},{"from":[10.75,7.50041,8.3],"to":[27,7.64959,8.375],"rotation":{"angle":-22.5,"axis":"x","origin":[13.125,7.575,8]},"faces":{"north":{"uv":[15.75,15.75,16,16],"rotation":180,"texture":"#4"},"south":{"uv":[1.5,12.25,8.75,12.75],"texture":"#4"}}},{"from":[10.75,7.50041,8.3],"to":[27,7.64959,8.375],"faces":{"north":{"uv":[15.75,15.75,16,16],"rotation":180,"texture":"#4"},"south":{"uv":[5,12.25,12.25,12.75],"rotation":180,"texture":"#4"}}},{"from":[10.75,7.50041,8.3],"to":[27,7.64959,8.375],"rotation":{"angle":22.5,"axis":"x","origin":[13.125,7.575,8]},"faces":{"north":{"uv":[8.5,8,8.75,8.25],"rotation":180,"texture":"#4"},"south":{"uv":[5,12,12.25,12.5],"rotation":180,"texture":"#4"}}},{"from":[26.19619,7.95587,7.9251],"to":[26.59619,8.68087,8.0749],"rotation":{"angle":22.5,"axis":"z","origin":[26.55,8.7,8.0241]},"faces":{"north":{"uv":[11.5,3.25,12,5],"texture":"#4"},"east":{"uv":[15.25,3,15.75,4.75],"texture":"#1"},"south":{"uv":[11.5,3.25,12,5],"texture":"#4"}}},{"from":[27,7.875,7.91049],"to":[28.5,8.025,8.08951],"rotation":{"angle":-45,"axis":"x","origin":[27.2,7.575,8]},"faces":{"east":{"uv":[0,7.5,0.5,8],"texture":"#4"},"west":{"uv":[10,12,10.25,12.25],"rotation":180,"texture":"#4"},"up":{"uv":[1,10,2.5,14.99],"rotation":270,"texture":"#0"},"down":{"uv":[15.75,15.75,16,16],"rotation":180,"texture":"#4"}}},{"from":[27,7.875,7.91049],"to":[28.5,8.025,8.08951],"faces":{"east":{"uv":[15.5,7.5,16,8],"texture":"#4"},"west":{"uv":[9.75,10.25,10,10.5],"rotation":180,"texture":"#4"},"up":{"uv":[0,10,1.5,14.99],"rotation":270,"texture":"#0"},"down":{"uv":[15.75,15.75,16,16],"rotation":180,"texture":"#4"}}},{"from":[27,7.875,7.91049],"to":[28.5,8.025,8.08951],"rotation":{"angle":-22.5,"axis":"x","origin":[27.2,7.575,8]},"faces":{"east":{"uv":[1,7.5,1.5,8],"texture":"#4"},"west":{"uv":[10,11.5,10.25,11.75],"rotation":180,"texture":"#4"},"up":{"uv":[0.5,10,2,14.99],"rotation":270,"texture":"#0"},"down":{"uv":[15.75,15.75,16,16],"rotation":180,"texture":"#4"}}},{"from":[27,7.875,7.91049],"to":[28.5,8.025,8.08951],"rotation":{"angle":22.5,"axis":"x","origin":[27.2,7.575,8]},"faces":{"east":{"uv":[1.25,7.5,1.75,8],"texture":"#4"},"west":{"uv":[10,11.5,10.25,11.75],"rotation":180,"texture":"#4"},"up":{"uv":[2,10,0.5,14.99],"rotation":270,"texture":"#0"},"down":{"uv":[15.75,15.75,16,16],"rotation":180,"texture":"#4"}}},{"from":[27,7.875,7.91049],"to":[28.5,8.025,8.08951],"rotation":{"angle":45,"axis":"x","origin":[27.2,7.575,8]},"faces":{"east":{"uv":[0.25,7.5,0.75,8],"texture":"#4"},"south":{"uv":[3,10,1.5,14.99],"rotation":270,"texture":"#0"},"west":{"uv":[10,12,10.25,12.25],"rotation":180,"texture":"#4"},"up":{"uv":[2.5,10,1,14.99],"rotation":270,"texture":"#0"},"down":{"uv":[15.75,15.75,16,16],"rotation":180,"texture":"#4"}}},{"from":[27,7.48549,8.3],"to":[28.5,7.66451,8.45],"rotation":{"angle":22.5,"axis":"x","origin":[27.2,7.575,8]},"faces":{"north":{"uv":[9.5,8,9.75,8.25],"rotation":180,"texture":"#4"},"east":{"uv":[9,7.75,9.5,8.25],"rotation":270,"texture":"#4"},"south":{"uv":[6,10,4.5,14.99],"rotation":270,"texture":"#0"},"west":{"uv":[10,11.5,10.25,11.75],"rotation":180,"texture":"#4"}}},{"from":[27,7.48549,8.3],"to":[28.5,7.66451,8.45],"faces":{"north":{"uv":[9.5,8,9.75,8.25],"rotation":180,"texture":"#4"},"east":{"uv":[9,7.75,9.5,8.25],"rotation":270,"texture":"#4"},"south":{"uv":[4.5,10,3,14.99],"rotation":270,"texture":"#0"},"west":{"uv":[10,12,10.25,12.25],"rotation":180,"texture":"#4"}}},{"from":[27,7.48549,8.3],"to":[28.5,7.66451,8.45],"rotation":{"angle":-22.5,"axis":"x","origin":[27.2,7.575,8]},"faces":{"north":{"uv":[9.5,8,9.75,8.25],"rotation":180,"texture":"#4"},"east":{"uv":[15.5,7.75,16,8.25],"rotation":270,"texture":"#4"},"south":{"uv":[3,10,1.5,14.99],"rotation":270,"texture":"#0"},"west":{"uv":[8.5,4.25,8.75,4.5],"rotation":180,"texture":"#4"}}},{"from":[27,7.48549,7.55],"to":[28.5,7.66451,7.7],"faces":{"north":{"uv":[3,10,4.5,14.99],"rotation":90,"texture":"#0"},"east":{"uv":[9,7.75,9.5,8.25],"rotation":90,"texture":"#4"},"south":{"uv":[9.5,8,9.75,8.25],"rotation":180,"texture":"#4"},"west":{"uv":[10,12,10.25,12.25],"rotation":180,"texture":"#4"}}},{"from":[27,7.48549,7.55],"to":[28.5,7.66451,7.7],"rotation":{"angle":-22.5,"axis":"x","origin":[27.2,7.575,8]},"faces":{"north":{"uv":[4.5,10,6,14.99],"rotation":90,"texture":"#0"},"east":{"uv":[9,7.75,9.5,8.25],"rotation":90,"texture":"#4"},"south":{"uv":[9.5,8,9.75,8.25],"rotation":180,"texture":"#4"},"west":{"uv":[10,11.5,10.25,11.75],"rotation":180,"texture":"#4"}}},{"from":[27,7.48549,7.55],"to":[28.5,7.66451,7.7],"rotation":{"angle":22.5,"axis":"x","origin":[27.2,7.575,8]},"faces":{"north":{"uv":[1.5,10,3,14.99],"rotation":90,"texture":"#0"},"east":{"uv":[15.5,7.75,16,8.25],"texture":"#4"},"south":{"uv":[9.5,8,9.75,8.25],"rotation":180,"texture":"#4"},"west":{"uv":[8.5,4.25,8.75,4.5],"rotation":180,"texture":"#4"}}},{"from":[27,7.125,7.91049],"to":[28.5,7.275,8.08951],"rotation":{"angle":45,"axis":"x","origin":[27.2,7.575,8]},"faces":{"east":{"uv":[10.25,8,10.75,8.5],"texture":"#4"},"west":{"uv":[9.75,10.25,10,10.5],"rotation":180,"texture":"#4"},"up":{"uv":[8.25,8.25,8.5,8.5],"rotation":180,"texture":"#4"},"down":{"uv":[6,10,7.49,14.99],"rotation":270,"texture":"#0"}}},{"from":[27,7.125,7.91049],"to":[28.5,7.275,8.08951],"rotation":{"angle":-45,"axis":"x","origin":[27.2,7.575,8]},"faces":{"east":{"uv":[10.25,8,10.75,8.5],"texture":"#4"},"west":{"uv":[9.75,10.25,10,10.5],"rotation":180,"texture":"#4"},"up":{"uv":[8.25,8.25,8.5,8.5],"rotation":180,"texture":"#4"},"down":{"uv":[6.5,10,5,14.99],"rotation":270,"texture":"#0"}}},{"from":[27,7.125,7.91049],"to":[28.5,7.275,8.08951],"rotation":{"angle":-22.5,"axis":"x","origin":[27.2,7.575,8]},"faces":{"east":{"uv":[10.25,8,10.75,8.5],"texture":"#4"},"west":{"uv":[9.75,10.25,10,10.5],"rotation":180,"texture":"#4"},"up":{"uv":[8.75,11,9,11.25],"rotation":180,"texture":"#4"},"down":{"uv":[7,10,5.5,14.99],"rotation":270,"texture":"#0"}}},{"from":[27,7.125,7.91049],"to":[28.5,7.275,8.08951],"rotation":{"angle":22.5,"axis":"x","origin":[27.2,7.575,8]},"faces":{"east":{"uv":[10.25,8,10.75,8.5],"texture":"#4"},"west":{"uv":[9.75,10.25,10,10.5],"rotation":180,"texture":"#4"},"up":{"uv":[8.75,11,9,11.25],"rotation":180,"texture":"#4"},"down":{"uv":[7,10,5.5,14.99],"rotation":270,"texture":"#0"}}},{"from":[27,7.125,7.91049],"to":[28.5,7.275,8.08951],"faces":{"east":{"uv":[10.25,8,10.75,8.5],"texture":"#4"},"west":{"uv":[9.75,10.25,10,10.5],"rotation":180,"texture":"#4"},"up":{"uv":[8.75,11.5,9,11.75],"rotation":180,"texture":"#4"},"down":{"uv":[6,10,7.49,14.99],"rotation":270,"texture":"#0"}}},{"from":[21.7502,6.025,7.91049],"to":[28.2502,6.925,8.08951],"rotation":{"angle":-45,"axis":"x","origin":[21.95,6.475,8]},"faces":{"east":{"uv":[6,11,7,12],"rotation":180,"texture":"#4"},"up":{"uv":[6.75,5,14,5.5],"texture":"#2"},"down":{"uv":[6.25,5.5,13.5,6],"texture":"#4"}}},{"from":[21.75,6.025,7.91049],"to":[28.25,6.925,8.08951],"rotation":{"angle":-22.5,"axis":"x","origin":[21.95,6.475,8]},"faces":{"east":{"uv":[6,11,7,12],"rotation":180,"texture":"#4"},"up":{"uv":[7.25,4.75,14.5,5.25],"texture":"#4"},"down":{"uv":[5.25,8,12.5,8.5],"rotation":180,"texture":"#4"}}},{"from":[21.7502,6.025,7.91049],"to":[28.2502,6.925,8.08951],"faces":{"east":{"uv":[6,11,7,12],"rotation":180,"texture":"#4"},"up":{"uv":[4.5,6.25,11.75,6.75],"texture":"#4"},"down":{"uv":[15.75,15.75,16,16],"texture":"#4"}}},{"from":[21.75,6.025,7.91049],"to":[28.25,6.925,8.08951],"rotation":{"angle":22.5,"axis":"x","origin":[21.95,6.475,8]},"faces":{"east":{"uv":[6,11,7,12],"rotation":180,"texture":"#4"},"up":{"uv":[7.25,4.75,14.5,5.25],"rotation":180,"texture":"#4"},"down":{"uv":[5.25,8,12.5,8.5],"texture":"#4"}}},{"from":[21.7502,6.025,7.91049],"to":[28.2502,6.925,8.08951],"rotation":{"angle":45,"axis":"x","origin":[21.95,6.475,8]},"faces":{"east":{"uv":[6,11,7,12],"rotation":180,"texture":"#4"},"up":{"uv":[6.75,5,14,5.5],"rotation":180,"texture":"#2"},"down":{"uv":[0,9.5,7.25,10],"texture":"#4"}}},{"from":[21.75,6.38549,7.55],"to":[28.25,6.56451,8.45],"rotation":{"angle":-22.5,"axis":"x","origin":[21.95,6.475,8]},"faces":{"north":{"uv":[7,5.25,14.25,5.75],"texture":"#4"},"east":{"uv":[6,11,7,12],"rotation":90,"texture":"#4"},"south":{"uv":[7.25,4.5,14.5,5],"texture":"#4"}}},{"from":[21.7505,6.38549,7.55],"to":[28.2505,6.56451,8.45],"faces":{"north":{"uv":[7,4.75,14.25,5.25],"texture":"#4"},"east":{"uv":[5.75,11.25,6.75,11.75],"rotation":180,"texture":"#4"},"south":{"uv":[6.75,5,14,5.5],"texture":"#4"}}},{"from":[21.75,6.38549,7.55],"to":[28.25,6.56451,8.45],"rotation":{"angle":22.5,"axis":"x","origin":[21.95,6.475,8]},"faces":{"north":{"uv":[7.25,4.75,14.5,5.25],"texture":"#2"},"east":{"uv":[6,11,7,12],"rotation":270,"texture":"#4"},"south":{"uv":[0,9.25,7.25,9.75],"texture":"#4"}}},{"from":[21.5,6.2893,7.3],"to":[21.75,6.5393,7.9],"rotation":{"angle":-22.5,"axis":"x","origin":[26.875,6.4,8]},"faces":{"north":{"uv":[13,10,13.5,10.5],"texture":"#4"},"east":{"uv":[8,8,9,8.25],"rotation":180,"texture":"#4"}}},{"from":[21.5,6.2893,8.1],"to":[21.75,6.5393,8.7],"rotation":{"angle":22.5,"axis":"x","origin":[26.875,6.4,8]},"faces":{"east":{"uv":[8,8,9,8.25],"rotation":180,"texture":"#4"},"south":{"uv":[13,10,13.5,10.5],"texture":"#4"}}},{"from":[21.5,6.25,7.3],"to":[21.75,7.15,8.7],"faces":{"east":{"uv":[8,8,9.25,9],"rotation":180,"texture":"#4"}}},{"from":[26.05,7.9,7.775],"to":[26.9,8.05,8.225],"faces":{"north":{"uv":[0,4.75,1.65,5.25],"texture":"#4"},"east":{"uv":[2.25,4.25,3,4.75],"texture":"#4"},"south":{"uv":[0,4.75,1.65,5.25],"texture":"#4"},"west":{"uv":[0,5,0.75,5.5],"texture":"#4"},"up":{"uv":[11,1.75,12.5,3.5],"texture":"#4"}}},{"from":[21.75,5.975,7.90054],"to":[23.3,6.975,8.09946],"faces":{"east":{"uv":[9.75,10.25,10,10.5],"rotation":180,"texture":"#4"},"up":{"uv":[6.5,10,5,15],"rotation":270,"texture":"#0"},"down":{"uv":[6,10,7.5,15],"rotation":270,"texture":"#0"}}},{"from":[22.7,6.375,7.75147],"to":[22.85,7.075,8.24853],"faces":{"east":{"uv":[0,12.25,1.5,11.75],"rotation":270,"texture":"#4"},"west":{"uv":[0,10.75,1.5,10.25],"rotation":180,"texture":"#4"},"up":{"uv":[3.5,2.5,5,2],"rotation":270,"texture":"#4"}}},{"from":[21.75,5.975,7.90054],"to":[23.3,6.975,8.09946],"rotation":{"angle":22.5,"axis":"x","origin":[22.5,6.475,8]},"faces":{"east":{"uv":[9.75,10.25,10,10.5],"rotation":180,"texture":"#4"},"up":{"uv":[3.5,10,5,15],"rotation":270,"texture":"#0"},"down":{"uv":[5.5,10,7,15],"rotation":270,"texture":"#0"}}},{"from":[21.75,5.975,7.90054],"to":[23.3,6.975,8.09946],"rotation":{"angle":45,"axis":"x","origin":[22.5,6.475,8]},"faces":{"east":{"uv":[9.75,10.25,10,10.5],"rotation":180,"texture":"#4"},"up":{"uv":[0,10,1.5,14.99],"rotation":270,"texture":"#0"},"down":{"uv":[5,10,6.5,15],"rotation":270,"texture":"#0"}}},{"from":[21.75,6.37554,7.5],"to":[23.3,6.57446,8.5],"rotation":{"angle":-22.5,"axis":"x","origin":[22.5,6.475,8]},"faces":{"north":{"uv":[4.5,10,6,15],"rotation":90,"texture":"#0"},"east":{"uv":[9.75,10.25,10,10.5],"rotation":180,"texture":"#4"},"south":{"uv":[3,10,1.5,15],"rotation":270,"texture":"#0"}}},{"from":[21.75,5.975,7.90054],"to":[23.3,6.975,8.09946],"rotation":{"angle":-22.5,"axis":"x","origin":[22.5,6.475,8]},"faces":{"east":{"uv":[9.75,10.25,10,10.5],"rotation":180,"texture":"#4"},"up":{"uv":[5,10,3.5,15],"rotation":270,"texture":"#0"},"down":{"uv":[5.5,10,7,15],"rotation":270,"texture":"#0"}}},{"from":[21.75,5.975,7.90054],"to":[23.3,6.975,8.09946],"rotation":{"angle":-45,"axis":"x","origin":[22.5,6.475,8]},"faces":{"east":{"uv":[9.75,10.25,10,10.5],"rotation":180,"texture":"#4"},"up":{"uv":[0,10,1.5,14.99],"rotation":270,"texture":"#0"},"down":{"uv":[5,10,6.5,15],"rotation":270,"texture":"#0"}}},{"from":[21.75,6.37554,7.5],"to":[23.3,6.57446,8.5],"rotation":{"angle":22.5,"axis":"x","origin":[22.5,6.475,8]},"faces":{"north":{"uv":[1.5,10,3,15],"rotation":90,"texture":"#0"},"east":{"uv":[9.75,10.25,10,10.5],"rotation":180,"texture":"#4"},"south":{"uv":[6,10,4.5,15],"rotation":270,"texture":"#0"}}},{"from":[21.75,6.37554,7.5],"to":[23.3,6.57446,8.5],"faces":{"north":{"uv":[3,10,4.5,15],"rotation":90,"texture":"#0"},"east":{"uv":[9.75,10.25,10,10.5],"rotation":180,"texture":"#4"},"south":{"uv":[4.5,10,3,15],"rotation":270,"texture":"#0"}}},{"from":[22.701,6.375,7.75147],"to":[22.851,7.075,8.24853],"rotation":{"angle":45,"axis":"x","origin":[23.525,6.475,8]},"faces":{"east":{"uv":[0,16,1.5,15.5],"rotation":270,"texture":"#4"},"west":{"uv":[0,10.75,1.5,10.25],"rotation":90,"texture":"#4"},"up":{"uv":[6.25,2.25,7.75,1.75],"rotation":270,"texture":"#4"}}},{"from":[22.701,6.375,7.75147],"to":[22.851,7.075,8.24853],"rotation":{"angle":-45,"axis":"x","origin":[23.525,6.475,8]},"faces":{"east":{"uv":[0,16,1.5,15.5],"rotation":270,"texture":"#4"},"west":{"uv":[0,10.75,1.5,10.25],"rotation":90,"texture":"#4"},"up":{"uv":[6.25,2.25,7.75,1.75],"rotation":270,"texture":"#4"}}},{"from":[22.7,6.22647,7.4],"to":[22.85,6.72353,8.6],"faces":{"north":{"uv":[7.5,13,9,12.5],"rotation":270,"texture":"#4"},"east":{"uv":[0,16,1.5,15.5],"rotation":270,"texture":"#4"},"south":{"uv":[7.5,13,9,12.5],"rotation":90,"texture":"#4"},"west":{"uv":[0,10.75,1.5,10.25],"rotation":90,"texture":"#4"}}},{"from":[22.7,5.53582,8.42826],"to":[22.85,6.22582,8.60326],"rotation":{"angle":22.5,"axis":"x","origin":[23.425,6.23435,8.60326]},"faces":{"north":{"uv":[7.25,7.5,7.75,8.25],"rotation":180,"texture":"#4"},"east":{"uv":[0,12.5,1.5,12],"rotation":270,"texture":"#4"},"south":{"uv":[7.25,13.5,8.75,13],"rotation":90,"texture":"#4"},"west":{"uv":[0,10.75,1.5,10.25],"rotation":90,"texture":"#4"}}},{"from":[22.7,5.53582,7.39674],"to":[22.85,6.22582,7.57174],"rotation":{"angle":-22.5,"axis":"x","origin":[23.425,6.23435,7.39674]},"faces":{"north":{"uv":[4.5,13,6,13.5],"rotation":90,"texture":"#4"},"east":{"uv":[0,12.5,1.5,12],"rotation":90,"texture":"#4"},"south":{"uv":[7.25,7.5,7.75,8.25],"rotation":180,"texture":"#4"},"west":{"uv":[0,10.75,1.5,10.25],"rotation":90,"texture":"#4"}}},{"from":[22.701,5.58899,7.66405],"to":[22.849,5.76399,8.33595],"rotation":{"angle":0,"axis":"y","origin":[8.001,8.01399,8.00008]},"faces":{"east":{"uv":[0,12.5,1.5,12],"rotation":180,"texture":"#4"},"west":{"uv":[0,10.75,1.5,10.25],"rotation":90,"texture":"#4"},"up":{"uv":[1.25,6.75,1.75,7.75],"rotation":180,"texture":"#4"},"down":{"uv":[5.5,8,7,7.5],"rotation":270,"texture":"#4"}}},{"from":[22.701,5.95,7.61397],"to":[22.849,6.15,8.38603],"faces":{"east":{"uv":[0,12,1.5,11.5],"rotation":180,"texture":"#4"},"west":{"uv":[0,10.75,1.5,10.25],"rotation":180,"texture":"#4"},"down":{"uv":[15.75,15.75,16,16],"texture":"#4"}}},{"from":[13.5495,5.87071,7.02929],"to":[13.7995,6.61629,7.82929],"rotation":{"angle":-45,"axis":"x","origin":[13.675,6.17279,8]},"faces":{"north":{"uv":[0,7.5,1,8],"rotation":270,"texture":"#4"},"east":{"uv":[4.5,10.25,6.5,10.75],"rotation":90,"texture":"#4"},"west":{"uv":[5.25,8,5.75,8.5],"rotation":180,"texture":"#4"}}},{"from":[13.5495,5.87071,8.17071],"to":[13.7995,6.61629,8.97071],"rotation":{"angle":45,"axis":"x","origin":[13.675,6.17279,8]},"faces":{"east":{"uv":[4.5,10.25,6.5,10.75],"rotation":90,"texture":"#4"},"south":{"uv":[0,7.5,1,8],"rotation":90,"texture":"#4"},"west":{"uv":[5.25,8,5.75,8.5],"rotation":180,"texture":"#4"}}},{"from":[13.55,5.27279,7.52721],"to":[13.8,6.07279,8.47279],"faces":{"east":{"uv":[4.5,10.25,6.5,10.75],"rotation":90,"texture":"#4"},"west":{"uv":[4.5,8,5,8.5],"rotation":180,"texture":"#4"},"down":{"uv":[3.5,7.75,5.5,8.25],"rotation":90,"texture":"#4"}}},{"from":[13.75,5.92071,7.32071],"to":[16.45,6.54203,8.82071],"rotation":{"angle":45,"axis":"x","origin":[15.5,6.16066,8]},"faces":{"south":{"uv":[7,9,16,10],"rotation":180,"texture":"#0"}}},{"from":[13.75,5.92071,7.17929],"to":[16.45,6.54203,8.67929],"rotation":{"angle":-45,"axis":"x","origin":[15.5,6.16066,8]},"faces":{"north":{"uv":[7,9,16,10],"texture":"#0"}}},{"from":[13.75,5.41066,7.58934],"to":[17.75,6.91066,8.41066],"faces":{"down":{"uv":[15.75,15.75,16,16],"texture":"#4"}}},{"from":[17.35,5.85,7.15],"to":[21.25,7.6,8.85],"faces":{"north":{"uv":[0,3,13,9.5],"texture":"#0"},"east":{"uv":[13,10,13.5,10.5],"texture":"#4"},"south":{"uv":[13,3,0,9.5],"texture":"#0"},"up":{"uv":[0,8.5,13,9.5],"rotation":180,"texture":"#0"}}},{"from":[16.6081,5.39689,7.25],"to":[18.5581,6.07189,8.75],"rotation":{"angle":-22.5,"axis":"z","origin":[17.7581,5.84689,8.6]},"faces":{"north":{"uv":[0,8,1,8.75],"rotation":180,"texture":"#4"},"south":{"uv":[1.25,8,2.25,8.75],"rotation":180,"texture":"#4"},"down":{"uv":[15.75,15.75,16,16],"texture":"#4"}}},{"from":[16.45,5.92071,7.17929],"to":[21.95,6.54203,7.35429],"rotation":{"angle":-45,"axis":"x","origin":[21.2,6.16066,8]},"faces":{"north":{"uv":[0.5,8,6.5,8.75],"rotation":180,"texture":"#4"},"east":{"uv":[10,8,10.25,8.5],"rotation":90,"texture":"#4"},"south":{"uv":[8,8,8.75,8.5],"texture":"#4"}}},{"from":[19.45,5.41066,7.58934],"to":[21.95,5.56066,8.41066],"faces":{"east":{"uv":[10,8,10.25,8.5],"rotation":180,"texture":"#4"},"up":{"uv":[6.75,10,7.5,10.75],"rotation":180,"texture":"#4"},"down":{"uv":[15.75,15.75,16,16],"texture":"#4"}}},{"from":[16.45,5.92071,8.67071],"to":[21.95,6.54203,8.82071],"rotation":{"angle":45,"axis":"x","origin":[21.2,6.16066,8]},"faces":{"north":{"uv":[8,8,8.75,8.5],"texture":"#4"},"east":{"uv":[10,8,10.25,8.5],"rotation":270,"texture":"#4"},"south":{"uv":[1,8,7,8.75],"rotation":180,"texture":"#4"}}},{"from":[18.325,5.125,7.25],"to":[19.825,5.775,8.75],"faces":{"north":{"uv":[1.25,8,2.25,8.75],"rotation":180,"texture":"#4"},"south":{"uv":[1.25,8,2.25,8.75],"rotation":180,"texture":"#4"},"down":{"uv":[15.75,15.75,16,16],"texture":"#4"}}},{"from":[19.81734,5.11353,7.25],"to":[21.44234,5.76353,8.75],"rotation":{"angle":22.5,"axis":"z","origin":[19.79234,5.13853,8.6]},"faces":{"north":{"uv":[1.5,8,2.5,8.75],"rotation":180,"texture":"#4"},"east":{"uv":[13,10,13.5,10.5],"texture":"#4"},"south":{"uv":[1.25,8,2.25,8.75],"rotation":180,"texture":"#4"},"down":{"uv":[15.75,15.75,16,16],"texture":"#4"}}},{"from":[21.25,5.85,7.15],"to":[21.95,6.1,7.3],"faces":{"north":{"uv":[0.5,9,3,9.5],"texture":"#0"},"east":{"uv":[9.75,8.25,10,8.75],"rotation":180,"texture":"#4"},"south":{"uv":[8,8,8.75,8.25],"texture":"#4"}}},{"from":[21.75,6.1,7.1505],"to":[21.95,6.4,7.3],"rotation":{"angle":45,"axis":"z","origin":[21.95,6.1,7.3]},"faces":{"north":{"uv":[0.5,9,1,9.5],"texture":"#0"},"east":{"uv":[8.25,11.5,8.5,12],"texture":"#4"},"south":{"uv":[8,8,8.75,8.25],"texture":"#4"}}},{"from":[21.25,6.1,7.15],"to":[21.751,7.3844,7.3],"faces":{"north":{"uv":[1,4,3,8.5],"texture":"#0"},"east":{"uv":[3.25,11.25,5.5,11.75],"rotation":270,"texture":"#4"},"south":{"uv":[8,8,8.75,8.25],"texture":"#4"}}},{"from":[21.201,7.0844,7.1505],"to":[21.751,7.3844,7.3],"rotation":{"angle":-22.5,"axis":"z","origin":[21.751,7.3844,7.2995]},"faces":{"north":{"uv":[1,3,3,4],"texture":"#0"},"south":{"uv":[8,8,8.75,8.25],"texture":"#4"},"up":{"uv":[7.5,11.25,7.75,12.25],"rotation":270,"texture":"#4"}}},{"from":[21.201,7.0844,8.7],"to":[21.751,7.3844,8.8495],"rotation":{"angle":-22.5,"axis":"z","origin":[21.751,7.3844,8.7005]},"faces":{"north":{"uv":[8,8,8.75,8.25],"texture":"#4"},"south":{"uv":[1,3,3,4],"texture":"#0"},"up":{"uv":[7.5,11.25,7.75,12.25],"rotation":270,"texture":"#4"}}},{"from":[21.25,6.1,8.7],"to":[21.751,7.3844,8.85],"faces":{"north":{"uv":[8,8,8.75,8.25],"texture":"#4"},"east":{"uv":[3.25,11.25,5.5,11.75],"rotation":90,"texture":"#4"},"south":{"uv":[1,4,3,8.5],"texture":"#0"}}},{"from":[21.75,6.1,8.7],"to":[21.95,6.4,8.8495],"rotation":{"angle":45,"axis":"z","origin":[21.95,6.1,8.7]},"faces":{"north":{"uv":[8,8,8.75,8.25],"texture":"#4"},"east":{"uv":[8.25,11.5,8.5,12],"texture":"#4"},"south":{"uv":[0.5,9,1,9.5],"texture":"#0"}}},{"from":[21.25,5.85,8.7],"to":[21.95,6.1,8.85],"faces":{"north":{"uv":[8,8,8.75,8.25],"texture":"#4"},"east":{"uv":[9.75,8.25,10,8.75],"rotation":180,"texture":"#4"},"south":{"uv":[0.5,9,3,9.5],"texture":"#0"}}},{"from":[15,8.15,7.5],"to":[15.25,8.2,7.75],"faces":{"east":{"uv":[14,15.5,14.5,16],"rotation":180,"texture":"#4"},"west":{"uv":[0,11.75,0.5,12.25],"rotation":180,"texture":"#4"},"up":{"uv":[14,4,14.5,4.5],"rotation":180,"texture":"#4"},"down":{"uv":[15.75,15.75,16,16],"texture":"#4"}}},{"from":[16.25,8.15,7.5],"to":[16.5,8.2,7.75],"faces":{"east":{"uv":[14,15.5,14.5,16],"rotation":180,"texture":"#4"},"west":{"uv":[0,11.75,0.5,12.25],"rotation":180,"texture":"#4"},"up":{"uv":[4.25,3,4.75,3.5],"texture":"#4"},"down":{"uv":[15.75,15.75,16,16],"texture":"#4"}}},{"from":[17.5,8.15,7.5],"to":[17.75,8.2,7.75],"faces":{"east":{"uv":[14,15.5,14.5,16],"rotation":180,"texture":"#4"},"west":{"uv":[0,11.75,0.5,12.25],"rotation":180,"texture":"#4"},"up":{"uv":[3,4,3.5,4.5],"texture":"#4"},"down":{"uv":[15.75,15.75,16,16],"texture":"#4"}}},{"from":[18.75,8.15,7.5],"to":[19,8.2,7.75],"faces":{"east":{"uv":[14,15.5,14.5,16],"rotation":180,"texture":"#4"},"west":{"uv":[0,11.75,0.5,12.25],"rotation":180,"texture":"#4"},"up":{"uv":[3.25,4,3.75,4.5],"texture":"#4"},"down":{"uv":[15.75,15.75,16,16],"texture":"#4"}}},{"from":[20,8.15,7.5],"to":[20.25,8.2,7.75],"faces":{"east":{"uv":[14,15.5,14.5,16],"rotation":180,"texture":"#4"},"west":{"uv":[0,11.75,0.5,12.25],"rotation":180,"texture":"#4"},"up":{"uv":[4,3.75,4.5,4.25],"texture":"#4"},"down":{"uv":[15.75,15.75,16,16],"texture":"#4"}}},{"from":[20,7.75,8.65],"to":[20.25,8,8.7],"faces":{"north":{"uv":[8.25,8,8.5,8.25],"texture":"#4"},"east":{"uv":[8,7.25,8.25,8],"rotation":180,"texture":"#4"},"south":{"uv":[12.25,15.5,12.5,16],"texture":"#4"},"west":{"uv":[8,7.25,8.25,8],"rotation":180,"texture":"#4"}}},{"from":[18.75,7.75,8.65],"to":[19,8,8.7],"faces":{"north":{"uv":[8.25,8,8.5,8.25],"texture":"#4"},"east":{"uv":[8,7.25,8.25,8],"rotation":180,"texture":"#4"},"south":{"uv":[10.5,15.5,10.75,16],"texture":"#4"},"west":{"uv":[8,7.25,8.25,8],"rotation":180,"texture":"#4"}}},{"from":[17.5,7.75,8.65],"to":[17.75,8,8.7],"faces":{"north":{"uv":[8.25,8,8.5,8.25],"texture":"#4"},"east":{"uv":[8,7.25,8.25,8],"rotation":180,"texture":"#4"},"south":{"uv":[13.75,15.5,14,16],"texture":"#4"},"west":{"uv":[8,7.25,8.25,8],"rotation":180,"texture":"#4"}}},{"from":[16.25,7.75,8.65],"to":[16.5,8,8.7],"faces":{"north":{"uv":[8.25,8,8.5,8.25],"texture":"#4"},"east":{"uv":[8,7.25,8.25,8],"rotation":180,"texture":"#4"},"south":{"uv":[7.75,15.5,8,16],"texture":"#4"},"west":{"uv":[8,7.25,8.25,8],"rotation":180,"texture":"#4"}}},{"from":[15,7.75,8.65],"to":[15.25,8,8.7],"faces":{"north":{"uv":[8.25,8,8.5,8.25],"texture":"#4"},"east":{"uv":[8,7.25,8.25,8],"rotation":180,"texture":"#4"},"south":{"uv":[10,15.5,10.25,16],"texture":"#4"},"west":{"uv":[8,7.25,8.25,8],"rotation":180,"texture":"#4"}}},{"from":[13.75,7.75,8.65],"to":[14,8,8.7],"faces":{"north":{"uv":[8.25,8,8.5,8.25],"texture":"#4"},"east":{"uv":[8,7.25,8.25,8],"rotation":180,"texture":"#4"},"south":{"uv":[13.25,15.5,13.5,16],"texture":"#4"},"west":{"uv":[8,7.25,8.25,8],"rotation":180,"texture":"#4"}}},{"from":[12.5,7.75,8.65],"to":[12.75,8,8.7],"faces":{"north":{"uv":[8.25,8,8.5,8.25],"texture":"#4"},"east":{"uv":[8,7.25,8.25,8],"rotation":180,"texture":"#4"},"south":{"uv":[11.25,15.5,11.5,16],"texture":"#4"},"west":{"uv":[8,7.25,8.25,8],"rotation":180,"texture":"#4"}}},{"from":[11.2,6.1,7.6],"to":[13.6,6.9,8.4],"rotation":{"angle":45,"axis":"x","origin":[12.4,6.55,8.1]},"faces":{"north":{"uv":[8,12.5,9,15.75],"rotation":270,"texture":"#1"},"south":{"uv":[8,12.5,9,15.75],"rotation":90,"texture":"#4"},"up":{"uv":[8,12.5,9,15.75],"rotation":90,"texture":"#1"},"down":{"uv":[8,12.5,9,15.75],"rotation":90,"texture":"#4"}}},{"from":[13,6.75,8.65],"to":[13.25,7,8.7],"faces":{"east":{"uv":[8,7.25,8.25,8],"rotation":180,"texture":"#4"},"south":{"uv":[5.5,15.5,5.75,16],"texture":"#4"},"west":{"uv":[8,7.25,8.25,8],"rotation":180,"texture":"#4"}}},{"from":[12.5,6.375,8.65],"to":[12.75,6.625,8.7],"faces":{"east":{"uv":[8,7.25,8.25,8],"rotation":180,"texture":"#4"},"south":{"uv":[3,15.5,3.25,16],"texture":"#4"},"west":{"uv":[8,7.25,8.25,8],"rotation":180,"texture":"#4"}}},{"from":[11,6.625,8.5],"to":[21.75,6.75,8.7],"faces":{"south":{"uv":[0,15.75,10.75,16],"texture":"#4"},"west":{"uv":[0.25,7.125,0.5,7.375],"texture":"#4"},"up":{"uv":[8.25,8,8.5,8.25],"texture":"#4"},"down":{"uv":[8.25,8,8.5,8.25],"texture":"#4"}}},{"from":[11,7,8.5],"to":[21.75,7.125,8.7],"faces":{"south":{"uv":[0,15.75,10.75,16],"texture":"#4"},"west":{"uv":[0.25,7.125,0.5,7.375],"texture":"#4"},"up":{"uv":[3.5,4.5,14.25,4.75],"texture":"#4"},"down":{"uv":[8.25,8,8.5,8.25],"texture":"#4"}}},{"from":[11,7.625,8.6],"to":[21.25,7.75,8.7],"faces":{"north":{"uv":[0,13,9,13.5],"rotation":180,"texture":"#4"},"south":{"uv":[1.75,15.5,12.5,15.75],"texture":"#4"},"west":{"uv":[0.25,7.125,0.5,7.375],"texture":"#4"},"up":{"uv":[7,3.5,16,4],"rotation":180,"texture":"#4"},"down":{"uv":[0.75,11,11.5,11.25],"texture":"#4"}}},{"from":[20,7.75,7.3],"to":[20.25,8,7.35],"faces":{"north":{"uv":[14.5,15.5,14.75,16],"texture":"#4"},"east":{"uv":[8,7.25,8.25,8],"rotation":180,"texture":"#4"},"south":{"uv":[8.25,8,8.5,8.25],"texture":"#4"},"west":{"uv":[8,7.25,8.25,8],"rotation":180,"texture":"#4"}}},{"from":[18.75,7.75,7.3],"to":[19,8,7.35],"faces":{"north":{"uv":[10.75,15.5,11,16],"texture":"#4"},"east":{"uv":[8,7.25,8.25,8],"rotation":180,"texture":"#4"},"south":{"uv":[8.25,8,8.5,8.25],"texture":"#4"},"west":{"uv":[8,7.25,8.25,8],"rotation":180,"texture":"#4"}}},{"from":[17.5,7.75,7.3],"to":[17.75,8,7.35],"faces":{"north":{"uv":[12.25,15.5,12.5,16],"texture":"#4"},"east":{"uv":[8,7.25,8.25,8],"rotation":180,"texture":"#4"},"south":{"uv":[8.25,8,8.5,8.25],"texture":"#4"},"west":{"uv":[8,7.25,8.25,8],"rotation":180,"texture":"#4"}}},{"from":[16.25,7.75,7.3],"to":[16.5,8,7.35],"faces":{"north":{"uv":[9.75,15.5,10,16],"texture":"#4"},"east":{"uv":[8,7.25,8.25,8],"rotation":180,"texture":"#4"},"south":{"uv":[8.25,8,8.5,8.25],"texture":"#4"},"west":{"uv":[8,7.25,8.25,8],"rotation":180,"texture":"#4"}}},{"from":[15,7.75,7.3],"to":[15.25,8,7.35],"faces":{"north":{"uv":[13,15.5,13.25,16],"texture":"#4"},"east":{"uv":[8,7.25,8.25,8],"rotation":180,"texture":"#4"},"south":{"uv":[8.25,8,8.5,8.25],"texture":"#4"},"west":{"uv":[8,7.25,8.25,8],"rotation":180,"texture":"#4"}}},{"from":[13.75,7.75,7.3],"to":[14,8,7.35],"faces":{"north":{"uv":[10.75,15.5,11,16],"texture":"#4"},"east":{"uv":[8,7.25,8.25,8],"rotation":180,"texture":"#4"},"south":{"uv":[8.25,8,8.5,8.25],"texture":"#4"},"west":{"uv":[8,7.25,8.25,8],"rotation":180,"texture":"#4"}}},{"from":[12.5,7.75,7.3],"to":[12.75,8,7.35],"faces":{"north":{"uv":[13.25,15.5,13.5,16],"texture":"#4"},"east":{"uv":[8,7.25,8.25,8],"rotation":180,"texture":"#4"},"south":{"uv":[8.25,8,8.5,8.25],"texture":"#4"},"west":{"uv":[8,7.25,8.25,8],"rotation":180,"texture":"#4"}}},{"from":[3.5,7.5113,7.4],"to":[11,7.75,8.1],"rotation":{"angle":45,"axis":"x","origin":[6.75,7.63065,8]},"faces":{"north":{"uv":[0.75,11.75,8.5,12.25],"rotation":180,"texture":"#4"}}},{"from":[3.5,7.5113,7.4],"to":[11,7.75,8.1],"rotation":{"angle":22.5,"axis":"x","origin":[6.75,7.63065,8]},"faces":{"north":{"uv":[0.75,11.25,8.5,11.75],"rotation":180,"texture":"#4"}}},{"from":[3.5,7.5113,7.9],"to":[8,7.75,8.6],"rotation":{"angle":-22.5,"axis":"x","origin":[6.75,7.63065,8]},"faces":{"east":{"uv":[5.75,8,6,8.25],"texture":"#1"},"south":{"uv":[0.75,11.5,4.75,12],"rotation":180,"texture":"#4"}}},{"from":[3.5,6.25,7.4],"to":[11,7.75,8.1],"faces":{"north":{"uv":[0.75,9.5,8.5,11.5],"rotation":180,"texture":"#4"},"east":{"uv":[8.25,8,8.5,8.25],"texture":"#4"}}},{"from":[3.5,7.53065,7.88065],"to":[11,8.23065,8.11935],"rotation":{"angle":-22.5,"axis":"x","origin":[6.75,7.63065,8]},"faces":{"up":{"uv":[2.75,4.5,10.5,5],"rotation":180,"texture":"#4"}}},{"from":[3.5,7.53065,7.88065],"to":[11,8.23065,8.11935],"faces":{"up":{"uv":[2.75,4.5,10.5,5],"rotation":180,"texture":"#2"}}},{"from":[3.5,7.5113,7.9],"to":[11,7.75,8.6],"rotation":{"angle":-45,"axis":"x","origin":[6.75,7.63065,8]},"faces":{"south":{"uv":[0.75,11.75,8.5,12.25],"rotation":180,"texture":"#4"},"down":{"uv":[5.75,8,9.75,8.25],"texture":"#1"}}},{"from":[3.5,7.53065,7.88065],"to":[11,8.23065,8.11935],"rotation":{"angle":22.5,"axis":"x","origin":[6.75,7.63065,8]},"faces":{"up":{"uv":[2.75,4.5,10.5,5],"texture":"#4"}}},{"from":[11,8,7.4],"to":[11.5,8.25,8.6],"faces":{"east":{"uv":[15.75,15.75,16,16],"rotation":180,"texture":"#4"},"west":{"uv":[0.25,7.125,0.5,7.375],"texture":"#4"}}},{"from":[4,6.25,7.4],"to":[10.25,6.4887,8.1],"rotation":{"angle":-22.5,"axis":"x","origin":[7.25,6.36935,8]},"faces":{"north":{"uv":[4.75,9.5,11.75,10],"rotation":180,"texture":"#4"}}},{"from":[4,6.25,7.4],"to":[10.25,6.4887,8.1],"rotation":{"angle":-45,"axis":"x","origin":[7.25,6.36935,8]},"faces":{"north":{"uv":[6.25,8,13.25,8.5],"rotation":180,"texture":"#4"}}},{"from":[4.5,5.76935,7.88065],"to":[8.55,6.46935,8.11935],"faces":{"down":{"uv":[15.75,15.75,16,16],"rotation":180,"texture":"#4"}}},{"from":[4.5,5.76935,7.88065],"to":[8.55,6.46935,8.11935],"rotation":{"angle":22.5,"axis":"x","origin":[7.75,6.36935,8]},"faces":{"down":{"uv":[6.25,8,13.25,8.25],"rotation":180,"texture":"#4"}}},{"from":[4,6.25,7.9],"to":[10.25,6.4887,8.6],"rotation":{"angle":22.5,"axis":"x","origin":[7.25,6.36935,8]},"faces":{"south":{"uv":[3,9.75,10,10.25],"rotation":180,"texture":"#4"}}},{"from":[4,6.25,7.9],"to":[10.25,6.4887,8.6],"rotation":{"angle":45,"axis":"x","origin":[7.25,6.36935,8]},"faces":{"south":{"uv":[6.25,8,13.25,8.5],"rotation":180,"texture":"#4"}}},{"from":[4.5,5.76935,7.88065],"to":[8.55,6.46935,8.11935],"rotation":{"angle":-22.5,"axis":"x","origin":[7.75,6.36935,8]},"faces":{"down":{"uv":[6.25,8,13.25,8.25],"rotation":180,"texture":"#4"}}},{"from":[10.25,5.75,7.4],"to":[11,6.25,8.6],"faces":{"north":{"uv":[5.75,8,6.5,8.75],"rotation":180,"texture":"#4"},"east":{"uv":[5.75,8,6.5,8.75],"rotation":180,"texture":"#4"},"south":{"uv":[5.75,8,6.5,8.75],"rotation":180,"texture":"#4"},"west":{"uv":[5.75,8,6.5,8.75],"rotation":180,"texture":"#4"},"down":{"uv":[0,6.5,0.75,8],"texture":"#4"}}},{"from":[3.5,6.25,7.9],"to":[11,7.25,8.6],"faces":{"south":{"uv":[0.5,9.5,8.25,10.75],"rotation":180,"texture":"#4"},"up":{"uv":[5.75,8,6,8.75],"texture":"#1"}}},{"from":[10.5,7.25,7.9],"to":[11,7.75,8.6],"faces":{"east":{"uv":[8.25,8,8.5,8.25],"texture":"#4"},"south":{"uv":[10.25,10.5,10.75,11.25],"rotation":180,"texture":"#4"},"west":{"uv":[5.75,8,6,8.75],"texture":"#1"}}},{"from":[3.5,7.5,7.9],"to":[8,7.75,8.6],"faces":{"east":{"uv":[5.75,8,6,8.75],"texture":"#1"},"south":{"uv":[1.5,9.5,5.5,10],"rotation":180,"texture":"#4"},"down":{"uv":[5.75,8,6,8.25],"texture":"#1"}}},{"from":[10.5,7.5113,7.9],"to":[11,7.75,8.6],"rotation":{"angle":-22.5,"axis":"x","origin":[7.75,7.63065,8]},"faces":{"south":{"uv":[0.75,11.5,1.25,12],"rotation":180,"texture":"#4"},"west":{"uv":[5.75,8,6,8.25],"texture":"#1"}}},{"from":[5.3,7.4,8.05],"to":[10.55,7.7,8.55],"faces":{"south":{"uv":[6,4.25,10,5],"texture":"#4"},"up":{"uv":[10.5,0.75,14.5,1],"texture":"#1"},"down":{"uv":[6,4.75,10,5],"texture":"#4"}}},{"from":[3.5,7.25,7.9],"to":[6.75,7.5,8.6],"faces":{"east":{"uv":[5.75,8,6,8.75],"texture":"#1"},"south":{"uv":[1.5,9.5,4.5,10],"rotation":180,"texture":"#4"}}},{"from":[10.3,5.8,8.55],"to":[10.6,6.1,8.85],"rotation":{"angle":-45,"axis":"y","origin":[10.65,5.95,8.7]},"faces":{"east":{"uv":[5.25,12.75,7.5,15.25],"rotation":270,"texture":"#4"},"south":{"uv":[0.5,11,1.5,12],"rotation":270,"texture":"#4"},"up":{"uv":[0,11.75,1,12.75],"rotation":270,"texture":"#4"},"down":{"uv":[3.75,8,4.25,8.5],"rotation":270,"texture":"#4"}}},{"from":[8.25,5.75,7.6],"to":[10.25,6,8.4],"faces":{"north":{"uv":[6,7.5,7.5,8.25],"rotation":180,"texture":"#4"},"south":{"uv":[6,7.5,7.5,8.25],"rotation":180,"texture":"#4"},"west":{"uv":[8.75,7.75,9.75,8.5],"texture":"#4"},"down":{"uv":[4.5,0.75,7,2.25],"rotation":180,"texture":"#4"}}},{"from":[2.24425,5.20158,7.499],"to":[3.74425,6.42658,8.501],"rotation":{"angle":45,"axis":"z","origin":[2.74425,5.45158,8.1]},"faces":{"north":{"uv":[5.5,9.75,7,11.75],"rotation":270,"texture":"#1"},"south":{"uv":[5.5,9.75,7,11.75],"rotation":90,"texture":"#1"},"west":{"uv":[7,11,8.5,12.5],"texture":"#4"}}},{"from":[1.5,4.83065,7.399],"to":[3.5,6.48065,8.601],"rotation":{"angle":22.5,"axis":"z","origin":[3.5,8.23065,7.399]},"faces":{"north":{"uv":[5,9.5,7.5,11.5],"rotation":270,"texture":"#1"},"east":{"uv":[5.75,9.5,6.5,12.25],"texture":"#1"},"south":{"uv":[5,9.5,7.5,11.5],"rotation":90,"texture":"#1"},"west":{"uv":[7,11,8.5,12.5],"texture":"#4"},"down":{"uv":[6.25,8,7.75,8.25],"texture":"#1"}}},{"from":[1.7,1.751,7.3995],"to":[3.3,5.176,8.6005],"rotation":{"angle":-22.5,"axis":"z","origin":[2.75,3,8.1495]},"faces":{"north":{"uv":[10,5,16,7],"rotation":90,"texture":"#1"},"east":{"uv":[5.75,8.5,7.25,13],"texture":"#1"},"south":{"uv":[10,7,16,5],"rotation":90,"texture":"#1"},"west":{"uv":[6.25,8,7.75,12.5],"texture":"#2"},"down":{"uv":[7.25,10,8.5,12],"rotation":90,"texture":"#4"}}},{"from":[6.53149,4.93869,7.8005],"to":[6.93149,5.93706,8.1995],"rotation":{"angle":0,"axis":"y","origin":[7.99649,7.98896,8.0005]},"faces":{"north":{"uv":[6.25,11.25,6.75,12.5],"texture":"#1"},"south":{"uv":[6.25,11.25,6.75,12.5],"texture":"#1"},"west":{"uv":[8.75,4,9.25,6],"rotation":180,"texture":"#4"},"down":{"uv":[6.5,8,7,8.5],"rotation":180,"texture":"#4"}}},{"from":[6.54918,5.19973,7.8],"to":[6.64918,5.4981,8.2],"rotation":{"angle":-22.5,"axis":"z","origin":[5.89918,5.34891,8.05]},"faces":{"north":{"uv":[9.25,12.5,9.75,13],"rotation":270,"texture":"#4"},"east":{"uv":[8.75,5,9.25,5.5],"rotation":180,"texture":"#4"},"south":{"uv":[9.25,12.5,9.75,13],"rotation":90,"texture":"#4"},"west":{"uv":[8.75,4,9.25,4.75],"rotation":180,"texture":"#4"}}},{"from":[5.75,4.59891,7.8],"to":[6.04837,4.69891,8.2],"rotation":{"angle":45,"axis":"z","origin":[5.89918,5.34891,8.05]},"faces":{"north":{"uv":[9.25,12.5,9.75,13],"rotation":180,"texture":"#4"},"south":{"uv":[9.25,12.5,9.75,13],"rotation":180,"texture":"#4"},"up":{"uv":[9.25,3.25,9.75,4],"rotation":270,"texture":"#4"},"down":{"uv":[8.5,4.25,9,4.75],"rotation":270,"texture":"#4"}}},{"from":[5.75,4.59891,7.8],"to":[6.04837,4.69891,8.2],"rotation":{"angle":22.5,"axis":"z","origin":[5.89918,5.34891,8.05]},"faces":{"north":{"uv":[9.25,12.5,9.75,13],"rotation":180,"texture":"#4"},"south":{"uv":[9.25,12.5,9.75,13],"rotation":180,"texture":"#4"},"up":{"uv":[10,4.25,10.5,5],"rotation":270,"texture":"#1"},"down":{"uv":[8.75,4.5,9.25,5],"rotation":90,"texture":"#4"}}},{"from":[5.5,4.59891,7.8],"to":[6.04837,4.69891,8.2],"faces":{"north":{"uv":[9.25,12.5,10,13],"rotation":180,"texture":"#4"},"south":{"uv":[9.25,12.5,10,13],"rotation":180,"texture":"#4"},"up":{"uv":[10.75,0.5,11.25,1.75],"rotation":270,"texture":"#1"},"down":{"uv":[8,12,8.5,12.75],"rotation":270,"texture":"#4"}}},{"from":[4.9,4.59891,7.8],"to":[5.79837,4.69891,8.2],"rotation":{"angle":-22.5,"axis":"z","origin":[5.64918,5.34891,8.05]},"faces":{"north":{"uv":[9.25,12.5,10.5,13],"rotation":180,"texture":"#4"},"south":{"uv":[9.25,12.5,10.5,13],"rotation":180,"texture":"#4"},"up":{"uv":[10,4.25,10.5,5.75],"rotation":90,"texture":"#1"},"down":{"uv":[8,10.75,8.5,12],"rotation":270,"texture":"#4"}}},{"from":[5.55,5.99891,7.801],"to":[6.04837,6.12391,8.199],"rotation":{"angle":-45,"axis":"z","origin":[5.89918,5.34891,8.051]},"faces":{"north":{"uv":[0,12.75,0.5,13.25],"rotation":180,"texture":"#4"},"south":{"uv":[0,12.75,0.5,13.25],"rotation":180,"texture":"#4"},"down":{"uv":[9,8,9.5,8.5],"rotation":270,"texture":"#4"}}},{"from":[6.54918,5.19973,7.801],"to":[6.64918,5.4981,8.199],"rotation":{"angle":22.5,"axis":"z","origin":[5.89918,5.34891,8.051]},"faces":{"north":{"uv":[0,12.75,0.5,13.25],"rotation":90,"texture":"#4"},"south":{"uv":[0,12.75,0.5,13.25],"rotation":270,"texture":"#4"},"west":{"uv":[9.5,11.25,10,12],"texture":"#4"}}},{"from":[5.07294,5.18467,7.9],"to":[5.22294,5.93467,8.1],"faces":{"north":{"uv":[7.5,10.75,8,12.25],"texture":"#4"},"east":{"uv":[7.5,10.5,8,12.25],"texture":"#4"},"south":{"uv":[7.5,10.75,8,12.25],"texture":"#4"},"west":{"uv":[8.25,8,8.5,8.25],"texture":"#4"},"down":{"uv":[8.25,8,8.5,8.25],"texture":"#4"}}},{"from":[4.95,5.45,7.90025],"to":[5.15,5.95,8.09975],"rotation":{"angle":-22.5,"axis":"z","origin":[5.15,5.3,8.05025]},"faces":{"north":{"uv":[7.5,10.75,8,11.75],"texture":"#4"},"east":{"uv":[7.25,8,7.75,9],"texture":"#4"},"south":{"uv":[7.5,10.75,8,11.75],"texture":"#4"},"west":{"uv":[8.25,8,8.5,8.25],"texture":"#4"},"down":{"uv":[8.25,8,8.5,8.25],"texture":"#4"}}},{"from":[1.50321,4.57216,7.499],"to":[3.50321,6.47216,8.501],"rotation":{"angle":22.5,"axis":"z","origin":[3.50321,8.22216,7.499]},"faces":{"north":{"uv":[5.25,10.5,7.75,13],"rotation":270,"texture":"#1"},"east":{"uv":[5.5,10.25,6.25,13],"texture":"#1"},"south":{"uv":[5.25,10.5,7.75,13],"rotation":90,"texture":"#1"},"down":{"uv":[6.25,8,7.75,8.25],"texture":"#1"}}},{"from":[6.6,5.55,8.2],"to":[7.7,5.8,8.45],"faces":{"east":{"uv":[6.5,4.5,7.25,5.25],"texture":"#4"},"south":{"uv":[6.5,5,9.5,5.75],"texture":"#4"},"west":{"uv":[7.25,5.25,8,6],"texture":"#4"},"up":{"uv":[6.25,8,9.25,8.75],"texture":"#4"},"down":{"uv":[6.25,8,9.25,8.75],"rotation":180,"texture":"#4"}}},{"from":[6.535,5.04973,7.7],"to":[6.835,5.8481,7.8],"faces":{"north":{"uv":[8.25,11.75,8.75,12.75],"texture":"#4"},"east":{"uv":[8,7.75,8.5,8.75],"texture":"#4"},"west":{"uv":[8,7.75,8.5,8.75],"texture":"#4"},"down":{"uv":[15.75,15.75,16,16],"texture":"#4"}}},{"from":[6.86,4.99973,7.8],"to":[7.91,5.9981,8.2],"rotation":{"angle":22.5,"axis":"z","origin":[7.04918,5.14891,8.05]},"faces":{"north":{"uv":[6,11.25,7.25,12.5],"texture":"#1"},"south":{"uv":[6,11.25,7.25,12.5],"texture":"#1"},"down":{"uv":[6.5,8,7.75,8.5],"rotation":180,"texture":"#4"}}},{"from":[7.65156,5.34051,7.8005],"to":[7.90156,5.88888,8.1995],"rotation":{"angle":0,"axis":"y","origin":[7.96656,8.01578,8.0005]},"faces":{"north":{"uv":[6,11.75,6.25,12.5],"texture":"#1"},"east":{"uv":[8.25,11.5,9,12],"rotation":90,"texture":"#4"},"south":{"uv":[6,11.75,6.25,12.5],"texture":"#1"}}},{"from":[7.485,5.52473,7.799],"to":[7.785,5.82473,7.899],"faces":{"north":{"uv":[14,13.5,16,15.5],"texture":"#0"}}},{"from":[9.985,6.22473,7.399],"to":[10.285,6.52473,7.499],"faces":{"north":{"uv":[13.5,13,15.5,15],"texture":"#0"}}},{"from":[1.79918,7.19973,7.85],"to":[1.94918,7.4981,8.15],"rotation":{"angle":-22.5,"axis":"z","origin":[2.54918,7.34891,8.1]},"faces":{"north":{"uv":[0.25,7.25,1,7.75],"rotation":90,"texture":"#4"},"east":{"uv":[15.75,15.75,16,16],"texture":"#4"},"south":{"uv":[0,7.25,0.75,7.75],"rotation":270,"texture":"#4"},"west":{"uv":[8.75,5,9.5,5.75],"texture":"#4"},"up":{"uv":[8.5,4.25,9.25,5],"rotation":90,"texture":"#4"}}},{"from":[2.4,7.94891,7.85025],"to":[2.69837,8.09891,8.14975],"rotation":{"angle":45,"axis":"z","origin":[2.54918,7.34891,8.10025]},"faces":{"north":{"uv":[6.5,7.25,7.25,7.75],"texture":"#4"},"south":{"uv":[7,7.25,7.75,7.75],"texture":"#4"},"up":{"uv":[8.5,4.25,9.25,5],"rotation":90,"texture":"#4"},"down":{"uv":[15.75,15.75,16,16],"texture":"#4"}}},{"from":[2.4,7.94891,7.85],"to":[2.69837,8.09891,8.15],"rotation":{"angle":-22.5,"axis":"z","origin":[2.54918,7.34891,8.1]},"faces":{"north":{"uv":[0,7.25,0.75,7.75],"texture":"#4"},"south":{"uv":[0,7.25,0.75,7.75],"texture":"#4"},"up":{"uv":[8.5,4.5,9.25,5.25],"rotation":270,"texture":"#4"},"down":{"uv":[15.75,15.75,16,16],"texture":"#4"}}},{"from":[2.4,7.94891,7.85],"to":[2.69837,8.09891,8.15],"rotation":{"angle":22.5,"axis":"z","origin":[2.54918,7.34891,8.1]},"faces":{"north":{"uv":[12.75,7.25,13.5,7.75],"texture":"#4"},"south":{"uv":[12.75,7.25,13.5,7.75],"texture":"#4"},"up":{"uv":[11.5,2.5,12.25,3.25],"rotation":270,"texture":"#4"},"down":{"uv":[15.75,15.75,16,16],"texture":"#4"}}},{"from":[2.4,7.94891,7.85025],"to":[2.69837,8.09891,8.14975],"rotation":{"angle":0,"axis":"y","origin":[8,8,8.00025]},"faces":{"north":{"uv":[7,7.25,7.75,7.75],"texture":"#4"},"south":{"uv":[6.5,7.25,7.25,7.75],"texture":"#4"},"up":{"uv":[8.75,3.75,9.5,4.5],"rotation":270,"texture":"#4"},"down":{"uv":[15.75,15.75,16,16],"texture":"#4"}}},{"from":[1.49981,6.62528,8.502],"to":[1.79981,6.92528,8.677],"faces":{"east":{"uv":[13,14,13.5,15.5],"texture":"#0"},"south":{"uv":[14,14,15.5,15.5],"rotation":90,"texture":"#0"},"west":{"uv":[10.5,14.5,11,16],"texture":"#0"},"up":{"uv":[11.5,13.5,12,15],"rotation":90,"texture":"#0"},"down":{"uv":[13,15.5,14.5,16],"texture":"#0"}}},{"from":[11.85,8.4,7.725],"to":[12.8,8.6,8.275],"faces":{"north":{"uv":[8.5,8,9.75,8.5],"rotation":180,"texture":"#4"},"east":{"uv":[8.5,8,9.25,8.5],"rotation":180,"texture":"#4"},"south":{"uv":[8.5,8,9.75,8.5],"rotation":180,"texture":"#4"},"west":{"uv":[8.5,8,9.25,8.5],"rotation":180,"texture":"#4"},"up":{"uv":[5,11.25,6.25,12.25],"rotation":270,"texture":"#4"}}},{"from":[11.85,8.6,7.725],"to":[12.05,8.95,7.875],"faces":{"north":{"uv":[8,9.5,8.25,10],"rotation":180,"texture":"#4"},"south":{"uv":[9.5,8,10,8.75],"texture":"#4"},"west":{"uv":[8,9.5,8.25,10],"rotation":180,"texture":"#4"}}},{"from":[11.85,8.6,8.125],"to":[12.05,8.95,8.275],"faces":{"north":{"uv":[9.5,8,10,8.75],"texture":"#4"},"south":{"uv":[8,9.5,8.25,10],"rotation":180,"texture":"#4"},"west":{"uv":[8,9.5,8.25,10],"rotation":180,"texture":"#4"}}},{"from":[11.85,8.95,7.7245],"to":[12.05,9.05,8.2755],"rotation":{"angle":0,"axis":"y","origin":[8,8,7.9995]},"faces":{"north":{"uv":[8,11.5,8.25,12],"rotation":180,"texture":"#4"},"east":{"uv":[8,11.5,8.25,12],"rotation":180,"texture":"#4"},"south":{"uv":[8,11.5,8.25,12],"rotation":180,"texture":"#4"},"west":{"uv":[8,11.5,9.25,12],"rotation":180,"texture":"#4"},"up":{"uv":[5,11.75,6.25,12.25],"rotation":270,"texture":"#4"},"down":{"uv":[15.75,15.75,16,16],"rotation":180,"texture":"#4"}}},{"from":[11.85,8.6,7.875],"to":[12.05,8.7,7.975],"faces":{"east":{"uv":[8.5,8,8.75,8.25],"rotation":180,"texture":"#4"},"south":{"uv":[15.75,15.75,16,16],"rotation":180,"texture":"#4"},"west":{"uv":[8,9.5,8.25,9.75],"rotation":180,"texture":"#4"},"up":{"uv":[5.25,12,5.5,12.25],"rotation":180,"texture":"#4"}}},{"from":[11.85,8.6,8.025],"to":[12.05,8.7,8.125],"faces":{"north":{"uv":[15.75,15.75,16,16],"rotation":180,"texture":"#4"},"east":{"uv":[8.5,8,8.75,8.25],"rotation":180,"texture":"#4"},"west":{"uv":[8,9.5,8.25,9.75],"rotation":180,"texture":"#4"},"up":{"uv":[5.25,12,5.5,12.25],"rotation":180,"texture":"#4"}}},{"from":[11.95133,8.49059,8.125],"to":[12.15133,8.99059,8.275],"rotation":{"angle":22.5,"axis":"z","origin":[11.95133,8.76559,8]},"faces":{"north":{"uv":[9.5,8,10,8.75],"texture":"#4"},"east":{"uv":[8,11.5,8.25,12.75],"rotation":180,"texture":"#4"},"south":{"uv":[8,9.5,8.25,10],"rotation":180,"texture":"#4"}}},{"from":[11.95133,8.49059,7.725],"to":[12.15133,8.99059,7.875],"rotation":{"angle":22.5,"axis":"z","origin":[11.95133,8.76559,8]},"faces":{"north":{"uv":[8,9.5,8.25,10],"rotation":180,"texture":"#4"},"east":{"uv":[8,11.5,8.25,12.75],"rotation":180,"texture":"#4"},"south":{"uv":[9.5,8,10,8.75],"texture":"#4"}}},{"from":[14.4408,8.25237,8.125],"to":[14.9908,8.30237,8.25],"rotation":{"angle":-22.5,"axis":"z","origin":[14.7158,8.20237,9.25]},"faces":{"up":{"uv":[4.75,4.75,5.25,5],"rotation":180,"texture":"#2"}}},{"from":[27.751,6.398,7.925],"to":[28.251,6.55202,8.075],"rotation":{"angle":0,"axis":"y","origin":[8,8,7.6]},"faces":{"east":{"uv":[15.75,15.75,16,16],"rotation":180,"texture":"#4"}}},{"from":[26.099,8.75,7.9625],"to":[26.249,8.85,8.0375],"rotation":{"angle":0,"axis":"y","origin":[7.9,8.15,7.9875]},"faces":{"west":{"uv":[0,15.5,1,16],"rotation":90,"texture":"#0"}}},{"from":[8.345,8.475,7.36165],"to":[9.11,8.7725,8.63835],"rotation":{"angle":0,"axis":"y","origin":[6.1525,8.1225,7.9575]},"faces":{"north":{"uv":[8.25,5,8.5,5.5],"rotation":180,"texture":"#4"},"east":{"uv":[15.75,15.75,16,16],"texture":"#4"},"south":{"uv":[8.25,5,8.5,5.5],"rotation":180,"texture":"#4"},"west":{"uv":[15.75,15.75,16,16],"texture":"#4"},"down":{"uv":[15.75,15.75,16,16],"texture":"#4"}}},{"from":[4.86,8.475,7.36165],"to":[5.625,8.7725,8.63835],"rotation":{"angle":0,"axis":"y","origin":[6.1525,8.1225,7.9575]},"faces":{"north":{"uv":[8.25,5,8.5,5.5],"rotation":180,"texture":"#4"},"east":{"uv":[15.75,15.75,16,16],"texture":"#4"},"south":{"uv":[8.25,5,8.5,5.5],"rotation":180,"texture":"#4"},"west":{"uv":[8.25,5,8.5,5.5],"rotation":180,"texture":"#4"},"down":{"uv":[15.75,15.75,16,16],"texture":"#4"}}},{"from":[5.43375,8.67963,7.07753],"to":[10.53375,9.42338,7.33423],"rotation":{"angle":0,"axis":"y","origin":[6.1525,8.28463,8.41713]},"faces":{"north":{"uv":[4.25,7.75,9.75,9],"texture":"#4"},"east":{"uv":[4.25,5,6.25,6],"texture":"#4"},"west":{"uv":[4.25,5.25,4.75,6.25],"texture":"#4"},"down":{"uv":[15.75,15.75,16,16],"texture":"#4"}}},{"from":[5.43383,9.23895,7.53219],"to":[10.53298,9.62145,7.87389],"rotation":{"angle":-45,"axis":"x","origin":[6.64125,8.9736,7.54394]},"faces":{"east":{"uv":[4.25,5,4.75,5.5],"texture":"#4"},"west":{"uv":[4.25,5.25,4.5,5.5],"texture":"#4"},"up":{"uv":[6,6.75,11.5,7.5],"texture":"#4"}}},{"from":[4.435,8.6875,7.31915],"to":[6.19875,9.835,8.68085],"rotation":{"angle":0,"axis":"y","origin":[6.1525,8.2925,8]},"faces":{"north":{"uv":[4.25,4.75,6.25,6.25],"texture":"#4"},"east":{"uv":[7.25,1.75,9,3],"rotation":270,"texture":"#4"},"south":{"uv":[4.25,4.75,6.25,6.25],"texture":"#4"},"west":{"uv":[4.25,4.75,6.25,6.25],"texture":"#4"},"up":{"uv":[4.25,4.75,5.25,5.25],"rotation":90,"texture":"#4"},"down":{"uv":[15.75,15.75,16,16],"texture":"#4"}}},{"from":[6.19875,8.6875,7.31915],"to":[10.53375,9.665,7.66085],"rotation":{"angle":0,"axis":"y","origin":[6.1525,8.2925,8]},"faces":{"east":{"uv":[4.25,5,6.25,6],"texture":"#4"},"south":{"uv":[4.25,6.5,9.75,6.75],"rotation":180,"texture":"#4"},"up":{"uv":[7.75,4.75,13.25,5],"rotation":180,"texture":"#4"},"down":{"uv":[15.75,15.75,16,16],"texture":"#4"}}},{"from":[6.19875,8.6875,7.65915],"to":[10.53375,9.58,8.34085],"rotation":{"angle":0,"axis":"y","origin":[6.1525,8.2925,8]},"faces":{"east":{"uv":[4.25,5,6.25,6],"texture":"#4"},"up":{"uv":[4.25,6.5,9.75,8],"rotation":180,"texture":"#4"},"down":{"uv":[15.75,15.75,16,16],"texture":"#4"}}},{"from":[6.19875,8.6875,8.33915],"to":[10.53375,9.665,8.68085],"rotation":{"angle":0,"axis":"y","origin":[6.1525,8.2925,8]},"faces":{"north":{"uv":[4.25,6.5,9.75,6.75],"rotation":180,"texture":"#4"},"east":{"uv":[4.25,5,6.25,6],"texture":"#4"},"south":{"uv":[4.25,5,6.25,6],"texture":"#4"},"up":{"uv":[4.25,4.75,9.75,5],"rotation":180,"texture":"#4"},"down":{"uv":[15.75,15.75,16,16],"texture":"#4"}}},{"from":[5.94375,8.7725,8.6579],"to":[9.21625,9.58,8.76585],"rotation":{"angle":0,"axis":"y","origin":[6.1525,8.2925,8]},"faces":{"east":{"uv":[4.25,5.25,4.75,6.25],"texture":"#4"},"south":{"uv":[0,12,5,13],"rotation":180,"texture":"#4"},"west":{"uv":[4.25,5.25,4.75,6.25],"texture":"#4"},"up":{"uv":[4.25,4.5,9.75,4.75],"rotation":180,"texture":"#4"},"down":{"uv":[15.75,15.75,16,16],"texture":"#4"}}},{"from":[8.4725,8.9425,8.06205],"to":[9.025,9.495,8.87295],"rotation":{"angle":0,"axis":"y","origin":[6.7475,8.2925,8.00085]},"faces":{"east":{"uv":[13,14,13.5,16],"texture":"#6"},"south":{"uv":[12.5,14,14.5,16],"texture":"#6"},"west":{"uv":[13,14,13.5,16],"texture":"#6"},"up":{"uv":[13,12,13.5,14],"rotation":90,"texture":"#6"},"down":{"uv":[13,15.5,13.5,16],"texture":"#6"}}},{"from":[8.12636,7.82684,8.82705],"to":[8.67886,8.03934,9.12795],"rotation":{"angle":45,"axis":"z","origin":[7.02375,8.99375,8.9775]},"faces":{"east":{"uv":[13.5,13,15,13.5],"rotation":90,"texture":"#6"},"south":{"uv":[3,10,7.5,11.5],"texture":"#6"},"west":{"uv":[11,15.5,12.5,16],"rotation":270,"texture":"#6"},"up":{"uv":[10.5,13,15,13.5],"rotation":180,"texture":"#6"},"down":{"uv":[11.5,15.5,16,16],"rotation":180,"texture":"#6"}}},{"from":[7.5375,9.1975,8.14705],"to":[7.75,9.41,8.87295],"rotation":{"angle":0,"axis":"y","origin":[6.9175,8.2925,7.99915]},"faces":{"east":{"uv":[14.5,13.5,15,16],"texture":"#6"},"south":{"uv":[12,6.5,15,9.5],"texture":"#6"},"west":{"uv":[14.5,13.5,15,16],"texture":"#6"},"up":{"uv":[13,12,13.5,14.5],"rotation":90,"texture":"#6"},"down":{"uv":[13,15.5,13.5,16],"texture":"#6"}}},{"from":[6.2625,9.1975,8.14705],"to":[6.9,9.41,8.87295],"rotation":{"angle":0,"axis":"y","origin":[6.9175,8.2925,7.99915]},"faces":{"east":{"uv":[15.5,13.5,16,16],"texture":"#6"},"south":{"uv":[13,11,14.5,16],"rotation":90,"texture":"#6"},"west":{"uv":[15.5,13.5,16,16],"texture":"#6"},"up":{"uv":[10.5,13,15.5,13.5],"texture":"#6"},"down":{"uv":[13,15.5,13.5,16],"rotation":90,"texture":"#6"}}},{"from":[4.82175,8.92125,8.78498],"to":[5.58675,9.68625,8.83087],"rotation":{"angle":0,"axis":"y","origin":[6.9175,8.2925,7.99915]},"faces":{"south":{"uv":[0.5,6,10,15.5],"texture":"#6"}}},{"from":[4.73584,8.45045,8.52955],"to":[5.58584,8.80254,8.83045],"rotation":{"angle":22.5,"axis":"z","origin":[3.48104,9.07875,8.68]},"faces":{"east":{"uv":[5,0,9,1],"rotation":90,"texture":"#6"},"south":{"uv":[3.5,10.5,4,11],"texture":"#6"},"west":{"uv":[11,1,15,2],"rotation":270,"texture":"#6"}}},{"from":[4.56363,9.77071,8.52964],"to":[5.41363,10.1228,8.83053],"rotation":{"angle":-22.5,"axis":"z","origin":[3.48104,9.07875,8.68]},"faces":{"east":{"uv":[3,1,7,2],"rotation":90,"texture":"#6"},"south":{"uv":[3.5,10.5,4,11],"texture":"#6"},"west":{"uv":[4.5,0,8.5,1],"rotation":90,"texture":"#6"}}},{"from":[4.81259,9.52175,8.52947],"to":[5.16467,10.37175,8.83037],"rotation":{"angle":-22.5,"axis":"z","origin":[3.48104,9.07875,8.68]},"faces":{"south":{"uv":[3.5,10.5,4,11],"texture":"#6"},"up":{"uv":[0,0,4,1],"texture":"#6"},"down":{"uv":[11,2,15,3],"rotation":180,"texture":"#6"}}},{"from":[4.9848,8.20149,8.52955],"to":[5.33687,9.05149,8.83045],"rotation":{"angle":22.5,"axis":"z","origin":[3.48104,9.07875,8.68]},"faces":{"south":{"uv":[3.5,10.5,4,11],"texture":"#6"},"up":{"uv":[0.5,0,4.5,1],"rotation":180,"texture":"#6"},"down":{"uv":[5,2,9,3],"rotation":180,"texture":"#6"}}},{"from":[5.03,9.8333,7.49],"to":[5.23289,9.9608,8.51],"rotation":{"angle":0,"axis":"x","origin":[3.40645,9.67205,8]},"faces":{"north":{"uv":[5.5,0,7.5,1],"texture":"#6"},"south":{"uv":[11.5,0.5,13.5,1.5],"texture":"#6"},"up":{"uv":[3.5,10.5,4,11],"texture":"#6"}}},{"from":[4.52476,9.8333,8.70976],"to":[4.72765,9.9608,9.72976],"rotation":{"angle":45,"axis":"y","origin":[3.40645,9.67205,8]},"faces":{"north":{"uv":[5.5,1,7.5,2],"texture":"#6"},"south":{"uv":[13.5,0,15.5,1],"texture":"#6"},"up":{"uv":[3.5,10.5,4,11],"texture":"#6"}}},{"from":[4.89869,9.8333,8.15013],"to":[5.10158,9.9608,9.17013],"rotation":{"angle":22.5,"axis":"y","origin":[3.40645,9.67205,8]},"faces":{"north":{"uv":[7.5,0,9.5,1],"texture":"#6"},"south":{"uv":[11.5,0,13.5,1],"texture":"#6"},"up":{"uv":[3.5,10.5,4,11],"texture":"#6"}}},{"from":[4.49014,9.8333,7.23842],"to":[5.51014,9.9608,7.44132],"rotation":{"angle":-22.5,"axis":"y","origin":[3.40645,9.67205,8]},"faces":{"east":{"uv":[0.5,0,2.5,1],"texture":"#6"},"west":{"uv":[6.5,2,8.5,3],"texture":"#6"},"up":{"uv":[3.5,10.5,4,11],"texture":"#6"}}},{"from":[4.62145,9.8333,7.89855],"to":[5.64145,9.9608,8.10145],"rotation":{"angle":0,"axis":"y","origin":[3.40645,9.67205,8]},"faces":{"east":{"uv":[1.5,0,3.5,1],"texture":"#6"},"west":{"uv":[7.5,2,9.5,3],"texture":"#6"},"up":{"uv":[3.5,10.5,4,11],"texture":"#6"}}},{"from":[4.49014,9.8333,8.55868],"to":[5.51014,9.9608,8.76158],"rotation":{"angle":22.5,"axis":"y","origin":[3.40645,9.67205,8]},"faces":{"east":{"uv":[1.5,0,3.5,1],"texture":"#6"},"west":{"uv":[7.5,2,9.5,3],"texture":"#6"},"up":{"uv":[3.5,10.5,4,11],"texture":"#6"}}},{"from":[4.52476,9.8333,6.27024],"to":[4.72765,9.9608,7.29024],"rotation":{"angle":-45,"axis":"y","origin":[3.40645,9.67205,8]},"faces":{"north":{"uv":[2.5,0,4.5,1],"texture":"#6"},"south":{"uv":[9.5,1.5,11.5,2.5],"texture":"#6"},"up":{"uv":[3.5,10.5,4,11],"texture":"#6"}}},{"from":[4.89869,9.8333,6.82987],"to":[5.10158,9.9608,7.84987],"rotation":{"angle":-22.5,"axis":"y","origin":[3.40645,9.67205,8]},"faces":{"north":{"uv":[3.5,0,5.5,1],"texture":"#6"},"south":{"uv":[9.5,1,11.5,2],"texture":"#6"},"up":{"uv":[3.5,10.5,4,11],"texture":"#6"}}},{"from":[4.6427,9.83372,7.51125],"to":[5.6202,9.96122,8.48875],"rotation":{"angle":0,"axis":"y","origin":[3.40645,9.67213,8]},"faces":{"up":{"uv":[0,5.5,10.499,16],"rotation":90,"texture":"#6"}}},{"from":[9.81125,9.57498,7.47678],"to":[10.47,9.76623,8.03225],"rotation":{"angle":22.5,"axis":"x","origin":[8.66,10.0046,8]},"faces":{"east":{"uv":[4,5.25,4.25,5.5],"texture":"#4"},"west":{"uv":[4.25,5.75,4.5,6],"rotation":180,"texture":"#4"},"up":{"uv":[10.5,8.5,10.75,8.75],"texture":"#4"}}},{"from":[9.81125,10.04535,7.50035],"to":[10.47,10.45207,7.71285],"rotation":{"angle":-45,"axis":"x","origin":[8.66,10.0046,8]},"faces":{"east":{"uv":[4,5.25,4.25,5.5],"texture":"#4"},"south":{"uv":[10.5,8.75,10.75,9],"texture":"#4"},"west":{"uv":[4.25,5.75,4.5,6],"rotation":180,"texture":"#4"}}},{"from":[9.81125,10.09412,7.4486],"to":[10.47,10.41585,7.63985],"rotation":{"angle":-22.5,"axis":"x","origin":[8.66,10.0046,8]},"faces":{"east":{"uv":[4,5.25,4.25,5.5],"texture":"#4"},"south":{"uv":[10.75,8.25,11,8.5],"texture":"#4"},"west":{"uv":[4.25,5.75,4.5,6],"rotation":180,"texture":"#4"}}},{"from":[9.81125,10.11125,7.42625],"to":[10.47,10.34798,7.55375],"rotation":{"angle":0,"axis":"x","origin":[8.66,10.0046,8]},"faces":{"east":{"uv":[4,5.25,4.25,5.5],"texture":"#4"},"south":{"uv":[11,8,11.25,8.25],"texture":"#4"},"west":{"uv":[4.25,5.75,4.5,6],"rotation":180,"texture":"#4"}}},{"from":[9.81125,10.11537,7.4039],"to":[10.47,10.33085,7.46765],"rotation":{"angle":22.5,"axis":"x","origin":[8.66,10.0046,8]},"faces":{"east":{"uv":[4,5.25,4.25,5.5],"texture":"#4"},"south":{"uv":[15.75,15.75,16,16],"texture":"#4"},"west":{"uv":[4.25,5.75,4.5,6],"rotation":180,"texture":"#4"}}},{"from":[9.81125,10.0666,7.3309],"to":[10.47,10.28207,7.39465],"rotation":{"angle":45,"axis":"x","origin":[8.66,10.0046,8]},"faces":{"east":{"uv":[4,5.25,4.25,5.5],"texture":"#4"},"south":{"uv":[15.75,15.75,16,16],"texture":"#4"},"west":{"uv":[4.25,5.75,4.5,6],"rotation":180,"texture":"#4"}}},{"from":[9.81125,10.65873,7.989],"to":[10.47,10.72248,8.20446],"rotation":{"angle":-22.5,"axis":"x","origin":[8.66,10.0046,8]},"faces":{"east":{"uv":[4,5.25,4.25,5.5],"texture":"#4"},"west":{"uv":[4.25,5.75,4.5,6],"rotation":180,"texture":"#4"},"down":{"uv":[15.75,15.75,16,16],"texture":"#4"}}},{"from":[9.81125,10.67585,7.89227],"to":[10.47,10.7396,8.10773],"rotation":{"angle":0,"axis":"x","origin":[8.66,10.0046,8.01062]},"faces":{"east":{"uv":[4,5.25,4.25,5.5],"texture":"#4"},"west":{"uv":[4.25,5.75,4.5,6],"rotation":180,"texture":"#4"},"down":{"uv":[15.75,15.75,16,16],"texture":"#4"}}},{"from":[9.81125,10.65873,7.79554],"to":[10.47,10.72248,8.011],"rotation":{"angle":22.5,"axis":"x","origin":[8.66,10.0046,8]},"faces":{"east":{"uv":[4,5.25,4.25,5.5],"texture":"#4"},"west":{"uv":[5.5,5.75,5.75,6],"rotation":180,"texture":"#4"},"down":{"uv":[15.75,15.75,16,16],"texture":"#4"}}},{"from":[9.81125,10.0666,8.60535],"to":[10.47,10.28206,8.6691],"rotation":{"angle":-45,"axis":"x","origin":[8.66,10.0046,8]},"faces":{"north":{"uv":[15.75,15.75,16,16],"texture":"#4"},"east":{"uv":[4,5.25,4.25,5.5],"texture":"#4"},"west":{"uv":[5.5,5.75,5.75,6],"rotation":180,"texture":"#4"}}},{"from":[9.81125,10.11537,8.53235],"to":[10.47,10.33083,8.5961],"rotation":{"angle":-22.5,"axis":"x","origin":[8.66,10.0046,8]},"faces":{"north":{"uv":[15.75,15.75,16,16],"texture":"#4"},"east":{"uv":[4,5.25,4.25,5.5],"texture":"#4"},"west":{"uv":[5.5,5.75,5.75,6],"rotation":180,"texture":"#4"}}},{"from":[9.81125,10.11125,8.44625],"to":[10.47,10.34796,8.57375],"rotation":{"angle":0,"axis":"x","origin":[8.66,10.0046,8]},"faces":{"north":{"uv":[11,8,11.25,8.25],"texture":"#4"},"east":{"uv":[4,5.25,4.25,5.5],"texture":"#4"},"west":{"uv":[5.5,5.75,5.75,6],"rotation":180,"texture":"#4"}}},{"from":[9.81125,10.04535,8.28715],"to":[10.47,10.43081,8.5209],"rotation":{"angle":45,"axis":"x","origin":[8.66,10.0046,8]},"faces":{"north":{"uv":[10.5,8.75,10.75,9],"texture":"#4"},"east":{"uv":[4,5.25,4.25,5.5],"texture":"#4"},"west":{"uv":[5.5,5.75,5.75,6],"rotation":180,"texture":"#4"}}},{"from":[9.81125,10.09412,8.36015],"to":[10.47,10.41583,8.5514],"rotation":{"angle":22.5,"axis":"x","origin":[8.66,10.0046,8]},"faces":{"north":{"uv":[10.75,8.25,11,8.5],"texture":"#4"},"east":{"uv":[4,5.25,4.25,5.5],"texture":"#4"},"west":{"uv":[5.5,5.75,5.75,6],"rotation":180,"texture":"#4"}}},{"from":[9.81125,9.57498,7.96775],"to":[10.47,9.76623,8.52321],"rotation":{"angle":-22.5,"axis":"x","origin":[8.66,10.0046,8]},"faces":{"east":{"uv":[4,5.25,4.25,5.5],"texture":"#4"},"west":{"uv":[5.5,5.75,5.75,6],"rotation":180,"texture":"#4"},"up":{"uv":[10.5,8.5,10.75,8.75],"texture":"#4"}}},{"from":[9.81167,9.5496,7.3929],"to":[10.47042,9.78335,8.6071],"rotation":{"angle":0,"axis":"x","origin":[8.66,10.0046,8]},"faces":{"east":{"uv":[7,11.5,9,12],"texture":"#4"},"west":{"uv":[4.25,5.75,6.25,6],"rotation":180,"texture":"#4"},"up":{"uv":[10.5,8.5,10.75,8.75],"texture":"#4"}}},{"from":[9.68375,9.665,7.31915],"to":[10.5125,10.14525,7.40585],"rotation":{"angle":0,"axis":"y","origin":[6.7475,8.2925,8]},"faces":{"north":{"uv":[5,11.75,6.5,12.5],"rotation":180,"texture":"#4"},"east":{"uv":[4,5.25,4.25,6],"texture":"#4"},"south":{"uv":[5.5,5.75,5.75,6],"rotation":180,"texture":"#4"}}},{"from":[9.68375,9.87057,7.3189],"to":[10.5125,10.33085,7.4039],"rotation":{"angle":22.5,"axis":"x","origin":[8.66,10.0046,8]},"faces":{"north":{"uv":[5.25,12,6.75,12.75],"rotation":180,"texture":"#4"},"east":{"uv":[4,4.75,4.25,5.5],"texture":"#4"},"south":{"uv":[5.5,5.75,5.75,6],"rotation":180,"texture":"#4"},"west":{"uv":[7.25,11.75,7.5,12.5],"rotation":180,"texture":"#4"}}},{"from":[9.68383,10.04535,7.2459],"to":[10.51258,10.28206,7.3309],"rotation":{"angle":45,"axis":"x","origin":[8.66,10.0046,8]},"faces":{"north":{"uv":[12.75,4.75,14.25,5.25],"texture":"#1"},"east":{"uv":[3.75,4.5,4,5],"texture":"#4"},"south":{"uv":[5.5,5.75,5.75,6],"rotation":180,"texture":"#4"},"west":{"uv":[7.5,12.25,7.75,12.75],"texture":"#4"}}},{"from":[9.68375,10.72248,7.96775],"to":[10.5125,10.80748,8.20446],"rotation":{"angle":-22.5,"axis":"x","origin":[8.66,10.0046,8]},"faces":{"east":{"uv":[3.75,4.25,4,4.75],"rotation":270,"texture":"#4"},"west":{"uv":[3.75,4.5,4,5],"rotation":90,"texture":"#4"},"up":{"uv":[10.25,4.5,11.75,5],"rotation":180,"texture":"#1"},"down":{"uv":[5.5,5.75,5.75,6],"rotation":180,"texture":"#4"}}},{"from":[9.68383,10.7396,7.88165],"to":[10.51258,10.8246,8.11835],"rotation":{"angle":0,"axis":"x","origin":[8.66,10.0046,8]},"faces":{"east":{"uv":[3.75,4.25,4,4.5],"rotation":90,"texture":"#4"},"west":{"uv":[3.75,4.5,4,4.75],"rotation":90,"texture":"#4"},"up":{"uv":[12.5,4,14,4.5],"texture":"#1"},"down":{"uv":[5.5,5.75,5.75,6],"rotation":180,"texture":"#4"}}},{"from":[9.68375,10.72248,7.79554],"to":[10.5125,10.80748,8.03225],"rotation":{"angle":22.5,"axis":"x","origin":[8.66,10.0046,8]},"faces":{"east":{"uv":[3.75,4.25,4,4.75],"rotation":90,"texture":"#4"},"west":{"uv":[3.75,4.5,4,5],"rotation":270,"texture":"#4"},"up":{"uv":[11.25,4.5,12.75,5],"texture":"#1"},"down":{"uv":[5.5,5.75,5.75,6],"rotation":180,"texture":"#4"}}},{"from":[9.68383,10.04535,8.6691],"to":[10.51258,10.28206,8.7541],"rotation":{"angle":-45,"axis":"x","origin":[8.66,10.0046,8]},"faces":{"north":{"uv":[5.5,5.75,5.75,6],"rotation":180,"texture":"#4"},"east":{"uv":[3.75,4.5,4,5],"texture":"#4"},"south":{"uv":[12.75,4.75,14.25,5.25],"texture":"#1"},"west":{"uv":[7.5,12.25,7.75,12.75],"texture":"#4"}}},{"from":[9.68375,9.87057,8.5961],"to":[10.5125,10.33085,8.6811],"rotation":{"angle":-22.5,"axis":"x","origin":[8.66,10.0046,8]},"faces":{"north":{"uv":[5.5,5.75,5.75,6],"rotation":180,"texture":"#4"},"east":{"uv":[4,4.75,4.25,5.5],"texture":"#4"},"south":{"uv":[6.5,12,8,12.75],"rotation":180,"texture":"#4"},"west":{"uv":[7.25,11.75,7.5,12.5],"rotation":180,"texture":"#4"}}},{"from":[9.68375,9.665,8.59415],"to":[10.5125,10.14525,8.68085],"rotation":{"angle":0,"axis":"y","origin":[6.7475,8.2925,8]},"faces":{"north":{"uv":[5.5,5.75,5.75,6],"rotation":180,"texture":"#4"},"east":{"uv":[4,5.25,4.25,6],"texture":"#4"},"south":{"uv":[5,11.75,6.5,12.5],"rotation":180,"texture":"#4"}}},{"from":[9.35342,10.13556,8.59407],"to":[9.56592,10.70081,8.68077],"rotation":{"angle":-22.5,"axis":"z","origin":[8.12208,9.59269,8.6375]},"faces":{"north":{"uv":[5.5,5.75,5.75,6],"rotation":180,"texture":"#4"},"south":{"uv":[5,11.75,5.25,12.5],"rotation":180,"texture":"#4"},"west":{"uv":[3.75,4.75,4,5.5],"texture":"#4"}}},{"from":[9.35346,10.13556,7.31924],"to":[9.56596,10.70081,7.40594],"rotation":{"angle":-22.5,"axis":"z","origin":[8.12208,9.59269,7.3625]},"faces":{"north":{"uv":[5,11.75,5.25,12.5],"rotation":180,"texture":"#4"},"south":{"uv":[5.5,5.75,5.75,6],"rotation":180,"texture":"#4"},"west":{"uv":[3.75,4.75,4,5.5],"texture":"#4"}}},{"from":[10.50485,10.08575,7.86188],"to":[10.63235,10.362,8.13813],"rotation":{"angle":0,"axis":"x","origin":[8.84275,10.035,8.01062]},"faces":{"west":{"uv":[0,0,8,8],"texture":"#8"}}},{"from":[5.1,6.25,7.3],"to":[9.2,8.05,7.4],"rotation":{"angle":0,"axis":"y","origin":[9.4,8,7.8]},"faces":{"north":{"uv":[4,4.75,8,6.5],"texture":"#4"},"south":{"uv":[15.75,15.75,16,16],"texture":"#4"},"down":{"uv":[0,7.5,4,8],"rotation":180,"texture":"#4"}}},{"from":[5.1,6.38702,7.301],"to":[5.78883,8.05,7.401],"rotation":{"angle":-22.5,"axis":"z","origin":[5.1,8.05,7.35]},"faces":{"north":{"uv":[4,4.75,4.75,6.5],"texture":"#4"},"south":{"uv":[15.75,15.75,16,16],"texture":"#4"},"west":{"uv":[12,6.75,16,7.25],"rotation":90,"texture":"#4"}}},{"from":[4.4636,6.25,7.3],"to":[5.1,6.5136,7.4],"rotation":{"angle":0,"axis":"y","origin":[4,6.2886,7.8]},"faces":{"north":{"uv":[4,6.25,4.75,6.5],"texture":"#4"},"west":{"uv":[3.75,6.75,4.25,7.25],"rotation":90,"texture":"#4"},"down":{"uv":[0,7.5,1,8],"rotation":180,"texture":"#4"}}},{"from":[8.51117,6.25,7.301],"to":[9.2,7.91298,7.401],"rotation":{"angle":-22.5,"axis":"z","origin":[9.2,6.25,7.35]},"faces":{"north":{"uv":[4,4.75,4.75,6.5],"texture":"#4"},"east":{"uv":[0,6.75,4,7.25],"rotation":270,"texture":"#4"},"south":{"uv":[15.75,15.75,16,16],"texture":"#4"}}},{"from":[5.1,7.75104,7.92175],"to":[9.8364,8.42604,8.02175],"rotation":{"angle":45,"axis":"x","origin":[7.4682,8.65104,7.97175]},"faces":{"north":{"uv":[5,4.25,9.75,5.25],"rotation":180,"texture":"#4"},"east":{"uv":[15,6.75,16,7.25],"rotation":270,"texture":"#4"},"south":{"uv":[15.75,15.75,16,16],"texture":"#4"},"west":{"uv":[0,6.75,1.25,7.25],"rotation":90,"texture":"#4"}}},{"from":[9.2,7.7864,7.3],"to":[9.8364,8.05,7.4],"rotation":{"angle":0,"axis":"y","origin":[10.3,8.0114,7.8]},"faces":{"north":{"uv":[4,4.75,4.75,5],"texture":"#4"},"east":{"uv":[15.5,6.75,16,7.25],"rotation":270,"texture":"#4"},"south":{"uv":[15.75,15.75,16,16],"texture":"#4"}}},{"from":[4.85,8.45,7.725],"to":[9.9,8.55,8.275],"rotation":{"angle":0,"axis":"y","origin":[3,8,8]},"faces":{"north":{"uv":[3.75,6.75,11,7.25],"rotation":180,"texture":"#4"},"east":{"uv":[0,9.5,1,10],"texture":"#4"},"south":{"uv":[3.75,6.75,11,7.25],"rotation":180,"texture":"#4"},"west":{"uv":[0,9.5,1,10],"texture":"#4"},"up":{"uv":[4,7.5,11.25,8.75],"rotation":180,"texture":"#4"},"down":{"uv":[15.75,15.75,16,16],"texture":"#4"}}},{"from":[4.8,8.55,7.625],"to":[5.05,8.65,8.375],"rotation":{"angle":0,"axis":"y","origin":[-1.85,8.1,8]},"faces":{"north":{"uv":[3,2.5,3.5,3],"rotation":180,"texture":"#4"},"east":{"uv":[15,7.25,16,7.75],"texture":"#4"},"south":{"uv":[3,2.5,3.5,3],"rotation":180,"texture":"#4"},"west":{"uv":[6.5,7.5,7.5,8],"texture":"#4"},"up":{"uv":[8,7.5,8.5,8.75],"texture":"#1"},"down":{"uv":[8.75,8,9,8.25],"texture":"#4"}}},{"from":[5.2,8.55,7.625],"to":[5.95,8.65,8.375],"rotation":{"angle":0,"axis":"y","origin":[-0.95,8.1,8]},"faces":{"north":{"uv":[1.25,2.5,2.75,3],"rotation":180,"texture":"#4"},"east":{"uv":[15,7.25,16,7.75],"texture":"#4"},"south":{"uv":[0,2.5,1.5,3],"rotation":180,"texture":"#4"},"west":{"uv":[6.5,7.5,7.5,8],"texture":"#4"},"up":{"uv":[8,7.5,9,8.75],"texture":"#1"},"down":{"uv":[8.75,8,9,8.25],"texture":"#4"}}},{"from":[6.1,8.55,7.625],"to":[6.85,8.65,8.375],"rotation":{"angle":0,"axis":"y","origin":[-0.95,8.1,8]},"faces":{"north":{"uv":[0,2.5,1.5,3],"rotation":180,"texture":"#4"},"east":{"uv":[15,7.25,16,7.75],"texture":"#4"},"south":{"uv":[2.25,2.5,3.75,3],"rotation":180,"texture":"#4"},"west":{"uv":[6.5,7.5,7.5,8],"texture":"#4"},"up":{"uv":[8,7.5,9,8.75],"texture":"#1"},"down":{"uv":[8.75,8,9,8.25],"texture":"#4"}}},{"from":[7,8.55,7.625],"to":[7.75,8.65,8.375],"rotation":{"angle":0,"axis":"y","origin":[0.85,8.1,8]},"faces":{"north":{"uv":[0.5,2.5,2,3],"rotation":180,"texture":"#4"},"east":{"uv":[15,7.25,16,7.75],"texture":"#4"},"south":{"uv":[0,2.5,1.5,3],"rotation":180,"texture":"#4"},"west":{"uv":[6.5,7.5,7.5,8],"texture":"#4"},"up":{"uv":[8,7.5,9,8.75],"texture":"#1"},"down":{"uv":[8.75,8,9,8.25],"texture":"#4"}}},{"from":[7.9,8.55,7.625],"to":[8.65,8.65,8.375],"rotation":{"angle":0,"axis":"y","origin":[1.75,8.1,8]},"faces":{"north":{"uv":[0,2.5,1.5,3],"rotation":180,"texture":"#4"},"east":{"uv":[15,7.25,16,7.75],"texture":"#4"},"south":{"uv":[0.5,2.5,2,3],"rotation":180,"texture":"#4"},"west":{"uv":[6.5,7.5,7.5,8],"texture":"#4"},"up":{"uv":[8,7.5,9,8.75],"texture":"#1"},"down":{"uv":[8.75,8,9,8.25],"texture":"#4"}}},{"from":[8.8,8.55,7.625],"to":[9.55,8.65,8.375],"rotation":{"angle":0,"axis":"y","origin":[1.75,8.1,8]},"faces":{"north":{"uv":[0.5,2.5,2,3],"rotation":180,"texture":"#4"},"east":{"uv":[15,7.25,16,7.75],"texture":"#4"},"south":{"uv":[0,2.5,1.5,3],"rotation":180,"texture":"#4"},"west":{"uv":[6.5,7.5,7.5,8],"texture":"#4"},"up":{"uv":[8,7.5,9,8.75],"texture":"#1"},"down":{"uv":[8.75,8,9,8.25],"texture":"#4"}}},{"from":[9.7,8.55,7.625],"to":[9.95,8.65,8.375],"rotation":{"angle":0,"axis":"y","origin":[3.05,8.1,8]},"faces":{"north":{"uv":[3,2.5,3.5,3],"rotation":180,"texture":"#4"},"east":{"uv":[15,7.25,16,7.75],"texture":"#4"},"south":{"uv":[3,2.5,3.5,3],"rotation":180,"texture":"#4"},"west":{"uv":[6.5,7.5,7.5,8],"texture":"#4"},"up":{"uv":[8,7.5,8.5,8.75],"texture":"#1"},"down":{"uv":[8.75,8,9,8.25],"texture":"#4"}}},{"from":[-7.96981,5.56446,7.4],"to":[1.55519,7.11446,8.6],"rotation":{"angle":22.5,"axis":"z","origin":[1.03287,6.32583,8.00824]},"faces":{"north":{"uv":[7.75,8,0,9],"rotation":180,"texture":"#4"},"south":{"uv":[7.75,8,0,9],"rotation":180,"texture":"#4"},"up":{"uv":[9,4,15.25,5.25],"rotation":180,"texture":"#4"},"down":{"uv":[0,7.75,6.25,8.5],"rotation":180,"texture":"#4"}}},{"from":[-8.16981,5.06446,7.4005],"to":[-0.06981,6.71446,8.5995],"rotation":{"angle":0,"axis":"z","origin":[-0.06713,5.92583,8]},"faces":{"north":{"uv":[0,11,6.25,12],"rotation":180,"texture":"#4"},"south":{"uv":[0,11,6.25,12],"rotation":180,"texture":"#4"},"west":{"uv":[0,13,1.5,14.75],"texture":"#4"}}},{"from":[-8.16981,3.46446,7.4005],"to":[-4.06981,5.06446,8.5995],"rotation":{"angle":0,"axis":"z","origin":[-0.06713,4.32583,8]},"faces":{"north":{"uv":[0,10.5,3.25,11.5],"rotation":180,"texture":"#4"},"south":{"uv":[0,10.5,3.25,11.5],"texture":"#4"},"west":{"uv":[0,13.25,1.5,15],"texture":"#4"}}},{"from":[-8.1698,2.17724,7.4005],"to":[-6.9932,3.47724,8.5995],"rotation":{"angle":0,"axis":"z","origin":[-0.29048,3.03861,8]},"faces":{"north":{"uv":[9,8,10.25,9],"rotation":180,"texture":"#4"},"south":{"uv":[9,8,10.25,9],"rotation":180,"texture":"#4"},"west":{"uv":[0,13.75,1.5,15.5],"texture":"#4"},"down":{"uv":[9,7.75,10.25,8.5],"rotation":180,"texture":"#4"}}},{"from":[-8.16981,6.69878,7.63432],"to":[0.93019,6.94878,8.36569],"rotation":{"angle":0,"axis":"x","origin":[-3.61981,6.54878,8.2]},"faces":{"west":{"uv":[0,12.5,1,12.75],"texture":"#4"},"up":{"uv":[0,4,6.25,4.75],"rotation":180,"texture":"#4"}}},{"from":[-8.1695,6.38309,7.4],"to":[0.9305,6.71446,7.575],"rotation":{"angle":45,"axis":"x","origin":[-3.61981,6.54878,7.8]},"faces":{"north":{"uv":[0,4.75,6.25,5.25],"texture":"#4"},"west":{"uv":[0,12.5,0.25,12.75],"texture":"#4"}}},{"from":[-8.1695,6.77378,8.03432],"to":[0.9305,6.94878,8.36569],"rotation":{"angle":45,"axis":"x","origin":[-3.61981,6.54878,8.2]},"faces":{"west":{"uv":[0,12.5,0.25,12.75],"texture":"#4"},"up":{"uv":[0,4.75,6.25,5.25],"texture":"#4"}}},{"from":[5.14981,6.40028,7.299],"to":[5.29981,6.55028,8.601],"rotation":{"angle":0,"axis":"y","origin":[8,8,7.95]},"faces":{"north":{"uv":[14,14,15,15],"texture":"#0"},"south":{"uv":[14,14,15,15],"rotation":90,"texture":"#0"}}},{"from":[6.74981,6.40028,7.299],"to":[6.89981,6.55028,8.601],"rotation":{"angle":0,"axis":"y","origin":[8,8,7.95]},"faces":{"north":{"uv":[14,14,15,15],"texture":"#0"},"south":{"uv":[14,14,15,15],"rotation":90,"texture":"#0"}}},{"from":[2.985,7.22473,7.3985],"to":[3.185,7.42473,8.6015],"rotation":{"angle":0,"axis":"y","origin":[8,8,7.9965]},"faces":{"north":{"uv":[14.5,14.5,16,13],"rotation":90,"texture":"#0"},"south":{"uv":[14.5,13,16,14.5],"rotation":90,"texture":"#0"}}}]}