{
	"credit": "Nelonn",
	"texture_size": [32, 32],
	"textures": {
		"texture": "items:models/item/locator"
	},
	"elements": [
		{
			"from": [7, 1, 6],
			"to": [9, 9, 8],
			"rotation": {"angle": 0, "axis": "y", "origin": [8, 1, 6]},
			"faces": {
				"north": {"uv": [4, 4, 5, 8], "texture": "#texture"},
				"east": {"uv": [4, 0, 5, 4], "texture": "#texture"},
				"south": {"uv": [5, 5, 6, 9], "texture": "#texture"},
				"west": {"uv": [5, 0, 6, 4], "texture": "#texture"},
				"up": {"uv": [7, 2.5, 6, 1.5], "texture": "#texture"},
				"down": {"uv": [7, 2.5, 6, 3.5], "texture": "#texture"}
			}
		},
		{
			"from": [7, 0, 6],
			"to": [9, 1, 9],
			"rotation": {"angle": 0, "axis": "y", "origin": [8, -7, 6]},
			"faces": {
				"north": {"uv": [7.5, 4, 8.5, 4.5], "texture": "#texture"},
				"east": {"uv": [6, 3.5, 7.5, 4], "texture": "#texture"},
				"south": {"uv": [7.5, 4.5, 8.5, 5], "texture": "#texture"},
				"west": {"uv": [6, 5, 7.5, 5.5], "texture": "#texture"},
				"up": {"uv": [7, 7.5, 6, 6], "texture": "#texture"},
				"down": {"uv": [7, 0, 6, 1.5], "texture": "#texture"}
			}
		},
		{
			"from": [6, 8.04433, 6.80447],
			"to": [10, 12.04433, 10.80447],
			"rotation": {"angle": 22.5, "axis": "x", "origin": [8, 10.54433, 8.80447]},
			"faces": {
				"north": {"uv": [0, 0, 2, 2], "texture": "#texture"},
				"east": {"uv": [0, 2, 2, 4], "texture": "#texture"},
				"south": {"uv": [2, 2, 4, 4], "texture": "#texture"},
				"west": {"uv": [2, 0, 4, 2], "texture": "#texture"},
				"up": {"uv": [2, 6, 0, 4], "texture": "#texture"},
				"down": {"uv": [4, 4, 2, 6], "texture": "#texture"}
			}
		},
		{
			"from": [6.5, 8.17404, 10.92972],
			"to": [7, 10.17404, 11.17972],
			"rotation": {"angle": 22.5, "axis": "x", "origin": [8, 10.42404, 11.05472]},
			"faces": {
				"north": {"uv": [7, 1.5, 7.5, 2.5], "texture": "#texture"},
				"east": {"uv": [7, 2.5, 7.5, 3.5], "texture": "#texture"},
				"south": {"uv": [7, 4, 7.5, 5], "texture": "#texture"},
				"west": {"uv": [7, 5.5, 7.5, 6.5], "texture": "#texture"},
				"up": {"uv": [8, 5.5, 7.5, 5], "texture": "#texture"},
				"down": {"uv": [8, 5.5, 7.5, 6], "texture": "#texture"}
			}
		},
		{
			"from": [7, 11.04433, 10.80447],
			"to": [9, 11.54433, 11.05447],
			"rotation": {"angle": 22.5, "axis": "x", "origin": [8, 10.54433, 8.80447]},
			"faces": {
				"north": {"uv": [6, 5.5, 7, 6], "texture": "#texture"},
				"east": {"uv": [7.5, 6, 8, 6.5], "texture": "#texture"},
				"south": {"uv": [7, 6.5, 8, 7], "texture": "#texture"},
				"west": {"uv": [7.5, 7, 8, 7.5], "texture": "#texture"},
				"up": {"uv": [1, 8, 0, 7.5], "texture": "#texture"},
				"down": {"uv": [2, 7.5, 1, 8], "texture": "#texture"}
			}
		},
		{
			"from": [7, 8.54433, 10.80447],
			"to": [9, 9.04433, 11.05447],
			"rotation": {"angle": 22.5, "axis": "x", "origin": [8, 10.54433, 8.80447]},
			"faces": {
				"north": {"uv": [2, 7.5, 3, 8], "texture": "#texture"},
				"east": {"uv": [0, 8, 0.5, 8.5], "texture": "#texture"},
				"south": {"uv": [3, 7.5, 4, 8], "texture": "#texture"},
				"west": {"uv": [0.5, 8, 1, 8.5], "texture": "#texture"},
				"up": {"uv": [7, 8, 6, 7.5], "texture": "#texture"},
				"down": {"uv": [8.5, 7.5, 7.5, 8], "texture": "#texture"}
			}
		},
		{
			"from": [8.25, 8.29433, 6.55447],
			"to": [8.75, 8.79433, 6.80447],
			"rotation": {"angle": 22.5, "axis": "x", "origin": [8, 10.54433, 8.80447]},
			"faces": {
				"north": {"uv": [1, 8, 1.5, 8.5], "texture": "#texture"},
				"east": {"uv": [1.5, 8, 2, 8.5], "texture": "#texture"},
				"south": {"uv": [2, 8, 2.5, 8.5], "texture": "#texture"},
				"west": {"uv": [2.5, 8, 3, 8.5], "texture": "#texture"},
				"up": {"uv": [3.5, 8.5, 3, 8], "texture": "#texture"},
				"down": {"uv": [4, 8, 3.5, 8.5], "texture": "#texture"}
			}
		},
		{
			"from": [7.25, 8.29433, 6.55447],
			"to": [7.75, 8.79433, 6.80447],
			"rotation": {"angle": 22.5, "axis": "x", "origin": [8, 10.54433, 8.80447]},
			"faces": {
				"north": {"uv": [4, 8, 4.5, 8.5], "texture": "#texture"},
				"east": {"uv": [4.5, 8, 5, 8.5], "texture": "#texture"},
				"south": {"uv": [6, 8, 6.5, 8.5], "texture": "#texture"},
				"west": {"uv": [6.5, 8, 7, 8.5], "texture": "#texture"},
				"up": {"uv": [8, 8.5, 7.5, 8], "texture": "#texture"},
				"down": {"uv": [8.5, 8, 8, 8.5], "texture": "#texture"}
			}
		},
		{
			"from": [6.25, 9.04433, 6.67947],
			"to": [9.75, 11.79433, 6.80447],
			"rotation": {"angle": 22.5, "axis": "x", "origin": [8, 10.54433, 8.80447]},
			"faces": {
				"north": {"uv": [0, 6, 2, 7.5], "texture": "#texture"},
				"east": {"uv": [7, 7, 7.5, 8.5], "texture": "#texture"},
				"south": {"uv": [2, 6, 4, 7.5], "texture": "#texture"},
				"west": {"uv": [7, 0, 7.5, 1.5], "texture": "#texture"},
				"up": {"uv": [7, 4.5, 5, 4], "texture": "#texture"},
				"down": {"uv": [7, 4.5, 5, 5], "texture": "#texture"}
			}
		},
		{
			"from": [9, 8.17404, 10.92972],
			"to": [9.5, 10.17404, 11.17972],
			"rotation": {"angle": 22.5, "axis": "x", "origin": [8, 10.42404, 11.05472]},
			"faces": {
				"north": {"uv": [7.5, 0, 8, 1], "texture": "#texture"},
				"east": {"uv": [7.5, 1, 8, 2], "texture": "#texture"},
				"south": {"uv": [7.5, 2, 8, 3], "texture": "#texture"},
				"west": {"uv": [7.5, 3, 8, 4], "texture": "#texture"},
				"up": {"uv": [8.5, 0.5, 8, 0], "texture": "#texture"},
				"down": {"uv": [8.5, 0.5, 8, 1], "texture": "#texture"}
			}
		}
	],
	"display": {
		"thirdperson_righthand": {
			"rotation": [0, -180, 0],
			"translation": [0, 0.75, -0.75],
			"scale": [0.75, 0.75, 0.75]
		},
		"thirdperson_lefthand": {
			"rotation": [0, -180, 0],
			"translation": [0, 0.75, -0.75],
			"scale": [0.75, 0.75, 0.75]
		},
		"firstperson_righthand": {
			"rotation": [0, -180, 0],
			"translation": [0.25, 3, 0]
		},
		"firstperson_lefthand": {
			"rotation": [0, -180, 0],
			"translation": [0.25, 3, 0]
		},
		"ground": {
			"translation": [0, 4, 0],
			"scale": [0.75, 0.75, 0.75]
		},
		"gui": {
			"rotation": [30, 225, 0],
			"translation": [0, 2, 0],
			"scale": [1.2, 1.2, 1.2]
		},
		"head": {
			"rotation": [0, -180, 0],
			"translation": [0, 14.5, 0]
		},
		"fixed": {
			"rotation": [0, 90, 0],
			"translation": [0, 0.5, 0]
		}
	},
	"groups": [
		{
			"name": "main",
			"origin": [8, 8, 8],
			"children": [0, 1, 2]
		},
		{
			"name": "details",
			"origin": [8, 8, 8],
			"children": [3, 4, 5, 6, 7, 8, 9]
		}
	]
}