{
	"credit": "Nelonn",
	"textures": {
		"texture": "guns:models/item/frag_grenade"
	},
	"elements": [
		{
			"name": "base_1",
			"from": [7, 0, 7],
			"to": [9, 5, 9],
			"faces": {
				"north": {"uv": [2, 2.5, 4, 7], "texture": "#texture"},
				"east": {"uv": [0, 2.5, 2, 7], "texture": "#texture"},
				"south": {"uv": [6, 2.5, 8, 7], "texture": "#texture"},
				"west": {"uv": [4, 2.5, 6, 7], "texture": "#texture"},
				"up": {"uv": [8, 2.5, 10, 4.5], "rotation": 90, "texture": "#texture"},
				"down": {"uv": [8, 4.5, 10, 6.5], "rotation": 270, "texture": "#texture"}
			}
		},
		{
			"name": "base_2",
			"from": [6.625, 1, 6.625],
			"to": [9.375, 4, 9.375],
			"faces": {
				"north": {"uv": [2.5, 0, 5, 2.5], "texture": "#texture"},
				"east": {"uv": [0, 0, 2.5, 2.5], "texture": "#texture"},
				"south": {"uv": [7.5, 0, 10, 2.5], "texture": "#texture"},
				"west": {"uv": [5, 0, 7, 2.5], "texture": "#texture"},
				"up": {"uv": [10, 0, 12.5, 2.5], "rotation": 90, "texture": "#texture"},
				"down": {"uv": [12.5, 0, 15, 2.5], "rotation": 270, "texture": "#texture"}
			}
		},
		{
			"name": "trigger",
			"from": [7.4, 5, 7.4],
			"to": [8.6, 6.2, 8.6],
			"faces": {
				"north": {"uv": [1.5, 7, 3, 8.5], "texture": "#texture"},
				"east": {"uv": [0, 7, 1.5, 8.5], "texture": "#texture"},
				"south": {"uv": [4.5, 7, 6, 8.5], "texture": "#texture"},
				"west": {"uv": [3, 7, 4.5, 8.5], "texture": "#texture"},
				"up": {"uv": [6, 7, 7.5, 8.5], "rotation": 90, "texture": "#texture"},
				"down": {"uv": [6, 7, 7.5, 8.5], "rotation": 270, "texture": "#texture"}
			}
		},
		{
			"name": "Handle Top",
			"from": [6, 5.25, 7.501],
			"to": [8, 5.75, 8.499],
			"rotation": {"angle": 22.5, "axis": "z", "origin": [6, 5.75, 8]},
			"faces": {
				"north": {"uv": [10, 3, 10.5, 5], "rotation": 270, "texture": "#texture"},
				"east": {"uv": [10.5, 2.5, 11.5, 3], "texture": "#texture"},
				"south": {"uv": [11.5, 3, 12, 5], "rotation": 90, "texture": "#texture"},
				"up": {"uv": [10.5, 3, 11.5, 5], "rotation": 90, "texture": "#texture"},
				"down": {"uv": [12, 3, 13, 5], "rotation": 90, "texture": "#texture"}
			}
		},
		{
			"name": "Handle Bottom",
			"from": [6, 2.75, 7.5],
			"to": [6.5, 5.75, 8.5],
			"rotation": {"angle": 0, "axis": "y", "origin": [14.5, 10.25, 15]},
			"faces": {
				"north": {"uv": [13, 3, 13.5, 6], "texture": "#texture"},
				"east": {"uv": [15, 3, 16, 6], "texture": "#texture"},
				"south": {"uv": [14.5, 3, 15, 6], "texture": "#texture"},
				"west": {"uv": [13.5, 3, 14.5, 6], "texture": "#texture"},
				"down": {"uv": [14.5, 2.5, 15.5, 3], "rotation": 270, "texture": "#texture"}
			}
		},
		{
			"name": "detail",
			"from": [7.8, 5.4, 7.3],
			"to": [8.2, 5.8, 8.7],
			"faces": {
				"north": {"uv": [7.5, 7.5, 8, 8], "texture": "#texture"},
				"east": {"uv": [7.5, 7, 8, 7.5], "texture": "#texture"},
				"south": {"uv": [7.5, 7.5, 8, 8], "texture": "#texture"},
				"west": {"uv": [7.5, 7, 8, 7.5], "texture": "#texture"},
				"up": {"uv": [7.5, 7.5, 8, 8], "texture": "#texture"},
				"down": {"uv": [7.5, 7.5, 8, 8], "texture": "#texture"}
			}
		}
	],
	"display": {
		"thirdperson_righthand": {
			"rotation": [60, 145, 0],
			"translation": [0, 4, 5],
			"scale": [0.85, 0.85, 0.85]
		},
		"thirdperson_lefthand": {
			"rotation": [60, -35, 0],
			"translation": [0, 4, 5],
			"scale": [0.85, 0.85, 0.85]
		},
		"firstperson_righthand": {
			"rotation": [0, 125, 0],
			"translation": [0, 7.25, 0]
		},
		"firstperson_lefthand": {
			"rotation": [0, -55, 0],
			"translation": [0, 7.25, 0]
		},
		"ground": {
			"translation": [0, 5, 0]
		},
		"gui": {
			"rotation": [0, -180, 40],
			"translation": [6.75, 8.5, 0],
			"scale": [2.25, 2.25, 2.25]
		},
		"head": {
			"rotation": [-90, 0, -90],
			"translation": [9.75, -30.25, 0],
			"scale": [2, 2, 2]
		},
		"fixed": {
			"translation": [0, 8.5, 0],
			"scale": [1.75, 1.75, 1.75]
		}
	}
}