{
    "ak47.reload":        {"sounds": ["mgs:ak47/reload"]},
	"ak47.fire":          {"sounds": ["mgs:ak47/fire"]},
	"ak47.playerbegin":   {"sounds": ["mgs:ak47/playerbegin"]},
	"ak47.playerend":     {"sounds": ["mgs:ak47/playerend"]},
	"m16.reload":         {"sounds": ["mgs:m16/reload"]},
	"m16.fire":           {"sounds": ["mgs:m16/fire"]},
	"m16.playerbegin":    {"sounds": ["mgs:m16/playerbegin"]},
	"m16.playerend":      {"sounds": ["mgs:m16/playerend"]},
    "fal.reload":         {"sounds": ["mgs:fnfal/reload"]},
	"fal.fire":           {"sounds": ["mgs:fnfal/fire"]},
	"fal.playerbegin":    {"sounds": ["mgs:fnfal/playerbegin"]},
	"fal.playerend":      {"sounds": ["mgs:fnfal/playerend"]},
    "aug.reload":         {"sounds": ["mgs:aug/reload"]},
	"aug.fire":           {"sounds": ["mgs:aug/fire"]},
	"aug.playerbegin":    {"sounds": ["mgs:aug/playerbegin"]},
    "aug.playermid":      {"sounds": ["mgs:aug/playermid"]},
	"aug.playerend":      {"sounds": ["mgs:aug/playerend"]},
    "m4.reload":          {"sounds": ["mgs:m4/reload"]},
	"m4.fire":            {"sounds": ["mgs:m4/fire"]},
	"m4.playerbegin":     {"sounds": ["mgs:m4/playerbegin"]},
	"m4.playerend":       {"sounds": ["mgs:m4/playerend"]},
    "g3.reload":          {"sounds": ["mgs:g3/reload"]},
	"g3.fire":            {"sounds": ["mgs:g3/fire"]},
	"g3.playerbegin":     {"sounds": ["mgs:g3/playerbegin"]},
	"g3.playerend":       {"sounds": ["mgs:g3/playerend"]},
	"m82.reload":         {"sounds": ["mgs:m82/reload"]},
	"m82.fire":           {"sounds": ["mgs:m82/fire"]},
	"m82.playerbegin":    {"sounds": ["mgs:m82/playerbegin"]},
	"m82.playermid":      {"sounds": ["mgs:m82/playermid"]},
	"m82.playerend":      {"sounds": ["mgs:m82/playerend"]},
	"svd.reload":         {"sounds": ["mgs:svd/reload"]},
	"svd.fire":           {"sounds": ["mgs:svd/fire"]},
	"svd.playerbegin":    {"sounds": ["mgs:svd/playerbegin"]},
	"svd.playermid":      {"sounds": ["mgs:svd/playermid"]},
	"svd.playerend":      {"sounds": ["mgs:svd/playerend"]},
	"m1911.reload":       {"sounds": ["mgs:m1911/reload"]},
	"m1911.fire":         {"sounds": ["mgs:m1911/fire"]},
	"m1911.playerbegin":  {"sounds": ["mgs:m1911/playerbegin"]},
	"m1911.playerend":    {"sounds": ["mgs:m1911/playerend"]},
    "m9.reload":          {"sounds": ["mgs:m9/reload"]},
	"m9.fire":            {"sounds": ["mgs:m9/fire"]},
	"m9.playerbegin":     {"sounds": ["mgs:m9/playerbegin"]},
	"m9.playerend":       {"sounds": ["mgs:m9/playerend"]},
    "deagle.reload":      {"sounds": ["mgs:deagle/reload"]},
	"deagle.fire":        {"sounds": ["mgs:deagle/fire"]},
	"deagle.playerbegin": {"sounds": ["mgs:deagle/playerbegin"]},
	"deagle.playerend":   {"sounds": ["mgs:deagle/playerend"]},
    "makarov.reload":     {"sounds": ["mgs:makarov/reload"]},
	"makarov.fire":       {"sounds": ["mgs:makarov/fire"]},
	"makarov.playerbegin":{"sounds": ["mgs:makarov/playerbegin"]},
    "makarov.playerend":  {"sounds": ["mgs:makarov/playerend"]},
    "glock17.reload":     {"sounds": ["mgs:glock17/reload"]},
	"glock17.fire":       {"sounds": ["mgs:glock17/fire"]},
	"glock17.playerbegin":{"sounds": ["mgs:glock17/playerbegin"]},
    "glock17.playerend":  {"sounds": ["mgs:glock17/playerend"]},
    "glock18.reload":     {"sounds": ["mgs:glock18/reload"]},
	"glock18.fire":       {"sounds": ["mgs:glock18/fire"]},
	"glock18.playerbegin":{"sounds": ["mgs:glock18/playerbegin"]},
	"glock18.playerend":  {"sounds": ["mgs:glock18/playerend"]},
	"mp5.reload":         {"sounds": ["mgs:mp5/reload"]},
	"mp5.fire":           {"sounds": ["mgs:mp5/fire"]},
	"mp5.playerbegin":    {"sounds": ["mgs:mp5/playerbegin"]},
	"mp5.playermid":      {"sounds": ["mgs:mp5/playermid"]},
	"mp5.playerend":      {"sounds": ["mgs:mp5/playerend"]},
    "mac10.reload":       {"sounds": ["mgs:mac10/reload"]},
	"mac10.fire":         {"sounds": ["mgs:mac10/fire0", "mgs:mac10/fire1"]},
	"mac10.playerbegin":  {"sounds": ["mgs:mac10/playerbegin"]},
	"mac10.playermid":    {"sounds": ["mgs:mac10/playermid"]},
	"mac10.playerend":    {"sounds": ["mgs:mac10/playerend"]},
	"spas12.reload":      {"sounds": ["mgs:spas12/reload1", "mgs:spas12/reload2", "mgs:spas12/reload3"]},
	"spas12.fire":        {"sounds": ["mgs:spas12/fire"]},
    "spas12.fire_s":      {"sounds": ["mgs:spas12/fire_s"]},
	"spas12.pump":        {"sounds": ["mgs:spas12/pump"]},
    "m500.reload":        {"sounds": ["mgs:m500/reload1", "mgs:m500/reload2", "mgs:m500/reload3"]},
	"m500.fire":          {"sounds": ["mgs:m500/fire"]},
	"m500.pump":          {"sounds": ["mgs:m500/pump"]},
	"mosin.reload":       {"sounds": ["mgs:mosin/reload1", "mgs:mosin/reload2", "mgs:mosin/reload3", "mgs:mosin/reload4"]},
	"mosin.fire":         {"sounds": ["mgs:mosin/fire"]},
	"mosin.cycle":        {"sounds": ["mgs:mosin/cycle"]},
	"mosin.playerbegin":  {"sounds": ["mgs:mosin/playerbegin"]},
	"mosin.playerend":    {"sounds": ["mgs:mosin/playerend"]},
    "rpg7.reload":        {"sounds": ["mgs:rpg7/reload"]},
	"rpg7.fire":          {"sounds": ["mgs:rpg7/fire0", "mgs:rpg7/fire1"]},
	"rpg7.playerbegin":   {"sounds": ["mgs:rpg7/playerbegin"]},
    "rpg7.playerend":     {"sounds": ["mgs:rpg7/playerend"]},
    "rpk.reload":         {"sounds": ["mgs:rpk/reload"]},
	"rpk.fire":           {"sounds": ["mgs:rpk/fire"]},
	"rpk.playerbegin":    {"sounds": ["mgs:rpk/playerbegin"]},
	"rpk.playermid":      {"sounds": ["mgs:rpk/playermid"]},
	"rpk.playerend":      {"sounds": ["mgs:rpk/playerend"]},
	"common.lean_in":             {"sounds": ["mgs:common/lean_in1", "mgs:common/lean_in2", "mgs:common/lean_in3", "mgs:common/lean_in4"]},
	"common.lean_out":            {"sounds": ["mgs:common/lean_out"]},
	"common.fireselect":          {"sounds": ["mgs:common/fireselect"]},
    "common.empty":               {"sounds": ["mgs:common/empty"]},
    "common.rocket_crack":        {"sounds": ["mgs:common/rocket_crack"]},
	"common.large_crack":         {"sounds": ["mgs:common/large_crack"]},
	"common.med_crack":           {"sounds": ["mgs:common/med_crack"]},
	"common.small_crack":         {"sounds": ["mgs:common/small_crack"]},
    "common.rocket_crack_mono":   {"sounds": ["mgs:common/rocket_crack_mono0", "mgs:common/rocket_crack_mono1"]},
    "common.large_crack_mono":    {"sounds": ["mgs:common/large_crack_mono0", "mgs:common/large_crack_mono1"]},
	"common.med_crack_mono":      {"sounds": ["mgs:common/med_crack_mono0", "mgs:common/med_crack_mono1"]},
	"common.small_crack_mono":    {"sounds": ["mgs:common/small_crack_mono0", "mgs:common/small_crack_mono1"]},
	"common.solid_bullet_impact": {"sounds": ["mgs:common/solid_bullet_impact_01", "mgs:common/solid_bullet_impact_02", "mgs:common/solid_bullet_impact_03", "mgs:common/solid_bullet_impact_04", "mgs:common/solid_bullet_impact_05"]},
	"common.soft_bullet_impact":  {"sounds": ["mgs:common/soft_bullet_impact_01", "mgs:common/soft_bullet_impact_02", "mgs:common/soft_bullet_impact_03", "mgs:common/soft_bullet_impact_04", "mgs:common/soft_bullet_impact_05"]},
	"common.bullet_fly_by":       {"sounds": ["mgs:common/flyby01", "mgs:common/flyby02", "mgs:common/flyby03", "mgs:common/flyby04", "mgs:common/flyby05"]},
    "common.rocket_fly_by":       {"sounds": ["mgs:common/rocket_flyby01", "mgs:common/rocket_flyby02"]},
    "common.explode_far":         {"sounds": ["mgs:common/explode_far0", "mgs:common/explode_far1", "mgs:common/explode_far2"]},
    "common.reload_generic":      {"sounds": ["mgs:common/reload_generic"]}
}
