{"credit":"thebradqq's guns","textures":{"0":"mgs:misc/reticles","1":"mgs:gun/acogdetails","2":"mgs:gun/metal_dark","3":"mgs:gun/metal_brighter"},"elements":[{"from":[5.45783,8.653,7.7855],"to":[7.61283,9.5285,8.2145],"rotation":{"angle":0,"axis":"y","origin":[13.375,6.925,9]},"faces":{"north":{"uv":[6.75,7.5,7,8.25],"rotation":180,"texture":"#2"},"south":{"uv":[6.75,7.5,7,8.25],"rotation":180,"texture":"#2"}}},{"from":[7.60783,8.653,7.7855],"to":[8.51283,9.3285,8.2145],"rotation":{"angle":0,"axis":"y","origin":[12.875,6.925,9]},"faces":{"north":{"uv":[6.75,7.5,7,8.25],"rotation":180,"texture":"#2"},"south":{"uv":[6.75,7.5,7,8.25],"rotation":180,"texture":"#2"}}},{"from":[4.28467,10.72984,7.77796],"to":[4.83967,10.93751,8.22204],"rotation":{"angle":0,"axis":"y","origin":[2.819,10.113,8]},"faces":{"north":{"uv":[9,4,10.25,4.5],"texture":"#2"},"east":{"uv":[11,4,11.75,4.5],"texture":"#2"},"south":{"uv":[10.75,4,12,4.5],"texture":"#2"},"west":{"uv":[11,4,11.75,4.5],"texture":"#2"},"up":{"uv":[11.25,2,12.5,2.75],"rotation":180,"texture":"#2"}}},{"from":[4.28467,9.28849,7.77796],"to":[4.83967,9.49616,8.22204],"rotation":{"angle":0,"axis":"x","origin":[2.819,10.113,8]},"faces":{"north":{"uv":[8.25,11.25,9,11.75],"texture":"#2"},"east":{"uv":[8.25,8,9,8.5],"texture":"#2"},"south":{"uv":[8.25,11.25,9,11.75],"texture":"#2"},"west":{"uv":[8.25,8,9,8.5],"texture":"#2"},"down":{"uv":[15.75,15.75,16,16],"texture":"#2"}}},{"from":[4.28467,9.89096,7.17549],"to":[4.83967,10.33504,7.38316],"rotation":{"angle":0,"axis":"x","origin":[2.819,10.113,8]},"faces":{"north":{"uv":[7.75,4.5,9,5.25],"texture":"#2"},"east":{"uv":[8,5,9.25,5.75],"texture":"#2"},"west":{"uv":[8,5,9.25,5.75],"texture":"#2"},"up":{"uv":[11,4.25,12.25,4.75],"texture":"#2"},"down":{"uv":[15.75,15.75,16,16],"texture":"#2"}}},{"from":[4.28467,9.89096,8.61684],"to":[4.83967,10.33504,8.82451],"rotation":{"angle":0,"axis":"x","origin":[2.819,10.113,8]},"faces":{"east":{"uv":[8,5,9.25,5.75],"texture":"#2"},"south":{"uv":[7.75,4.5,9,5.25],"texture":"#2"},"west":{"uv":[8,5,9.25,5.75],"texture":"#2"},"up":{"uv":[11,4.25,12.25,4.75],"rotation":180,"texture":"#2"},"down":{"uv":[15.75,15.75,16,16],"texture":"#2"}}},{"from":[5.305,10.708,7.51546],"to":[6.035,10.84067,8.48454],"rotation":{"angle":0,"axis":"x","origin":[1.719,10.113,8]},"faces":{"north":{"uv":[7.75,5,9,5.25],"texture":"#2"},"east":{"uv":[8,5.25,8.25,5.5],"texture":"#2"},"south":{"uv":[8,5.25,9.25,5.5],"texture":"#2"},"west":{"uv":[8,5.25,8.25,5.5],"texture":"#2"},"up":{"uv":[5.25,2.5,6.5,4.75],"texture":"#2"}}},{"from":[5.305,9.62846,8.595],"to":[6.035,10.59754,8.72767],"rotation":{"angle":0,"axis":"x","origin":[1.719,10.113,8]},"faces":{"east":{"uv":[8,5.25,8.25,6.75],"texture":"#2"},"south":{"uv":[7.75,4,9,5.5],"texture":"#2"},"west":{"uv":[8,5.25,8.25,6.75],"texture":"#2"},"up":{"uv":[11,2,12.25,2.25],"texture":"#2"},"down":{"uv":[15.75,15.75,16,16],"texture":"#2"}}},{"from":[5.305,9.62846,7.27233],"to":[6.035,10.59754,7.405],"rotation":{"angle":0,"axis":"x","origin":[1.719,10.113,8]},"faces":{"north":{"uv":[7.75,4,9,5.5],"texture":"#2"},"east":{"uv":[8,5.25,8.25,6.75],"texture":"#2"},"west":{"uv":[8,5.25,8.25,6.75],"texture":"#2"},"up":{"uv":[12.25,0.25,13.5,0.5],"texture":"#2"},"down":{"uv":[15.75,15.75,16,16],"texture":"#2"}}},{"from":[5.25,8.25,7.5],"to":[9.275,8.73,8.5],"rotation":{"angle":0,"axis":"y","origin":[7.26165,8.48871,8.00214]},"faces":{"north":{"uv":[6,6.5,6.25,7.25],"rotation":180,"texture":"#2"},"east":{"uv":[6,6.5,6.25,7.25],"rotation":180,"texture":"#2"},"south":{"uv":[6,6.5,6.25,7.25],"rotation":180,"texture":"#2"},"west":{"uv":[6,6.5,6.25,7.25],"rotation":180,"texture":"#2"},"up":{"uv":[6.25,7.25,8,7.5],"rotation":180,"texture":"#2"},"down":{"uv":[15.75,15.75,16,16],"texture":"#2"}}},{"from":[8.48983,8.728,7.5605],"to":[9.21983,9.40368,8.4395],"rotation":{"angle":0,"axis":"y","origin":[12.175,6.925,8]},"faces":{"north":{"uv":[6.75,7.5,7,8.25],"rotation":180,"texture":"#2"},"east":{"uv":[6.75,7.5,7,8.25],"rotation":180,"texture":"#2"},"south":{"uv":[6.75,7.5,7,8.25],"rotation":180,"texture":"#2"},"west":{"uv":[6.75,7.5,7,8.25],"rotation":180,"texture":"#2"}}},{"from":[5.28983,8.728,7.6855],"to":[5.71983,9.52868,8.3145],"rotation":{"angle":0,"axis":"y","origin":[12.675,6.925,8]},"faces":{"north":{"uv":[6.75,7.5,7,8.25],"rotation":180,"texture":"#2"},"east":{"uv":[6.75,7.5,7,8.25],"rotation":180,"texture":"#2"},"south":{"uv":[6.75,7.5,7,8.25],"rotation":180,"texture":"#2"},"west":{"uv":[6.75,7.5,7,8.25],"rotation":180,"texture":"#2"}}},{"from":[5.5931,9.82295,8.6851],"to":[5.73234,10.52295,9.0851],"rotation":{"angle":0,"axis":"z","origin":[5.66272,10.17295,8.8851]},"faces":{"south":{"uv":[2.5,4.25,3.75,4.5],"rotation":270,"texture":"#2"},"up":{"uv":[3.5,3.75,4.5,4.25],"rotation":270,"texture":"#2"},"down":{"uv":[10.75,8,11.75,8.25],"texture":"#2"}}},{"from":[5.31272,10.798,7.9304],"to":[6.01272,11.198,8.06964],"rotation":{"angle":0,"axis":"y","origin":[5.66272,10.9981,8]},"faces":{"east":{"uv":[5.5,1.5,7.5,2.5],"texture":"#1"},"west":{"uv":[5.5,1.5,7.5,2.5],"texture":"#1"},"up":{"uv":[11.25,1,12.75,1.5],"rotation":180,"texture":"#2"}}},{"from":[5.59312,10.798,7.65],"to":[5.73236,11.198,8.35],"rotation":{"angle":0,"axis":"y","origin":[5.66272,10.9981,8]},"faces":{"north":{"uv":[5.5,1.5,7.5,2.5],"texture":"#1"},"south":{"uv":[3.5,0.5,5.5,1.5],"texture":"#1"},"up":{"uv":[12,1,13.5,1.5],"rotation":90,"texture":"#2"}}},{"from":[5.31272,10.7981,7.93038],"to":[6.01272,11.1981,8.06962],"rotation":{"angle":-22.5,"axis":"y","origin":[5.66272,10.9981,8]},"faces":{"east":{"uv":[4.5,1.5,6.5,2.5],"texture":"#1"},"west":{"uv":[5.5,1.5,7.5,2.5],"texture":"#1"},"up":{"uv":[11.75,0.75,13.25,1.25],"rotation":180,"texture":"#2"}}},{"from":[5.31272,10.7981,7.93038],"to":[6.01272,11.1981,8.06962],"rotation":{"angle":22.5,"axis":"y","origin":[5.66272,10.9981,8]},"faces":{"east":{"uv":[5.5,1.5,7.5,2.5],"texture":"#1"},"west":{"uv":[5.5,1.5,7.5,2.5],"texture":"#1"},"up":{"uv":[11.75,2.5,13.25,3],"rotation":180,"texture":"#2"}}},{"from":[5.5931,10.7982,7.65],"to":[5.73234,11.1982,8.35],"rotation":{"angle":45,"axis":"y","origin":[5.66272,10.9981,8]},"faces":{"north":{"uv":[5.5,1.5,7.5,2.5],"texture":"#1"},"south":{"uv":[3.5,1,5.5,2],"texture":"#1"},"up":{"uv":[8.75,0.25,10.25,0.75],"rotation":90,"texture":"#2"}}},{"from":[5.5931,10.7982,7.65],"to":[5.73234,11.1982,8.35],"rotation":{"angle":-45,"axis":"y","origin":[5.66272,10.9981,8]},"faces":{"north":{"uv":[5.5,1.5,7.5,2.5],"texture":"#1"},"south":{"uv":[5.5,1.5,7.5,2.5],"texture":"#1"},"up":{"uv":[8.75,0.25,10.25,0.75],"rotation":90,"texture":"#2"}}},{"from":[5.5931,10.7981,7.65],"to":[5.73234,11.1981,8.35],"rotation":{"angle":22.5,"axis":"y","origin":[5.66272,10.9981,8]},"faces":{"north":{"uv":[5.5,1.5,7.5,2.5],"texture":"#1"},"south":{"uv":[1.5,0.5,3.5,1.5],"texture":"#1"},"up":{"uv":[11.5,0.75,13,1.25],"rotation":90,"texture":"#2"}}},{"from":[5.5931,10.7981,7.65],"to":[5.73234,11.1981,8.35],"rotation":{"angle":-22.5,"axis":"y","origin":[5.66272,10.9981,8]},"faces":{"north":{"uv":[5.5,1.5,7.5,2.5],"texture":"#1"},"south":{"uv":[4.5,1,6.5,2],"texture":"#1"},"up":{"uv":[12.75,0.75,14.25,1.25],"rotation":90,"texture":"#2"}}},{"from":[5.31272,10.10333,8.685],"to":[6.01272,10.24257,9.085],"rotation":{"angle":0,"axis":"z","origin":[5.66272,10.17295,8.8851]},"faces":{"east":{"uv":[11.25,4.5,12.25,5],"texture":"#2"},"south":{"uv":[2.75,4.25,4,4.5],"rotation":180,"texture":"#2"},"west":{"uv":[11.25,4.5,12.25,5],"texture":"#2"}}},{"from":[5.31272,10.10333,8.6851],"to":[6.01272,10.24257,9.0851],"rotation":{"angle":22.5,"axis":"z","origin":[5.66272,10.17295,8.8851]},"faces":{"east":{"uv":[11.5,4.25,12.5,4.75],"texture":"#2"},"south":{"uv":[2.5,4.25,3.75,4.5],"texture":"#2"},"west":{"uv":[11,4.75,12,5.25],"texture":"#2"}}},{"from":[5.31272,10.10333,8.6849],"to":[6.01272,10.24257,9.0849],"rotation":{"angle":45,"axis":"z","origin":[5.66272,10.17295,8.8851]},"faces":{"east":{"uv":[11.5,4.25,12.5,4.75],"texture":"#2"},"south":{"uv":[2.5,4.25,3.75,4.5],"texture":"#2"},"west":{"uv":[9.5,5,10.5,5.5],"texture":"#2"}}},{"from":[5.31272,10.10333,8.6853],"to":[6.01272,10.24257,9.0853],"rotation":{"angle":-22.5,"axis":"z","origin":[5.66272,10.17295,8.8851]},"faces":{"east":{"uv":[11,4.75,12,5.25],"texture":"#2"},"south":{"uv":[2.75,4.25,4,4.5],"rotation":180,"texture":"#2"},"west":{"uv":[11.5,4.25,12.5,4.75],"texture":"#2"}}},{"from":[5.5931,9.82295,8.6849],"to":[5.73234,10.52295,9.0849],"rotation":{"angle":45,"axis":"z","origin":[5.66272,10.17295,8.8851]},"faces":{"south":{"uv":[2.75,4.25,4,4.5],"rotation":270,"texture":"#2"},"up":{"uv":[11.75,4,12.75,4.5],"rotation":90,"texture":"#2"},"down":{"uv":[9.5,5,10.5,5.5],"rotation":90,"texture":"#2"}}},{"from":[5.5931,9.82295,8.6851],"to":[5.73234,10.52295,9.0851],"rotation":{"angle":-22.5,"axis":"z","origin":[5.66272,10.17295,8.8851]},"faces":{"south":{"uv":[2.5,4.25,3.75,4.5],"rotation":270,"texture":"#2"},"up":{"uv":[11.75,4,12.75,4.5],"rotation":270,"texture":"#2"},"down":{"uv":[10.25,5.25,11.25,5.75],"rotation":270,"texture":"#2"}}},{"from":[5.5931,9.82295,8.685],"to":[5.73234,10.52295,9.085],"rotation":{"angle":22.5,"axis":"z","origin":[5.66272,10.17295,8.8851]},"faces":{"south":{"uv":[2.5,4.25,3.75,4.5],"rotation":270,"texture":"#2"},"up":{"uv":[11.5,2.75,12.5,3.25],"rotation":270,"texture":"#2"},"down":{"uv":[10.25,5.25,11.25,5.75],"rotation":90,"texture":"#2"}}},{"from":[5.575,9.97294,7.0149],"to":[5.74069,10.37294,7.4149],"rotation":{"angle":0,"axis":"z","origin":[5.65785,10.17294,7.2149]},"faces":{"north":{"uv":[11,2.5,11.25,3],"rotation":180,"texture":"#2"},"up":{"uv":[12.25,3.75,11.25,4.25],"rotation":270,"texture":"#2"},"down":{"uv":[8.75,5,7.75,5.5],"rotation":270,"texture":"#2"}}},{"from":[5.45785,10.0901,7.0149],"to":[5.85785,10.25579,7.4149],"rotation":{"angle":0,"axis":"z","origin":[5.65785,10.17294,7.2149]},"faces":{"north":{"uv":[11,2.5,11.25,2.75],"rotation":90,"texture":"#2"},"east":{"uv":[8.75,4.5,7.75,5],"texture":"#2"},"west":{"uv":[8.75,4.5,7.75,5],"texture":"#2"}}},{"from":[5.575,9.97294,7.0148],"to":[5.74069,10.37294,7.4148],"rotation":{"angle":45,"axis":"z","origin":[5.65785,10.17294,7.2149]},"faces":{"north":{"uv":[11,2.5,11.25,3],"rotation":180,"texture":"#2"},"up":{"uv":[8.75,4.25,7.75,4.75],"rotation":90,"texture":"#2"},"down":{"uv":[8.75,4.75,7.75,5.25],"rotation":90,"texture":"#2"}}},{"from":[5.575,9.97294,7.0147],"to":[5.74069,10.37294,7.4147],"rotation":{"angle":-45,"axis":"z","origin":[5.65785,10.17294,7.2149]},"faces":{"north":{"uv":[11,2.5,11.25,3],"rotation":180,"texture":"#2"},"up":{"uv":[9,4.25,8,4.75],"rotation":270,"texture":"#2"},"down":{"uv":[8.75,4.75,7.75,5.25],"rotation":270,"texture":"#2"}}},{"from":[3.025,10.777,7.8349],"to":[4.153,10.943,8.1651],"rotation":{"angle":-22.5,"axis":"x","origin":[3.489,10.113,8]},"faces":{"east":{"uv":[11.5,6.75,11.75,7.25],"rotation":180,"texture":"#2"},"west":{"uv":[9.5,7.25,9.75,7.75],"texture":"#2"},"up":{"uv":[12,4.25,13.75,4.75],"rotation":180,"texture":"#2"},"down":{"uv":[15.75,15.75,16,16],"texture":"#2"}}},{"from":[3.025,10.777,7.8349],"to":[4.153,10.943,8.1651],"rotation":{"angle":-45,"axis":"x","origin":[3.489,10.113,8]},"faces":{"east":{"uv":[11.5,6.75,11.75,7.25],"rotation":180,"texture":"#2"},"west":{"uv":[9.5,7.25,9.75,7.75],"texture":"#2"},"up":{"uv":[10.75,4.5,12.5,5],"rotation":180,"texture":"#2"},"down":{"uv":[9.75,8,10,8.25],"texture":"#2"}}},{"from":[3.0251,9.9479,7.17],"to":[4.1531,10.2781,7.336],"rotation":{"angle":22.5,"axis":"x","origin":[3.489,10.113,8]},"faces":{"north":{"uv":[2.5,12,4.25,12.5],"rotation":180,"texture":"#2"},"east":{"uv":[11.5,7.5,11.75,8],"rotation":90,"texture":"#2"},"south":{"uv":[9.75,8.25,10,8.5],"texture":"#2"},"west":{"uv":[10,5,10.25,5.5],"rotation":270,"texture":"#2"}}},{"from":[3.025,9.9479,7.17],"to":[4.153,10.2781,7.336],"rotation":{"angle":0,"axis":"y","origin":[13.2,7.125,8]},"faces":{"north":{"uv":[10,11.75,11.75,12.25],"rotation":180,"texture":"#2"},"east":{"uv":[11.75,6.25,12,6.75],"rotation":270,"texture":"#2"},"south":{"uv":[9.75,8.5,10,8.75],"texture":"#2"},"west":{"uv":[10,5,10.25,5.5],"rotation":270,"texture":"#2"}}},{"from":[3.025,9.9479,7.17],"to":[4.153,10.2781,7.336],"rotation":{"angle":-22.5,"axis":"x","origin":[3.489,10.113,8]},"faces":{"north":{"uv":[8.5,11.5,10.25,12],"rotation":180,"texture":"#2"},"east":{"uv":[11.75,6.25,12,6.75],"rotation":270,"texture":"#2"},"south":{"uv":[10,8.75,10.25,9],"texture":"#2"},"west":{"uv":[10,5,10.25,5.5],"rotation":270,"texture":"#2"}}},{"from":[3.0251,9.283,7.8349],"to":[4.1531,9.449,8.1651],"rotation":{"angle":45,"axis":"x","origin":[3.489,10.113,8]},"faces":{"east":{"uv":[11.75,6.25,12,6.75],"texture":"#2"},"west":{"uv":[9.5,8,9.75,8.5],"texture":"#2"},"up":{"uv":[9.25,11.5,9.5,11.75],"texture":"#2"},"down":{"uv":[5.75,10.75,7.5,11.25],"rotation":180,"texture":"#2"}}},{"from":[3.025,9.283,7.8349],"to":[4.153,9.449,8.1651],"rotation":{"angle":22.5,"axis":"x","origin":[3.489,10.113,8]},"faces":{"east":{"uv":[11.75,6.25,12,6.75],"texture":"#2"},"west":{"uv":[9.5,8,9.75,8.5],"texture":"#2"},"up":{"uv":[9.5,11.75,9.75,12],"texture":"#2"},"down":{"uv":[8.25,8,10,8.5],"texture":"#2"}}},{"from":[3.025,9.283,7.8349],"to":[4.153,9.449,8.1651],"rotation":{"angle":0,"axis":"y","origin":[13.2,7.125,8]},"faces":{"east":{"uv":[11.75,6.25,12,6.75],"texture":"#2"},"west":{"uv":[9.5,8,9.75,8.5],"texture":"#2"},"up":{"uv":[9.5,11.75,9.75,12],"texture":"#2"},"down":{"uv":[15.75,15.75,16,16],"texture":"#2"}}},{"from":[3.025,9.283,7.8349],"to":[4.153,9.449,8.1651],"rotation":{"angle":-22.5,"axis":"x","origin":[3.489,10.113,8]},"faces":{"east":{"uv":[11.75,6.25,12,6.75],"texture":"#2"},"west":{"uv":[9.5,8,9.75,8.5],"texture":"#2"},"up":{"uv":[9.5,11.75,9.75,12],"texture":"#2"},"down":{"uv":[8.25,8,10,8.5],"rotation":180,"texture":"#2"}}},{"from":[3.0251,9.283,7.8349],"to":[4.1531,9.449,8.1651],"rotation":{"angle":-45,"axis":"x","origin":[3.489,10.113,8]},"faces":{"east":{"uv":[11.75,6.25,12,6.75],"texture":"#2"},"west":{"uv":[9.5,8,9.75,8.5],"texture":"#2"},"up":{"uv":[9.25,11.5,9.5,11.75],"texture":"#2"},"down":{"uv":[5.75,10.75,7.5,11.25],"rotation":180,"texture":"#2"}}},{"from":[3.025,9.9479,8.664],"to":[4.153,10.2781,8.83],"rotation":{"angle":22.5,"axis":"x","origin":[3.489,10.113,8]},"faces":{"north":{"uv":[10,8.75,10.25,9],"texture":"#2"},"east":{"uv":[11.75,6.25,12,6.75],"rotation":90,"texture":"#2"},"south":{"uv":[7,11.5,8.75,12],"rotation":180,"texture":"#2"},"west":{"uv":[10,5,10.25,5.5],"rotation":90,"texture":"#2"}}},{"from":[3.025,9.9479,8.664],"to":[4.153,10.2781,8.83],"rotation":{"angle":0,"axis":"y","origin":[13.2,7.125,8]},"faces":{"north":{"uv":[9.75,8.5,10,8.75],"texture":"#2"},"east":{"uv":[11.75,6.25,12,6.75],"rotation":90,"texture":"#2"},"south":{"uv":[9,11.75,10.75,12.25],"rotation":180,"texture":"#2"},"west":{"uv":[10,5,10.25,5.5],"rotation":90,"texture":"#2"}}},{"from":[3.0251,9.9479,8.664],"to":[4.1531,10.2781,8.83],"rotation":{"angle":-22.5,"axis":"x","origin":[3.489,10.113,8]},"faces":{"north":{"uv":[9.75,8.25,10,8.5],"texture":"#2"},"east":{"uv":[11.5,7.5,11.75,8],"rotation":270,"texture":"#2"},"south":{"uv":[3.5,12,5.25,12.5],"rotation":180,"texture":"#2"},"west":{"uv":[10,5,10.25,5.5],"rotation":90,"texture":"#2"}}},{"from":[3.025,10.777,7.8349],"to":[4.153,10.943,8.1651],"rotation":{"angle":45,"axis":"x","origin":[3.489,10.113,8]},"faces":{"east":{"uv":[11.5,6.75,11.75,7.25],"rotation":180,"texture":"#2"},"west":{"uv":[9.5,7.25,9.75,7.75],"texture":"#2"},"up":{"uv":[10.75,4.5,12.5,5],"texture":"#2"},"down":{"uv":[9.75,8,10,8.25],"texture":"#2"}}},{"from":[3.025,10.777,7.8349],"to":[4.153,10.943,8.1651],"rotation":{"angle":22.5,"axis":"x","origin":[3.489,10.113,8]},"faces":{"east":{"uv":[11.5,6.75,11.75,7.25],"rotation":180,"texture":"#2"},"west":{"uv":[9.5,7.25,9.75,7.75],"texture":"#2"},"up":{"uv":[12,4.25,13.75,4.75],"texture":"#2"},"down":{"uv":[15.75,15.75,16,16],"texture":"#2"}}},{"from":[3.025,10.777,7.8349],"to":[4.153,10.943,8.1651],"rotation":{"angle":0,"axis":"y","origin":[13.2,7.125,8]},"faces":{"east":{"uv":[11.5,6.75,11.75,7.25],"rotation":180,"texture":"#2"},"west":{"uv":[9.5,7.25,9.75,7.75],"texture":"#2"},"up":{"uv":[12,2.5,13.75,3],"texture":"#2"},"down":{"uv":[15.75,15.75,16,16],"texture":"#2"}}},{"from":[3.155,10.694,7.86793],"to":[8.878,10.777,8.13207],"rotation":{"angle":0,"axis":"y","origin":[11.7,7.125,8]},"faces":{"east":{"uv":[15.75,15.75,16,16],"texture":"#2"},"west":{"uv":[9.75,8.5,10,8.75],"rotation":90,"texture":"#2"},"up":{"uv":[11.75,3.5,15.75,4],"texture":"#2"},"down":{"uv":[15.75,15.75,16,16],"texture":"#2"}}},{"from":[3.155,10.694,7.86793],"to":[8.878,10.777,8.13207],"rotation":{"angle":22.5,"axis":"x","origin":[2.819,10.113,8]},"faces":{"east":{"uv":[15.75,15.75,16,16],"texture":"#2"},"west":{"uv":[9.75,8.5,10,8.75],"rotation":90,"texture":"#2"},"up":{"uv":[12,4.25,16,4.75],"texture":"#2"},"down":{"uv":[15.75,15.75,16,16],"texture":"#2"}}},{"from":[3.155,10.694,7.86793],"to":[8.878,10.877,8.13207],"rotation":{"angle":45,"axis":"x","origin":[2.819,10.113,8]},"faces":{"north":{"uv":[0,3.5,16,4],"rotation":180,"texture":"#1"},"east":{"uv":[9.75,8,10,8.25],"texture":"#2"},"south":{"uv":[0,5,16,5.5],"texture":"#1"},"west":{"uv":[9.75,8.5,10,8.75],"rotation":90,"texture":"#2"},"up":{"uv":[0,4,16,5.5],"rotation":180,"texture":"#1"},"down":{"uv":[9.75,8,10,8.25],"texture":"#2"}}},{"from":[5.305,10.694,7.79293],"to":[6.035,10.927,8.20707],"rotation":{"angle":45,"axis":"x","origin":[1.719,10.113,8]},"faces":{"east":{"uv":[8,5.25,8.25,5.5],"texture":"#2"},"west":{"uv":[8,5.25,8.25,5.5],"texture":"#2"},"up":{"uv":[7.75,4.5,9,5.25],"rotation":180,"texture":"#2"}}},{"from":[5.305,10.694,7.79293],"to":[6.035,10.927,8.20707],"rotation":{"angle":-45,"axis":"x","origin":[1.719,10.113,8]},"faces":{"east":{"uv":[8,5.25,8.25,5.5],"texture":"#2"},"west":{"uv":[8,5.25,8.25,5.5],"texture":"#2"},"up":{"uv":[7.75,4.5,9,5.25],"texture":"#2"}}},{"from":[5.305,9.298,7.46793],"to":[6.035,9.531,8.20707],"rotation":{"angle":-45,"axis":"x","origin":[1.719,10.112,8]},"faces":{"east":{"uv":[8,6.25,8.25,6.5],"texture":"#2"},"west":{"uv":[8,6.25,8.25,6.5],"texture":"#2"},"down":{"uv":[7.75,11.25,9,12.25],"rotation":180,"texture":"#2"}}},{"from":[5.305,9.298,7.79293],"to":[6.035,9.531,8.53207],"rotation":{"angle":45,"axis":"x","origin":[1.719,10.112,8]},"faces":{"east":{"uv":[8,6.25,8.25,6.5],"texture":"#2"},"west":{"uv":[8,6.25,8.25,6.5],"texture":"#2"},"down":{"uv":[7.75,11.25,9,12.25],"texture":"#2"}}},{"from":[3.155,9.98093,8.581],"to":[8.878,10.24507,8.664],"rotation":{"angle":-22.5,"axis":"x","origin":[2.819,10.113,8]},"faces":{"north":{"uv":[9.75,8.25,10,8.5],"texture":"#2"},"east":{"uv":[9.75,8.25,10,8.5],"texture":"#2"},"south":{"uv":[3.5,12,7.5,12.5],"rotation":180,"texture":"#2"},"west":{"uv":[9.75,8.5,10,8.75],"rotation":90,"texture":"#2"}}},{"from":[9.055,9.98093,7.86795],"to":[9.278,10.24503,8.13205],"rotation":{"angle":0,"axis":"x","origin":[6.0165,10.11298,8]},"faces":{"west":{"uv":[0,8,8,16],"rotation":180,"texture":"#0"}}},{"from":[3.155,9.98093,8.581],"to":[8.878,10.24507,8.664],"rotation":{"angle":22.5,"axis":"x","origin":[2.819,10.113,8]},"faces":{"north":{"uv":[10,8.75,10.25,9],"texture":"#2"},"east":{"uv":[10,8.75,10.25,9],"texture":"#2"},"south":{"uv":[7,11.5,11,12],"rotation":180,"texture":"#2"},"west":{"uv":[9.75,8.5,10,8.75],"rotation":90,"texture":"#2"}}},{"from":[3.155,9.98093,8.581],"to":[8.878,10.24507,8.664],"rotation":{"angle":0,"axis":"y","origin":[11.7,7.125,8]},"faces":{"north":{"uv":[9.75,8.5,10,8.75],"texture":"#2"},"east":{"uv":[9.75,8.5,10,8.75],"texture":"#2"},"south":{"uv":[9,11.75,13,12.25],"rotation":180,"texture":"#2"},"west":{"uv":[9.75,8.5,10,8.75],"rotation":90,"texture":"#2"}}},{"from":[3.155,9.449,7.86793],"to":[8.878,9.532,8.13207],"rotation":{"angle":-45,"axis":"x","origin":[2.819,10.113,8]},"faces":{"east":{"uv":[9.25,11.5,9.5,11.75],"texture":"#2"},"west":{"uv":[9.75,8.5,10,8.75],"rotation":90,"texture":"#2"},"up":{"uv":[9.25,11.5,9.5,11.75],"texture":"#2"},"down":{"uv":[5.75,10.75,9.75,11.25],"rotation":180,"texture":"#2"}}},{"from":[3.155,9.449,7.86793],"to":[8.878,9.532,8.13207],"rotation":{"angle":-22.5,"axis":"x","origin":[2.819,10.113,8]},"faces":{"east":{"uv":[9.5,11.75,9.75,12],"texture":"#2"},"west":{"uv":[9.75,8.5,10,8.75],"rotation":90,"texture":"#2"},"up":{"uv":[9.5,11.75,9.75,12],"texture":"#2"},"down":{"uv":[8.25,8,12.25,8.5],"rotation":180,"texture":"#2"}}},{"from":[3.155,9.449,7.86793],"to":[8.878,9.532,8.13207],"rotation":{"angle":0,"axis":"y","origin":[11.7,7.125,8]},"faces":{"east":{"uv":[9.5,11.75,9.75,12],"texture":"#2"},"west":{"uv":[9.75,8.5,10,8.75],"rotation":90,"texture":"#2"},"up":{"uv":[9.5,11.75,9.75,12],"texture":"#2"},"down":{"uv":[15.75,15.75,16,16],"texture":"#2"}}},{"from":[3.155,9.449,7.86793],"to":[8.878,9.532,8.13207],"rotation":{"angle":22.5,"axis":"x","origin":[2.819,10.113,8]},"faces":{"east":{"uv":[9.5,11.75,9.75,12],"texture":"#2"},"west":{"uv":[9.75,8.5,10,8.75],"rotation":90,"texture":"#2"},"up":{"uv":[9.5,11.75,9.75,12],"texture":"#2"},"down":{"uv":[8.25,8,12.25,8.5],"texture":"#2"}}},{"from":[3.155,9.449,7.86793],"to":[8.878,9.532,8.13207],"rotation":{"angle":45,"axis":"x","origin":[2.819,10.113,8]},"faces":{"east":{"uv":[9.25,11.5,9.5,11.75],"texture":"#2"},"west":{"uv":[9.75,8.5,10,8.75],"rotation":90,"texture":"#2"},"up":{"uv":[9.25,11.5,9.5,11.75],"texture":"#2"},"down":{"uv":[5.75,10.75,9.75,11.25],"rotation":180,"texture":"#2"}}},{"from":[3.155,9.98093,7.336],"to":[8.878,10.24507,7.419],"rotation":{"angle":-22.5,"axis":"x","origin":[2.819,10.113,8]},"faces":{"north":{"uv":[8.5,11.5,12.5,12],"rotation":180,"texture":"#2"},"east":{"uv":[10,8.75,10.25,9],"texture":"#2"},"south":{"uv":[10,8.75,10.25,9],"texture":"#2"},"west":{"uv":[9.75,8.5,10,8.75],"rotation":90,"texture":"#2"}}},{"from":[3.155,9.98093,7.336],"to":[8.878,10.24507,7.419],"rotation":{"angle":0,"axis":"y","origin":[11.7,7.125,8]},"faces":{"north":{"uv":[10,11.75,14,12.25],"rotation":180,"texture":"#2"},"east":{"uv":[9.75,8.5,10,8.75],"texture":"#2"},"south":{"uv":[9.75,8.5,10,8.75],"texture":"#2"},"west":{"uv":[9.75,8.5,10,8.75],"rotation":90,"texture":"#2"}}},{"from":[3.155,9.98093,7.336],"to":[8.878,10.24507,7.419],"rotation":{"angle":22.5,"axis":"x","origin":[2.819,10.113,8]},"faces":{"north":{"uv":[2.5,12,6.5,12.5],"rotation":180,"texture":"#2"},"east":{"uv":[9.75,8.25,10,8.5],"texture":"#2"},"south":{"uv":[9.75,8.25,10,8.5],"texture":"#2"},"west":{"uv":[9.75,8.5,10,8.75],"rotation":90,"texture":"#2"}}},{"from":[3.155,10.694,7.86793],"to":[8.878,10.777,8.13207],"rotation":{"angle":-45,"axis":"x","origin":[2.819,10.113,8]},"faces":{"east":{"uv":[9.75,8,10,8.25],"texture":"#2"},"west":{"uv":[9.75,8.5,10,8.75],"rotation":90,"texture":"#2"},"up":{"uv":[10.75,4.5,14.75,5],"rotation":180,"texture":"#2"},"down":{"uv":[9.75,8,10,8.25],"texture":"#2"}}},{"from":[3.155,10.694,7.86793],"to":[8.878,10.777,8.13207],"rotation":{"angle":-22.5,"axis":"x","origin":[2.819,10.113,8]},"faces":{"east":{"uv":[15.75,15.75,16,16],"texture":"#2"},"west":{"uv":[9.75,8.5,10,8.75],"rotation":90,"texture":"#2"},"up":{"uv":[12,4.25,16,4.75],"rotation":180,"texture":"#2"},"down":{"uv":[15.75,15.75,16,16],"texture":"#2"}}},{"from":[7.595,10.777,7.8349],"to":[9.223,10.943,8.1651],"rotation":{"angle":0,"axis":"y","origin":[10.8,7.125,8]},"faces":{"east":{"uv":[15.75,15.75,16,16],"texture":"#2"},"west":{"uv":[11.5,6.75,11.75,7.25],"rotation":180,"texture":"#2"},"up":{"uv":[9.5,2.5,11.5,3],"texture":"#2"},"down":{"uv":[15.75,15.75,16,16],"texture":"#2"}}},{"from":[8.745,10.677,7.8019],"to":[10.198,10.843,8.1981],"rotation":{"angle":22.5,"axis":"z","origin":[8.559,10.86,7.967]},"faces":{"north":{"uv":[9.25,4.75,11.5,5.25],"texture":"#2"},"south":{"uv":[9.25,4.75,11.5,5.25],"texture":"#2"},"up":{"uv":[6,8.25,9.25,9.25],"texture":"#3"}}},{"from":[7.595,10.777,7.8349],"to":[9.223,10.943,8.1651],"rotation":{"angle":22.5,"axis":"x","origin":[8.559,10.113,8]},"faces":{"east":{"uv":[15.75,15.75,16,16],"texture":"#2"},"west":{"uv":[11.5,6.75,11.75,7.25],"rotation":180,"texture":"#2"},"up":{"uv":[10.75,4.25,12.75,4.75],"texture":"#2"},"down":{"uv":[15.75,15.75,16,16],"texture":"#2"}}},{"from":[7.595,10.777,7.8349],"to":[9.223,10.943,8.1651],"rotation":{"angle":45,"axis":"x","origin":[8.559,10.113,8]},"faces":{"east":{"uv":[9.75,8,10,8.25],"texture":"#2"},"west":{"uv":[11.5,6.75,11.75,7.25],"rotation":180,"texture":"#2"},"up":{"uv":[10.75,4.5,12.75,5],"texture":"#2"},"down":{"uv":[9.75,8,10,8.25],"texture":"#2"}}},{"from":[7.595,9.9479,8.664],"to":[9.223,10.2781,8.83],"rotation":{"angle":-22.5,"axis":"x","origin":[8.559,10.113,8]},"faces":{"north":{"uv":[9.75,8.25,10,8.5],"texture":"#2"},"east":{"uv":[9.75,8.25,10,8.5],"texture":"#2"},"south":{"uv":[8.75,12,10.75,12.5],"rotation":180,"texture":"#2"},"west":{"uv":[11.5,7.5,11.75,8],"rotation":90,"texture":"#2"}}},{"from":[7.595,9.9479,8.664],"to":[9.223,10.2781,8.83],"rotation":{"angle":0,"axis":"y","origin":[10.8,7.125,8]},"faces":{"north":{"uv":[9.75,8.5,10,8.75],"texture":"#2"},"east":{"uv":[9.75,8.5,10,8.75],"texture":"#2"},"south":{"uv":[8.75,11.75,10.75,12.25],"rotation":180,"texture":"#2"},"west":{"uv":[11.75,6.25,12,6.75],"rotation":270,"texture":"#2"}}},{"from":[7.595,9.9479,8.664],"to":[9.223,10.2781,8.83],"rotation":{"angle":22.5,"axis":"x","origin":[8.559,10.113,8]},"faces":{"north":{"uv":[10,8.75,10.25,9],"texture":"#2"},"east":{"uv":[10,8.75,10.25,9],"texture":"#2"},"south":{"uv":[7,11.5,9,12],"rotation":180,"texture":"#2"},"west":{"uv":[11.75,6.25,12,6.75],"rotation":270,"texture":"#2"}}},{"from":[7.595,9.283,7.8349],"to":[9.223,9.449,8.1651],"rotation":{"angle":-45,"axis":"x","origin":[8.559,10.113,8]},"faces":{"east":{"uv":[9.25,11.5,9.5,11.75],"texture":"#2"},"west":{"uv":[11.75,6.25,12,6.75],"texture":"#2"},"up":{"uv":[9.25,11.5,9.5,11.75],"texture":"#2"},"down":{"uv":[5.75,10.75,7.75,11.25],"rotation":180,"texture":"#2"}}},{"from":[7.595,9.283,7.8349],"to":[9.223,9.449,8.1651],"rotation":{"angle":0,"axis":"y","origin":[10.8,7.125,8]},"faces":{"east":{"uv":[9.5,11.75,9.75,12],"texture":"#2"},"up":{"uv":[9.5,11.75,9.75,12],"texture":"#2"}}},{"from":[7.595,9.283,7.8349],"to":[9.223,9.449,8.1651],"rotation":{"angle":-22.5,"axis":"x","origin":[8.559,10.113,8]},"faces":{"east":{"uv":[9.5,11.75,9.75,12],"texture":"#2"},"west":{"uv":[11.75,6.25,12,6.75],"texture":"#2"},"up":{"uv":[9.5,11.75,9.75,12],"texture":"#2"},"down":{"uv":[8.25,8,10.25,8.5],"rotation":180,"texture":"#2"}}},{"from":[7.595,9.283,7.8349],"to":[9.223,9.449,8.1651],"rotation":{"angle":22.5,"axis":"x","origin":[8.559,10.113,8]},"faces":{"east":{"uv":[9.5,11.75,9.75,12],"texture":"#2"},"west":{"uv":[11.75,6.25,12,6.75],"texture":"#2"},"up":{"uv":[9.5,11.75,9.75,12],"texture":"#2"},"down":{"uv":[8.25,8,10.25,8.5],"texture":"#2"}}},{"from":[7.595,9.283,7.8349],"to":[9.223,9.449,8.1651],"rotation":{"angle":45,"axis":"x","origin":[8.559,10.113,8]},"faces":{"east":{"uv":[9.25,11.5,9.5,11.75],"texture":"#2"},"west":{"uv":[11.75,6.25,12,6.75],"texture":"#2"},"up":{"uv":[9.25,11.5,9.5,11.75],"texture":"#2"},"down":{"uv":[5.75,10.75,7.75,11.25],"rotation":180,"texture":"#2"}}},{"from":[7.595,9.9479,7.17],"to":[9.223,10.2781,7.336],"rotation":{"angle":-22.5,"axis":"x","origin":[8.559,10.113,8]},"faces":{"north":{"uv":[8.25,11.5,10.25,12],"rotation":180,"texture":"#2"},"east":{"uv":[10,8.75,10.25,9],"texture":"#2"},"south":{"uv":[10,8.75,10.25,9],"texture":"#2"},"west":{"uv":[11.75,6.25,12,6.75],"rotation":90,"texture":"#2"}}},{"from":[7.595,9.9479,7.17],"to":[9.223,10.2781,7.336],"rotation":{"angle":0,"axis":"y","origin":[10.8,7.125,8]},"faces":{"north":{"uv":[6.5,11.75,8.5,12.25],"rotation":180,"texture":"#2"},"east":{"uv":[9.75,8.5,10,8.75],"texture":"#2"},"south":{"uv":[9.75,8.5,10,8.75],"texture":"#2"},"west":{"uv":[11.75,6.25,12,6.75],"rotation":90,"texture":"#2"}}},{"from":[7.595,9.9479,7.17],"to":[9.223,10.2781,7.336],"rotation":{"angle":22.5,"axis":"x","origin":[8.559,10.113,8]},"faces":{"north":{"uv":[8.75,12,10.75,12.5],"rotation":180,"texture":"#2"},"east":{"uv":[9.75,8.25,10,8.5],"texture":"#2"},"south":{"uv":[9.75,8.25,10,8.5],"texture":"#2"},"west":{"uv":[11.5,7.5,11.75,8],"rotation":270,"texture":"#2"}}},{"from":[7.595,10.777,7.8349],"to":[9.223,10.943,8.1651],"rotation":{"angle":-45,"axis":"x","origin":[8.559,10.113,8]},"faces":{"east":{"uv":[9.75,8,10,8.25],"texture":"#2"},"west":{"uv":[11.5,6.75,11.75,7.25],"rotation":180,"texture":"#2"},"up":{"uv":[12.75,4.5,14.75,5],"rotation":180,"texture":"#2"},"down":{"uv":[9.75,8,10,8.25],"texture":"#2"}}},{"from":[7.595,10.777,7.8349],"to":[9.223,10.943,8.1651],"rotation":{"angle":-22.5,"axis":"x","origin":[8.559,10.113,8]},"faces":{"east":{"uv":[15.75,15.75,16,16],"texture":"#2"},"west":{"uv":[11.5,6.75,11.75,7.25],"rotation":180,"texture":"#2"},"up":{"uv":[9.75,4.25,11.75,4.75],"rotation":180,"texture":"#2"},"down":{"uv":[15.75,15.75,16,16],"texture":"#2"}}},{"from":[9.223,10.943,7.80188],"to":[10.401,11.109,8.19812],"rotation":{"angle":0,"axis":"y","origin":[10.8,7.125,8]},"faces":{"down":{"uv":[15.75,15.75,16,16],"texture":"#2"}}},{"from":[9.9776,11.16208,7.80175],"to":[10.4776,11.52708,8.19825],"rotation":{"angle":-22.5,"axis":"z","origin":[9.8886,11.24508,7.99987]},"faces":{"north":{"uv":[9.25,4.75,10.25,5.5],"texture":"#2"},"east":{"uv":[9,5.25,10,6],"texture":"#2"},"south":{"uv":[9.25,4.75,10.25,5.5],"texture":"#2"},"up":{"uv":[6.25,8.25,7.25,9.25],"texture":"#3"}}},{"from":[9.5746,11.06208,7.80188],"to":[9.9846,11.22808,8.19808],"rotation":{"angle":22.5,"axis":"z","origin":[9.8886,11.24508,8]},"faces":{"north":{"uv":[9.25,5.25,9.5,5.5],"texture":"#2"},"south":{"uv":[9.25,5.25,9.5,5.5],"texture":"#2"}}},{"from":[9.223,10.943,7.80188],"to":[10.401,11.109,8.19812],"rotation":{"angle":-22.5,"axis":"x","origin":[9.887,10.113,8]},"faces":{"east":{"uv":[8.25,11.75,8.5,12],"rotation":180,"texture":"#2"},"west":{"uv":[11.5,6.75,11.75,7.25],"rotation":180,"texture":"#2"},"up":{"uv":[13.75,4.25,15.5,4.75],"rotation":180,"texture":"#2"},"down":{"uv":[15.75,15.75,16,16],"texture":"#2"}}},{"from":[9.223,10.943,7.80188],"to":[10.4012,11.109,8.19812],"rotation":{"angle":-45,"axis":"x","origin":[9.887,10.113,8]},"faces":{"east":{"uv":[8.25,11.5,8.5,11.75],"rotation":180,"texture":"#2"},"west":{"uv":[11.5,6.75,11.75,7.25],"rotation":180,"texture":"#2"},"up":{"uv":[2,4.5,3.75,5],"rotation":180,"texture":"#2"},"down":{"uv":[9.75,8,10,8.25],"texture":"#2"}}},{"from":[9.223,9.91488,7.004],"to":[10.401,10.31112,7.17],"rotation":{"angle":22.5,"axis":"x","origin":[9.887,10.113,8]},"faces":{"north":{"uv":[8.25,12,10,12.5],"rotation":180,"texture":"#2"},"east":{"uv":[8.25,11.25,8.5,11.5],"rotation":180,"texture":"#2"},"south":{"uv":[9.75,8.25,10,8.5],"texture":"#2"},"west":{"uv":[11.5,7.5,11.75,8],"rotation":270,"texture":"#2"}}},{"from":[9.223,9.91488,7.004],"to":[10.251,10.31112,7.17],"rotation":{"angle":0,"axis":"y","origin":[10.8,7.125,8]},"faces":{"north":{"uv":[10,11.75,11.5,12.25],"rotation":180,"texture":"#2"},"south":{"uv":[9.75,8.5,10,8.75],"texture":"#2"},"west":{"uv":[11.75,6.25,12,6.75],"rotation":90,"texture":"#2"}}},{"from":[9.223,9.91488,7.004],"to":[10.251,10.31112,7.17],"rotation":{"angle":-22.5,"axis":"x","origin":[9.887,10.113,8]},"faces":{"north":{"uv":[8.25,11.5,9.75,12],"rotation":180,"texture":"#2"},"east":{"uv":[7.5,8,7.75,8.25],"rotation":180,"texture":"#2"},"south":{"uv":[10,8.75,10.25,9],"texture":"#2"},"west":{"uv":[11.75,6.25,12,6.75],"rotation":90,"texture":"#2"}}},{"from":[9.223,9.117,7.80188],"to":[10.251,9.283,8.19812],"rotation":{"angle":45,"axis":"x","origin":[9.887,10.113,8]},"faces":{"east":{"uv":[7.5,8.25,7.75,8.5],"rotation":180,"texture":"#2"},"west":{"uv":[11.75,6.25,12,6.75],"texture":"#2"},"up":{"uv":[9.25,11.5,9.5,11.75],"texture":"#2"},"down":{"uv":[5.75,10.75,7.25,11.25],"rotation":180,"texture":"#2"}}},{"from":[9.223,9.117,7.80188],"to":[10.251,9.283,8.19812],"rotation":{"angle":22.5,"axis":"x","origin":[9.887,10.113,8]},"faces":{"east":{"uv":[7.5,8.5,7.75,8.75],"rotation":180,"texture":"#2"},"west":{"uv":[11.75,6.25,12,6.75],"texture":"#2"},"up":{"uv":[9.5,11.75,9.75,12],"texture":"#2"},"down":{"uv":[8.25,8,9.75,8.5],"texture":"#2"}}},{"from":[9.223,9.117,7.80188],"to":[10.251,9.283,8.19812],"rotation":{"angle":0,"axis":"y","origin":[10.8,7.125,8]},"faces":{"east":{"uv":[7.5,8.5,7.75,8.75],"rotation":180,"texture":"#2"},"up":{"uv":[9.5,11.75,9.75,12],"texture":"#2"},"down":{"uv":[15.75,15.75,16,16],"texture":"#2"}}},{"from":[9.223,9.117,7.80188],"to":[10.251,9.283,8.19812],"rotation":{"angle":-22.5,"axis":"x","origin":[9.887,10.113,8]},"faces":{"east":{"uv":[7.5,8.5,7.75,8.75],"rotation":180,"texture":"#2"},"west":{"uv":[11.75,6.25,12,6.75],"texture":"#2"},"up":{"uv":[9.5,11.75,9.75,12],"texture":"#2"},"down":{"uv":[8.25,8,9.75,8.5],"rotation":180,"texture":"#2"}}},{"from":[9.223,9.117,7.80188],"to":[10.251,9.283,8.19812],"rotation":{"angle":-45,"axis":"x","origin":[9.887,10.113,8]},"faces":{"east":{"uv":[7.5,8.25,7.75,8.5],"rotation":180,"texture":"#2"},"west":{"uv":[11.75,6.25,12,6.75],"texture":"#2"},"up":{"uv":[9.25,11.5,9.5,11.75],"texture":"#2"},"down":{"uv":[5.75,10.75,7.25,11.25],"rotation":180,"texture":"#2"}}},{"from":[9.223,9.91488,8.83],"to":[10.251,10.31112,8.996],"rotation":{"angle":22.5,"axis":"x","origin":[9.887,10.113,8]},"faces":{"north":{"uv":[10,8.75,10.25,9],"texture":"#2"},"east":{"uv":[7.5,8,7.75,8.25],"rotation":180,"texture":"#2"},"south":{"uv":[4.25,11.5,5.75,12],"rotation":180,"texture":"#2"},"west":{"uv":[11.75,6.25,12,6.75],"rotation":270,"texture":"#2"}}},{"from":[9.223,9.91488,8.83],"to":[10.251,10.31112,8.996],"rotation":{"angle":0,"axis":"y","origin":[10.8,7.125,8]},"faces":{"north":{"uv":[9.75,8.5,10,8.75],"texture":"#2"},"south":{"uv":[8.75,11.75,10.25,12.25],"rotation":180,"texture":"#2"},"west":{"uv":[11.75,6.25,12,6.75],"rotation":270,"texture":"#2"}}},{"from":[10.18794,10.0965,7.0045],"to":[10.36594,10.51774,7.1705],"rotation":{"angle":-22.5,"axis":"z","origin":[9.85194,10.29462,7.087]},"faces":{"north":{"uv":[8.75,11.75,9,12.25],"rotation":180,"texture":"#2"},"east":{"uv":[7.5,8,7.75,8.5],"rotation":180,"texture":"#2"},"south":{"uv":[9.75,8.5,10,8.75],"texture":"#2"},"west":{"uv":[8.75,11.75,9,12],"rotation":180,"texture":"#2"},"up":{"uv":[8.75,11.75,9,12],"rotation":180,"texture":"#2"}}},{"from":[10.18794,10.0965,8.8295],"to":[10.36594,10.51774,8.9955],"rotation":{"angle":-22.5,"axis":"z","origin":[9.85194,10.29462,8.913]},"faces":{"north":{"uv":[9.75,8.5,10,8.75],"texture":"#2"},"east":{"uv":[7.5,8,7.75,8.5],"rotation":180,"texture":"#2"},"south":{"uv":[8.75,11.75,9,12.25],"rotation":180,"texture":"#2"},"west":{"uv":[8.75,11.75,9,12],"rotation":180,"texture":"#2"},"up":{"uv":[8.75,11.75,9,12],"rotation":180,"texture":"#2"}}},{"from":[9.223,10.943,7.80188],"to":[10.4012,11.109,8.19812],"rotation":{"angle":45,"axis":"x","origin":[9.887,10.113,8]},"faces":{"east":{"uv":[8.25,11.5,8.5,11.75],"rotation":180,"texture":"#2"},"west":{"uv":[11.5,6.75,11.75,7.25],"rotation":180,"texture":"#2"},"up":{"uv":[12.75,4.5,14.5,5],"texture":"#2"},"down":{"uv":[9.75,8,10,8.25],"texture":"#2"}}},{"from":[9.223,9.91488,8.83],"to":[10.401,10.31112,8.996],"rotation":{"angle":-22.5,"axis":"x","origin":[9.887,10.113,8]},"faces":{"north":{"uv":[9.75,8.25,10,8.5],"texture":"#2"},"east":{"uv":[8.25,11.25,8.5,11.5],"rotation":180,"texture":"#2"},"south":{"uv":[7.5,12,9.25,12.5],"rotation":180,"texture":"#2"},"west":{"uv":[11.5,7.5,11.75,8],"rotation":90,"texture":"#2"}}},{"from":[9.223,10.943,7.80188],"to":[10.401,11.109,8.19812],"rotation":{"angle":22.5,"axis":"x","origin":[9.887,10.113,8]},"faces":{"east":{"uv":[8.25,11.75,8.5,12],"rotation":180,"texture":"#2"},"west":{"uv":[11.5,6.75,11.75,7.25],"rotation":180,"texture":"#2"},"up":{"uv":[11.5,4.25,13.25,4.75],"texture":"#2"},"down":{"uv":[15.75,15.75,16,16],"texture":"#2"}}}],"gui_light":"front","display":{"thirdperson_righthand":{"rotation":[0,100,0],"translation":[0,-0.25,0],"scale":[0.6,0.6,0.6]},"thirdperson_lefthand":{"rotation":[0,-80,0],"translation":[0,-0.25,0],"scale":[0.6,0.6,0.6]},"firstperson_righthand":{"rotation":[0,90,-20],"translation":[-1.25,-0.5,0],"scale":[1.2,1.2,1.2]},"firstperson_lefthand":{"rotation":[0,-90,20],"translation":[-1.25,-0.5,0],"scale":[1.2,1.2,1.2]},"ground":{"scale":[0.6,0.6,0.6]},"gui":{"rotation":[0,45,30],"translation":[4.5,-3.25,0],"scale":[3,3,3]},"head":{"scale":[1.2,1.2,1.2]},"fixed":{"translation":[-1.25,-2.5,-1.25],"scale":[-1.2,1.2,-1.2]}}}