{"credit":"thebradqq's guns","textures":{"0":"mgs:gun/metal","1":"mgs:misc/reticle_pso1","2":"mgs:gun/metal_dark","3":"mgs:gun/pso1details"},"elements":[{"from":[7.75,8.4,7.86076],"to":[10.25,8.7,8.13924],"faces":{"east":{"uv":[13.5,5.25,14,6],"rotation":180,"texture":"#0"},"west":{"uv":[13.5,5.25,14,6],"rotation":180,"texture":"#0"},"down":{"uv":[1.75,6,5.75,5.5],"texture":"#0"}}},{"from":[8.95,9.8001,7.6],"to":[9.10913,10.1501,8.4],"faces":{"north":{"uv":[2,0,4,5.49],"rotation":180,"texture":"#3"},"south":{"uv":[2,0,4,5.49],"rotation":180,"texture":"#3"},"up":{"uv":[4.5,5,8.5,5.49],"rotation":90,"texture":"#3"}}},{"from":[7.7505,8.51418,8.43479],"to":[10.2505,8.81418,8.71327],"rotation":{"angle":22.5,"axis":"x","origin":[4.25,10.6,8]},"faces":{"east":{"uv":[13.5,5.25,14,6],"rotation":180,"texture":"#0"},"west":{"uv":[13.5,5.25,14,6],"rotation":180,"texture":"#0"},"down":{"uv":[12,5.75,16,5.25],"texture":"#0"}}},{"from":[7.7505,8.51418,7.28673],"to":[10.2505,8.81418,7.56521],"rotation":{"angle":-22.5,"axis":"x","origin":[4.25,10.6,8]},"faces":{"east":{"uv":[13.5,5.25,14,6],"rotation":180,"texture":"#0"},"west":{"uv":[13.5,5.25,14,6],"rotation":180,"texture":"#0"},"down":{"uv":[12,5.75,16,5.25],"rotation":180,"texture":"#0"}}},{"from":[7.75,8.83934,6.8001],"to":[10.249,9.13934,7.07858],"rotation":{"angle":-45,"axis":"x","origin":[4.25,10.6,8]},"faces":{"east":{"uv":[13,4.75,13.5,5.5],"rotation":180,"texture":"#0"},"west":{"uv":[13,4.75,13.5,5.5],"rotation":180,"texture":"#0"},"down":{"uv":[9.25,5.5,13.25,5],"rotation":180,"texture":"#0"}}},{"from":[7.75,8.83934,8.92142],"to":[10.25,9.13934,9.1999],"rotation":{"angle":45,"axis":"x","origin":[4.25,10.6,8]},"faces":{"east":{"uv":[13,4.75,13.5,5.5],"rotation":180,"texture":"#0"},"west":{"uv":[13,4.75,13.5,5.5],"rotation":180,"texture":"#0"},"down":{"uv":[9.25,5.5,13.25,5],"texture":"#0"}}},{"from":[7.7495,9.07494,7.87403],"to":[10.2495,9.35342,8.17403],"rotation":{"angle":22.5,"axis":"x","origin":[4.25,10.6,8]},"faces":{"north":{"uv":[5.75,4.75,9.75,4.25],"rotation":180,"texture":"#0"},"east":{"uv":[7.5,4,8,4.75],"rotation":90,"texture":"#0"},"west":{"uv":[12.5,4.25,13,5],"rotation":270,"texture":"#0"}}},{"from":[7.7505,9.07494,6.72597],"to":[10.2495,9.35342,7.02597],"rotation":{"angle":-22.5,"axis":"x","origin":[4.25,10.6,8]},"faces":{"north":{"uv":[4.75,5.25,8.75,4.75],"rotation":180,"texture":"#0"},"east":{"uv":[12.75,4.5,13.25,5.25],"rotation":90,"texture":"#0"},"west":{"uv":[12.75,4.5,13.25,5.25],"rotation":270,"texture":"#0"}}},{"from":[7.75,8.96076,7.3],"to":[10.25,9.23924,7.6],"faces":{"north":{"uv":[7.25,5,11.25,4.5],"rotation":180,"texture":"#0"},"east":{"uv":[12.5,4.25,13,5],"rotation":90,"texture":"#0"},"west":{"uv":[12.5,4.25,13,5],"rotation":270,"texture":"#0"}}},{"from":[7.7505,9.07494,8.97403],"to":[10.2505,9.35342,9.27403],"rotation":{"angle":22.5,"axis":"x","origin":[4.25,10.6,8]},"faces":{"east":{"uv":[12.75,4.5,13.25,5.25],"rotation":270,"texture":"#0"},"south":{"uv":[4.75,5.25,8.75,4.75],"rotation":180,"texture":"#0"},"west":{"uv":[12.75,4.5,13.25,5.25],"rotation":90,"texture":"#0"}}},{"from":[7.75,8.76076,8.4],"to":[10.25,9.38924,8.7],"faces":{"east":{"uv":[12.5,4.25,13,5],"rotation":270,"texture":"#0"},"south":{"uv":[7.25,5,11.25,4.25],"rotation":180,"texture":"#0"},"west":{"uv":[12.5,4.25,13,5],"rotation":90,"texture":"#0"},"up":{"uv":[10.75,1.25,14.75,1.5],"rotation":180,"texture":"#0"},"down":{"uv":[1.75,6,5.75,6.25],"texture":"#0"}}},{"from":[7.75,9.93934,6.8001],"to":[10.25,10.23934,7.07858],"rotation":{"angle":-45,"axis":"x","origin":[4.25,10.6,8]},"faces":{"east":{"uv":[7.5,4,8,4.75],"texture":"#0"},"west":{"uv":[7.5,4,8,4.75],"texture":"#0"},"up":{"uv":[8,3.75,12,3.25],"rotation":180,"texture":"#0"}}},{"from":[7.7502,9.61418,7.28673],"to":[10.2502,9.91418,7.56521],"rotation":{"angle":-22.5,"axis":"x","origin":[4.25,10.6,8]},"faces":{"east":{"uv":[10.75,4,11.25,4.75],"texture":"#0"},"west":{"uv":[10.75,4,11.25,4.75],"texture":"#0"}}},{"from":[7.7505,9.5,7.58575],"to":[10.2495,9.8,8.41425],"faces":{"north":{"uv":[10.25,2.5,14.25,2.75],"rotation":180,"texture":"#0"},"east":{"uv":[10.25,4,11.5,4.75],"texture":"#0"},"south":{"uv":[8,3.75,12,4],"rotation":180,"texture":"#0"},"west":{"uv":[10.25,4,11.5,4.75],"texture":"#0"},"up":{"uv":[10.75,1.25,14.75,2.5],"rotation":180,"texture":"#0"}}},{"from":[7.7502,9.61418,8.43479],"to":[10.2502,9.91418,8.71327],"rotation":{"angle":22.5,"axis":"x","origin":[4.25,10.6,8]},"faces":{"east":{"uv":[10.75,4,11.25,4.75],"texture":"#0"},"west":{"uv":[10.25,4,10.75,4.75],"texture":"#0"}}},{"from":[7.75,9.93934,8.92142],"to":[10.25,10.23934,9.1999],"rotation":{"angle":45,"axis":"x","origin":[4.25,10.6,8]},"faces":{"east":{"uv":[7.5,4,8,4.75],"texture":"#0"},"west":{"uv":[11.75,4,12.25,4.75],"texture":"#0"},"up":{"uv":[8,3.75,12,3.25],"rotation":180,"texture":"#0"}}},{"from":[7.7495,9.07494,7.82597],"to":[10.2495,9.35342,8.12597],"rotation":{"angle":-22.5,"axis":"x","origin":[4.25,10.6,8]},"faces":{"east":{"uv":[7.5,4,8,4.75],"rotation":270,"texture":"#0"},"south":{"uv":[5.75,4.75,9.75,4.25],"rotation":180,"texture":"#0"},"west":{"uv":[12.5,4.25,13,5],"rotation":90,"texture":"#0"}}},{"from":[3.95,8.5,7.88065],"to":[5.95,8.6,8.11935],"faces":{"east":{"uv":[15.75,15.75,16,16],"texture":"#2"},"west":{"uv":[15.75,15.75,16,16],"texture":"#2"},"down":{"uv":[15.75,15.75,16,16],"texture":"#2"}}},{"from":[3.95,8.61418,8.45468],"to":[5.95,8.71418,8.69338],"rotation":{"angle":22.5,"axis":"x","origin":[-0.65,10.6,8]},"faces":{"east":{"uv":[15.75,15.75,16,16],"texture":"#2"},"west":{"uv":[15.75,15.75,16,16],"texture":"#2"},"down":{"uv":[15.75,15.75,16,16],"texture":"#2"}}},{"from":[3.95,8.61418,7.30662],"to":[5.95,8.71418,7.54532],"rotation":{"angle":-22.5,"axis":"x","origin":[-0.65,10.6,8]},"faces":{"east":{"uv":[15.75,15.75,16,16],"texture":"#2"},"west":{"uv":[15.75,15.75,16,16],"texture":"#2"},"down":{"uv":[15.75,15.75,16,16],"texture":"#2"}}},{"from":[3.95,8.93934,8.94131],"to":[5.95,9.03934,9.18001],"rotation":{"angle":45,"axis":"x","origin":[-0.65,10.6,8]},"faces":{"east":{"uv":[6,8,6.25,8.25],"texture":"#2"},"west":{"uv":[6,8,6.25,8.25],"texture":"#2"},"down":{"uv":[6,8,6.25,8.25],"texture":"#2"}}},{"from":[3.95,8.93934,6.81999],"to":[5.95,9.03934,7.05869],"rotation":{"angle":-45,"axis":"x","origin":[-0.65,10.6,8]},"faces":{"east":{"uv":[6,8,6.25,8.25],"texture":"#2"},"west":{"uv":[6,8,6.25,8.25],"texture":"#2"},"down":{"uv":[6,8,6.25,8.25],"texture":"#2"}}},{"from":[3.95,9.09483,6.82597],"to":[5.95,9.33353,6.92597],"rotation":{"angle":-22.5,"axis":"x","origin":[-0.65,10.6,8]},"faces":{"north":{"uv":[6,8,11.25,8.5],"rotation":180,"texture":"#2"},"east":{"uv":[6,8,6.25,8.25],"texture":"#2"},"west":{"uv":[6,8,6.25,8.25],"texture":"#2"}}},{"from":[3.95,9.09483,7.97403],"to":[5.95,9.33353,8.07403],"rotation":{"angle":22.5,"axis":"x","origin":[-0.65,10.6,8]},"faces":{"north":{"uv":[8,11.25,13.25,11.75],"rotation":180,"texture":"#2"},"east":{"uv":[3.75,11.25,4,11.5],"rotation":180,"texture":"#2"},"west":{"uv":[3.75,11.25,4,11.5],"rotation":180,"texture":"#2"}}},{"from":[3.95,8.98065,7.4],"to":[5.95,9.21935,7.5],"faces":{"north":{"uv":[8.75,8.5,14,9],"rotation":180,"texture":"#2"},"east":{"uv":[8.75,8.5,9,8.75],"rotation":180,"texture":"#2"},"west":{"uv":[8.75,8.5,9,8.75],"rotation":180,"texture":"#2"}}},{"from":[3.95,10.03934,6.81999],"to":[5.95,10.13934,7.05869],"rotation":{"angle":-45,"axis":"x","origin":[-0.65,10.6,8]},"faces":{"east":{"uv":[1.5,11.5,1.75,11.75],"texture":"#2"},"west":{"uv":[1.5,11.5,1.75,11.75],"texture":"#2"},"up":{"uv":[1.5,11.5,6.75,12],"texture":"#2"}}},{"from":[3.95,10.03934,8.94131],"to":[5.95,10.13934,9.18001],"rotation":{"angle":45,"axis":"x","origin":[-0.65,10.6,8]},"faces":{"east":{"uv":[1.5,11.5,1.75,11.75],"texture":"#2"},"west":{"uv":[1.5,11.5,1.75,11.75],"texture":"#2"},"up":{"uv":[6.75,12,1.5,11.5],"texture":"#2"}}},{"from":[3.95,9.71418,8.45468],"to":[5.95,9.81418,8.69338],"rotation":{"angle":22.5,"axis":"x","origin":[-0.65,10.6,8]},"faces":{"east":{"uv":[1.5,12,1.75,12.25],"texture":"#2"},"west":{"uv":[1.5,12,1.75,12.25],"texture":"#2"},"up":{"uv":[6.75,12.5,1.5,12],"texture":"#2"}}},{"from":[3.95,9.6,7.88065],"to":[5.95,9.7,8.11935],"faces":{"east":{"uv":[5,15,5.25,15.25],"texture":"#2"},"west":{"uv":[5,15,5.25,15.25],"texture":"#2"},"up":{"uv":[5,15,10.25,15.5],"texture":"#2"}}},{"from":[3.95,9.71418,7.30662],"to":[5.95,9.81418,7.54532],"rotation":{"angle":-22.5,"axis":"x","origin":[-0.65,10.6,8]},"faces":{"east":{"uv":[1.5,12,1.75,12.25],"texture":"#2"},"west":{"uv":[1.5,12,1.75,12.25],"texture":"#2"},"up":{"uv":[1.5,12,6.75,12.5],"texture":"#2"}}},{"from":[3.95,8.98065,8.5],"to":[5.95,9.21935,8.6],"faces":{"east":{"uv":[8.75,8.5,9,8.75],"rotation":180,"texture":"#2"},"south":{"uv":[8.75,8.5,14,9],"rotation":180,"texture":"#2"},"west":{"uv":[8.75,8.5,9,8.75],"rotation":180,"texture":"#2"}}},{"from":[3.95,9.09483,9.07403],"to":[5.95,9.33353,9.17403],"rotation":{"angle":22.5,"axis":"x","origin":[-0.65,10.6,8]},"faces":{"east":{"uv":[6,8,6.25,8.25],"texture":"#2"},"south":{"uv":[6,8,11.25,8.5],"rotation":180,"texture":"#2"},"west":{"uv":[6,8,6.25,8.25],"texture":"#2"}}},{"from":[3.15,9.00054,7.5],"to":[5.95,9.19946,7.6],"faces":{"north":{"uv":[5,8.5,13,9],"rotation":180,"texture":"#2"},"south":{"uv":[8.75,8.25,9,8.5],"texture":"#2"}}},{"from":[5.35,9.00054,7.5],"to":[6.15,9.19946,7.6],"faces":{"north":{"uv":[10.25,5.5,12.25,5],"rotation":180,"texture":"#0"},"east":{"uv":[12.25,5,12.5,5.5],"texture":"#0"}}},{"from":[11.95,9.00054,7.5],"to":[12.75,9.19946,7.6],"faces":{"north":{"uv":[12.25,5.5,10.25,5],"rotation":180,"texture":"#0"},"east":{"uv":[12.5,5,12.25,5.5],"texture":"#0"},"south":{"uv":[8.75,8.25,9,8.5],"texture":"#2"},"west":{"uv":[12.5,5,12.25,5.5],"texture":"#0"}}},{"from":[3.15,9.11472,8.07403],"to":[5.95,9.31364,8.17403],"rotation":{"angle":22.5,"axis":"x","origin":[0.55,10.6,8]},"faces":{"north":{"uv":[3.75,11.25,11.75,11.75],"rotation":180,"texture":"#2"},"south":{"uv":[8.75,8,9,8.25],"texture":"#2"}}},{"from":[5.35,9.11472,8.07403],"to":[6.15,9.31364,8.17403],"rotation":{"angle":22.5,"axis":"x","origin":[0.55,10.6,8]},"faces":{"north":{"uv":[9.25,5.25,11.25,4.75],"rotation":180,"texture":"#0"},"east":{"uv":[12.25,4.75,12.5,5.25],"texture":"#0"}}},{"from":[11.95,9.11472,8.07403],"to":[12.75,9.31364,8.17403],"rotation":{"angle":22.5,"axis":"x","origin":[15.45,10.6,8]},"faces":{"north":{"uv":[11.25,5.25,9.25,4.75],"rotation":180,"texture":"#0"},"east":{"uv":[12.5,4.75,12.25,5.25],"texture":"#0"},"south":{"uv":[8.75,8,9,8.25],"texture":"#2"},"west":{"uv":[12.5,4.75,12.25,5.25],"texture":"#0"}}},{"from":[3.15,9.93934,6.83988],"to":[5.95,10.03934,7.0388],"rotation":{"angle":-45,"axis":"x","origin":[0.55,10.6,8]},"faces":{"up":{"uv":[5,11.5,13,12],"texture":"#2"},"down":{"uv":[15.75,15.75,16,16],"texture":"#2"}}},{"from":[5.35,9.93934,6.83988],"to":[6.15,10.03934,7.0388],"rotation":{"angle":-45,"axis":"x","origin":[0.55,10.6,8]},"faces":{"east":{"uv":[11.75,4.5,12,5],"rotation":270,"texture":"#0"},"up":{"uv":[13.75,4.75,15.75,4.25],"texture":"#0"}}},{"from":[11.95,9.93934,6.83988],"to":[12.75,10.03934,7.0388],"rotation":{"angle":-45,"axis":"x","origin":[15.45,10.6,8]},"faces":{"east":{"uv":[11.75,5,12,4.5],"rotation":90,"texture":"#0"},"west":{"uv":[11.75,5,12,4.5],"rotation":270,"texture":"#0"},"up":{"uv":[15.75,4.75,13.75,4.25],"texture":"#0"},"down":{"uv":[15.75,15.75,16,16],"texture":"#2"}}},{"from":[3.15,9.61418,7.32651],"to":[5.95,9.71418,7.52543],"rotation":{"angle":-22.5,"axis":"x","origin":[0.55,10.6,8]},"faces":{"up":{"uv":[7.75,12,15.75,12.5],"texture":"#2"},"down":{"uv":[15.75,15.75,16,16],"texture":"#2"}}},{"from":[5.35,9.61418,7.32651],"to":[6.15,9.71418,7.52543],"rotation":{"angle":-22.5,"axis":"x","origin":[0.55,10.6,8]},"faces":{"east":{"uv":[11,4.5,11.5,4.75],"texture":"#0"},"up":{"uv":[11,4.5,13,4],"texture":"#0"}}},{"from":[11.95,9.61418,7.32651],"to":[12.75,9.71418,7.52543],"rotation":{"angle":-22.5,"axis":"x","origin":[15.45,10.6,8]},"faces":{"east":{"uv":[9.5,4,9,4.25],"rotation":180,"texture":"#0"},"west":{"uv":[11.5,4.5,11,4.75],"texture":"#0"},"up":{"uv":[13,4.5,11,4],"texture":"#0"},"down":{"uv":[15.75,15.75,16,16],"texture":"#2"}}},{"from":[3.15,9.5,7.90054],"to":[5.95,9.6,8.09946],"faces":{"up":{"uv":[0,15,8,15.5],"texture":"#2"},"down":{"uv":[15.75,15.75,16,16],"texture":"#2"}}},{"from":[5.35,9.5,7.90054],"to":[6.15,9.6,8.09946],"faces":{"east":{"uv":[12,1.25,12.5,1.5],"texture":"#0"},"up":{"uv":[12,1.25,14,1.75],"texture":"#0"}}},{"from":[11.95,9.5,7.90054],"to":[12.75,9.6,8.09946],"faces":{"east":{"uv":[12.5,1.25,12,1.5],"texture":"#0"},"west":{"uv":[12.5,1.25,12,1.5],"texture":"#0"},"up":{"uv":[14,1.25,12,1.75],"texture":"#0"},"down":{"uv":[15.75,15.75,16,16],"texture":"#2"}}},{"from":[3.15,9.61418,8.47457],"to":[5.95,9.71418,8.67349],"rotation":{"angle":22.5,"axis":"x","origin":[0.55,10.6,8]},"faces":{"up":{"uv":[15.75,12.5,7.75,12],"texture":"#2"},"down":{"uv":[15.75,15.75,16,16],"texture":"#2"}}},{"from":[5.35,9.61418,8.47457],"to":[6.15,9.71418,8.67349],"rotation":{"angle":22.5,"axis":"x","origin":[0.55,10.6,8]},"faces":{"east":{"uv":[9,4,9.5,4.25],"rotation":180,"texture":"#0"},"up":{"uv":[9,4,11,4.5],"texture":"#0"}}},{"from":[11.95,9.61418,8.47457],"to":[12.75,9.71418,8.67349],"rotation":{"angle":22.5,"axis":"x","origin":[15.45,10.6,8]},"faces":{"east":{"uv":[11.5,4.5,11,4.75],"texture":"#0"},"west":{"uv":[9.5,4,9,4.25],"rotation":180,"texture":"#0"},"up":{"uv":[11,4,9,4.5],"texture":"#0"},"down":{"uv":[15.75,15.75,16,16],"texture":"#2"}}},{"from":[3.15,9.93934,8.9612],"to":[5.95,10.03934,9.16012],"rotation":{"angle":45,"axis":"x","origin":[0.55,10.6,8]},"faces":{"up":{"uv":[13,12,5,11.5],"texture":"#2"},"down":{"uv":[15.75,15.75,16,16],"texture":"#2"}}},{"from":[5.35,9.93934,8.9612],"to":[6.15,10.03934,9.16012],"rotation":{"angle":45,"axis":"x","origin":[0.55,10.6,8]},"faces":{"east":{"uv":[11.75,4.5,12,5],"rotation":90,"texture":"#0"},"up":{"uv":[6.25,4.25,8.25,4.75],"texture":"#0"}}},{"from":[11.95,9.93934,8.9612],"to":[12.75,10.03934,9.16012],"rotation":{"angle":45,"axis":"x","origin":[15.45,10.6,8]},"faces":{"east":{"uv":[11.75,5,12,4.5],"rotation":270,"texture":"#0"},"west":{"uv":[11.75,5,12,4.5],"rotation":90,"texture":"#0"},"up":{"uv":[8.25,4.25,6.25,4.75],"texture":"#0"},"down":{"uv":[15.75,15.75,16,16],"texture":"#2"}}},{"from":[3.15,9.11472,7.82597],"to":[5.95,9.31364,7.92597],"rotation":{"angle":-22.5,"axis":"x","origin":[0.55,10.6,8]},"faces":{"north":{"uv":[8.75,8,9,8.25],"texture":"#2"},"south":{"uv":[11.75,11.25,3.75,11.75],"rotation":180,"texture":"#2"}}},{"from":[5.35,9.11472,7.82597],"to":[6.15,9.31364,7.92597],"rotation":{"angle":-22.5,"axis":"x","origin":[0.55,10.6,8]},"faces":{"east":{"uv":[12.25,4.75,12.5,5.25],"texture":"#0"},"south":{"uv":[4.5,4.5,6.5,5],"texture":"#0"}}},{"from":[11.95,9.11472,7.82597],"to":[12.75,9.31364,7.92597],"rotation":{"angle":-22.5,"axis":"x","origin":[15.45,10.6,8]},"faces":{"north":{"uv":[8.75,8,9,8.25],"texture":"#2"},"east":{"uv":[12.5,4.75,12.25,5.25],"texture":"#0"},"south":{"uv":[6.5,4.5,4.5,5],"texture":"#0"},"west":{"uv":[12.5,4.75,12.25,5.25],"texture":"#0"}}},{"from":[3.15,9.00054,8.4],"to":[5.95,9.19946,8.5],"faces":{"north":{"uv":[8.75,8.25,9,8.5],"texture":"#2"},"south":{"uv":[5,8.5,13,9],"rotation":180,"texture":"#2"}}},{"from":[5.35,9.00054,8.4],"to":[6.15,9.19946,8.5],"faces":{"east":{"uv":[12.25,5,12.5,5.5],"texture":"#0"},"south":{"uv":[10.25,5.5,12.25,5],"rotation":180,"texture":"#0"}}},{"from":[11.95,9.00054,8.4],"to":[12.75,9.19946,8.5],"faces":{"north":{"uv":[8.75,8.25,9,8.5],"texture":"#2"},"east":{"uv":[12.5,5,12.25,5.5],"texture":"#0"},"south":{"uv":[12.25,5.5,10.25,5],"rotation":180,"texture":"#0"},"west":{"uv":[12.5,5,12.25,5.5],"texture":"#0"}}},{"from":[3.15,9.11472,8.97403],"to":[5.95,9.31364,9.07403],"rotation":{"angle":22.5,"axis":"x","origin":[0.55,10.6,8]},"faces":{"north":{"uv":[8.75,8.5,9,8.75],"texture":"#2"},"south":{"uv":[6,8,14,8.5],"rotation":180,"texture":"#2"}}},{"from":[5.35,9.11472,8.97403],"to":[6.15,9.31364,9.07403],"rotation":{"angle":22.5,"axis":"x","origin":[0.55,10.6,8]},"faces":{"east":{"uv":[9.75,5.25,10,5.75],"texture":"#0"},"south":{"uv":[6.5,5.75,8.5,5.25],"rotation":180,"texture":"#0"}}},{"from":[11.95,9.11472,8.97403],"to":[12.75,9.31364,9.07403],"rotation":{"angle":22.5,"axis":"x","origin":[15.45,10.6,8]},"faces":{"north":{"uv":[8.75,8.25,9,8.5],"texture":"#2"},"east":{"uv":[10,5.25,9.75,5.75],"texture":"#0"},"south":{"uv":[8.5,5.75,6.5,5.25],"rotation":180,"texture":"#0"},"west":{"uv":[10,5.25,9.75,5.75],"texture":"#0"}}},{"from":[3.15,9.03934,6.83988],"to":[5.95,9.13934,7.0388],"rotation":{"angle":-45,"axis":"x","origin":[0.55,10.6,8]},"faces":{"up":{"uv":[10.5,11.5,10.75,11.75],"texture":"#2"},"down":{"uv":[6,8,6.25,8.25],"texture":"#2"}}},{"from":[5.35,9.03934,6.83988],"to":[6.15,9.13934,7.0388],"rotation":{"angle":-45,"axis":"x","origin":[0.55,10.6,8]},"faces":{"east":{"uv":[7.5,5.5,7.75,6],"texture":"#0"},"down":{"uv":[5.25,6,7.25,5.5],"rotation":180,"texture":"#0"}}},{"from":[11.95,9.03934,6.83988],"to":[12.75,9.13934,7.0388],"rotation":{"angle":-45,"axis":"x","origin":[15.45,10.6,8]},"faces":{"east":{"uv":[7.75,5.5,7.5,6],"texture":"#0"},"west":{"uv":[7.75,5.5,7.5,6],"texture":"#0"},"up":{"uv":[10.5,11.5,10.75,11.75],"texture":"#2"},"down":{"uv":[7.25,6,5.25,5.5],"rotation":180,"texture":"#0"}}},{"from":[3.15,8.71418,7.32651],"to":[5.95,8.81418,7.52543],"rotation":{"angle":-22.5,"axis":"x","origin":[0.55,10.6,8]},"faces":{"up":{"uv":[10.75,11.75,11,12],"texture":"#2"},"down":{"uv":[15.75,15.75,16,16],"texture":"#2"}}},{"from":[5.35,8.71418,7.32651],"to":[6.15,8.81418,7.52543],"rotation":{"angle":-22.5,"axis":"x","origin":[0.55,10.6,8]},"faces":{"east":{"uv":[7.5,5.5,7.75,6],"texture":"#0"},"down":{"uv":[3,6.5,5,6],"texture":"#0"}}},{"from":[11.95,8.71418,7.32651],"to":[12.75,8.81418,7.52543],"rotation":{"angle":-22.5,"axis":"x","origin":[15.45,10.6,8]},"faces":{"east":{"uv":[7.75,5.5,7.5,6],"texture":"#0"},"west":{"uv":[7.75,5.5,7.5,6],"texture":"#0"},"up":{"uv":[10.75,11.75,11,12],"texture":"#2"},"down":{"uv":[5,6.5,3,6],"texture":"#0"}}},{"from":[3.15,8.6,7.90054],"to":[5.95,8.7,8.09946],"faces":{"up":{"uv":[10.75,11.75,11,12],"texture":"#2"},"down":{"uv":[15.75,15.75,16,16],"texture":"#2"}}},{"from":[5.35,8.6,7.90054],"to":[6.15,8.7,8.09946],"faces":{"east":{"uv":[7.5,5.5,7.75,6],"texture":"#0"},"down":{"uv":[10,6.5,12,6],"texture":"#0"}}},{"from":[11.95,8.6,7.90054],"to":[12.75,8.7,8.09946],"faces":{"east":{"uv":[7.75,5.5,7.5,6],"texture":"#0"},"west":{"uv":[7.75,5.5,7.5,6],"texture":"#0"},"up":{"uv":[10.75,11.75,11,12],"texture":"#2"},"down":{"uv":[12,6.5,10,6],"texture":"#0"}}},{"from":[3.15,8.71418,8.47457],"to":[5.95,8.81418,8.67349],"rotation":{"angle":22.5,"axis":"x","origin":[0.55,10.6,8]},"faces":{"up":{"uv":[10.75,11.75,11,12],"texture":"#2"},"down":{"uv":[15.75,15.75,16,16],"texture":"#2"}}},{"from":[5.35,8.71418,8.47457],"to":[6.15,8.81418,8.67349],"rotation":{"angle":22.5,"axis":"x","origin":[0.55,10.6,8]},"faces":{"east":{"uv":[7.5,5.5,7.75,6],"texture":"#0"},"down":{"uv":[1.25,6.25,3.25,5.75],"texture":"#0"}}},{"from":[11.95,8.71418,8.47457],"to":[12.75,8.81418,8.67349],"rotation":{"angle":22.5,"axis":"x","origin":[15.45,10.6,8]},"faces":{"east":{"uv":[7.75,5.5,7.5,6],"texture":"#0"},"west":{"uv":[7.75,5.5,7.5,6],"texture":"#0"},"up":{"uv":[10.75,11.75,11,12],"texture":"#2"},"down":{"uv":[3.25,6.25,1.25,5.75],"texture":"#0"}}},{"from":[3.15,9.03934,8.9612],"to":[5.95,9.13934,9.16012],"rotation":{"angle":45,"axis":"x","origin":[0.55,10.6,8]},"faces":{"up":{"uv":[10.5,11.5,10.75,11.75],"texture":"#2"},"down":{"uv":[6,8,6.25,8.25],"texture":"#2"}}},{"from":[5.35,9.03934,8.9612],"to":[6.15,9.13934,9.16012],"rotation":{"angle":45,"axis":"x","origin":[0.55,10.6,8]},"faces":{"east":{"uv":[7.5,5.5,7.75,6],"texture":"#0"},"down":{"uv":[5.25,6,7.25,5.5],"texture":"#0"}}},{"from":[11.95,9.03934,8.9612],"to":[12.75,9.13934,9.16012],"rotation":{"angle":45,"axis":"x","origin":[15.45,10.6,8]},"faces":{"east":{"uv":[7.75,5.5,7.5,6],"texture":"#0"},"west":{"uv":[7.75,5.5,7.5,6],"texture":"#0"},"up":{"uv":[10.5,11.5,10.75,11.75],"texture":"#2"},"down":{"uv":[7.25,6,5.25,5.5],"texture":"#0"}}},{"from":[3.15,9.11472,6.92597],"to":[5.95,9.31364,7.02597],"rotation":{"angle":-22.5,"axis":"x","origin":[0.55,10.6,8]},"faces":{"north":{"uv":[6,8,14,8.5],"rotation":180,"texture":"#2"},"south":{"uv":[8.75,8.5,9,8.75],"texture":"#2"}}},{"from":[5.35,9.11472,6.92597],"to":[6.15,9.31364,7.02597],"rotation":{"angle":-22.5,"axis":"x","origin":[0.55,10.6,8]},"faces":{"north":{"uv":[8.25,5.75,10.25,5.25],"rotation":180,"texture":"#0"},"east":{"uv":[9.75,5.25,10,5.75],"texture":"#0"}}},{"from":[11.95,9.11472,6.92597],"to":[12.75,9.31364,7.02597],"rotation":{"angle":-22.5,"axis":"x","origin":[15.45,10.6,8]},"faces":{"north":{"uv":[10.25,5.75,8.25,5.25],"rotation":180,"texture":"#0"},"east":{"uv":[10,5.25,9.75,5.75],"texture":"#0"},"south":{"uv":[8.75,8.25,9,8.5],"texture":"#2"},"west":{"uv":[10,5.25,9.75,5.75],"texture":"#0"}}},{"from":[3.35,8.7,7.92044],"to":[12.1,8.75,8.07956],"faces":{"east":{"uv":[15.75,15.75,16,16],"texture":"#2"},"west":{"uv":[15.75,15.75,16,16],"texture":"#2"},"up":{"uv":[15.75,15.75,16,16],"texture":"#2"},"down":{"uv":[0,6.5,16,6],"texture":"#0"}}},{"from":[3.35,8.81418,8.49447],"to":[12.1,8.86418,8.65359],"rotation":{"angle":22.5,"axis":"x","origin":[-1.25,10.6,8]},"faces":{"east":{"uv":[15.75,15.75,16,16],"texture":"#2"},"west":{"uv":[15.75,15.75,16,16],"texture":"#2"},"up":{"uv":[15.75,15.75,16,16],"texture":"#2"},"down":{"uv":[0,6.25,16,5.75],"texture":"#0"}}},{"from":[3.35,8.81418,7.34641],"to":[12.1,8.86418,7.50553],"rotation":{"angle":-22.5,"axis":"x","origin":[-1.25,10.6,8]},"faces":{"east":{"uv":[15.75,15.75,16,16],"texture":"#2"},"west":{"uv":[15.75,15.75,16,16],"texture":"#2"},"up":{"uv":[15.75,15.75,16,16],"texture":"#2"},"down":{"uv":[0,6.5,16,6],"texture":"#0"}}},{"from":[3.35,9.13934,8.9811],"to":[12.1,9.18934,9.14022],"rotation":{"angle":45,"axis":"x","origin":[-1.25,10.6,8]},"faces":{"east":{"uv":[15.75,15.75,16,16],"texture":"#2"},"west":{"uv":[15.75,15.75,16,16],"texture":"#2"},"up":{"uv":[15.75,15.75,16,16],"texture":"#2"},"down":{"uv":[0,6,16,5.5],"texture":"#0"}}},{"from":[3.35,9.13462,7.02597],"to":[12.1,9.29374,7.07597],"rotation":{"angle":-22.5,"axis":"x","origin":[-1.25,10.6,8]},"faces":{"north":{"uv":[0,5.75,16,5.25],"rotation":180,"texture":"#0"},"east":{"uv":[15.75,15.75,16,16],"texture":"#2"},"south":{"uv":[15.75,15.75,16,16],"texture":"#2"},"west":{"uv":[15.75,15.75,16,16],"texture":"#2"}}},{"from":[3.35,9.13934,6.85978],"to":[12.1,9.18934,7.0189],"rotation":{"angle":-45,"axis":"x","origin":[-1.25,10.6,8]},"faces":{"east":{"uv":[15.75,15.75,16,16],"texture":"#2"},"west":{"uv":[15.75,15.75,16,16],"texture":"#2"},"up":{"uv":[15.75,15.75,16,16],"texture":"#2"},"down":{"uv":[0,6.25,16,5.75],"rotation":180,"texture":"#0"}}},{"from":[3.35,9.02044,7.6],"to":[12.1,9.17956,7.65],"faces":{"north":{"uv":[0,5,16,4.5],"rotation":180,"texture":"#0"},"east":{"uv":[15.75,15.75,16,16],"texture":"#2"},"south":{"uv":[15.75,15.75,16,16],"texture":"#2"},"west":{"uv":[15.75,15.75,16,16],"texture":"#2"}}},{"from":[3.35,9.13462,8.17403],"to":[12.1,9.29374,8.22403],"rotation":{"angle":22.5,"axis":"x","origin":[-1.25,10.6,8]},"faces":{"north":{"uv":[16,4.75,0,4.25],"rotation":180,"texture":"#0"},"east":{"uv":[15.75,15.75,16,16],"texture":"#2"},"south":{"uv":[15.75,15.75,16,16],"texture":"#2"},"west":{"uv":[15.75,15.75,16,16],"texture":"#2"}}},{"from":[3.35,9.13462,7.77597],"to":[12.1,9.29374,7.82597],"rotation":{"angle":-22.5,"axis":"x","origin":[-1.25,10.6,8]},"faces":{"north":{"uv":[15.75,15.75,16,16],"texture":"#2"},"east":{"uv":[15.75,15.75,16,16],"texture":"#2"},"south":{"uv":[0,4.25,16,4.75],"texture":"#0"},"west":{"uv":[15.75,15.75,16,16],"texture":"#2"}}},{"from":[3.35,9.02044,8.35],"to":[12.1,9.17956,8.4],"faces":{"north":{"uv":[15.75,15.75,16,16],"texture":"#2"},"east":{"uv":[15.75,15.75,16,16],"texture":"#2"},"south":{"uv":[0,5.25,16,4.75],"rotation":180,"texture":"#0"},"west":{"uv":[15.75,15.75,16,16],"texture":"#2"}}},{"from":[3.35,9.13462,8.92403],"to":[12.1,9.29374,8.97403],"rotation":{"angle":22.5,"axis":"x","origin":[-1.25,10.6,8]},"faces":{"north":{"uv":[15.75,15.75,16,16],"texture":"#2"},"east":{"uv":[15.75,15.75,16,16],"texture":"#2"},"south":{"uv":[0,5.75,16,5.25],"rotation":180,"texture":"#0"},"west":{"uv":[15.75,15.75,16,16],"texture":"#2"},"up":{"uv":[15.75,15.75,16,16],"texture":"#2"}}},{"from":[3.35,9.88934,6.85978],"to":[12.1,9.93934,7.0189],"rotation":{"angle":-45,"axis":"x","origin":[-1.25,10.6,8]},"faces":{"east":{"uv":[15.75,15.75,16,16],"texture":"#2"},"west":{"uv":[15.75,15.75,16,16],"texture":"#2"},"up":{"uv":[0,4.5,16,4],"texture":"#0"},"down":{"uv":[15.75,15.75,16,16],"texture":"#2"}}},{"from":[3.35,9.56418,7.34641],"to":[12.1,9.61418,7.50553],"rotation":{"angle":-22.5,"axis":"x","origin":[-1.25,10.6,8]},"faces":{"east":{"uv":[15.75,15.75,16,16],"texture":"#2"},"west":{"uv":[15.75,15.75,16,16],"texture":"#2"},"up":{"uv":[0,3.75,16,3.25],"texture":"#0"},"down":{"uv":[15.75,15.75,16,16],"texture":"#2"}}},{"from":[3.35,9.45,7.92044],"to":[12.1,9.5,8.07956],"faces":{"east":{"uv":[15.75,15.75,16,16],"texture":"#2"},"west":{"uv":[15.75,15.75,16,16],"texture":"#2"},"up":{"uv":[0,1.25,16,1.75],"texture":"#0"},"down":{"uv":[15.75,15.75,16,16],"texture":"#2"}}},{"from":[3.35,9.56418,8.49447],"to":[12.1,9.61418,8.65359],"rotation":{"angle":22.5,"axis":"x","origin":[-1.25,10.6,8]},"faces":{"east":{"uv":[15.75,15.75,16,16],"texture":"#2"},"west":{"uv":[15.75,15.75,16,16],"texture":"#2"},"up":{"uv":[0,4.5,16,4],"rotation":180,"texture":"#0"},"down":{"uv":[15.75,15.75,16,16],"texture":"#2"}}},{"from":[3.35,9.88934,8.9811],"to":[12.1,9.93934,9.14022],"rotation":{"angle":45,"axis":"x","origin":[-1.25,10.6,8]},"faces":{"east":{"uv":[15.75,15.75,16,16],"texture":"#2"},"west":{"uv":[15.75,15.75,16,16],"texture":"#2"},"up":{"uv":[0,4.75,16,4.25],"rotation":180,"texture":"#0"},"down":{"uv":[15.75,15.75,16,16],"texture":"#2"}}},{"from":[8.5694,9.8,9.51342],"to":[8.72853,10.15,10.31342],"rotation":{"angle":22.5,"axis":"y","origin":[4.02956,11.5,8]},"faces":{"north":{"uv":[0,0,2,5.49],"rotation":180,"texture":"#3"},"south":{"uv":[0,0,2,5.49],"rotation":180,"texture":"#3"},"up":{"uv":[4.5,5,8.5,5.49],"rotation":90,"texture":"#3"}}},{"from":[8.5694,9.8,5.68658],"to":[8.72853,10.15,6.48658],"rotation":{"angle":-22.5,"axis":"y","origin":[4.02956,11.5,8]},"faces":{"north":{"uv":[4,0,6,5.49],"rotation":180,"texture":"#3"},"south":{"uv":[7.5,0,5.5,5.49],"rotation":180,"texture":"#3"},"up":{"uv":[4.5,5,8.5,5.49],"rotation":90,"texture":"#3"}}},{"from":[7.48553,9.8,11.13553],"to":[7.64466,10.15,11.93553],"rotation":{"angle":45,"axis":"y","origin":[4.02956,11.5,8]},"faces":{"north":{"uv":[6,0,8,5.49],"rotation":180,"texture":"#3"},"south":{"uv":[6,0,8,5.49],"rotation":180,"texture":"#3"},"up":{"uv":[4.5,5,8.5,5.49],"rotation":90,"texture":"#3"}}},{"from":[7.48553,9.8,4.06447],"to":[7.64466,10.15,4.86447],"rotation":{"angle":-45,"axis":"y","origin":[4.02956,11.5,8]},"faces":{"north":{"uv":[6,0,8,5.49],"rotation":180,"texture":"#3"},"south":{"uv":[5.5,0,3.5,5.49],"rotation":180,"texture":"#3"},"up":{"uv":[4.5,5,8.5,5.49],"rotation":90,"texture":"#3"}}},{"from":[8.24896,9.8,6.00702],"to":[9.04896,10.15,6.16614],"rotation":{"angle":-22.5,"axis":"y","origin":[4.02956,11.5,8]},"faces":{"east":{"uv":[4,0,6,5.49],"rotation":180,"texture":"#3"},"west":{"uv":[4,0,6,5.49],"rotation":180,"texture":"#3"},"up":{"uv":[4.5,5,8.5,5.49],"texture":"#3"}}},{"from":[8.24896,9.8,9.83386],"to":[9.04896,10.15,9.99298],"rotation":{"angle":22.5,"axis":"y","origin":[4.02956,11.5,8]},"faces":{"east":{"uv":[4,0,6,5.49],"rotation":180,"texture":"#3"},"west":{"uv":[4,0,6,5.49],"rotation":180,"texture":"#3"},"up":{"uv":[4.5,5,8.5,5.49],"rotation":180,"texture":"#3"}}},{"from":[8.62956,9.8002,7.92044],"to":[9.42956,10.1502,8.07956],"faces":{"east":{"uv":[6,0,8,5.49],"rotation":180,"texture":"#3"},"west":{"uv":[6,0,8,5.49],"rotation":180,"texture":"#3"},"up":{"uv":[4.5,5,8.5,5.49],"rotation":180,"texture":"#3"}}},{"from":[10.3,8.725,7.65],"to":[11,9.425,8.35],"faces":{"west":{"uv":[0,0,16,16],"texture":"#1"}}},{"from":[3.65,9.71418,7.30662],"to":[3.75,9.81418,7.54532],"rotation":{"angle":-22.5,"axis":"x","origin":[-0.95,10.6,8]},"faces":{"east":{"uv":[1.5,12,1.75,12.25],"texture":"#2"},"west":{"uv":[1.5,12,1.75,12.25],"texture":"#2"},"up":{"uv":[1.5,12,1.75,12.25],"texture":"#2"}}},{"from":[3.65,10.03934,6.81999],"to":[3.75,10.13934,7.05869],"rotation":{"angle":-45,"axis":"x","origin":[-0.95,10.6,8]},"faces":{"east":{"uv":[1.5,11.5,1.75,11.75],"texture":"#2"},"west":{"uv":[1.5,11.5,1.75,11.75],"texture":"#2"},"up":{"uv":[1.5,11.5,1.75,11.75],"texture":"#2"}}},{"from":[3.65,9.09483,7.97403],"to":[3.75,9.33353,8.07403],"rotation":{"angle":22.5,"axis":"x","origin":[-0.95,10.6,8]},"faces":{"north":{"uv":[3.75,11.25,4,11.5],"rotation":180,"texture":"#2"},"east":{"uv":[3.75,11.25,4,11.5],"rotation":180,"texture":"#2"},"west":{"uv":[3.75,11.25,4,11.5],"rotation":180,"texture":"#2"}}},{"from":[3.65,8.98065,7.4],"to":[3.75,9.21935,7.5],"faces":{"north":{"uv":[8.75,8.5,9,8.75],"rotation":180,"texture":"#2"},"east":{"uv":[8.75,8.5,9,8.75],"rotation":180,"texture":"#2"},"west":{"uv":[8.75,8.5,9,8.75],"rotation":180,"texture":"#2"}}},{"from":[3.65,9.09483,6.82597],"to":[3.75,9.33353,6.92597],"rotation":{"angle":-22.5,"axis":"x","origin":[-0.95,10.6,8]},"faces":{"north":{"uv":[6,8,6.25,8.25],"texture":"#2"},"east":{"uv":[6,8,6.25,8.25],"texture":"#2"},"west":{"uv":[6,8,6.25,8.25],"texture":"#2"}}},{"from":[3.65,8.93934,8.94131],"to":[3.75,9.03934,9.18001],"rotation":{"angle":45,"axis":"x","origin":[-0.95,10.6,8]},"faces":{"east":{"uv":[6,8,6.25,8.25],"texture":"#2"},"west":{"uv":[6,8,6.25,8.25],"texture":"#2"},"down":{"uv":[6,8,6.25,8.25],"texture":"#2"}}},{"from":[3.65,8.61418,8.45468],"to":[3.75,8.71418,8.69338],"rotation":{"angle":22.5,"axis":"x","origin":[-0.95,10.6,8]},"faces":{"east":{"uv":[15.75,15.75,16,16],"texture":"#2"},"west":{"uv":[15.75,15.75,16,16],"texture":"#2"},"down":{"uv":[15.75,15.75,16,16],"texture":"#2"}}},{"from":[3.65,8.5,7.88065],"to":[3.75,8.6,8.11935],"faces":{"east":{"uv":[15.75,15.75,16,16],"texture":"#2"},"west":{"uv":[15.75,15.75,16,16],"texture":"#2"},"down":{"uv":[15.75,15.75,16,16],"texture":"#2"}}},{"from":[3.65,8.61418,7.30662],"to":[3.75,8.71418,7.54532],"rotation":{"angle":-22.5,"axis":"x","origin":[-0.95,10.6,8]},"faces":{"east":{"uv":[15.75,15.75,16,16],"texture":"#2"},"west":{"uv":[15.75,15.75,16,16],"texture":"#2"},"down":{"uv":[15.75,15.75,16,16],"texture":"#2"}}},{"from":[3.65,8.93934,6.81999],"to":[3.75,9.03934,7.05869],"rotation":{"angle":-45,"axis":"x","origin":[-0.95,10.6,8]},"faces":{"east":{"uv":[6,8,6.25,8.25],"texture":"#2"},"west":{"uv":[6,8,6.25,8.25],"texture":"#2"},"down":{"uv":[6,8,6.25,8.25],"texture":"#2"}}},{"from":[3.65,9.09483,9.07403],"to":[3.75,9.33353,9.17403],"rotation":{"angle":22.5,"axis":"x","origin":[-0.95,10.6,8]},"faces":{"east":{"uv":[6,8,6.25,8.25],"texture":"#2"},"south":{"uv":[6,8,6.25,8.25],"texture":"#2"},"west":{"uv":[6,8,6.25,8.25],"texture":"#2"}}},{"from":[3.65,8.98065,8.5],"to":[3.75,9.21935,8.6],"faces":{"east":{"uv":[8.75,8.5,9,8.75],"rotation":180,"texture":"#2"},"south":{"uv":[8.75,8.5,9,8.75],"rotation":180,"texture":"#2"},"west":{"uv":[8.75,8.5,9,8.75],"rotation":180,"texture":"#2"}}},{"from":[3.65,9.09483,7.92597],"to":[3.75,9.33353,8.02597],"rotation":{"angle":-22.5,"axis":"x","origin":[-0.95,10.6,8]},"faces":{"east":{"uv":[3.75,11.25,4,11.5],"rotation":180,"texture":"#2"},"south":{"uv":[3.75,11.25,4,11.5],"rotation":180,"texture":"#2"},"west":{"uv":[3.75,11.25,4,11.5],"rotation":180,"texture":"#2"}}},{"from":[3.65,10.03934,8.94131],"to":[3.75,10.13934,9.18001],"rotation":{"angle":45,"axis":"x","origin":[-0.95,10.6,8]},"faces":{"east":{"uv":[1.5,11.5,1.75,11.75],"texture":"#2"},"west":{"uv":[1.5,11.5,1.75,11.75],"texture":"#2"},"up":{"uv":[1.5,11.5,1.75,11.75],"texture":"#2"}}},{"from":[3.65,9.71418,8.45468],"to":[3.75,9.81418,8.69338],"rotation":{"angle":22.5,"axis":"x","origin":[-0.95,10.6,8]},"faces":{"east":{"uv":[1.5,12,1.75,12.25],"texture":"#2"},"west":{"uv":[1.5,12,1.75,12.25],"texture":"#2"},"up":{"uv":[1.5,12,1.75,12.25],"texture":"#2"}}},{"from":[3.65,9.6,7.88065],"to":[3.75,9.7,8.11935],"faces":{"east":{"uv":[5,15,5.25,15.25],"texture":"#2"},"west":{"uv":[5,15,5.25,15.25],"texture":"#2"},"up":{"uv":[5,15,5.25,15.25],"texture":"#2"}}},{"from":[3.35,9.71418,7.30662],"to":[3.45,9.81418,7.54532],"rotation":{"angle":-22.5,"axis":"x","origin":[-1.25,10.6,8]},"faces":{"east":{"uv":[1.5,12,1.75,12.25],"texture":"#2"},"west":{"uv":[1.5,12,1.75,12.25],"texture":"#2"},"up":{"uv":[1.5,12,1.75,12.25],"texture":"#2"}}},{"from":[3.35,10.03934,6.81999],"to":[3.45,10.13934,7.05869],"rotation":{"angle":-45,"axis":"x","origin":[-1.25,10.6,8]},"faces":{"east":{"uv":[1.5,11.5,1.75,11.75],"texture":"#2"},"west":{"uv":[1.5,11.5,1.75,11.75],"texture":"#2"},"up":{"uv":[1.5,11.5,1.75,11.75],"texture":"#2"}}},{"from":[3.35,9.09483,7.97403],"to":[3.45,9.33353,8.07403],"rotation":{"angle":22.5,"axis":"x","origin":[-1.25,10.6,8]},"faces":{"north":{"uv":[3.75,11.25,4,11.5],"rotation":180,"texture":"#2"},"east":{"uv":[3.75,11.25,4,11.5],"rotation":180,"texture":"#2"},"west":{"uv":[3.75,11.25,4,11.5],"rotation":180,"texture":"#2"}}},{"from":[3.35,8.98065,7.4],"to":[3.45,9.21935,7.5],"faces":{"north":{"uv":[8.75,8.5,9,8.75],"rotation":180,"texture":"#2"},"east":{"uv":[8.75,8.5,9,8.75],"rotation":180,"texture":"#2"},"west":{"uv":[8.75,8.5,9,8.75],"rotation":180,"texture":"#2"}}},{"from":[3.35,9.09483,6.82597],"to":[3.45,9.33353,6.92597],"rotation":{"angle":-22.5,"axis":"x","origin":[-1.25,10.6,8]},"faces":{"north":{"uv":[6,8,6.25,8.25],"texture":"#2"},"east":{"uv":[6,8,6.25,8.25],"texture":"#2"},"west":{"uv":[6,8,6.25,8.25],"texture":"#2"}}},{"from":[3.35,8.93934,8.94131],"to":[3.45,9.03934,9.18001],"rotation":{"angle":45,"axis":"x","origin":[-1.25,10.6,8]},"faces":{"east":{"uv":[6,8,6.25,8.25],"texture":"#2"},"west":{"uv":[6,8,6.25,8.25],"texture":"#2"},"down":{"uv":[6,8,6.25,8.25],"texture":"#2"}}},{"from":[3.35,8.61418,8.45468],"to":[3.45,8.71418,8.69338],"rotation":{"angle":22.5,"axis":"x","origin":[-1.25,10.6,8]},"faces":{"east":{"uv":[15.75,15.75,16,16],"texture":"#2"},"west":{"uv":[15.75,15.75,16,16],"texture":"#2"},"down":{"uv":[15.75,15.75,16,16],"texture":"#2"}}},{"from":[3.35,8.5,7.88065],"to":[3.45,8.6,8.11935],"faces":{"east":{"uv":[15.75,15.75,16,16],"texture":"#2"},"west":{"uv":[15.75,15.75,16,16],"texture":"#2"},"down":{"uv":[15.75,15.75,16,16],"texture":"#2"}}},{"from":[3.35,8.61418,7.30662],"to":[3.45,8.71418,7.54532],"rotation":{"angle":-22.5,"axis":"x","origin":[-1.25,10.6,8]},"faces":{"east":{"uv":[15.75,15.75,16,16],"texture":"#2"},"west":{"uv":[15.75,15.75,16,16],"texture":"#2"},"down":{"uv":[15.75,15.75,16,16],"texture":"#2"}}},{"from":[3.35,8.93934,6.81999],"to":[3.45,9.03934,7.05869],"rotation":{"angle":-45,"axis":"x","origin":[-1.25,10.6,8]},"faces":{"east":{"uv":[6,8,6.25,8.25],"texture":"#2"},"west":{"uv":[6,8,6.25,8.25],"texture":"#2"},"down":{"uv":[6,8,6.25,8.25],"texture":"#2"}}},{"from":[3.35,9.09483,9.07403],"to":[3.45,9.33353,9.17403],"rotation":{"angle":22.5,"axis":"x","origin":[-1.25,10.6,8]},"faces":{"east":{"uv":[6,8,6.25,8.25],"texture":"#2"},"south":{"uv":[6,8,6.25,8.25],"texture":"#2"},"west":{"uv":[6,8,6.25,8.25],"texture":"#2"}}},{"from":[3.35,8.98065,8.5],"to":[3.45,9.21935,8.6],"faces":{"east":{"uv":[8.75,8.5,9,8.75],"rotation":180,"texture":"#2"},"south":{"uv":[8.75,8.5,9,8.75],"rotation":180,"texture":"#2"},"west":{"uv":[8.75,8.5,9,8.75],"rotation":180,"texture":"#2"}}},{"from":[3.35,9.09483,7.92597],"to":[3.45,9.33353,8.02597],"rotation":{"angle":-22.5,"axis":"x","origin":[-1.25,10.6,8]},"faces":{"east":{"uv":[3.75,11.25,4,11.5],"rotation":180,"texture":"#2"},"south":{"uv":[3.75,11.25,4,11.5],"rotation":180,"texture":"#2"},"west":{"uv":[3.75,11.25,4,11.5],"rotation":180,"texture":"#2"}}},{"from":[3.35,10.03934,8.94131],"to":[3.45,10.13934,9.18001],"rotation":{"angle":45,"axis":"x","origin":[-1.25,10.6,8]},"faces":{"east":{"uv":[1.5,11.5,1.75,11.75],"texture":"#2"},"west":{"uv":[1.5,11.5,1.75,11.75],"texture":"#2"},"up":{"uv":[1.5,11.5,1.75,11.75],"texture":"#2"}}},{"from":[3.35,9.71418,8.45468],"to":[3.45,9.81418,8.69338],"rotation":{"angle":22.5,"axis":"x","origin":[-1.25,10.6,8]},"faces":{"east":{"uv":[1.5,12,1.75,12.25],"texture":"#2"},"west":{"uv":[1.5,12,1.75,12.25],"texture":"#2"},"up":{"uv":[1.5,12,1.75,12.25],"texture":"#2"}}},{"from":[3.35,9.6,7.88065],"to":[3.45,9.7,8.11935],"faces":{"east":{"uv":[5,15,5.25,15.25],"texture":"#2"},"west":{"uv":[5,15,5.25,15.25],"texture":"#2"},"up":{"uv":[5,15,5.25,15.25],"texture":"#2"}}},{"from":[3.15,9.61418,7.28673],"to":[3.25,9.91418,7.56521],"rotation":{"angle":-22.5,"axis":"x","origin":[-0.85,10.6,8]},"faces":{"east":{"uv":[1.5,12,1.75,12.25],"texture":"#2"},"west":{"uv":[1.5,12,2,12.5],"rotation":180,"texture":"#2"},"up":{"uv":[1.5,12,1.75,12.25],"texture":"#2"}}},{"from":[3.1499,9.93934,6.8001],"to":[3.2499,10.23934,7.07858],"rotation":{"angle":-45,"axis":"x","origin":[-0.85,10.6,8]},"faces":{"east":{"uv":[1.5,11.5,1.75,11.75],"texture":"#2"},"west":{"uv":[1.5,11.5,2,12],"rotation":180,"texture":"#2"},"up":{"uv":[1.5,11.5,1.75,11.75],"texture":"#2"}}},{"from":[3.149,9.07494,7.87403],"to":[3.249,9.35342,8.17403],"rotation":{"angle":22.5,"axis":"x","origin":[-0.85,10.6,8]},"faces":{"north":{"uv":[3.75,11.25,4,11.5],"rotation":180,"texture":"#2"},"east":{"uv":[3.75,11.25,4,11.5],"rotation":180,"texture":"#2"},"west":{"uv":[3.75,11.25,4.25,11.75],"rotation":90,"texture":"#2"}}},{"from":[3.15,8.96076,7.3],"to":[3.25,9.23924,7.6],"faces":{"north":{"uv":[8.75,8.5,9,8.75],"rotation":180,"texture":"#2"},"east":{"uv":[8.75,8.5,9,8.75],"rotation":180,"texture":"#2"},"west":{"uv":[8.75,8.5,9.25,9],"rotation":180,"texture":"#2"}}},{"from":[3.151,9.07494,6.72597],"to":[3.25,9.35342,7.02597],"rotation":{"angle":-22.5,"axis":"x","origin":[-0.85,10.6,8]},"faces":{"north":{"uv":[6,8,6.25,8.25],"texture":"#2"},"east":{"uv":[6,8,6.25,8.25],"texture":"#2"},"west":{"uv":[6,8,6.25,8.25],"texture":"#2"}}},{"from":[3.1501,8.83934,8.92142],"to":[3.2501,9.13934,9.1999],"rotation":{"angle":45,"axis":"x","origin":[-0.85,10.6,8]},"faces":{"east":{"uv":[6,8,6.25,8.25],"texture":"#2"},"west":{"uv":[6,8,6.25,8.25],"texture":"#2"},"down":{"uv":[6,8,6.25,8.25],"texture":"#2"}}},{"from":[3.15,8.51418,8.43479],"to":[3.25,8.81418,8.71327],"rotation":{"angle":22.5,"axis":"x","origin":[-0.85,10.6,8]},"faces":{"east":{"uv":[15.75,15.75,16,16],"texture":"#2"},"west":{"uv":[6,8,6.25,8.25],"texture":"#2"},"down":{"uv":[15.75,15.75,16,16],"texture":"#2"}}},{"from":[3.1499,8.4,7.86076],"to":[3.2499,8.7,8.13924],"faces":{"east":{"uv":[15.75,15.75,16,16],"texture":"#2"},"west":{"uv":[6,8,6.25,8.25],"texture":"#2"},"down":{"uv":[15.75,15.75,16,16],"texture":"#2"}}},{"from":[3.151,8.83934,6.8001],"to":[3.25,9.13934,7.07858],"rotation":{"angle":-45,"axis":"x","origin":[-0.85,10.6,8]},"faces":{"east":{"uv":[6,8,6.25,8.25],"texture":"#2"},"west":{"uv":[6,8,6.25,8.25],"texture":"#2"},"down":{"uv":[6,8,6.25,8.25],"texture":"#2"}}},{"from":[3.15,8.51418,7.28673],"to":[3.25,8.81418,7.56521],"rotation":{"angle":-22.5,"axis":"x","origin":[-0.85,10.6,8]},"faces":{"east":{"uv":[15.75,15.75,16,16],"texture":"#2"},"west":{"uv":[6,8,6.25,8.25],"texture":"#2"},"down":{"uv":[15.75,15.75,16,16],"texture":"#2"}}},{"from":[3.15,9.07494,8.97403],"to":[3.25,9.35342,9.27403],"rotation":{"angle":22.5,"axis":"x","origin":[-0.85,10.6,8]},"faces":{"east":{"uv":[6,8,6.25,8.25],"texture":"#2"},"south":{"uv":[6,8,6.25,8.25],"texture":"#2"},"west":{"uv":[6,8,6.25,8.25],"texture":"#2"}}},{"from":[3.149,8.96076,8.4],"to":[3.249,9.23924,8.7],"faces":{"east":{"uv":[8.75,8.5,9,8.75],"rotation":180,"texture":"#2"},"south":{"uv":[8.75,8.5,9,8.75],"rotation":180,"texture":"#2"},"west":{"uv":[8.75,8.5,9.25,9],"rotation":180,"texture":"#2"}}},{"from":[3.15,9.07494,7.82597],"to":[3.25,9.35342,8.12597],"rotation":{"angle":-22.5,"axis":"x","origin":[-0.85,10.6,8]},"faces":{"east":{"uv":[3.75,11.25,4,11.5],"rotation":180,"texture":"#2"},"south":{"uv":[3.75,11.25,4,11.5],"rotation":180,"texture":"#2"},"west":{"uv":[3.75,11.25,4.25,11.75],"rotation":270,"texture":"#2"}}},{"from":[3.1499,9.93934,8.92142],"to":[3.2499,10.23934,9.1999],"rotation":{"angle":45,"axis":"x","origin":[-0.85,10.6,8]},"faces":{"east":{"uv":[1.5,11.5,1.75,11.75],"texture":"#2"},"west":{"uv":[1.5,11.5,2,12],"rotation":180,"texture":"#2"},"up":{"uv":[1.5,11.5,1.75,11.75],"texture":"#2"}}},{"from":[3.15,9.61418,8.43479],"to":[3.25,9.91418,8.71327],"rotation":{"angle":22.5,"axis":"x","origin":[-0.85,10.6,8]},"faces":{"east":{"uv":[1.5,12,1.75,12.25],"texture":"#2"},"west":{"uv":[1.5,12,2,12.5],"rotation":180,"texture":"#2"},"up":{"uv":[1.5,12,1.75,12.25],"texture":"#2"}}},{"from":[3.1499,9.5,7.86076],"to":[3.2499,9.8,8.13926],"faces":{"east":{"uv":[5,15,5.25,15.25],"texture":"#2"},"west":{"uv":[5,15,5.5,15.5],"texture":"#2"},"up":{"uv":[5,15,5.25,15.25],"texture":"#2"}}},{"from":[8.72956,9.02044,8.7],"to":[9.32956,9.13979,8.95],"faces":{"east":{"uv":[8,0,10,5.49],"rotation":90,"texture":"#3"},"south":{"uv":[5,5,9,5.49],"texture":"#3"},"west":{"uv":[7.5,0,5.5,5.49],"rotation":270,"texture":"#3"}}},{"from":[7.77493,7.2212,8.7],"to":[8.37493,7.34055,8.95],"rotation":{"angle":22.5,"axis":"z","origin":[4.02956,10.58011,8.875]},"faces":{"east":{"uv":[6,0,8,5.49],"rotation":90,"texture":"#3"},"south":{"uv":[5,5,9,5.49],"texture":"#3"},"west":{"uv":[9.5,0,7.5,5.49],"rotation":270,"texture":"#3"}}},{"from":[6.20443,5.92425,8.7001],"to":[6.80443,6.0436,8.9501],"rotation":{"angle":45,"axis":"z","origin":[4.02956,10.58011,8.875]},"faces":{"east":{"uv":[4,0,6,5.49],"rotation":90,"texture":"#3"},"south":{"uv":[5,5,9,5.49],"texture":"#3"},"west":{"uv":[11.5,0,9.5,5.49],"rotation":270,"texture":"#3"}}},{"from":[8.92298,11.04804,8.7],"to":[9.52298,11.16739,8.95],"rotation":{"angle":-22.5,"axis":"z","origin":[4.02956,10.58011,8.875]},"faces":{"east":{"uv":[10,0,12,5.49],"rotation":90,"texture":"#3"},"south":{"uv":[5,5,9,5.49],"texture":"#3"},"west":{"uv":[5.5,0,3.5,5.49],"rotation":270,"texture":"#3"}}},{"from":[8.32575,12.99531,8.7002],"to":[8.92575,13.11466,8.9502],"rotation":{"angle":-45,"axis":"z","origin":[4.02956,10.58011,8.875]},"faces":{"east":{"uv":[12,0,14,5.49],"rotation":90,"texture":"#3"},"south":{"uv":[5,5,9,5.49],"texture":"#3"},"west":{"uv":[0,0,2,5.49],"rotation":270,"texture":"#3"}}},{"from":[8.01526,6.98087,8.7],"to":[8.1346,7.58087,8.95],"rotation":{"angle":22.5,"axis":"z","origin":[4.02956,10.58011,8.875]},"faces":{"south":{"uv":[5,5,9,5.49],"rotation":90,"texture":"#3"},"up":{"uv":[2,0,4,5.49],"texture":"#3"},"down":{"uv":[14,0,16,5.49],"rotation":180,"texture":"#3"}}},{"from":[9.16331,10.80771,8.7],"to":[9.28265,11.40771,8.95],"rotation":{"angle":-22.5,"axis":"z","origin":[4.02956,10.58011,8.875]},"faces":{"south":{"uv":[5,5,9,5.49],"rotation":90,"texture":"#3"},"up":{"uv":[2,0,4,5.49],"texture":"#3"},"down":{"uv":[13.5,0,11.5,5.49],"rotation":180,"texture":"#3"}}},{"from":[8.96989,8.78011,8.7],"to":[9.08923,9.38011,8.95],"faces":{"south":{"uv":[5,5,9,5.49],"rotation":90,"texture":"#3"},"up":{"uv":[0,0,2,5.49],"texture":"#3"},"down":{"uv":[15.5,0,13.5,5.49],"rotation":180,"texture":"#3"}}},{"from":[8.7495,8.66176,7.3],"to":[9.2495,8.96076,7.5],"rotation":{"angle":0,"axis":"y","origin":[8.7015,8.01176,8]},"faces":{"north":{"uv":[4.75,5.25,5.5,4.75],"rotation":180,"texture":"#0"},"east":{"uv":[4.75,5.25,5,4.75],"rotation":180,"texture":"#0"},"west":{"uv":[4.75,5.25,5,4.75],"rotation":180,"texture":"#0"},"down":{"uv":[1.75,6,2.5,6.5],"texture":"#0"}}},{"from":[3.95,9.09483,7.92597],"to":[5.95,9.33353,8.02597],"rotation":{"angle":-22.5,"axis":"x","origin":[-0.65,10.6,8]},"faces":{"east":{"uv":[3.75,11.25,4,11.5],"rotation":180,"texture":"#2"},"south":{"uv":[8,11.25,13.25,11.75],"rotation":180,"texture":"#2"},"west":{"uv":[3.75,11.25,4,11.5],"rotation":180,"texture":"#2"}}}],"gui_light":"front","display":{"thirdperson_righthand":{"rotation":[0,100,-20],"translation":[0,-1,0.75],"scale":[0.9,0.9,0.9]},"thirdperson_lefthand":{"rotation":[0,-80,20],"translation":[0,-1,0.75],"scale":[0.9,0.9,0.9]},"firstperson_righthand":{"rotation":[0,90,-60],"translation":[2.5,-1.25,0],"scale":[1.8,1.8,1.8]},"firstperson_lefthand":{"rotation":[0,-90,60],"translation":[2.5,-1.25,0],"scale":[1.8,1.8,1.8]},"ground":{"translation":[0,-0.5,0],"scale":[0.9,0.9,0.9]},"gui":{"rotation":[0,45,30],"translation":[1.5,-2.25,0],"scale":[3,3,3]},"head":{"scale":[1.8,1.8,1.8]},"fixed":{"translation":[0,-2,-1.25],"scale":[-1.8,1.8,-1.8]}}}