{"credit":"thebradqq's guns","textures":{"0":"mgs:gun/augdetails","1":"mgs:gun/augmag","2":"mgs:gun/metal","3":"mgs:gun/metal_dark","4":"mgs:gun/metal_brighter","5":"mgs:gun/olive_polymer","6":"mgs:gun/holodetails","7":"mgs:gun/kobradetails","8":"mgs:gun/acogdetails","9":"mgs:gun/mk4details","b":"mgs:misc/reticle_mk4","particle":"mgs:misc/reticles","a":"mgs:misc/reticles"},"gui_light":"front","display":{"thirdperson_righthand":{"rotation":[0,100,0],"translation":[-1,1,0],"scale":[0.5,0.5,0.5]},"thirdperson_lefthand":{"rotation":[0,-90,-165],"translation":[-1.5,-5.5,10],"scale":[0.5,0.5,0.5]},"firstperson_righthand":{"rotation":[0,90,0],"translation":[-2.5,2.25,-4.25]},"firstperson_lefthand":{"scale":[0,0,0]},"ground":{"translation":[0,2,0],"scale":[0.5,0.5,0.5]},"gui":{"rotation":[0,0,45],"translation":[-1,1.5,0],"scale":[0.5,0.5,0.5]},"head":{"scale":[2,2,2]},"fixed":{"translation":[0,4.25,-2.75],"scale":[-1,1,-1]}},"elements":[{"from":[16,8.3,7.90054],"to":[25.1,8.5,8.09946],"rotation":{"angle":0,"axis":"y","origin":[19.5,8,8]},"faces":{"east":{"uv":[15.75,15.75,16,16],"rotation":180,"texture":"#3"},"up":{"uv":[6.75,1.25,16,1.75],"rotation":180,"texture":"#3"},"down":{"uv":[15.75,15.75,16,16],"rotation":180,"texture":"#3"}}},{"from":[16,7.90054,8.3],"to":[25.1,8.09946,8.5],"rotation":{"angle":0,"axis":"x","origin":[19.5,8,8]},"faces":{"north":{"uv":[9.75,11.25,10,11.75],"texture":"#3"},"east":{"uv":[15.75,15.75,16,16],"rotation":180,"texture":"#3"},"south":{"uv":[3.5,5,12.75,5.5],"texture":"#3"}}},{"from":[16,8.3,7.90054],"to":[25.1,8.5,8.09946],"rotation":{"angle":-45,"axis":"x","origin":[19.5,8,8]},"faces":{"east":{"uv":[15.75,15.75,16,16],"rotation":180,"texture":"#3"},"up":{"uv":[0,4.5,9.25,5],"rotation":180,"texture":"#3"},"down":{"uv":[9.5,8,9.75,8.5],"rotation":180,"texture":"#3"}}},{"from":[16,8.3,7.90054],"to":[25.1,8.5,8.09946],"rotation":{"angle":45,"axis":"x","origin":[19.5,8,8]},"faces":{"east":{"uv":[15.75,15.75,16,16],"rotation":180,"texture":"#3"},"up":{"uv":[5.25,4.5,14.5,5],"texture":"#3"},"down":{"uv":[9.5,8,9.75,8.5],"rotation":180,"texture":"#3"}}},{"from":[16,8.3,7.90054],"to":[25.1,8.5,8.09946],"rotation":{"angle":22.5,"axis":"x","origin":[19.5,8,8]},"faces":{"east":{"uv":[15.75,15.75,16,16],"rotation":180,"texture":"#3"},"up":{"uv":[2.75,4.25,12,4.75],"texture":"#3"},"down":{"uv":[9.5,8,9.75,8.5],"rotation":180,"texture":"#3"}}},{"from":[16,7.90054,8.3],"to":[25.1,8.09946,8.5],"rotation":{"angle":22.5,"axis":"x","origin":[19.5,8,8]},"faces":{"north":{"uv":[9.75,11.25,10,11.75],"texture":"#3"},"east":{"uv":[15.75,15.75,16,16],"rotation":180,"texture":"#3"},"south":{"uv":[0,5.25,9.25,5.75],"texture":"#3"}}},{"from":[16,8.3,7.90054],"to":[25.1,8.5,8.09946],"rotation":{"angle":-22.5,"axis":"x","origin":[19.5,8,8]},"faces":{"east":{"uv":[15.75,15.75,16,16],"rotation":180,"texture":"#3"},"up":{"uv":[6.75,4.25,16,4.75],"rotation":180,"texture":"#3"},"down":{"uv":[9.5,8,9.75,8.5],"rotation":180,"texture":"#3"}}},{"from":[16,7.90054,8.3],"to":[25.1,8.09946,8.5],"rotation":{"angle":-22.5,"axis":"x","origin":[19.5,8,8]},"faces":{"north":{"uv":[9.5,8,9.75,8.5],"texture":"#3"},"east":{"uv":[15.75,15.75,16,16],"rotation":180,"texture":"#3"},"south":{"uv":[2,4.75,11.25,5.25],"texture":"#3"}}},{"from":[16,7.5,7.90054],"to":[25.1,7.7,8.09946],"rotation":{"angle":0,"axis":"y","origin":[19.5,8,8]},"faces":{"east":{"uv":[15.75,15.75,16,16],"rotation":180,"texture":"#3"},"up":{"uv":[9.75,11.5,10,12],"rotation":180,"texture":"#3"},"down":{"uv":[5.75,8,15,8.25],"rotation":180,"texture":"#3"}}},{"from":[16,7.5,7.90054],"to":[25.1,7.7,8.09946],"rotation":{"angle":-45,"axis":"x","origin":[19.5,8,8]},"faces":{"east":{"uv":[15.75,15.75,16,16],"rotation":180,"texture":"#3"},"up":{"uv":[9.75,11.5,10,12],"rotation":180,"texture":"#3"},"down":{"uv":[6.75,8.25,16,8.75],"rotation":180,"texture":"#3"}}},{"from":[16,7.5,7.90054],"to":[25.1,7.7,8.09946],"rotation":{"angle":45,"axis":"x","origin":[19.5,8,8]},"faces":{"east":{"uv":[15.75,15.75,16,16],"rotation":180,"texture":"#3"},"up":{"uv":[9.75,11.5,10,12],"rotation":180,"texture":"#3"},"down":{"uv":[6.75,8.25,16,8.75],"texture":"#3"}}},{"from":[16,7.90054,7.5],"to":[25.1,8.09946,7.7],"rotation":{"angle":0,"axis":"x","origin":[19.5,8,8]},"faces":{"north":{"uv":[3.5,5,12.75,5.5],"texture":"#3"},"east":{"uv":[15.75,15.75,16,16],"rotation":180,"texture":"#3"},"south":{"uv":[9.75,11.25,10,11.75],"rotation":180,"texture":"#3"}}},{"from":[16,7.5,7.90054],"to":[25.1,7.7,8.09946],"rotation":{"angle":22.5,"axis":"x","origin":[19.5,8,8]},"faces":{"east":{"uv":[15.75,15.75,16,16],"rotation":180,"texture":"#3"},"up":{"uv":[9.75,11.5,10,12],"rotation":180,"texture":"#3"},"down":{"uv":[3.5,8.25,12.75,8.75],"texture":"#3"}}},{"from":[16,7.5,7.90054],"to":[25.1,7.7,8.09946],"rotation":{"angle":-22.5,"axis":"x","origin":[19.5,8,8]},"faces":{"east":{"uv":[15.75,15.75,16,16],"rotation":180,"texture":"#3"},"up":{"uv":[9.75,11.5,10,12],"rotation":180,"texture":"#3"},"down":{"uv":[3.5,8.25,12.75,8.75],"rotation":180,"texture":"#3"}}},{"from":[16,7.90054,7.5],"to":[25.1,8.09946,7.7],"rotation":{"angle":-22.5,"axis":"x","origin":[19.5,8,8]},"faces":{"north":{"uv":[0,5.25,9.25,5.75],"texture":"#3"},"east":{"uv":[15.75,15.75,16,16],"rotation":180,"texture":"#3"},"south":{"uv":[9.75,11.25,10,11.75],"rotation":180,"texture":"#3"}}},{"from":[16,7.90054,7.5],"to":[25.1,8.09946,7.7],"rotation":{"angle":22.5,"axis":"x","origin":[19.5,8,8]},"faces":{"north":{"uv":[6.75,4.75,16,5.25],"texture":"#3"},"east":{"uv":[15.75,15.75,16,16],"rotation":180,"texture":"#3"},"south":{"uv":[9.75,11.25,10,11.75],"rotation":180,"texture":"#3"}}},{"from":[13.3,7.35,7.87071],"to":[16.45,8.65,8.12929],"rotation":{"angle":0,"axis":"y","origin":[13,8,8]},"faces":{"east":{"uv":[4.5,0,5,3],"texture":"#3"},"up":{"uv":[6.75,1.25,9.75,1.75],"rotation":180,"texture":"#3"},"down":{"uv":[5.75,8,8.75,8.25],"rotation":180,"texture":"#3"}}},{"from":[24.05,7.35,7.87071],"to":[28.05,7.55,8.12929],"rotation":{"angle":0,"axis":"y","origin":[24.6,8,8]},"faces":{"east":{"uv":[5.5,11.5,5.75,12],"rotation":180,"texture":"#3"},"west":{"uv":[15.75,15.75,16,16],"rotation":180,"texture":"#3"},"up":{"uv":[6.25,4.5,6.5,4.75],"rotation":180,"texture":"#3"},"down":{"uv":[5.75,8,8.75,8.25],"rotation":180,"texture":"#3"}}},{"from":[24.05,8.45,7.87071],"to":[25.15,8.65,8.12929],"rotation":{"angle":0,"axis":"y","origin":[24.6,8,8]},"faces":{"east":{"uv":[6.75,4.25,7,4.5],"rotation":180,"texture":"#3"},"west":{"uv":[6.75,4.25,7,4.5],"rotation":180,"texture":"#3"},"up":{"uv":[12.25,2.25,13,2.75],"texture":"#2"},"down":{"uv":[15.75,15.75,16,16],"texture":"#3"}}},{"from":[27.55,8.45,7.87071],"to":[28.05,8.65,8.12929],"rotation":{"angle":0,"axis":"y","origin":[27.5,8,8]},"faces":{"east":{"uv":[6.25,4.5,6.5,5],"texture":"#3"},"west":{"uv":[6.75,4.25,7,4.5],"rotation":180,"texture":"#3"},"up":{"uv":[11,2.25,11.5,2.75],"texture":"#2"},"down":{"uv":[15.75,15.75,16,16],"rotation":180,"texture":"#3"}}},{"from":[13.3,7.87071,7.35],"to":[16.45,8.12929,8.65],"rotation":{"angle":0,"axis":"x","origin":[13,8,8]},"faces":{"north":{"uv":[3.5,5,6.5,5.5],"texture":"#3"},"east":{"uv":[4.5,0,5,3],"rotation":90,"texture":"#3"},"south":{"uv":[0,5.25,3,5.75],"texture":"#3"}}},{"from":[24.05,7.87071,8.45],"to":[28.05,8.12929,8.65],"rotation":{"angle":0,"axis":"x","origin":[24.6,8,8]},"faces":{"north":{"uv":[7.75,8.75,8,9],"rotation":180,"texture":"#3"},"east":{"uv":[5.5,11.5,5.75,12],"rotation":90,"texture":"#3"},"south":{"uv":[5.25,4.5,8.25,5],"texture":"#2"},"west":{"uv":[8.25,11.75,8.5,12],"rotation":180,"texture":"#3"},"up":{"uv":[5,2.5,8,3],"texture":"#3"}}},{"from":[24.05,7.87071,7.35],"to":[28.05,8.12929,7.55],"rotation":{"angle":0,"axis":"x","origin":[24.6,8,8]},"faces":{"north":{"uv":[8.25,4.5,11.25,5],"texture":"#2"},"east":{"uv":[5.25,11.5,5.5,12],"rotation":270,"texture":"#3"},"south":{"uv":[7.75,8.75,8,9],"rotation":180,"texture":"#3"},"west":{"uv":[8.25,11.75,8.5,12],"rotation":180,"texture":"#3"},"up":{"uv":[5,2.5,8,3],"rotation":180,"texture":"#3"}}},{"from":[13.3,7.35,7.87071],"to":[16.45,8.65,8.12929],"rotation":{"angle":-45,"axis":"x","origin":[13,8,8]},"faces":{"east":{"uv":[4.5,0,5,3],"texture":"#3"},"up":{"uv":[0,4.5,3,5],"rotation":180,"texture":"#3"},"down":{"uv":[5.75,8,8.75,8.25],"rotation":180,"texture":"#3"}}},{"from":[24.05,7.35,7.87071],"to":[25.15,7.55,8.12929],"rotation":{"angle":-45,"axis":"x","origin":[24.6,8,8]},"faces":{"east":{"uv":[15.75,15.75,16,16],"rotation":180,"texture":"#3"},"west":{"uv":[7.75,8.75,8,9],"rotation":180,"texture":"#3"},"up":{"uv":[8.25,11.75,8.5,12],"rotation":180,"texture":"#3"},"down":{"uv":[6.25,5,7,5.5],"texture":"#3"}}},{"from":[27.55,7.35,7.87071],"to":[28.05,7.55,8.12929],"rotation":{"angle":-45,"axis":"x","origin":[27.5,8,8]},"faces":{"east":{"uv":[5.5,11.5,5.75,12],"rotation":180,"texture":"#3"},"west":{"uv":[15.75,15.75,16,16],"rotation":180,"texture":"#3"},"up":{"uv":[8.25,11.75,8.5,12],"rotation":180,"texture":"#3"},"down":{"uv":[8,5,8.5,5.5],"texture":"#3"}}},{"from":[24.05,8.45,7.87071],"to":[28.05,8.65,8.12929],"rotation":{"angle":-45,"axis":"x","origin":[24.6,8,8]},"faces":{"north":{"uv":[4.75,7.25,7.75,7.75],"texture":"#3"},"east":{"uv":[6.5,4.75,6.75,5.25],"texture":"#3"},"west":{"uv":[8,15.75,8.25,16],"rotation":180,"texture":"#3"},"up":{"uv":[2,4.25,5,4.75],"rotation":180,"texture":"#2"},"down":{"uv":[9,8,9.25,8.25],"rotation":180,"texture":"#3"}}},{"from":[13.3,7.35,7.87071],"to":[16.45,8.65,8.12929],"rotation":{"angle":45,"axis":"x","origin":[13,8,8]},"faces":{"east":{"uv":[4.5,0,5,3],"texture":"#3"},"up":{"uv":[2,4.75,5,5.25],"texture":"#3"},"down":{"uv":[6.75,8.25,9.75,8.75],"texture":"#3"}}},{"from":[24.05,7.35,7.87071],"to":[25.15,7.55,8.12929],"rotation":{"angle":45,"axis":"x","origin":[24.6,8,8]},"faces":{"east":{"uv":[15.75,15.75,16,16],"rotation":180,"texture":"#3"},"west":{"uv":[7.75,8.75,8,9],"rotation":180,"texture":"#3"},"up":{"uv":[8.25,11.75,8.5,12],"rotation":180,"texture":"#3"},"down":{"uv":[6.25,5,7,5.5],"rotation":180,"texture":"#3"}}},{"from":[27.55,7.35,7.87071],"to":[28.05,7.55,8.12929],"rotation":{"angle":45,"axis":"x","origin":[27.5,8,8]},"faces":{"east":{"uv":[5.5,11.5,5.75,12],"rotation":180,"texture":"#3"},"west":{"uv":[15.75,15.75,16,16],"rotation":180,"texture":"#3"},"up":{"uv":[8.25,11.75,8.5,12],"rotation":180,"texture":"#3"},"down":{"uv":[8,5,8.5,5.5],"rotation":180,"texture":"#3"}}},{"from":[24.05,8.45,7.87071],"to":[28.05,8.65,8.12929],"rotation":{"angle":45,"axis":"x","origin":[24.6,8,8]},"faces":{"east":{"uv":[6,4.75,6.25,5.25],"texture":"#3"},"south":{"uv":[4.75,7.25,7.75,7.75],"texture":"#3"},"west":{"uv":[8,15.75,8.25,16],"rotation":180,"texture":"#3"},"up":{"uv":[5.5,4.25,8.5,4.75],"texture":"#2"},"down":{"uv":[9,8,9.25,8.25],"rotation":180,"texture":"#3"}}},{"from":[13.3,7.35,7.87071],"to":[16.45,8.65,8.12929],"rotation":{"angle":22.5,"axis":"x","origin":[13,8,8]},"faces":{"east":{"uv":[4.5,0,5,3],"texture":"#3"},"up":{"uv":[2.75,4.25,5.75,4.75],"texture":"#3"},"down":{"uv":[3.5,8.25,6.5,8.75],"texture":"#3"}}},{"from":[24.05,7.35,7.87071],"to":[28.05,7.55,8.12929],"rotation":{"angle":22.5,"axis":"x","origin":[24.6,8,8]},"faces":{"north":{"uv":[4.75,7.25,7.75,7.75],"rotation":180,"texture":"#3"},"east":{"uv":[5.5,11.5,5.75,12],"rotation":180,"texture":"#3"},"west":{"uv":[9,8,9.25,8.25],"rotation":180,"texture":"#3"},"up":{"uv":[8,15.75,8.25,16],"rotation":180,"texture":"#3"},"down":{"uv":[5.5,8,8.5,8.5],"texture":"#3"}}},{"from":[24.05,8.45,7.87071],"to":[28.0505,8.65,8.12929],"rotation":{"angle":22.5,"axis":"x","origin":[24.6,8,8]},"faces":{"north":{"uv":[10.5,4.75,13.5,5.25],"texture":"#2"},"east":{"uv":[6.25,4.5,6.5,5],"texture":"#3"},"west":{"uv":[6.75,4.5,7,4.75],"rotation":180,"texture":"#3"},"up":{"uv":[10.5,4.25,13.5,4.75],"rotation":180,"texture":"#2"},"down":{"uv":[15.75,15.75,16,16],"rotation":180,"texture":"#3"}}},{"from":[13.3,7.87071,7.35],"to":[16.45,8.12929,8.65],"rotation":{"angle":22.5,"axis":"x","origin":[13,8,8]},"faces":{"north":{"uv":[6.75,4.75,9.75,5.25],"texture":"#3"},"east":{"uv":[4.5,0,5,3],"rotation":90,"texture":"#3"},"south":{"uv":[3.5,8.25,6.5,8.75],"rotation":180,"texture":"#3"}}},{"from":[24.05,7.87071,8.45],"to":[28.05,8.12929,8.65],"rotation":{"angle":22.5,"axis":"x","origin":[24.6,8,8]},"faces":{"north":{"uv":[7.75,8.75,8,9],"rotation":180,"texture":"#3"},"east":{"uv":[5.5,11.5,5.75,12],"rotation":270,"texture":"#3"},"south":{"uv":[4.5,12.75,7.5,13.25],"texture":"#3"},"west":{"uv":[8.75,11.5,9,11.75],"rotation":180,"texture":"#3"},"down":{"uv":[15.75,15.75,16,16],"rotation":180,"texture":"#3"}}},{"from":[24.05,7.87071,7.35],"to":[25.15,8.12929,7.55],"rotation":{"angle":22.5,"axis":"x","origin":[24.6,8,8]},"faces":{"north":{"uv":[7.25,1.75,8,2.25],"texture":"#2"},"east":{"uv":[8,15.75,8.25,16],"rotation":180,"texture":"#3"},"south":{"uv":[9,8,9.25,8.25],"rotation":180,"texture":"#3"},"west":{"uv":[8,15.75,8.25,16],"rotation":180,"texture":"#3"}}},{"from":[27.55,7.87071,7.35],"to":[28.05,8.12929,7.55],"rotation":{"angle":22.5,"axis":"x","origin":[27.5,8,8]},"faces":{"north":{"uv":[6.25,1.75,6.75,2.25],"texture":"#2"},"east":{"uv":[5,12.75,5.25,13.25],"rotation":90,"texture":"#3"},"south":{"uv":[9,8,9.25,8.25],"rotation":180,"texture":"#3"},"west":{"uv":[8,15.75,8.25,16],"rotation":180,"texture":"#3"}}},{"from":[13.3,7.35,7.87071],"to":[16.45,8.65,8.12929],"rotation":{"angle":-22.5,"axis":"x","origin":[13,8,8]},"faces":{"east":{"uv":[4.5,0,5,3],"texture":"#3"},"up":{"uv":[6.75,4.25,9.75,4.75],"rotation":180,"texture":"#3"},"down":{"uv":[5.75,8,8.75,8.25],"rotation":180,"texture":"#3"}}},{"from":[24.05,7.35,7.87071],"to":[28.05,7.55,8.12929],"rotation":{"angle":-22.5,"axis":"x","origin":[24.6,8,8]},"faces":{"east":{"uv":[5.5,11.5,5.75,12],"rotation":180,"texture":"#3"},"south":{"uv":[4.75,7.25,7.75,7.75],"rotation":180,"texture":"#3"},"west":{"uv":[9,8,9.25,8.25],"rotation":180,"texture":"#3"},"up":{"uv":[8,15.75,8.25,16],"rotation":180,"texture":"#3"},"down":{"uv":[5.5,8,8.5,8.5],"rotation":180,"texture":"#3"}}},{"from":[24.05,8.45,7.87071],"to":[28.0505,8.65,8.12929],"rotation":{"angle":-22.5,"axis":"x","origin":[24.6,8,8]},"faces":{"east":{"uv":[6.25,4.5,6.5,5],"texture":"#3"},"south":{"uv":[10.5,4.75,13.5,5.25],"texture":"#2"},"west":{"uv":[6.25,4.5,6.5,4.75],"rotation":180,"texture":"#3"},"up":{"uv":[11.25,4.25,14.25,4.75],"texture":"#2"},"down":{"uv":[15.75,15.75,16,16],"rotation":180,"texture":"#3"}}},{"from":[13.3,7.87071,7.35],"to":[16.45,8.12929,8.65],"rotation":{"angle":-22.5,"axis":"x","origin":[13,8,8]},"faces":{"north":{"uv":[0,5.25,3,5.75],"texture":"#3"},"east":{"uv":[4.5,0,5,3],"rotation":90,"texture":"#3"},"south":{"uv":[3.5,5,6.5,5.5],"texture":"#3"}}},{"from":[24.05,7.87071,8.45],"to":[25.15,8.12929,8.65],"rotation":{"angle":-22.5,"axis":"x","origin":[24.6,8,8]},"faces":{"north":{"uv":[9,8,9.25,8.25],"rotation":180,"texture":"#3"},"east":{"uv":[8,15.75,8.25,16],"rotation":180,"texture":"#3"},"south":{"uv":[7.25,1.75,8,2.25],"texture":"#2"},"west":{"uv":[8,15.75,8.25,16],"rotation":180,"texture":"#3"}}},{"from":[27.55,7.87071,8.45],"to":[28.05,8.12929,8.65],"rotation":{"angle":-22.5,"axis":"x","origin":[27.5,8,8]},"faces":{"north":{"uv":[9,8,9.25,8.25],"rotation":180,"texture":"#3"},"east":{"uv":[5,12.75,5.25,13.25],"rotation":270,"texture":"#3"},"south":{"uv":[6.25,1.75,6.75,2.25],"texture":"#2"},"west":{"uv":[8,15.75,8.25,16],"rotation":180,"texture":"#3"}}},{"from":[24.05,7.87071,7.35],"to":[28.05,8.12929,7.55],"rotation":{"angle":-22.5,"axis":"x","origin":[24.6,8,8]},"faces":{"north":{"uv":[4.5,12.75,7.5,13.25],"texture":"#3"},"east":{"uv":[5.5,11.5,5.75,12],"rotation":90,"texture":"#3"},"south":{"uv":[7.75,8.75,8,9],"rotation":180,"texture":"#3"},"west":{"uv":[8.75,11.5,9,11.75],"rotation":180,"texture":"#3"},"down":{"uv":[15.75,15.75,16,16],"rotation":180,"texture":"#3"}}},{"from":[11.3059,9.47008,7.45],"to":[13.8059,9.67008,8.55],"rotation":{"angle":-22.5,"axis":"z","origin":[12.0559,8.92008,8.075]},"faces":{"north":{"uv":[5.5,7.25,7.75,7.75],"texture":"#3"},"east":{"uv":[5.75,7.5,8,8],"texture":"#3"},"south":{"uv":[5.5,7.25,7.75,7.75],"texture":"#3"},"up":{"uv":[5.75,6.5,8,8],"texture":"#2"},"down":{"uv":[15.75,15.75,16,16],"texture":"#3"}}},{"from":[11.3059,7.77008,7.6002],"to":[13.8059,9.57008,8.3998],"rotation":{"angle":-22.5,"axis":"z","origin":[12.0559,9.02008,8.1252]},"faces":{"north":{"uv":[1,6.25,3.25,8.5],"texture":"#3"},"east":{"uv":[3.25,5.25,3.5,5.5],"texture":"#3"},"south":{"uv":[1,6.25,3.25,8.5],"texture":"#3"}}},{"from":[12.75,9.075,7.87575],"to":[13.35,10.0002,8.12425],"rotation":{"angle":0,"axis":"z","origin":[13.05,9.6375,8]},"faces":{"east":{"uv":[11,13,14,14],"rotation":90,"texture":"#0"},"west":{"uv":[13,11,16,12],"rotation":270,"texture":"#0"},"up":{"uv":[13.5,12.5,14,14],"rotation":90,"texture":"#0"}}},{"from":[-12.35,5.51325,6.4375],"to":[-12,5.86325,9.1625],"rotation":{"angle":0,"axis":"x","origin":[-12.15,5.6375,6.8]},"faces":{"north":{"uv":[14,13.5,15.5,15],"texture":"#0"},"east":{"uv":[14,13.5,14.5,15],"texture":"#0"},"south":{"uv":[15,13.5,13.5,15],"texture":"#0"},"west":{"uv":[15.5,13.5,16,15],"rotation":180,"texture":"#0"},"up":{"uv":[14,13.5,15.5,14],"rotation":180,"texture":"#0"},"down":{"uv":[13,15.5,13.5,16],"texture":"#0"}}},{"from":[12.92575,9.075,7.7],"to":[13.17425,10.0005,8.3],"rotation":{"angle":0,"axis":"y","origin":[13.05,9.6375,8]},"faces":{"north":{"uv":[12,14,15,15],"rotation":270,"texture":"#0"},"south":{"uv":[11.5,11.5,14.5,12.5],"rotation":270,"texture":"#0"},"up":{"uv":[13.5,12.5,14,14],"rotation":180,"texture":"#0"}}},{"from":[12.35,9.65,7.1],"to":[13.05,9.85,7.3],"rotation":{"angle":0,"axis":"z","origin":[13.05,9.75,8]},"faces":{"north":{"uv":[11,13,13,14.5],"texture":"#0"},"east":{"uv":[12,14,12.5,15.5],"texture":"#0"},"south":{"uv":[11,14,14,15.5],"texture":"#0"},"west":{"uv":[12,14,12.5,15.5],"texture":"#0"},"up":{"uv":[11,13,14,14.5],"texture":"#0"},"down":{"uv":[12.5,15,14,16],"texture":"#0"}}},{"from":[-12.85,4.7375,6.5875],"to":[-12.15,4.9375,6.7875],"rotation":{"angle":0,"axis":"x","origin":[-12.15,5.6375,6.8]},"faces":{"north":{"uv":[12,13,14,14.5],"texture":"#0"},"east":{"uv":[11,14,11.5,15.5],"rotation":90,"texture":"#0"},"south":{"uv":[12.5,15,14,16],"texture":"#0"},"west":{"uv":[11,14,11.5,15.5],"rotation":270,"texture":"#0"},"up":{"uv":[12.5,7,14.5,8.5],"texture":"#0"},"down":{"uv":[12,14.5,14,16],"rotation":180,"texture":"#0"}}},{"from":[12.95,9.65,7.3],"to":[13.15,9.85,8.7],"rotation":{"angle":0,"axis":"z","origin":[13.05,9.75,8]},"faces":{"north":{"uv":[11,13,11.5,14.5],"texture":"#0"},"east":{"uv":[11,13,13,14.5],"texture":"#0"},"south":{"uv":[11,13,11.5,14.5],"texture":"#0"},"west":{"uv":[11,14,14.5,15.5],"texture":"#0"},"up":{"uv":[9,6.5,13,8],"rotation":90,"texture":"#0"},"down":{"uv":[12.5,15,14,16],"texture":"#0"}}},{"from":[-12.25,4.9375,6.5875],"to":[-12.05,6.3375,6.7875],"rotation":{"angle":0,"axis":"x","origin":[-12.15,5.6375,6.8]},"faces":{"north":{"uv":[9,6.5,13,8],"rotation":90,"texture":"#0"},"east":{"uv":[11,14,14.5,15.5],"rotation":90,"texture":"#0"},"south":{"uv":[12.5,15,14,16],"texture":"#0"},"west":{"uv":[11,14.5,14.5,16],"rotation":270,"texture":"#0"},"up":{"uv":[11,13,11.5,14.5],"texture":"#0"},"down":{"uv":[12,14.5,12.5,16],"rotation":180,"texture":"#0"}}},{"from":[12.35,9.65,8.7],"to":[13.05,9.85,8.9],"rotation":{"angle":0,"axis":"z","origin":[13.05,9.75,8]},"faces":{"north":{"uv":[11,14,14,15.5],"texture":"#0"},"east":{"uv":[12,14,12.5,15.5],"texture":"#0"},"south":{"uv":[11,13,13,14.5],"texture":"#0"},"west":{"uv":[12,14,12.5,15.5],"texture":"#0"},"up":{"uv":[11,13,14,14.5],"rotation":180,"texture":"#0"},"down":{"uv":[12.5,15,14,16],"texture":"#0"}}},{"from":[-12.85,6.3375,6.5875],"to":[-12.15,6.5375,6.7875],"rotation":{"angle":0,"axis":"x","origin":[-12.15,5.6375,6.8]},"faces":{"north":{"uv":[11,13,14,14.5],"texture":"#0"},"east":{"uv":[12,14,12.5,15.5],"rotation":90,"texture":"#0"},"south":{"uv":[12.5,15,14,16],"texture":"#0"},"west":{"uv":[12,14,12.5,15.5],"rotation":270,"texture":"#0"},"up":{"uv":[11,13,13,14.5],"texture":"#0"},"down":{"uv":[12,14.5,14,16],"rotation":180,"texture":"#0"}}},{"from":[12.25,9.65,7.3],"to":[12.45,9.85,8.7],"rotation":{"angle":0,"axis":"z","origin":[13.05,9.75,8]},"faces":{"north":{"uv":[11,13,11.5,14.5],"texture":"#0"},"east":{"uv":[11,14,14.5,15.5],"texture":"#0"},"south":{"uv":[11,13,11.5,14.5],"texture":"#0"},"west":{"uv":[11,14,14.5,15.5],"texture":"#0"},"up":{"uv":[11,6,15,7.5],"rotation":270,"texture":"#0"},"down":{"uv":[12.5,15,14,16],"texture":"#0"}}},{"from":[-12.95,4.9375,6.5875],"to":[-12.75,6.3375,6.7875],"rotation":{"angle":0,"axis":"x","origin":[-12.15,5.6375,6.8]},"faces":{"north":{"uv":[11,6,15,7.5],"rotation":270,"texture":"#0"},"east":{"uv":[11,14.5,14.5,16],"rotation":90,"texture":"#0"},"south":{"uv":[12.5,15,14,16],"texture":"#0"},"west":{"uv":[11,14,14.5,15.5],"rotation":270,"texture":"#0"},"up":{"uv":[11,13,11.5,14.5],"texture":"#0"},"down":{"uv":[12,14.5,12.5,16],"rotation":180,"texture":"#0"}}},{"from":[12.75,9.075,7.87575],"to":[13.35,10,8.12425],"rotation":{"angle":-45,"axis":"y","origin":[13.05,9.6375,8]},"faces":{"east":{"uv":[15,12,12,13],"rotation":270,"texture":"#0"},"west":{"uv":[12,11,15,12],"rotation":270,"texture":"#0"},"up":{"uv":[13.5,12.5,14,14],"rotation":90,"texture":"#0"}}},{"from":[12.75,9.075,7.87575],"to":[13.35,10,8.12425],"rotation":{"angle":45,"axis":"y","origin":[13.05,9.6375,8]},"faces":{"east":{"uv":[11,13,14,14],"rotation":270,"texture":"#0"},"west":{"uv":[12.5,11,15.5,12],"rotation":270,"texture":"#0"},"up":{"uv":[13.5,12.5,14,14],"rotation":90,"texture":"#0"}}},{"from":[8.65,5.3,7.4505],"to":[10.175,6.9,8.5495],"rotation":{"angle":45,"axis":"z","origin":[9.4,6.05,8.0005]},"faces":{"north":{"uv":[10.5,4,11.5,5],"rotation":180,"texture":"#5"},"south":{"uv":[10.5,4,11.5,5],"rotation":180,"texture":"#5"},"west":{"uv":[10.25,5.5,11.5,6],"rotation":180,"texture":"#5"},"down":{"uv":[15,9.5,16,11.5],"rotation":90,"texture":"#5"}}},{"from":[8.34794,-0.00207,7.45],"to":[8.94794,5.09793,8.55],"rotation":{"angle":-45,"axis":"z","origin":[8.19794,4.14793,8]},"faces":{"north":{"uv":[0,4.25,6,5],"rotation":90,"texture":"#5"},"east":{"uv":[0,11.75,10.75,12.75],"rotation":270,"texture":"#5"},"south":{"uv":[0,4.25,6,5],"rotation":270,"texture":"#5"},"west":{"uv":[9.75,0,11,5.25],"rotation":180,"texture":"#5"}}},{"from":[3.98162,0.47096,7.45],"to":[5.28162,1.07096,8.55],"rotation":{"angle":0,"axis":"z","origin":[4.63162,1.22096,8]},"faces":{"north":{"uv":[3,4.5,4.25,5.25],"texture":"#5"},"south":{"uv":[1.5,4.5,2.75,5.25],"texture":"#5"},"up":{"uv":[12,4.25,13.25,5.25],"rotation":90,"texture":"#5"},"down":{"uv":[14.75,9.25,16,11.5],"rotation":270,"texture":"#5"}}},{"from":[4.99461,0.41387,7.4505],"to":[5.54896,1.01387,8.5495],"rotation":{"angle":22.5,"axis":"z","origin":[4.99461,1.16387,8.0005]},"faces":{"north":{"uv":[8.5,4.5,9.25,5.25],"texture":"#5"},"south":{"uv":[1,4.5,1.75,5.25],"texture":"#5"},"up":{"uv":[13.5,2.75,14.75,3],"rotation":90,"texture":"#5"},"down":{"uv":[14.75,11,16,12],"rotation":270,"texture":"#5"}}},{"from":[3.88162,0.37096,7.4501],"to":[4.48162,0.97096,8.5499],"rotation":{"angle":-45,"axis":"z","origin":[4.53162,1.12096,8.0001]},"faces":{"north":{"uv":[11,2.5,11.25,2.75],"rotation":180,"texture":"#5"},"south":{"uv":[11,2.5,11.25,2.75],"rotation":180,"texture":"#5"},"up":{"uv":[10.25,4.75,11.5,5.5],"rotation":90,"texture":"#5"}}},{"from":[2.18162,0.47096,7.2],"to":[3.78162,2.57096,8.8],"rotation":{"angle":0,"axis":"z","origin":[3.13162,1.22096,7.75]},"faces":{"north":{"uv":[12.75,3,14,5.25],"texture":"#5"},"east":{"uv":[14.5,3.25,15.75,5.5],"texture":"#5"},"south":{"uv":[11,3,12.25,5.25],"texture":"#5"},"west":{"uv":[14.5,3.25,15.75,5.5],"texture":"#5"},"down":{"uv":[8.25,9,9.5,11.25],"rotation":90,"texture":"#5"}}},{"from":[3.78162,0.47096,7.4],"to":[3.98162,2.57096,8.6],"rotation":{"angle":0,"axis":"z","origin":[3.33162,1.22096,7.75]},"faces":{"north":{"uv":[11,3,11.25,5.25],"texture":"#5"},"east":{"uv":[10.75,4.25,12,6.5],"texture":"#5"},"south":{"uv":[11,3,11.25,5.25],"texture":"#5"},"down":{"uv":[8,9.25,9.25,9.5],"rotation":90,"texture":"#5"}}},{"from":[1.88162,0.47096,7.45],"to":[2.18162,2.57096,8.55],"rotation":{"angle":0,"axis":"z","origin":[2.83162,1.22096,7.8]},"faces":{"north":{"uv":[14.25,2.75,14.5,5],"texture":"#5"},"south":{"uv":[14.25,2.75,14.5,5],"texture":"#5"},"west":{"uv":[14.5,3.25,15.75,5.5],"texture":"#5"},"down":{"uv":[12.5,10,13.25,10.5],"rotation":90,"texture":"#5"}}},{"from":[2.50351,2.08922,7.20022],"to":[4.20351,7.08922,8.79978],"rotation":{"angle":-22.5,"axis":"z","origin":[3.55351,3.13922,8.00022]},"faces":{"north":{"uv":[10.5,0.75,12,6],"rotation":180,"texture":"#5"},"east":{"uv":[13.5,4.5,14.75,6.75],"rotation":180,"texture":"#5"},"south":{"uv":[13,0.75,14.5,6],"rotation":180,"texture":"#5"},"west":{"uv":[12,3.25,13.25,6.25],"rotation":180,"texture":"#5"}}},{"from":[4.10351,2.08922,7.4001],"to":[4.40351,5.28922,8.5999],"rotation":{"angle":-22.5,"axis":"z","origin":[3.75351,3.13922,8.0001]},"faces":{"north":{"uv":[10.5,0.75,10.75,4.25],"rotation":180,"texture":"#5"},"east":{"uv":[10.75,9,12,12.25],"texture":"#5"},"south":{"uv":[10.5,0.75,10.75,4.25],"rotation":180,"texture":"#5"}}},{"from":[5.00351,4.48922,7.4],"to":[5.90351,6.51422,8.6],"rotation":{"angle":0,"axis":"z","origin":[5.25351,5.53922,8]},"faces":{"north":{"uv":[9.5,4,10.25,6.25],"rotation":180,"texture":"#5"},"east":{"uv":[10,9.75,11.25,12],"texture":"#5"},"south":{"uv":[9.5,4,10.25,6.25],"rotation":180,"texture":"#5"},"down":{"uv":[0,9.5,1,10.5],"rotation":180,"texture":"#5"}}},{"from":[5.02851,6.08922,6.825],"to":[5.72851,6.78922,8.95],"rotation":{"angle":0,"axis":"z","origin":[5.47851,7.33922,8.35]},"faces":{"north":{"uv":[5,12.75,7.25,15.25],"rotation":180,"texture":"#5"},"east":{"uv":[6.5,11.25,8.25,12.25],"texture":"#5"},"south":{"uv":[5,12.75,7.25,15.25],"rotation":180,"texture":"#5"},"west":{"uv":[5.75,11.5,7.5,12.5],"texture":"#5"},"up":{"uv":[13.5,9.5,14,10],"rotation":180,"texture":"#5"},"down":{"uv":[10.25,5.5,10.75,6],"rotation":180,"texture":"#5"}}},{"from":[5.028,6.36422,6.975],"to":[5.728,6.51422,7.125],"rotation":{"angle":0,"axis":"z","origin":[5.47851,7.31422,8.4]},"faces":{"west":{"uv":[0,15,1,16],"texture":"#0"}}},{"from":[5.85351,4.71422,7.75],"to":[6.85351,6.33922,8.25],"rotation":{"angle":0,"axis":"z","origin":[6.20351,5.56422,7.95]},"faces":{"north":{"uv":[8,11,9,12.75],"texture":"#5"},"east":{"uv":[8,11.5,8.5,12],"texture":"#5"},"south":{"uv":[8,11,9,12.75],"texture":"#5"},"down":{"uv":[10.25,5.5,11.5,6],"rotation":180,"texture":"#5"}}},{"from":[6.50812,4.62563,7.7501],"to":[6.70812,5.12563,8.2499],"rotation":{"angle":22.5,"axis":"z","origin":[6.45812,5.53813,8.0001]},"faces":{"north":{"uv":[8,12.5,8.5,13],"texture":"#5"},"east":{"uv":[8,11.75,8.5,12.25],"texture":"#5"},"south":{"uv":[8,12.5,8.5,13],"texture":"#5"},"down":{"uv":[10.25,5.5,10.75,6],"rotation":180,"texture":"#5"}}},{"from":[6.93312,5.70063,7.7501],"to":[7.10812,6.22563,8.2499],"rotation":{"angle":-22.5,"axis":"z","origin":[6.85812,6.33813,8.0001]},"faces":{"north":{"uv":[8,11.25,8.25,11.75],"texture":"#5"},"east":{"uv":[8,11.25,8.5,11.75],"texture":"#5"},"south":{"uv":[8,11.25,8.25,11.75],"texture":"#5"}}},{"from":[2.20351,2.08922,7.45025],"to":[2.50351,4.98922,8.54975],"rotation":{"angle":-22.5,"axis":"z","origin":[3.25351,3.13922,8.05025]},"faces":{"north":{"uv":[11.25,2.75,11.5,5],"rotation":180,"texture":"#5"},"south":{"uv":[11.25,2.75,11.5,5],"rotation":180,"texture":"#5"},"west":{"uv":[12.75,2.75,14,5],"rotation":180,"texture":"#5"}}},{"from":[3.20351,4.98922,7.2],"to":[4.70351,6.78922,8.8],"rotation":{"angle":0,"axis":"z","origin":[4.25351,4.63922,8]},"faces":{"north":{"uv":[9.5,4,10.75,5.75],"rotation":180,"texture":"#5"},"south":{"uv":[9.5,4,10.75,5.75],"rotation":180,"texture":"#5"},"west":{"uv":[9.75,4.75,10,5.25],"rotation":180,"texture":"#5"}}},{"from":[2.90351,4.98922,7.45],"to":[3.20351,5.68922,8.55],"rotation":{"angle":0,"axis":"z","origin":[3.95351,4.63922,8.05]},"faces":{"north":{"uv":[8,5,8.25,5.25],"rotation":180,"texture":"#5"},"south":{"uv":[8,5,8.25,5.25],"rotation":180,"texture":"#5"},"west":{"uv":[9.75,4.75,11,5.75],"rotation":180,"texture":"#5"}}},{"from":[3.25351,5.41422,7.2005],"to":[3.45351,5.81422,8.7995],"rotation":{"angle":22.5,"axis":"z","origin":[3.55351,5.23922,8.0005]},"faces":{"north":{"uv":[7.75,4.75,8,5],"rotation":180,"texture":"#5"},"south":{"uv":[7.75,4.75,8,5],"rotation":180,"texture":"#5"},"west":{"uv":[9.75,5,10,5.5],"rotation":180,"texture":"#5"}}},{"from":[2.95351,5.41422,7.45],"to":[3.15351,5.73922,8.55],"rotation":{"angle":22.5,"axis":"z","origin":[3.25351,5.23922,8.05]},"faces":{"north":{"uv":[8,5,8.25,5.25],"rotation":180,"texture":"#5"},"south":{"uv":[8,5,8.25,5.25],"rotation":180,"texture":"#5"},"west":{"uv":[9.75,5,11,5.5],"rotation":180,"texture":"#5"}}},{"from":[3.55351,5.81422,7.2],"to":[3.67851,6.23922,8.8],"rotation":{"angle":45,"axis":"z","origin":[3.65351,5.13922,8]},"faces":{"north":{"uv":[7.75,4.75,8,5],"rotation":180,"texture":"#5"},"south":{"uv":[7.75,4.75,8,5],"rotation":180,"texture":"#5"},"west":{"uv":[9.75,5.25,10,5.75],"rotation":180,"texture":"#5"}}},{"from":[3.25351,5.78922,7.45],"to":[3.42851,6.23922,8.55],"rotation":{"angle":45,"axis":"z","origin":[3.35351,5.13922,8.05]},"faces":{"north":{"uv":[8,5,8.25,5.25],"rotation":180,"texture":"#5"},"south":{"uv":[8,5,8.25,5.25],"rotation":180,"texture":"#5"},"west":{"uv":[9.75,5.25,11,5.75],"rotation":180,"texture":"#5"}}},{"from":[2.17851,5.43922,7.2002],"to":[3.15351,5.76422,8.7992],"rotation":{"angle":-22.5,"axis":"z","origin":[3.65351,5.13922,8.0002]},"faces":{"north":{"uv":[7.75,4.75,8,5],"rotation":180,"texture":"#5"},"south":{"uv":[7.75,4.75,8,5],"rotation":180,"texture":"#5"},"down":{"uv":[9.75,5.5,10,6],"rotation":180,"texture":"#5"}}},{"from":[1.85351,5.43922,7.45],"to":[2.85351,5.73922,8.55],"rotation":{"angle":-22.5,"axis":"z","origin":[3.35351,5.13922,8.05]},"faces":{"north":{"uv":[8,5,8.25,5.25],"rotation":180,"texture":"#5"},"south":{"uv":[8,5,8.25,5.25],"rotation":180,"texture":"#5"},"down":{"uv":[9.75,5.5,11,6],"rotation":90,"texture":"#5"}}},{"from":[-1.15,5.975,7.2],"to":[3.2035,6.775,8.8],"rotation":{"angle":0,"axis":"z","origin":[3.20351,5.28922,8]},"faces":{"north":{"uv":[10.75,5,13.25,5.75],"rotation":180,"texture":"#5"},"south":{"uv":[8,5,10.5,5.75],"rotation":180,"texture":"#5"},"down":{"uv":[8.25,10,9.25,11],"rotation":90,"texture":"#5"}}},{"from":[-0.95,6.675,7.20075],"to":[1.7,7.675,8.79925],"rotation":{"angle":22.5,"axis":"z","origin":[3.20351,5.28922,8.00075]},"faces":{"north":{"uv":[11,4.25,12.75,5.25],"rotation":180,"texture":"#5"},"south":{"uv":[11,4.25,12.75,5.25],"rotation":180,"texture":"#5"},"down":{"uv":[8.5,10.75,9.5,12.25],"rotation":90,"texture":"#5"}}},{"from":[-5.15,4.575,6.8],"to":[-1,7.275,9.2],"rotation":{"angle":0,"axis":"z","origin":[3.20351,5.28922,8]},"faces":{"north":{"uv":[9.5,2.75,12,5.5],"rotation":180,"texture":"#5"},"east":{"uv":[11,10,12.5,13],"texture":"#5"},"south":{"uv":[13.5,2.75,16,5.5],"rotation":180,"texture":"#5"}}},{"from":[-0.8,6.275,7.05],"to":[0.15,7.175,7.45],"rotation":{"angle":-22.5,"axis":"x","origin":[-0.425,6.675,7.25]},"faces":{"north":{"uv":[3,0,7,4],"rotation":180,"texture":"#0"},"east":{"uv":[15.5,0,16,0.5],"rotation":270,"texture":"#0"},"west":{"uv":[15.5,0,16,0.5],"rotation":270,"texture":"#0"}}},{"from":[-0.8,6.275,8.55],"to":[0.15,7.175,8.95],"rotation":{"angle":22.5,"axis":"x","origin":[-0.425,6.675,8.75]},"faces":{"east":{"uv":[15.5,0,16,0.5],"rotation":270,"texture":"#0"},"south":{"uv":[3,0,7,4],"rotation":180,"texture":"#0"},"west":{"uv":[15.5,0,16,0.5],"rotation":270,"texture":"#0"}}},{"from":[-6.2,4.85,6.775],"to":[-5.35,6.95,6.9],"rotation":{"angle":0,"axis":"x","origin":[-5.925,6.65,6.975]},"faces":{"north":{"uv":[7,0,16,4],"rotation":270,"texture":"#0"},"east":{"uv":[15.5,0,16,0.5],"rotation":270,"texture":"#0"},"west":{"uv":[15.5,0,16,0.5],"rotation":270,"texture":"#0"},"up":{"uv":[15.5,0,16,0.5],"rotation":270,"texture":"#0"},"down":{"uv":[7.5,13.5,8,14],"rotation":270,"texture":"#0"}}},{"from":[-5.5354,4.475,8.42388],"to":[-5.0354,7.175,9.02388],"rotation":{"angle":-22.5,"axis":"y","origin":[-5.5354,6.275,8.82388]},"faces":{"south":{"uv":[13.25,2.5,13.5,5.5],"rotation":180,"texture":"#5"},"down":{"uv":[15.75,15.75,16,16],"rotation":180,"texture":"#5"}}},{"from":[-5.5354,4.475,6.97612],"to":[-5.0354,7.175,7.57612],"rotation":{"angle":22.5,"axis":"y","origin":[-5.5354,6.275,7.17612]},"faces":{"north":{"uv":[13.25,2.5,13.5,5.5],"rotation":180,"texture":"#5"},"down":{"uv":[15.75,15.75,16,16],"rotation":180,"texture":"#5"}}},{"from":[-8.125,6.375,6.901],"to":[-4.575,9.575,9.099],"rotation":{"angle":22.5,"axis":"z","origin":[-0.97149,7.08922,8.001]},"faces":{"north":{"uv":[10.75,3.25,12,5.75],"rotation":180,"texture":"#5"},"south":{"uv":[10.75,3.25,12,5.75],"rotation":180,"texture":"#5"},"down":{"uv":[6.5,7.75,7,8.75],"rotation":90,"texture":"#5"}}},{"from":[-8.125,5.875,7.4001],"to":[-4.575,6.375,8.5999],"rotation":{"angle":22.5,"axis":"z","origin":[-0.97149,6.58922,8.0001]},"faces":{"north":{"uv":[8.25,7.25,10.25,7.75],"texture":"#5"},"south":{"uv":[8.25,7.25,10.25,7.75],"texture":"#5"},"down":{"uv":[6.5,7.75,6.75,8.75],"rotation":90,"texture":"#5"}}},{"from":[-9.325,7.8,7.6],"to":[-7.975,8.3,8.4],"rotation":{"angle":45,"axis":"z","origin":[-2.17149,8.51422,8]},"faces":{"north":{"uv":[7.75,7,8.75,8.25],"rotation":180,"texture":"#5"},"south":{"uv":[7.75,7,8.75,8.25],"rotation":180,"texture":"#5"},"west":{"uv":[7.75,8,8.75,9.25],"texture":"#5"},"down":{"uv":[8.5,11,9.25,12.5],"rotation":90,"texture":"#5"}}},{"from":[-7.025,6.15,7.6],"to":[-5.675,6.35,8.4],"rotation":{"angle":22.5,"axis":"z","origin":[0.12851,6.86422,8.0005]},"faces":{"north":{"uv":[7.75,7,8.75,7.5],"rotation":180,"texture":"#5"},"south":{"uv":[7.75,7,8.75,7.5],"rotation":180,"texture":"#5"},"down":{"uv":[8.25,10.25,9,11.75],"rotation":90,"texture":"#5"}}},{"from":[-11.825,6.375,6.9002],"to":[-8.675,7.875,9.0998],"rotation":{"angle":45,"axis":"z","origin":[-4.87149,7.08922,8.0002]},"faces":{"north":{"uv":[13.25,3,15.25,4.75],"texture":"#5"},"south":{"uv":[11.5,3,13.5,4.75],"texture":"#5"},"down":{"uv":[8.5,11,9,12.5],"rotation":90,"texture":"#5"}}},{"from":[-11.825,5.875,7.4],"to":[-8.85,6.375,8.6],"rotation":{"angle":45,"axis":"z","origin":[-4.87149,6.58922,8]},"faces":{"north":{"uv":[8.25,7.25,10.25,7.75],"texture":"#5"},"south":{"uv":[8.25,7.25,10.25,7.75],"texture":"#5"},"down":{"uv":[8.5,11,9.25,12.5],"rotation":90,"texture":"#5"}}},{"from":[-13.65,0.475,6.9],"to":[-9.2,7.075,9.1],"rotation":{"angle":0,"axis":"z","origin":[-6.52149,4.18922,8]},"faces":{"north":{"uv":[9.75,0.5,12.25,5.5],"rotation":180,"texture":"#5"},"east":{"uv":[11,0,12.25,5.5],"texture":"#5"},"south":{"uv":[13.75,0.5,11.25,5.5],"rotation":180,"texture":"#5"},"west":{"uv":[6.75,12.5,7,12.75],"rotation":180,"texture":"#5"},"down":{"uv":[8.25,9,9.5,11.25],"rotation":90,"texture":"#5"}}},{"from":[-14.1,0.575,7],"to":[-13.65,7.875,9],"rotation":{"angle":0,"axis":"z","origin":[-6.52149,4.18922,8]},"faces":{"north":{"uv":[2.5,8,3,12],"rotation":180,"texture":"#3"},"south":{"uv":[2.5,8,3,12],"rotation":180,"texture":"#3"},"west":{"uv":[0,5.25,6.25,7],"rotation":270,"texture":"#3"},"down":{"uv":[5,8,5.5,8.5],"rotation":270,"texture":"#3"}}},{"from":[-14.0995,7.04657,8.4],"to":[-13.6495,7.875,9],"rotation":{"angle":-45,"axis":"x","origin":[-13.875,7.46079,8]},"faces":{"south":{"uv":[2.25,11.75,2.75,12.25],"rotation":180,"texture":"#3"},"west":{"uv":[0,5,0.75,5.75],"rotation":90,"texture":"#3"}}},{"from":[-14.0995,7.04657,7],"to":[-13.6495,7.875,7.6],"rotation":{"angle":45,"axis":"x","origin":[-13.875,7.46079,8]},"faces":{"north":{"uv":[2.25,11.75,2.75,12.25],"rotation":180,"texture":"#3"},"west":{"uv":[0,6,0.75,6.75],"rotation":90,"texture":"#3"}}},{"from":[-14.1,7.86079,7.58579],"to":[-13.65,8.46079,8.41421],"rotation":{"angle":0,"axis":"x","origin":[-13.875,7.46079,8]},"faces":{"west":{"uv":[0,5,0.75,5.75],"texture":"#3"},"up":{"uv":[2.75,12,3.25,12.5],"rotation":180,"texture":"#3"}}},{"from":[-9.2,3.875,6.9],"to":[-6.95,7.075,9.1],"rotation":{"angle":0,"axis":"z","origin":[-2.07149,4.58922,8]},"faces":{"north":{"uv":[13.5,3,14.75,5.5],"rotation":180,"texture":"#5"},"south":{"uv":[13.5,3,14.75,5.5],"rotation":180,"texture":"#5"}}},{"from":[-4.17421,5.90844,6.8002],"to":[-2.34502,6.60844,9.1998],"rotation":{"angle":22.5,"axis":"z","origin":[1.67931,8.62265,8.0002]},"faces":{"north":{"uv":[8.5,4.25,9.75,5],"texture":"#5"},"south":{"uv":[8.5,4.25,9.75,5],"texture":"#5"},"down":{"uv":[7.25,8,9.25,9.25],"rotation":270,"texture":"#5"}}},{"from":[-5.15,3.875,6.8],"to":[-2.68995,4.575,9.2],"rotation":{"angle":0,"axis":"z","origin":[1.85351,8.68922,8]},"faces":{"north":{"uv":[8.5,4.25,10,5],"texture":"#5"},"south":{"uv":[8.5,4.25,10,5],"texture":"#5"},"west":{"uv":[8.5,5.25,9.75,6],"rotation":180,"texture":"#5"},"down":{"uv":[15.75,15.75,16,16],"rotation":180,"texture":"#5"}}},{"from":[8.80002,4.28935,7.4501],"to":[9.40002,5.68935,8.5499],"rotation":{"angle":0,"axis":"z","origin":[8.65002,4.03935,8.0001]},"faces":{"north":{"uv":[10.25,2.25,11,3.5],"rotation":180,"texture":"#5"},"south":{"uv":[10.25,2.25,11,3.5],"rotation":180,"texture":"#5"},"west":{"uv":[10.25,4.75,11.5,6],"rotation":180,"texture":"#5"}}},{"from":[9.06144,4.59539,7.45],"to":[9.36144,5.89539,8.55],"rotation":{"angle":-22.5,"axis":"z","origin":[8.61144,4.34539,8]},"faces":{"north":{"uv":[12.75,3.5,13,4.75],"texture":"#5"},"east":{"uv":[6.75,10.5,7.75,12.5],"texture":"#5"},"south":{"uv":[12.75,3.5,13,4.75],"texture":"#5"}}},{"from":[8.33856,4.19539,7.45],"to":[8.43856,4.49539,8.55],"rotation":{"angle":-22.5,"axis":"z","origin":[9.08856,3.44539,8]},"faces":{"north":{"uv":[10.25,2.25,10.5,2.5],"rotation":180,"texture":"#5"},"south":{"uv":[10.25,2.25,10.5,2.5],"rotation":180,"texture":"#5"},"west":{"uv":[10.25,4.75,11.5,5.25],"rotation":180,"texture":"#5"}}},{"from":[4.65,6.1,7.45],"to":[10.45,6.6,8.55],"rotation":{"angle":0,"axis":"z","origin":[7.9,6.85,8]},"faces":{"north":{"uv":[10.5,4.75,14.25,5.5],"rotation":180,"texture":"#5"},"south":{"uv":[10.5,4.75,14.25,5.5],"rotation":180,"texture":"#5"},"down":{"uv":[8,8,9.25,8.25],"rotation":180,"texture":"#5"}}},{"from":[10.11656,6.27992,7.4502],"to":[11.31656,6.77992,8.5498],"rotation":{"angle":22.5,"axis":"z","origin":[10.86656,7.02992,8.0002]},"faces":{"north":{"uv":[10.75,4.75,11.75,5.5],"rotation":180,"texture":"#5"},"south":{"uv":[10.75,4.75,11.75,5.5],"rotation":180,"texture":"#5"},"down":{"uv":[15,9.25,15.5,9.75],"rotation":90,"texture":"#5"}}},{"from":[-13.65,8.4,7.92044],"to":[5.75,9,8.07957],"rotation":{"angle":0,"axis":"y","origin":[1.5,8.6,8]},"faces":{"west":{"uv":[6.75,12.75,7,13],"rotation":180,"texture":"#5"},"up":{"uv":[4,2.5,16,2.75],"rotation":180,"texture":"#5"}}},{"from":[-13.65,6.43223,7.56688],"to":[12.75,7.73223,8.43309],"rotation":{"angle":0,"axis":"y","origin":[1.5,6.83223,7.64645]},"faces":{"down":{"uv":[15,9.25,15.5,9.75],"rotation":90,"texture":"#5"}}},{"from":[12.75,6.43223,7.56688],"to":[13.55,7.73223,8.43309],"rotation":{"angle":0,"axis":"y","origin":[1.5,6.83223,7.64645]},"faces":{"east":{"uv":[3.25,5.25,3.5,5.5],"texture":"#3"},"down":{"uv":[15.75,15.75,16,16],"texture":"#3"}}},{"from":[13.55,6.43223,7.6669],"to":[14.55,7.73223,8.3331],"rotation":{"angle":0,"axis":"y","origin":[28.7,6.83223,7.44646]},"faces":{"north":{"uv":[0,10.25,2,12.25],"rotation":90,"texture":"#3"},"east":{"uv":[9,12.75,9.25,14.25],"rotation":90,"texture":"#3"},"south":{"uv":[0,10.25,2,12.25],"rotation":270,"texture":"#3"},"down":{"uv":[15.75,15.75,16,16],"texture":"#3"}}},{"from":[14.15,6.53223,7.66675],"to":[14.35,6.73223,8.33325],"rotation":{"angle":0,"axis":"y","origin":[28.5,6.93223,7.44631]},"faces":{"north":{"uv":[13.5,14.5,15,13],"rotation":90,"texture":"#0"},"south":{"uv":[13.5,13.5,15,15],"rotation":90,"texture":"#0"}}},{"from":[14.05,6.13223,7.8],"to":[14.45,6.53223,8.2],"rotation":{"angle":0,"axis":"y","origin":[28.7,5.63223,7.47957]},"faces":{"north":{"uv":[9,6.5,9.75,7.75],"texture":"#3"},"east":{"uv":[10.25,6.5,11,7.75],"texture":"#3"},"south":{"uv":[10,6.5,10.75,7.75],"texture":"#3"},"west":{"uv":[6.5,6.5,7.25,7.75],"texture":"#3"}}},{"from":[12.95,6.93223,6.6],"to":[13.35,7.33223,7],"rotation":{"angle":45,"axis":"x","origin":[27.6,6.43223,6.27957]},"faces":{"north":{"uv":[12,7,13.5,8.5],"rotation":180,"texture":"#0"},"east":{"uv":[14,14,15.5,15.5],"rotation":180,"texture":"#0"},"south":{"uv":[14.5,14.5,16,16],"rotation":180,"texture":"#0"},"west":{"uv":[14.5,14.5,16,16],"rotation":180,"texture":"#0"},"down":{"uv":[13.5,13.5,15,15],"rotation":180,"texture":"#0"}}},{"from":[13.45,0.83223,7.66863],"to":[15.05,6.13223,8.33137],"rotation":{"angle":0,"axis":"y","origin":[14.25,3.48223,8]},"faces":{"east":{"uv":[11.25,1.75,11.75,5.25],"texture":"#5"},"west":{"uv":[11.25,2,11.75,5.5],"texture":"#5"},"up":{"uv":[14.75,5,15,5.25],"texture":"#5"},"down":{"uv":[15.75,5,16,5.25],"texture":"#5"}}},{"from":[14.8817,0.87832,7.66863],"to":[15.2817,1.97832,8.33137],"rotation":{"angle":22.5,"axis":"z","origin":[15.0817,1.27832,8]},"faces":{"north":{"uv":[11.5,4,12,5],"texture":"#5"},"east":{"uv":[11.5,4,12,5],"rotation":180,"texture":"#5"},"south":{"uv":[11.5,4,12,5],"texture":"#5"},"down":{"uv":[13.75,4.75,14.25,5.25],"rotation":90,"texture":"#5"}}},{"from":[13.91863,0.83223,7.2],"to":[14.58137,6.13233,8.8],"rotation":{"angle":0,"axis":"y","origin":[14.25,3.48223,8]},"faces":{"north":{"uv":[11.25,1.5,11.75,5],"texture":"#5"},"south":{"uv":[11.25,1.5,11.75,5],"texture":"#5"},"up":{"uv":[14.75,5,15,5.25],"texture":"#5"},"down":{"uv":[15.75,5,16,5.25],"texture":"#5"}}},{"from":[13.4505,4.38594,7.96412],"to":[15.0495,6.08594,8.66412],"rotation":{"angle":22.5,"axis":"x","origin":[13.98137,5.18594,8.26412]},"faces":{"east":{"uv":[14.75,3.25,15.25,4.75],"rotation":180,"texture":"#5"},"south":{"uv":[10.25,4,11.5,5.25],"rotation":180,"texture":"#5"},"west":{"uv":[9.25,3.25,9.75,4.75],"rotation":180,"texture":"#5"},"up":{"uv":[14.75,4.5,16,5],"rotation":180,"texture":"#5"}}},{"from":[13.4505,4.38594,7.33588],"to":[15.0495,6.08594,8.03588],"rotation":{"angle":-22.5,"axis":"x","origin":[13.98137,5.18594,7.73588]},"faces":{"north":{"uv":[10.25,4,11.5,5.25],"rotation":180,"texture":"#5"},"east":{"uv":[10.25,3.25,10.75,4.75],"rotation":180,"texture":"#5"},"west":{"uv":[14.75,3.25,15.25,4.75],"rotation":180,"texture":"#5"},"up":{"uv":[14.75,4.5,16,5],"texture":"#5"}}},{"from":[13.45,0.83223,7.66863],"to":[15.05,6.13213,8.33137],"rotation":{"angle":-45,"axis":"y","origin":[14.25,3.48223,8]},"faces":{"east":{"uv":[11,1.5,11.5,5],"texture":"#5"},"west":{"uv":[14,1.75,14.5,5.25],"texture":"#5"},"up":{"uv":[14.75,5,15,5.25],"texture":"#5"},"down":{"uv":[15.75,5,16,5.25],"texture":"#5"}}},{"from":[13.45,0.83223,7.66863],"to":[15.05,6.13213,8.33137],"rotation":{"angle":45,"axis":"y","origin":[14.25,3.48223,8]},"faces":{"east":{"uv":[12.5,1.5,13,5],"texture":"#5"},"west":{"uv":[10.5,1.75,11,5.25],"texture":"#5"},"up":{"uv":[14.75,5,15,5.25],"texture":"#5"},"down":{"uv":[15.75,5,16,5.25],"texture":"#5"}}},{"from":[11.25,6.925,8.72043],"to":[16.25,7.725,8.87956],"rotation":{"angle":22.5,"axis":"x","origin":[15.465,7.325,8.8]},"faces":{"east":{"uv":[15.75,15.75,16,16],"texture":"#3"},"up":{"uv":[2.75,4.25,5.75,4.75],"texture":"#3"},"down":{"uv":[3.5,8.25,6.5,8.75],"texture":"#3"}}},{"from":[16.25,7.025,8.67574],"to":[16.55,7.625,8.92426],"rotation":{"angle":22.5,"axis":"x","origin":[15.465,7.325,8.8]},"faces":{"up":{"uv":[12,12.5,13,14],"rotation":270,"texture":"#0"},"down":{"uv":[16,12.5,15,14],"rotation":270,"texture":"#0"}}},{"from":[16.25,7.20074,8.5],"to":[16.55,7.44926,9.1],"rotation":{"angle":22.5,"axis":"x","origin":[15.465,7.325,8.8]},"faces":{"north":{"uv":[15.5,12.5,14.5,14],"rotation":270,"texture":"#0"},"south":{"uv":[14.5,12.5,13.5,14],"rotation":270,"texture":"#0"}}},{"from":[16.25,7.025,8.67574],"to":[16.55,7.625,8.92426],"rotation":{"angle":-22.5,"axis":"x","origin":[15.465,7.325,8.8]},"faces":{"up":{"uv":[14,12.5,15,14],"rotation":270,"texture":"#0"},"down":{"uv":[15.5,12.5,14.5,14],"rotation":270,"texture":"#0"}}},{"from":[16.25,7.20074,8.5],"to":[16.55,7.44926,9.1],"rotation":{"angle":-22.5,"axis":"x","origin":[15.465,7.325,8.8]},"faces":{"north":{"uv":[16,14.5,15,16],"rotation":270,"texture":"#0"},"south":{"uv":[12.5,12.5,13.5,14],"rotation":270,"texture":"#0"}}},{"from":[16.55,6.925,8.72043],"to":[16.85,7.725,8.87956],"rotation":{"angle":22.5,"axis":"x","origin":[15.465,7.325,8.8]},"faces":{"east":{"uv":[12.5,14,13,15.5],"texture":"#0"},"west":{"uv":[11,10.5,11.5,11],"rotation":90,"texture":"#0"},"up":{"uv":[11,13,11.5,14],"rotation":90,"texture":"#0"},"down":{"uv":[11,15,11.5,16],"rotation":90,"texture":"#0"}}},{"from":[-13.65,7.45977,9.16066],"to":[5.75,7.6189,9.46066],"rotation":{"angle":0,"axis":"x","origin":[1.5,7.53934,9.06066]},"faces":{"east":{"uv":[6.75,12.5,7,12.75],"rotation":180,"texture":"#5"},"south":{"uv":[2.75,4.75,14.75,5],"rotation":180,"texture":"#5"},"west":{"uv":[6.75,12.5,7,12.75],"rotation":180,"texture":"#5"}}},{"from":[5.75,7.24764,8.94853],"to":[13.55,7.40677,9.24853],"rotation":{"angle":0,"axis":"x","origin":[10.5,7.32721,8.84853]},"faces":{"east":{"uv":[3,4.75,3.25,5],"texture":"#3"},"south":{"uv":[3,4.5,15,5],"texture":"#3"}}},{"from":[5.75,7.24764,6.75147],"to":[13.55,7.40677,7.05147],"rotation":{"angle":0,"axis":"x","origin":[10.5,7.32721,7.15147]},"faces":{"north":{"uv":[3,4.5,15,5],"texture":"#3"},"east":{"uv":[3.25,5.25,3.5,6],"rotation":90,"texture":"#3"}}},{"from":[-13.65,7.45977,6.53934],"to":[5.75,7.6189,6.83934],"rotation":{"angle":0,"axis":"x","origin":[1.5,7.53934,6.93934]},"faces":{"north":{"uv":[2.75,4.75,14.75,5],"rotation":180,"texture":"#5"},"east":{"uv":[6.75,12.5,7,12.75],"rotation":180,"texture":"#5"},"west":{"uv":[6.75,12.5,7,12.75],"rotation":180,"texture":"#5"}}},{"from":[11.25,7.24543,8.4],"to":[16.25,7.40456,9.2],"rotation":{"angle":22.5,"axis":"x","origin":[15.465,7.325,8.8]},"faces":{"north":{"uv":[5.75,8,8.75,8.25],"rotation":180,"texture":"#3"},"east":{"uv":[15.75,15.75,16,16],"texture":"#3"},"south":{"uv":[0,5.25,3,5.75],"texture":"#3"}}},{"from":[16.55,7.24543,8.4],"to":[16.85,7.40456,9.2],"rotation":{"angle":45,"axis":"x","origin":[15.465,7.325,8.8]},"faces":{"north":{"uv":[14.5,13.5,15,14.5],"rotation":270,"texture":"#0"},"east":{"uv":[12.5,14,13,15.5],"rotation":90,"texture":"#0"},"south":{"uv":[14,14.5,14.5,15.5],"rotation":90,"texture":"#0"},"west":{"uv":[11,10.5,11.5,11],"rotation":90,"texture":"#0"}}},{"from":[-5.85,8.7,7.92044],"to":[-5.25,9,9.57957],"rotation":{"angle":45,"axis":"x","origin":[1.5,8.6,8]},"faces":{"east":{"uv":[7.75,15.75,8,16],"texture":"#5"},"west":{"uv":[7.75,15.75,8,16],"texture":"#5"},"up":{"uv":[8.75,3,9,5],"texture":"#5"}}},{"from":[-5.25,8.675,9.12044],"to":[-1.15,9,9.57957],"rotation":{"angle":45,"axis":"x","origin":[5.6,8.6,8]},"faces":{"north":{"uv":[14.5,2.25,14.75,2.5],"texture":"#5"},"up":{"uv":[8.75,4.5,10.75,5],"texture":"#5"}}},{"from":[-5.25,8.475,8.37044],"to":[-1.15,8.8,9.12957],"rotation":{"angle":45,"axis":"x","origin":[5.6,8.6,8]},"faces":{"up":{"uv":[1.25,6.5,5.5,7.25],"texture":"#3"}}},{"from":[-13.65,8.55,8.37044],"to":[-5.85,8.875,9.12957],"rotation":{"angle":45,"axis":"x","origin":[5.6,8.6,8]},"faces":{"west":{"uv":[6.75,12.75,7,13],"rotation":180,"texture":"#5"},"up":{"uv":[7.75,3.75,12.5,5],"rotation":180,"texture":"#5"}}},{"from":[-13.65,8.55,6.87043],"to":[-5.85,8.875,7.62956],"rotation":{"angle":-45,"axis":"x","origin":[5.6,8.6,8]},"faces":{"west":{"uv":[6.75,12.75,7,13],"rotation":180,"texture":"#5"},"up":{"uv":[8.75,3.75,13.5,5],"texture":"#5"}}},{"from":[-5.35,8.725,6.77043],"to":[-1.05,9.05,7.72956],"rotation":{"angle":-45,"axis":"x","origin":[5.6,8.6,8]},"faces":{"north":{"uv":[2.5,5.25,8.5,5.5],"rotation":180,"texture":"#5"},"east":{"uv":[2.5,5.25,5.5,5.5],"rotation":180,"texture":"#5"},"south":{"uv":[2.5,5.25,8.5,5.5],"rotation":180,"texture":"#5"},"west":{"uv":[2.5,5.25,5.5,5.5],"rotation":180,"texture":"#5"},"up":{"uv":[10.5,4.75,13.5,3.75],"texture":"#5"}}},{"from":[-5.25,8.675,7.92044],"to":[-1.15,9,8.37957],"rotation":{"angle":45,"axis":"x","origin":[5.6,8.6,8]},"faces":{"south":{"uv":[15.75,15.75,16,16],"texture":"#5"},"up":{"uv":[8.75,3,10.75,3.5],"texture":"#5"}}},{"from":[-1.15,8.675,7.92044],"to":[5.75,9,9.57957],"rotation":{"angle":45,"axis":"x","origin":[12,8.6,8]},"faces":{"east":{"uv":[6.75,12.5,7,12.75],"rotation":180,"texture":"#5"},"west":{"uv":[7.75,15.75,8,16],"texture":"#5"},"up":{"uv":[8.75,2.5,5,4.5],"texture":"#5"}}},{"from":[5.75,8.46287,8.7083],"to":[13.55,8.78787,9.36743],"rotation":{"angle":45,"axis":"x","origin":[10.5,8.38787,7.78787]},"faces":{"east":{"uv":[3,4.75,3.25,5.75],"texture":"#3"},"up":{"uv":[3,4.5,15,5.75],"rotation":180,"texture":"#3"}}},{"from":[12.75,8.46287,6.63257],"to":[13.5505,8.78787,7.3917],"rotation":{"angle":-45,"axis":"x","origin":[10.5,8.38787,8.21213]},"faces":{"east":{"uv":[3,4.75,3.25,5.75],"texture":"#3"},"west":{"uv":[15.75,15.75,16,16],"texture":"#3"},"up":{"uv":[3,4.5,4.25,5.75],"texture":"#3"}}},{"from":[11.75,8.78787,6.65757],"to":[13.35,9.18787,7.2167],"rotation":{"angle":-45,"axis":"x","origin":[10.5,8.38787,8.21213]},"faces":{"north":{"uv":[4.75,11.25,6.25,11.75],"rotation":180,"texture":"#5"},"east":{"uv":[5,11.5,5.5,12],"rotation":180,"texture":"#5"},"south":{"uv":[4.75,11.75,6.25,12.25],"rotation":180,"texture":"#5"},"west":{"uv":[7,11.5,7.75,12],"rotation":180,"texture":"#5"},"up":{"uv":[9.75,4.5,10.5,5.75],"rotation":270,"texture":"#5"}}},{"from":[11.95,9.18787,6.65757],"to":[12.95,10.38787,7.2167],"rotation":{"angle":-45,"axis":"x","origin":[10.5,8.38787,8.21213]},"faces":{"north":{"uv":[7,11.5,8,12.75],"rotation":180,"texture":"#5"},"east":{"uv":[6,4,6.75,5.25],"texture":"#5"},"south":{"uv":[8,3.75,9,5],"texture":"#5"},"west":{"uv":[11.25,3.75,12,5],"texture":"#5"},"up":{"uv":[2.5,1,3.5,1.75],"rotation":180,"texture":"#5"}}},{"from":[12.25,10.38787,6.65757],"to":[13.15,10.68787,7.2167],"rotation":{"angle":-45,"axis":"x","origin":[10.5,8.38787,8.21213]},"faces":{"north":{"uv":[8,12.5,9,12.75],"rotation":180,"texture":"#5"},"east":{"uv":[2.5,1,3.25,1.5],"rotation":180,"texture":"#5"},"south":{"uv":[11.25,3.25,12.25,3.75],"rotation":180,"texture":"#5"},"west":{"uv":[2.5,1,3.25,1.5],"rotation":180,"texture":"#5"},"up":{"uv":[2.5,1,3.5,1.75],"rotation":180,"texture":"#5"},"down":{"uv":[9,5.5,9.75,6],"rotation":180,"texture":"#5"}}},{"from":[5.15,8.48787,6.63257],"to":[5.95,8.78787,7.3917],"rotation":{"angle":-45,"axis":"x","origin":[10.5,8.38787,8.21213]},"faces":{"east":{"uv":[15.75,15.75,16,16],"texture":"#3"},"up":{"uv":[3,4.5,3.5,5.75],"texture":"#3"}}},{"from":[5.95,8.48787,6.63257],"to":[12.75,8.78787,6.8917],"rotation":{"angle":-45,"axis":"x","origin":[10.5,8.38787,8.21213]},"faces":{"south":{"uv":[10,11.75,10.25,12],"texture":"#3"},"up":{"uv":[2.75,4.5,14.75,5],"texture":"#3"}}},{"from":[5.95,8.33787,6.73257],"to":[12.75,8.63787,7.1917],"rotation":{"angle":-45,"axis":"x","origin":[10.5,8.38787,8.21213]},"faces":{"up":{"uv":[15.75,15.75,16,16],"texture":"#3"}}},{"from":[-5.85,8.7,6.42044],"to":[5.75,9,8.07956],"rotation":{"angle":-45,"axis":"x","origin":[1.5,8.6,8]},"faces":{"east":{"uv":[6.75,12.5,7,12.75],"rotation":180,"texture":"#5"},"west":{"uv":[7.75,15.75,8,16],"texture":"#5"},"up":{"uv":[4.5,2.5,11.75,4.5],"rotation":180,"texture":"#5"}}},{"from":[11.25,7.24543,8.4],"to":[16.25,7.40456,9.2],"rotation":{"angle":-22.5,"axis":"x","origin":[15.465,7.325,8.8]},"faces":{"north":{"uv":[5.75,8,8.75,8.25],"rotation":180,"texture":"#3"},"east":{"uv":[15.75,15.75,16,16],"texture":"#3"},"south":{"uv":[2,4.75,5,5.25],"texture":"#3"}}},{"from":[16.55,7.24543,8.4],"to":[16.8505,7.40456,9.2],"rotation":{"angle":-22.5,"axis":"x","origin":[15.465,7.325,8.8]},"faces":{"north":{"uv":[13,15,13.5,16],"rotation":270,"texture":"#0"},"east":{"uv":[12.5,14,13,15.5],"rotation":270,"texture":"#0"},"south":{"uv":[13.5,13.5,14,14.5],"rotation":90,"texture":"#0"},"west":{"uv":[11,10.5,11.5,11],"rotation":90,"texture":"#0"}}},{"from":[-13.65,7.52043,9.3],"to":[5.75,8.67956,9.9],"rotation":{"angle":45,"axis":"x","origin":[1.5,8.6,8]},"faces":{"east":{"uv":[6.75,12.5,7,12.75],"rotation":180,"texture":"#5"},"south":{"uv":[2.75,8.5,14.75,10],"rotation":180,"texture":"#5"},"west":{"uv":[6.75,12.5,7,12.75],"rotation":180,"texture":"#5"}}},{"from":[5.75,7.52043,9],"to":[12.75,8.37956,9.9],"rotation":{"angle":45,"axis":"x","origin":[10.5,8.6,8]},"faces":{"south":{"uv":[6,9.5,13.75,10.5],"rotation":180,"texture":"#5"}}},{"from":[12.75,7.52043,9],"to":[13.55,8.37956,9.9],"rotation":{"angle":45,"axis":"x","origin":[10.5,8.6,8]},"faces":{"east":{"uv":[3.25,5.25,3.5,5.5],"texture":"#3"},"south":{"uv":[9.5,8.25,10.25,9.25],"rotation":180,"texture":"#3"}}},{"from":[-13.65,7.52043,6.1],"to":[5.75,8.67956,6.725],"rotation":{"angle":-45,"axis":"x","origin":[1.5,8.6,8]},"faces":{"north":{"uv":[2.75,8.5,14.75,10],"rotation":180,"texture":"#5"},"east":{"uv":[6.75,12.5,7,12.75],"rotation":180,"texture":"#5"},"west":{"uv":[6.75,12.5,7,12.75],"rotation":180,"texture":"#5"}}},{"from":[5.75,7.52043,6.1],"to":[12.75,8.37956,7],"rotation":{"angle":-45,"axis":"x","origin":[10.5,8.6,8]},"faces":{"north":{"uv":[13.75,9.5,6,10.5],"rotation":180,"texture":"#5"}}},{"from":[12.75,7.52043,6.1],"to":[13.55,8.37956,7],"rotation":{"angle":-45,"axis":"x","origin":[10.5,8.6,8]},"faces":{"north":{"uv":[8.5,8.25,9.25,9.25],"rotation":180,"texture":"#3"},"east":{"uv":[3.25,5.25,3.5,5.5],"texture":"#3"}}},{"from":[11.25,6.925,8.72043],"to":[16.25,7.725,8.87956],"rotation":{"angle":-22.5,"axis":"x","origin":[15.465,7.325,8.8]},"faces":{"east":{"uv":[15.75,15.75,16,16],"texture":"#3"},"up":{"uv":[2,4.75,5,5.25],"rotation":180,"texture":"#3"},"down":{"uv":[3.5,8.25,6.5,8.75],"rotation":180,"texture":"#3"}}},{"from":[16.55,6.925,8.72043],"to":[16.8505,7.725,8.87956],"rotation":{"angle":-22.5,"axis":"x","origin":[15.465,7.325,8.8]},"faces":{"east":{"uv":[12.5,14,13,15.5],"texture":"#0"},"west":{"uv":[11,10.5,11.5,11],"rotation":90,"texture":"#0"},"up":{"uv":[14,13.5,14.5,14.5],"rotation":90,"texture":"#0"},"down":{"uv":[13.5,14.5,14,15.5],"rotation":90,"texture":"#0"}}},{"from":[-13.65,8.7,7.92044],"to":[5.75,9,8.07957],"rotation":{"angle":22.5,"axis":"x","origin":[1.5,8.6,8]},"faces":{"west":{"uv":[6.75,12.75,7,13],"rotation":180,"texture":"#5"},"up":{"uv":[3.75,0.75,15.75,1],"rotation":180,"texture":"#5"}}},{"from":[-13.65,8.52043,8.1],"to":[-5.85,8.67956,8.4],"rotation":{"angle":-45,"axis":"x","origin":[1.5,8.6,8]},"faces":{"south":{"uv":[8.75,3.25,13.5,3.5],"rotation":180,"texture":"#5"},"west":{"uv":[6.75,12.75,7,13],"rotation":180,"texture":"#5"}}},{"from":[-13.65,8.52043,7.6],"to":[-5.85,8.67956,7.9],"rotation":{"angle":45,"axis":"x","origin":[1.5,8.6,8]},"faces":{"north":{"uv":[8.75,3.25,13.5,3.5],"rotation":180,"texture":"#5"},"west":{"uv":[6.75,12.75,7,13],"rotation":180,"texture":"#5"}}},{"from":[-13.65,8.02043,8],"to":[-5.85,8.67956,8.4],"rotation":{"angle":-22.5,"axis":"x","origin":[1.5,8.6,8]},"faces":{"south":{"uv":[8.75,4,13.5,4.75],"texture":"#5"},"west":{"uv":[6.75,12.75,7,13],"rotation":180,"texture":"#5"}}},{"from":[-13.65,8.02043,7.6],"to":[-5.85,8.67956,8],"rotation":{"angle":22.5,"axis":"x","origin":[1.5,8.6,8]},"faces":{"north":{"uv":[8.75,4,13.5,4.75],"texture":"#5"},"west":{"uv":[6.75,12.75,7,13],"rotation":180,"texture":"#5"}}},{"from":[11.25,6.925,8.72043],"to":[16.25,7.725,8.87956],"rotation":{"angle":45,"axis":"x","origin":[15.465,7.325,8.8]},"faces":{"east":{"uv":[15.75,15.75,16,16],"texture":"#3"},"up":{"uv":[5.25,4.5,8.25,5],"texture":"#3"},"down":{"uv":[3.5,8.25,6.5,8.75],"rotation":180,"texture":"#3"}}},{"from":[16.55,6.925,8.72043],"to":[16.85,7.725,8.87956],"rotation":{"angle":45,"axis":"x","origin":[15.465,7.325,8.8]},"faces":{"east":{"uv":[12.5,14,13,15.5],"texture":"#0"},"west":{"uv":[11,10.5,11.5,11],"rotation":90,"texture":"#0"},"up":{"uv":[12.5,13,13,14],"rotation":90,"texture":"#0"},"down":{"uv":[11,15,11.5,16],"rotation":90,"texture":"#0"}}},{"from":[-13.65,7.45977,9.16066],"to":[5.75,7.6189,9.46066],"rotation":{"angle":22.5,"axis":"x","origin":[1.5,7.53934,9.06066]},"faces":{"east":{"uv":[6.75,12.5,7,12.75],"rotation":180,"texture":"#5"},"south":{"uv":[2.5,5.25,14.5,5.5],"rotation":180,"texture":"#5"},"west":{"uv":[6.75,12.5,7,12.75],"rotation":180,"texture":"#5"}}},{"from":[5.75,7.24764,8.94853],"to":[13.55,7.40677,9.24853],"rotation":{"angle":22.5,"axis":"x","origin":[10.5,7.32721,8.84853]},"faces":{"east":{"uv":[3,5,3.25,5.25],"texture":"#3"},"south":{"uv":[3.25,7.5,15.25,8],"texture":"#3"}}},{"from":[5.75,7.24764,6.75147],"to":[13.55,7.40677,7.05147],"rotation":{"angle":-22.5,"axis":"x","origin":[10.5,7.32721,7.15147]},"faces":{"north":{"uv":[3.25,7.5,15.25,8],"texture":"#3"},"east":{"uv":[3.25,5.25,3.5,5.5],"texture":"#3"}}},{"from":[-13.65,7.45977,6.53934],"to":[5.75,7.6189,6.83934],"rotation":{"angle":-22.5,"axis":"x","origin":[1.5,7.53934,6.93934]},"faces":{"north":{"uv":[2.5,5.25,14.5,5.5],"rotation":180,"texture":"#5"},"east":{"uv":[6.75,12.5,7,12.75],"rotation":180,"texture":"#5"},"west":{"uv":[6.75,12.5,7,12.75],"rotation":180,"texture":"#5"}}},{"from":[11.25,7.24543,8.4],"to":[16.25,7.40456,9.2],"rotation":{"angle":45,"axis":"x","origin":[15.465,7.325,8.8]},"faces":{"north":{"uv":[0,5.25,9.25,5.75],"texture":"#3"},"east":{"uv":[15.75,15.75,16,16],"texture":"#3"},"south":{"uv":[6.75,8.25,9.75,8.75],"rotation":180,"texture":"#3"}}},{"from":[16.55,7.24543,8.4],"to":[17.05,7.40456,9.2],"rotation":{"angle":22.5,"axis":"x","origin":[15.465,7.325,8.8]},"faces":{"north":{"uv":[15.5,14.5,16,16],"rotation":270,"texture":"#0"},"east":{"uv":[11,13.5,14.5,14.5],"texture":"#0"},"south":{"uv":[13.5,14,14,15.5],"rotation":90,"texture":"#0"},"west":{"uv":[11,10.5,11.5,11],"rotation":90,"texture":"#0"},"up":{"uv":[11,13.5,14.5,15],"rotation":90,"texture":"#0"},"down":{"uv":[11,14.5,14.5,16],"rotation":90,"texture":"#0"}}},{"from":[-13.65,7.45977,9.16066],"to":[5.75,7.6189,9.46066],"rotation":{"angle":-22.5,"axis":"x","origin":[1.5,7.53934,9.06066]},"faces":{"east":{"uv":[6.75,12.5,7,12.75],"rotation":180,"texture":"#5"},"south":{"uv":[3,4,15,4.25],"rotation":180,"texture":"#5"},"west":{"uv":[6.75,12.5,7,12.75],"rotation":180,"texture":"#5"}}},{"from":[-13.65,7.45977,9.13566],"to":[-5.85,7.6189,9.46066],"rotation":{"angle":-45,"axis":"x","origin":[1.5,7.53934,9.06066]},"faces":{"south":{"uv":[8.75,4.75,13.5,5],"texture":"#5"},"west":{"uv":[6.75,12.5,7,12.75],"rotation":180,"texture":"#5"}}},{"from":[-13.65,7.45977,6.53934],"to":[-5.85,7.6189,6.88934],"rotation":{"angle":45,"axis":"x","origin":[1.5,7.53934,6.93934]},"faces":{"north":{"uv":[8.75,4.75,13.5,5],"texture":"#5"},"west":{"uv":[6.75,12.5,7,12.75],"rotation":90,"texture":"#5"}}},{"from":[-13.65,7.63934,8.7811],"to":[-5.85,7.93934,9.14023],"rotation":{"angle":22.5,"axis":"x","origin":[1.5,7.53934,9.06066]},"faces":{"west":{"uv":[6.75,12.5,7,13],"rotation":90,"texture":"#5"},"up":{"uv":[8.75,4.25,13.5,4.75],"texture":"#5"}}},{"from":[-13.65,7.63934,6.85977],"to":[-5.85,7.93934,7.2189],"rotation":{"angle":-22.5,"axis":"x","origin":[1.5,7.53934,6.93934]},"faces":{"west":{"uv":[6.75,12.5,7,13],"rotation":270,"texture":"#5"},"up":{"uv":[8.75,4.25,13.5,4.75],"rotation":180,"texture":"#5"}}},{"from":[12.35,7.85977,8.36066],"to":[13.55,8.8189,8.76066],"rotation":{"angle":-22.5,"axis":"x","origin":[1.5,7.93934,8.86066]},"faces":{"east":{"uv":[3,4.75,3.25,6.75],"texture":"#3"},"south":{"uv":[3,4.25,5,6.25],"texture":"#3"},"west":{"uv":[3,4.25,3.25,6.25],"texture":"#3"}}},{"from":[12.35,7.85977,7.23934],"to":[13.55,8.8189,7.63934],"rotation":{"angle":22.5,"axis":"x","origin":[1.5,7.93934,7.13934]},"faces":{"north":{"uv":[3,4.25,5,6.25],"texture":"#3"},"east":{"uv":[3,4.75,3.25,6.75],"texture":"#3"},"west":{"uv":[3,4.25,3.25,6.25],"texture":"#3"},"down":{"uv":[15.75,15.75,16,16],"texture":"#3"}}},{"from":[10.25,7.85977,8.36066],"to":[10.55,8.8189,8.76066],"rotation":{"angle":-22.5,"axis":"x","origin":[1.5,7.93934,8.86066]},"faces":{"east":{"uv":[3,4.25,3.25,6.25],"texture":"#3"},"south":{"uv":[3,4.25,3.5,6.25],"texture":"#3"},"west":{"uv":[3,4.25,3.25,6.25],"texture":"#3"}}},{"from":[10.25,7.85977,7.23934],"to":[10.55,8.8189,7.63934],"rotation":{"angle":22.5,"axis":"x","origin":[1.5,7.93934,7.13934]},"faces":{"north":{"uv":[3,4.25,3.5,6.25],"texture":"#3"},"east":{"uv":[3,4.25,3.25,6.25],"texture":"#3"},"west":{"uv":[3,4.25,3.25,6.25],"texture":"#3"},"down":{"uv":[15.75,15.75,16,16],"texture":"#3"}}},{"from":[8.45,8.65977,8.46066],"to":[10.25,8.8189,8.76066],"rotation":{"angle":-22.5,"axis":"x","origin":[1.5,7.93934,8.86066]},"faces":{"south":{"uv":[3,4,5.25,4.5],"texture":"#3"},"down":{"uv":[2.75,8,5,8.5],"texture":"#3"}}},{"from":[8.45,8.65977,7.23934],"to":[10.25,8.8189,7.53934],"rotation":{"angle":22.5,"axis":"x","origin":[1.5,7.93934,7.13934]},"faces":{"north":{"uv":[2.75,4,5,4.5],"texture":"#3"},"down":{"uv":[2.75,8,5,8.5],"texture":"#3"}}},{"from":[8.45,8.05977,8.36066],"to":[10.25,8.2189,8.76066],"rotation":{"angle":-22.5,"axis":"x","origin":[1.5,7.93934,8.86066]},"faces":{"south":{"uv":[7.25,7.25,9.5,7.75],"texture":"#3"},"up":{"uv":[5,4.5,7.25,5.25],"rotation":180,"texture":"#3"}}},{"from":[8.45,7.85977,7.23934],"to":[10.25,8.2189,7.63934],"rotation":{"angle":22.5,"axis":"x","origin":[1.5,7.93934,7.13934]},"faces":{"north":{"uv":[11,7.5,13.25,8.5],"texture":"#3"},"up":{"uv":[5,4.5,7.25,5.25],"texture":"#3"},"down":{"uv":[15.75,15.75,16,16],"texture":"#3"}}},{"from":[10.55,8.65977,8.46066],"to":[12.35,8.8189,8.76066],"rotation":{"angle":-22.5,"axis":"x","origin":[1.5,7.93934,8.86066]},"faces":{"south":{"uv":[2.75,4,5,4.5],"texture":"#3"},"down":{"uv":[2.75,8,5,8.5],"texture":"#3"}}},{"from":[10.55,8.65977,7.23934],"to":[12.35,8.8189,7.53934],"rotation":{"angle":22.5,"axis":"x","origin":[1.5,7.93934,7.13934]},"faces":{"north":{"uv":[3,4,5.25,4.5],"texture":"#3"},"down":{"uv":[2.75,8,5,8.5],"texture":"#3"}}},{"from":[10.55,8.05977,8.36066],"to":[12.35,8.2189,8.76066],"rotation":{"angle":-22.5,"axis":"x","origin":[1.5,7.93934,8.86066]},"faces":{"south":{"uv":[11,7.25,13.25,7.75],"texture":"#3"},"up":{"uv":[5,4.5,7.25,5.25],"rotation":180,"texture":"#3"}}},{"from":[10.55,7.85977,7.23934],"to":[12.35,8.2189,7.63934],"rotation":{"angle":22.5,"axis":"x","origin":[1.5,7.93934,7.13934]},"faces":{"north":{"uv":[11,7.5,13.25,8.5],"texture":"#3"},"up":{"uv":[5,4.5,7.25,5.25],"texture":"#3"},"down":{"uv":[15.75,15.75,16,16],"texture":"#3"}}},{"from":[5.75,7.85977,8.36066],"to":[8.45,8.8189,8.76066],"rotation":{"angle":-22.5,"axis":"x","origin":[1.5,7.93934,8.86066]},"faces":{"east":{"uv":[3,4.25,3.25,6.25],"texture":"#3"},"south":{"uv":[3,4.25,7.25,6.25],"texture":"#3"}}},{"from":[5.75,7.85977,7.23934],"to":[8.45,8.8189,7.63934],"rotation":{"angle":22.5,"axis":"x","origin":[1.5,7.93934,7.13934]},"faces":{"north":{"uv":[3,4.25,7.25,6.25],"texture":"#3"},"east":{"uv":[3,4.25,3.25,6.25],"texture":"#3"},"down":{"uv":[15.75,15.75,16,16],"texture":"#3"}}},{"from":[5.75,8.76109,8.04613],"to":[13.55,8.92022,8.34613],"rotation":{"angle":-45,"axis":"x","origin":[1.5,8.84066,8.44613]},"faces":{"east":{"uv":[15.75,15.75,16,16],"texture":"#3"},"south":{"uv":[2.75,4.75,14.75,5],"texture":"#3"}}},{"from":[5.75,8.76109,7.65387],"to":[13.55,8.92022,7.95387],"rotation":{"angle":45,"axis":"x","origin":[1.5,8.84066,7.55387]},"faces":{"north":{"uv":[2.5,4.75,14.5,5],"texture":"#3"},"east":{"uv":[15.75,15.75,16,16],"texture":"#3"}}},{"from":[7.65,7.95977,7.03934],"to":[8.35,8.2189,7.33934],"rotation":{"angle":-22.5,"axis":"y","origin":[7.5,8.43934,7.38934]},"faces":{"north":{"uv":[7,4.5,5.5,5.25],"texture":"#3"},"west":{"uv":[8,4.75,7.25,5.5],"texture":"#3"},"up":{"uv":[15.75,4,14.25,4.75],"texture":"#3"},"down":{"uv":[15.75,15.75,16,16],"texture":"#3"}}},{"from":[5.75,7.24764,8.94853],"to":[13.55,7.40677,9.24853],"rotation":{"angle":-22.5,"axis":"x","origin":[10.5,7.32721,8.84853]},"faces":{"east":{"uv":[3,4.75,3.25,5],"texture":"#3"},"south":{"uv":[4,4,16,4.5],"texture":"#3"}}},{"from":[5.75,7.24764,6.75147],"to":[13.55,7.40677,7.05147],"rotation":{"angle":22.5,"axis":"x","origin":[10.5,7.32721,7.15147]},"faces":{"north":{"uv":[4,4,16,4.5],"texture":"#3"},"east":{"uv":[3,5,3.25,5.75],"rotation":90,"texture":"#3"}}},{"from":[-13.65,7.45977,6.53934],"to":[5.75,7.6189,6.83934],"rotation":{"angle":22.5,"axis":"x","origin":[1.5,7.53934,6.93934]},"faces":{"north":{"uv":[3,4,15,4.25],"rotation":180,"texture":"#5"},"east":{"uv":[6.75,12.5,7,12.75],"rotation":180,"texture":"#5"},"west":{"uv":[6.75,12.5,7,12.75],"rotation":180,"texture":"#5"}}},{"from":[11.25,7.24543,8.4],"to":[16.25,7.40456,9.2],"rotation":{"angle":0,"axis":"x","origin":[15.465,7.325,8.8]},"faces":{"north":{"uv":[5.75,8,8.75,8.25],"rotation":180,"texture":"#3"},"east":{"uv":[15.75,15.75,16,16],"texture":"#3"},"south":{"uv":[3.5,5,6.5,5.5],"texture":"#3"}}},{"from":[16.55,7.24543,8.4],"to":[16.85,7.40456,9.2],"rotation":{"angle":0,"axis":"x","origin":[15.465,7.325,8.8]},"faces":{"north":{"uv":[15.5,14.5,16,15.5],"rotation":270,"texture":"#0"},"east":{"uv":[12.5,14,13,15.5],"rotation":270,"texture":"#0"},"south":{"uv":[14,13.5,14.5,14.5],"rotation":90,"texture":"#0"},"west":{"uv":[11,10.5,11.5,11],"rotation":90,"texture":"#0"}}},{"from":[-13.65,8.7,7.92044],"to":[5.75,9,8.07956],"rotation":{"angle":-22.5,"axis":"x","origin":[1.5,8.6,8]},"faces":{"west":{"uv":[6.75,12.75,7,13],"rotation":180,"texture":"#5"},"up":{"uv":[4,0.75,16,1],"rotation":180,"texture":"#5"}}},{"from":[-13.65,6.43223,8.27399],"to":[12.75,6.73223,8.43312],"rotation":{"angle":-22.5,"axis":"x","origin":[1.5,6.83223,8.35355]},"faces":{"down":{"uv":[12,10.75,12.25,11],"rotation":90,"texture":"#5"}}},{"from":[12.75,6.43223,8.27399],"to":[13.55,6.73223,8.43312],"rotation":{"angle":-22.5,"axis":"x","origin":[1.5,6.83223,8.35355]},"faces":{"east":{"uv":[3.25,5.25,3.5,5.5],"texture":"#3"},"down":{"uv":[10.25,8,10.5,8.25],"texture":"#3"}}},{"from":[-13.65,6.43223,7.56688],"to":[12.75,6.73223,7.72601],"rotation":{"angle":22.5,"axis":"x","origin":[1.5,6.83223,7.64645]},"faces":{"down":{"uv":[12,10.75,12.25,11],"rotation":90,"texture":"#5"}}},{"from":[12.75,6.43223,7.56688],"to":[13.55,6.73223,7.72601],"rotation":{"angle":22.5,"axis":"x","origin":[2.4,6.83223,7.64645]},"faces":{"east":{"uv":[3.25,5.25,3.5,5.5],"texture":"#3"},"down":{"uv":[10.25,8,10.5,8.25],"texture":"#3"}}},{"from":[11.25,6.925,8.72043],"to":[16.25,7.725,8.87956],"rotation":{"angle":0,"axis":"x","origin":[15.465,7.325,8.8]},"faces":{"east":{"uv":[15.75,15.75,16,16],"texture":"#3"},"up":{"uv":[2.75,4.25,5.75,4.75],"rotation":180,"texture":"#3"},"down":{"uv":[5.75,8,8.75,8.25],"rotation":180,"texture":"#3"}}},{"from":[16.55,6.925,8.72043],"to":[16.85,7.725,8.87956],"rotation":{"angle":0,"axis":"x","origin":[15.465,7.325,8.8]},"faces":{"east":{"uv":[12.5,14,13,15.5],"texture":"#0"},"west":{"uv":[11,10.5,11.5,11],"rotation":90,"texture":"#0"},"up":{"uv":[14,13,14.5,14],"rotation":90,"texture":"#0"},"down":{"uv":[11,15,11.5,16],"rotation":90,"texture":"#0"}}},{"from":[-4.85,2.775,7.3005],"to":[-3.025,4.475,8.6995],"rotation":{"angle":0,"axis":"z","origin":[3.20351,2.48922,8.0005]},"faces":{"north":{"uv":[0,6,3.15,2.5],"rotation":180,"texture":"#1"},"south":{"uv":[3.15,6,0,2.5],"rotation":180,"texture":"#1"},"west":{"uv":[6,0,7.25,3.5],"texture":"#1"}}},{"from":[-3.025,2.775,7.3005],"to":[-1.2,4.475,8.6995],"rotation":{"angle":0,"axis":"z","origin":[3.20351,2.48922,8.0005]},"faces":{"north":{"uv":[3.25,6,6.4,2.5],"rotation":180,"texture":"#1"},"east":{"uv":[6,0,7.25,2],"texture":"#1"},"south":{"uv":[6.4,6,3.25,2.5],"rotation":180,"texture":"#1"}}},{"from":[-4.85,1.075,7.3005],"to":[-3.025,2.775,8.6995],"rotation":{"angle":0,"axis":"z","origin":[3.20351,2.78922,8.0005]},"faces":{"north":{"uv":[0,9.25,3.15,5.75],"rotation":180,"texture":"#1"},"south":{"uv":[3.15,9.25,0,5.75],"rotation":180,"texture":"#1"},"west":{"uv":[6,4,7.25,7.5],"texture":"#1"}}},{"from":[-3.025,1.075,7.3005],"to":[-1.2,2.775,8.6995],"rotation":{"angle":0,"axis":"z","origin":[3.20351,2.78922,8.0005]},"faces":{"north":{"uv":[3.25,9.25,6.4,5.75],"rotation":180,"texture":"#1"},"east":{"uv":[6,1.75,7.25,3.5],"texture":"#1"},"south":{"uv":[6.4,9.25,3.25,5.75],"rotation":180,"texture":"#1"}}},{"from":[-4.28096,0.11422,7.3],"to":[-2.45596,1.91422,8.7],"rotation":{"angle":22.5,"axis":"z","origin":[-2.45596,0.06422,8]},"faces":{"north":{"uv":[0,13,3.15,9.25],"rotation":180,"texture":"#1"},"south":{"uv":[3.15,13,0,9.25],"rotation":180,"texture":"#1"},"west":{"uv":[6,6.75,7.25,10.75],"texture":"#1"}}},{"from":[-2.45596,0.11422,7.3],"to":[-0.63096,1.31422,8.7],"rotation":{"angle":22.5,"axis":"z","origin":[-2.45596,0.06422,8]},"faces":{"north":{"uv":[3.25,10.75,6.4,8.25],"rotation":180,"texture":"#1"},"east":{"uv":[6,11.5,7.25,12.75],"texture":"#1"},"south":{"uv":[6.4,10.75,3.25,8.25],"rotation":180,"texture":"#1"}}},{"from":[-4.28096,-1.58578,7.3],"to":[-2.45596,0.11422,8.7],"rotation":{"angle":22.5,"axis":"z","origin":[-2.45596,0.06422,8]},"faces":{"north":{"uv":[0,14.75,3.15,11],"rotation":180,"texture":"#1"},"south":{"uv":[3.15,14.75,0,11],"rotation":180,"texture":"#1"},"west":{"uv":[6,4.75,7.25,8.25],"texture":"#1"}}},{"from":[-2.45596,-1.58578,7.3],"to":[-0.63096,0.11422,8.7],"rotation":{"angle":22.5,"axis":"z","origin":[-2.45596,0.06422,8]},"faces":{"north":{"uv":[3.25,14.5,6.4,11],"rotation":180,"texture":"#1"},"east":{"uv":[6,14.25,7.25,16],"texture":"#1"},"south":{"uv":[6.4,14.5,3.25,11],"rotation":180,"texture":"#1"}}},{"from":[-4.38096,-2.18578,7.2],"to":[-0.55596,-1.48578,8.8],"rotation":{"angle":22.5,"axis":"z","origin":[-2.45596,0.06422,7.9]},"faces":{"north":{"uv":[11.5,6.25,15.9,7.25],"texture":"#1"},"east":{"uv":[12.75,6.5,14.25,7.5],"texture":"#1"},"south":{"uv":[15.9,6.25,11.5,7.25],"texture":"#1"},"west":{"uv":[11.5,3.75,13,4.75],"texture":"#1"},"up":{"uv":[13.75,5.75,15.9,6.5],"rotation":180,"texture":"#1"},"down":{"uv":[13,4,13.9,5],"texture":"#1"}}},{"from":[4.14,9.55,7.0988],"to":[5.22,10.17,8.9012],"rotation":{"angle":0,"axis":"y","origin":[7.68,7.77,7.94]},"faces":{"north":{"uv":[8.25,5,8.5,5.5],"rotation":180,"texture":"#3"},"east":{"uv":[15.75,15.75,16,16],"texture":"#3"},"south":{"uv":[8.25,5,8.5,5.5],"rotation":180,"texture":"#3"},"west":{"uv":[15.75,15.75,16,16],"texture":"#3"},"down":{"uv":[15.75,15.75,16,16],"texture":"#3"}}},{"from":[-0.78,9.55,7.0988],"to":[0.3,10.17,8.9012],"rotation":{"angle":0,"axis":"y","origin":[7.68,7.77,7.94]},"faces":{"north":{"uv":[8.25,5,8.5,5.5],"rotation":180,"texture":"#3"},"east":{"uv":[15.75,15.75,16,16],"texture":"#3"},"south":{"uv":[8.25,5,8.5,5.5],"rotation":180,"texture":"#3"},"west":{"uv":[8.25,5,8.5,5.5],"rotation":180,"texture":"#3"},"down":{"uv":[15.75,15.75,16,16],"texture":"#3"}}},{"from":[0.03,10.03889,6.69769],"to":[7.23,11.08889,7.06009],"rotation":{"angle":0,"axis":"y","origin":[7.68,7.99889,8.58889]},"faces":{"north":{"uv":[4.25,7.75,9.75,9],"texture":"#3"},"east":{"uv":[4.25,5,6.25,6],"texture":"#3"},"west":{"uv":[4.25,5.25,4.75,6.25],"texture":"#3"},"down":{"uv":[15.75,15.75,16,16],"texture":"#3"}}},{"from":[0.03012,10.39434,8.38774],"to":[7.22892,10.93434,8.87014],"rotation":{"angle":-45,"axis":"x","origin":[8.37,8.97155,7.35615]},"faces":{"east":{"uv":[4.25,5,4.75,5.5],"texture":"#3"},"west":{"uv":[4.25,5.25,4.5,5.5],"texture":"#3"},"up":{"uv":[6,6.75,11.5,7.5],"texture":"#3"}}},{"from":[-1.38,10.05,7.0388],"to":[1.11,11.67,8.9612],"rotation":{"angle":0,"axis":"y","origin":[7.68,8.01,8]},"faces":{"north":{"uv":[4.25,4.75,6.25,6.25],"texture":"#3"},"east":{"uv":[7.25,1.75,9,3],"rotation":270,"texture":"#3"},"south":{"uv":[4.25,4.75,6.25,6.25],"texture":"#3"},"west":{"uv":[4.25,4.75,6.25,6.25],"texture":"#3"},"up":{"uv":[4.25,4.75,5.25,5.25],"rotation":90,"texture":"#3"},"down":{"uv":[15.75,15.75,16,16],"texture":"#3"}}},{"from":[1.11,10.05,7.0388],"to":[7.23,11.43,7.5212],"rotation":{"angle":0,"axis":"y","origin":[7.68,8.01,8]},"faces":{"east":{"uv":[4.25,5,6.25,6],"texture":"#3"},"south":{"uv":[4.25,6.5,9.75,6.75],"rotation":180,"texture":"#3"},"up":{"uv":[7.75,4.75,13.25,5],"rotation":180,"texture":"#3"},"down":{"uv":[15.75,15.75,16,16],"texture":"#3"}}},{"from":[1.11,10.05,7.5188],"to":[7.23,11.31,8.4812],"rotation":{"angle":0,"axis":"y","origin":[7.68,8.01,8]},"faces":{"east":{"uv":[4.25,5,6.25,6],"texture":"#3"},"up":{"uv":[4.25,6.5,9.75,8],"rotation":180,"texture":"#3"},"down":{"uv":[15.75,15.75,16,16],"texture":"#3"}}},{"from":[1.11,10.05,8.4788],"to":[7.23,11.43,8.9612],"rotation":{"angle":0,"axis":"y","origin":[7.68,8.01,8]},"faces":{"north":{"uv":[4.25,6.5,9.75,6.75],"rotation":180,"texture":"#3"},"east":{"uv":[4.25,5,6.25,6],"texture":"#3"},"south":{"uv":[4.25,5,6.25,6],"texture":"#3"},"up":{"uv":[4.25,4.75,9.75,5],"rotation":180,"texture":"#3"},"down":{"uv":[15.75,15.75,16,16],"texture":"#3"}}},{"from":[0.75,10.17,8.9288],"to":[5.37,11.31,9.0812],"rotation":{"angle":0,"axis":"y","origin":[7.68,8.01,8]},"faces":{"east":{"uv":[4.25,5.25,4.75,6.25],"texture":"#3"},"south":{"uv":[0,12,5,13],"rotation":180,"texture":"#3"},"west":{"uv":[4.25,5.25,4.75,6.25],"texture":"#3"},"up":{"uv":[4.25,4.5,9.75,4.75],"rotation":180,"texture":"#3"},"down":{"uv":[15.75,15.75,16,16],"texture":"#3"}}},{"from":[4.32,10.41,8.0876],"to":[5.1,11.19,9.2324],"rotation":{"angle":0,"axis":"y","origin":[8.52,8.01,8.0012]},"faces":{"east":{"uv":[13,14,13.5,16],"texture":"#7"},"south":{"uv":[12.5,14,14.5,16],"texture":"#7"},"west":{"uv":[13,14,13.5,16],"texture":"#7"},"up":{"uv":[13,12,13.5,14],"rotation":90,"texture":"#7"},"down":{"uv":[13,15.5,13.5,16],"texture":"#7"}}},{"from":[6.82294,13.09264,9.1676],"to":[7.60294,13.39264,9.5924],"rotation":{"angle":45,"axis":"z","origin":[8.91,9,9.38]},"faces":{"east":{"uv":[13.5,13,15,13.5],"rotation":90,"texture":"#7"},"south":{"uv":[3,10,7.5,11.5],"texture":"#7"},"west":{"uv":[11,15.5,12.5,16],"rotation":270,"texture":"#7"},"up":{"uv":[10.5,13,15,13.5],"rotation":180,"texture":"#7"},"down":{"uv":[11.5,15.5,16,16],"rotation":180,"texture":"#7"}}},{"from":[3,10.77,8.2076],"to":[3.3,11.07,9.2324],"rotation":{"angle":0,"axis":"y","origin":[8.76,8.01,7.9988]},"faces":{"east":{"uv":[14.5,13.5,15,16],"texture":"#7"},"south":{"uv":[12,6.5,15,9.5],"texture":"#7"},"west":{"uv":[14.5,13.5,15,16],"texture":"#7"},"up":{"uv":[13,12,13.5,14.5],"rotation":90,"texture":"#7"},"down":{"uv":[13,15.5,13.5,16],"texture":"#7"}}},{"from":[1.2,10.77,8.2076],"to":[2.1,11.07,9.2324],"rotation":{"angle":0,"axis":"y","origin":[8.76,8.01,7.9988]},"faces":{"east":{"uv":[15.5,13.5,16,16],"texture":"#7"},"south":{"uv":[13,11,14.5,16],"rotation":90,"texture":"#7"},"west":{"uv":[15.5,13.5,16,16],"texture":"#7"},"up":{"uv":[10.5,13,15.5,13.5],"texture":"#7"},"down":{"uv":[13,15.5,13.5,16],"rotation":90,"texture":"#7"}}},{"from":[-0.834,10.38,9.1082],"to":[0.246,11.46,9.173],"rotation":{"angle":0,"axis":"y","origin":[8.76,8.01,7.9988]},"faces":{"south":{"uv":[0.5,6,10,15.5],"texture":"#7"}}},{"from":[0.11707,12.14172,8.7476],"to":[1.31707,12.63879,9.1724],"rotation":{"angle":22.5,"axis":"z","origin":[3.90853,9.12,8.96]},"faces":{"east":{"uv":[5,0,9,1],"rotation":90,"texture":"#7"},"south":{"uv":[3.5,10.5,4,11],"texture":"#7"},"west":{"uv":[11,1,15,2],"rotation":270,"texture":"#7"}}},{"from":[-1.26059,8.92718,8.74772],"to":[-0.06059,9.42424,9.17252],"rotation":{"angle":-22.5,"axis":"z","origin":[3.90853,9.12,8.96]},"faces":{"east":{"uv":[3,1,7,2],"rotation":90,"texture":"#7"},"south":{"uv":[3.5,10.5,4,11],"texture":"#7"},"west":{"uv":[4.5,0,8.5,1],"rotation":90,"texture":"#7"}}},{"from":[-0.90912,8.57571,8.74748],"to":[-0.41207,9.77571,9.17228],"rotation":{"angle":-22.5,"axis":"z","origin":[3.90853,9.12,8.96]},"faces":{"south":{"uv":[3.5,10.5,4,11],"texture":"#7"},"up":{"uv":[0,0,4,1],"texture":"#7"},"down":{"uv":[11,2,15,3],"rotation":180,"texture":"#7"}}},{"from":[0.46854,11.79025,8.7476],"to":[0.96559,12.99025,9.1724],"rotation":{"angle":22.5,"axis":"z","origin":[3.90853,9.12,8.96]},"faces":{"south":{"uv":[3.5,10.5,4,11],"texture":"#7"},"up":{"uv":[0.5,0,4.5,1],"rotation":180,"texture":"#7"},"down":{"uv":[5,2,9,3],"rotation":180,"texture":"#7"}}},{"from":[-0.54,11.6676,7.28],"to":[-0.25357,11.8476,8.72],"rotation":{"angle":0,"axis":"x","origin":[3.80322,9.9576,8]},"faces":{"north":{"uv":[5.5,0,7.5,1],"texture":"#7"},"south":{"uv":[11.5,0.5,13.5,1.5],"texture":"#7"},"up":{"uv":[3.5,10.5,4,11],"texture":"#7"}}},{"from":[0.69015,11.6676,4.31015],"to":[0.97658,11.8476,5.75015],"rotation":{"angle":45,"axis":"y","origin":[3.80322,9.9576,8]},"faces":{"north":{"uv":[5.5,1,7.5,2],"texture":"#7"},"south":{"uv":[13.5,0,15.5,1],"texture":"#7"},"up":{"uv":[3.5,10.5,4,11],"texture":"#7"}}},{"from":[-0.22029,11.6676,5.67273],"to":[0.06613,11.8476,7.11273],"rotation":{"angle":22.5,"axis":"y","origin":[3.80322,9.9576,8]},"faces":{"north":{"uv":[7.5,0,9.5,1],"texture":"#7"},"south":{"uv":[11.5,0,13.5,1],"texture":"#7"},"up":{"uv":[3.5,10.5,4,11],"texture":"#7"}}},{"from":[-0.79707,11.6676,9.46405],"to":[0.64293,11.8476,9.75049],"rotation":{"angle":-22.5,"axis":"y","origin":[3.80322,9.9576,8]},"faces":{"east":{"uv":[0.5,0,2.5,1],"texture":"#7"},"west":{"uv":[6.5,2,8.5,3],"texture":"#7"},"up":{"uv":[3.5,10.5,4,11],"texture":"#7"}}},{"from":[-1.11678,11.6676,7.85678],"to":[0.32322,11.8476,8.14322],"rotation":{"angle":0,"axis":"y","origin":[3.80322,9.9576,8]},"faces":{"east":{"uv":[1.5,0,3.5,1],"texture":"#7"},"west":{"uv":[7.5,2,9.5,3],"texture":"#7"},"up":{"uv":[3.5,10.5,4,11],"texture":"#7"}}},{"from":[-0.79707,11.6676,6.24951],"to":[0.64293,11.8476,6.53595],"rotation":{"angle":22.5,"axis":"y","origin":[3.80322,9.9576,8]},"faces":{"east":{"uv":[1.5,0,3.5,1],"texture":"#7"},"west":{"uv":[7.5,2,9.5,3],"texture":"#7"},"up":{"uv":[3.5,10.5,4,11],"texture":"#7"}}},{"from":[0.69015,11.6676,10.24985],"to":[0.97658,11.8476,11.68985],"rotation":{"angle":-45,"axis":"y","origin":[3.80322,9.9576,8]},"faces":{"north":{"uv":[2.5,0,4.5,1],"texture":"#7"},"south":{"uv":[9.5,1.5,11.5,2.5],"texture":"#7"},"up":{"uv":[3.5,10.5,4,11],"texture":"#7"}}},{"from":[-0.22029,11.6676,8.88727],"to":[0.06613,11.8476,10.32727],"rotation":{"angle":-22.5,"axis":"y","origin":[3.80322,9.9576,8]},"faces":{"north":{"uv":[3.5,0,5.5,1],"texture":"#7"},"south":{"uv":[9.5,1,11.5,2],"texture":"#7"},"up":{"uv":[3.5,10.5,4,11],"texture":"#7"}}},{"from":[-1.08678,11.6682,7.31],"to":[0.29322,11.8482,8.69],"rotation":{"angle":0,"axis":"y","origin":[3.80322,9.95772,8]},"faces":{"up":{"uv":[0,5.5,10.499,16],"rotation":90,"texture":"#7"}}},{"from":[6.21,11.19007,6.69406],"to":[7.14,11.46007,7.47826],"rotation":{"angle":22.5,"axis":"x","origin":[11.22,10.42709,8]},"faces":{"east":{"uv":[4,5.25,4.25,5.5],"texture":"#3"},"west":{"uv":[4.25,5.75,4.5,6],"rotation":180,"texture":"#3"},"up":{"uv":[10.5,8.5,10.75,8.75],"texture":"#3"}}},{"from":[6.21,11.53279,8.34279],"to":[7.14,12.10699,8.64279],"rotation":{"angle":-45,"axis":"x","origin":[11.22,10.42709,8]},"faces":{"east":{"uv":[4,5.25,4.25,5.5],"texture":"#3"},"south":{"uv":[10.5,8.75,10.75,9],"texture":"#3"},"west":{"uv":[4.25,5.75,4.5,6],"rotation":180,"texture":"#3"}}},{"from":[6.21,11.92298,7.78883],"to":[7.14,12.37718,8.05883],"rotation":{"angle":-22.5,"axis":"x","origin":[11.22,10.42709,8]},"faces":{"east":{"uv":[4,5.25,4.25,5.5],"texture":"#3"},"south":{"uv":[10.75,8.25,11,8.5],"texture":"#3"},"west":{"uv":[4.25,5.75,4.5,6],"rotation":180,"texture":"#3"}}},{"from":[6.21,12.06,7.19],"to":[7.14,12.3942,7.37],"rotation":{"angle":0,"axis":"x","origin":[11.22,10.42709,8]},"faces":{"east":{"uv":[4,5.25,4.25,5.5],"texture":"#3"},"south":{"uv":[11,8,11.25,8.25],"texture":"#3"},"west":{"uv":[4.25,5.75,4.5,6],"rotation":180,"texture":"#3"}}},{"from":[6.21,11.95298,6.59117],"to":[7.14,12.25718,6.68117],"rotation":{"angle":22.5,"axis":"x","origin":[11.22,10.42709,8]},"faces":{"east":{"uv":[4,5.25,4.25,5.5],"texture":"#3"},"south":{"uv":[15.75,15.75,16,16],"texture":"#3"},"west":{"uv":[4.25,5.75,4.5,6],"rotation":180,"texture":"#3"}}},{"from":[6.21,11.56279,6.00721],"to":[7.14,11.86699,6.09721],"rotation":{"angle":45,"axis":"x","origin":[11.22,10.42709,8]},"faces":{"east":{"uv":[4,5.25,4.25,5.5],"texture":"#3"},"south":{"uv":[15.75,15.75,16,16],"texture":"#3"},"west":{"uv":[4.25,5.75,4.5,6],"rotation":180,"texture":"#3"}}},{"from":[6.21,12.72007,8.55174],"to":[7.14,12.81007,8.85592],"rotation":{"angle":-22.5,"axis":"x","origin":[11.22,10.42709,8]},"faces":{"east":{"uv":[4,5.25,4.25,5.5],"texture":"#3"},"west":{"uv":[4.25,5.75,4.5,6],"rotation":180,"texture":"#3"},"down":{"uv":[15.75,15.75,16,16],"texture":"#3"}}},{"from":[6.21,12.85709,7.84791],"to":[7.14,12.94709,8.15209],"rotation":{"angle":0,"axis":"x","origin":[11.22,10.42709,8.015]},"faces":{"east":{"uv":[4,5.25,4.25,5.5],"texture":"#3"},"west":{"uv":[4.25,5.75,4.5,6],"rotation":180,"texture":"#3"},"down":{"uv":[15.75,15.75,16,16],"texture":"#3"}}},{"from":[6.21,12.72007,7.14408],"to":[7.14,12.81007,7.44826],"rotation":{"angle":22.5,"axis":"x","origin":[11.22,10.42709,8]},"faces":{"east":{"uv":[4,5.25,4.25,5.5],"texture":"#3"},"west":{"uv":[5.5,5.75,5.75,6],"rotation":180,"texture":"#3"},"down":{"uv":[15.75,15.75,16,16],"texture":"#3"}}},{"from":[6.21,11.56279,9.90279],"to":[7.14,11.86697,9.99279],"rotation":{"angle":-45,"axis":"x","origin":[11.22,10.42709,8]},"faces":{"north":{"uv":[15.75,15.75,16,16],"texture":"#3"},"east":{"uv":[4,5.25,4.25,5.5],"texture":"#3"},"west":{"uv":[5.5,5.75,5.75,6],"rotation":180,"texture":"#3"}}},{"from":[6.21,11.95298,9.31883],"to":[7.14,12.25716,9.40883],"rotation":{"angle":-22.5,"axis":"x","origin":[11.22,10.42709,8]},"faces":{"north":{"uv":[15.75,15.75,16,16],"texture":"#3"},"east":{"uv":[4,5.25,4.25,5.5],"texture":"#3"},"west":{"uv":[5.5,5.75,5.75,6],"rotation":180,"texture":"#3"}}},{"from":[6.21,12.06,8.63],"to":[7.14,12.39418,8.81],"rotation":{"angle":0,"axis":"x","origin":[11.22,10.42709,8]},"faces":{"north":{"uv":[11,8,11.25,8.25],"texture":"#3"},"east":{"uv":[4,5.25,4.25,5.5],"texture":"#3"},"west":{"uv":[5.5,5.75,5.75,6],"rotation":180,"texture":"#3"}}},{"from":[6.21,11.53279,7.35721],"to":[7.14,12.07697,7.68721],"rotation":{"angle":45,"axis":"x","origin":[11.22,10.42709,8]},"faces":{"north":{"uv":[10.5,8.75,10.75,9],"texture":"#3"},"east":{"uv":[4,5.25,4.25,5.5],"texture":"#3"},"west":{"uv":[5.5,5.75,5.75,6],"rotation":180,"texture":"#3"}}},{"from":[6.21,11.92298,7.94117],"to":[7.14,12.37716,8.21117],"rotation":{"angle":22.5,"axis":"x","origin":[11.22,10.42709,8]},"faces":{"north":{"uv":[10.75,8.25,11,8.5],"texture":"#3"},"east":{"uv":[4,5.25,4.25,5.5],"texture":"#3"},"west":{"uv":[5.5,5.75,5.75,6],"rotation":180,"texture":"#3"}}},{"from":[6.21,11.19007,8.52174],"to":[7.14,11.46007,9.30592],"rotation":{"angle":-22.5,"axis":"x","origin":[11.22,10.42709,8]},"faces":{"east":{"uv":[4,5.25,4.25,5.5],"texture":"#3"},"west":{"uv":[5.5,5.75,5.75,6],"rotation":180,"texture":"#3"},"up":{"uv":[10.5,8.5,10.75,8.75],"texture":"#3"}}},{"from":[6.2106,11.26709,7.14291],"to":[7.1406,11.59709,8.85709],"rotation":{"angle":0,"axis":"x","origin":[11.22,10.42709,8]},"faces":{"east":{"uv":[7,11.5,9,12],"texture":"#3"},"west":{"uv":[4.25,5.75,6.25,6],"rotation":180,"texture":"#3"},"up":{"uv":[10.5,8.5,10.75,8.75],"texture":"#3"}}},{"from":[6.03,11.43,7.0388],"to":[7.2,12.108,7.1612],"rotation":{"angle":0,"axis":"y","origin":[8.52,8.01,8]},"faces":{"north":{"uv":[5,11.75,6.5,12.5],"rotation":180,"texture":"#3"},"east":{"uv":[4,5.25,4.25,6],"texture":"#3"},"south":{"uv":[5.5,5.75,5.75,6],"rotation":180,"texture":"#3"}}},{"from":[6.03,11.60738,6.47117],"to":[7.2,12.25718,6.59117],"rotation":{"angle":22.5,"axis":"x","origin":[11.22,10.42709,8]},"faces":{"north":{"uv":[5.25,12,6.75,12.75],"rotation":180,"texture":"#3"},"east":{"uv":[4,4.75,4.25,5.5],"texture":"#3"},"south":{"uv":[5.5,5.75,5.75,6],"rotation":180,"texture":"#3"},"west":{"uv":[7.25,11.75,7.5,12.5],"rotation":180,"texture":"#3"}}},{"from":[6.03012,11.53279,5.88721],"to":[7.20012,11.86697,6.00721],"rotation":{"angle":45,"axis":"x","origin":[11.22,10.42709,8]},"faces":{"north":{"uv":[12.75,4.75,14.25,5.25],"texture":"#2"},"east":{"uv":[3.75,4.5,4,5],"texture":"#3"},"south":{"uv":[5.5,5.75,5.75,6],"rotation":180,"texture":"#3"},"west":{"uv":[7.5,12.25,7.75,12.75],"texture":"#3"}}},{"from":[6.03,12.81007,8.52174],"to":[7.2,12.93007,8.85592],"rotation":{"angle":-22.5,"axis":"x","origin":[11.22,10.42709,8]},"faces":{"east":{"uv":[3.75,4.25,4,4.75],"rotation":270,"texture":"#3"},"west":{"uv":[3.75,4.5,4,5],"rotation":90,"texture":"#3"},"up":{"uv":[10.25,4.5,11.75,5],"rotation":180,"texture":"#2"},"down":{"uv":[5.5,5.75,5.75,6],"rotation":180,"texture":"#3"}}},{"from":[6.03012,12.94709,7.83291],"to":[7.20012,13.06709,8.16709],"rotation":{"angle":0,"axis":"x","origin":[11.22,10.42709,8]},"faces":{"east":{"uv":[3.75,4.25,4,4.5],"rotation":90,"texture":"#3"},"west":{"uv":[3.75,4.5,4,4.75],"rotation":90,"texture":"#3"},"up":{"uv":[12.5,4,14,4.5],"texture":"#2"},"down":{"uv":[5.5,5.75,5.75,6],"rotation":180,"texture":"#3"}}},{"from":[6.03,12.81007,7.14408],"to":[7.2,12.93007,7.47826],"rotation":{"angle":22.5,"axis":"x","origin":[11.22,10.42709,8]},"faces":{"east":{"uv":[3.75,4.25,4,4.75],"rotation":90,"texture":"#3"},"west":{"uv":[3.75,4.5,4,5],"rotation":270,"texture":"#3"},"up":{"uv":[11.25,4.5,12.75,5],"texture":"#2"},"down":{"uv":[5.5,5.75,5.75,6],"rotation":180,"texture":"#3"}}},{"from":[6.03012,11.53279,9.99279],"to":[7.20012,11.86697,10.11279],"rotation":{"angle":-45,"axis":"x","origin":[11.22,10.42709,8]},"faces":{"north":{"uv":[5.5,5.75,5.75,6],"rotation":180,"texture":"#3"},"east":{"uv":[3.75,4.5,4,5],"texture":"#3"},"south":{"uv":[12.75,4.75,14.25,5.25],"texture":"#2"},"west":{"uv":[7.5,12.25,7.75,12.75],"texture":"#3"}}},{"from":[6.03,11.60738,9.40883],"to":[7.2,12.25718,9.52883],"rotation":{"angle":-22.5,"axis":"x","origin":[11.22,10.42709,8]},"faces":{"north":{"uv":[5.5,5.75,5.75,6],"rotation":180,"texture":"#3"},"east":{"uv":[4,4.75,4.25,5.5],"texture":"#3"},"south":{"uv":[6.5,12,8,12.75],"rotation":180,"texture":"#3"},"west":{"uv":[7.25,11.75,7.5,12.5],"rotation":180,"texture":"#3"}}},{"from":[6.03,11.43,8.8388],"to":[7.2,12.108,8.9612],"rotation":{"angle":0,"axis":"y","origin":[8.52,8.01,8]},"faces":{"north":{"uv":[5.5,5.75,5.75,6],"rotation":180,"texture":"#3"},"east":{"uv":[4,5.25,4.25,6],"texture":"#3"},"south":{"uv":[5,11.75,6.5,12.5],"rotation":180,"texture":"#3"}}},{"from":[5.50146,9.44227,8.83868],"to":[5.80146,10.24027,8.96108],"rotation":{"angle":-22.5,"axis":"z","origin":[10.46058,9.84556,8.9]},"faces":{"north":{"uv":[5.5,5.75,5.75,6],"rotation":180,"texture":"#3"},"south":{"uv":[5,11.75,5.25,12.5],"rotation":180,"texture":"#3"},"west":{"uv":[3.75,4.75,4,5.5],"texture":"#3"}}},{"from":[5.50152,9.44227,7.03892],"to":[5.80152,10.24027,7.16132],"rotation":{"angle":-22.5,"axis":"z","origin":[10.46058,9.84556,7.1]},"faces":{"north":{"uv":[5,11.75,5.25,12.5],"rotation":180,"texture":"#3"},"south":{"uv":[5.5,5.75,5.75,6],"rotation":180,"texture":"#3"},"west":{"uv":[3.75,4.75,4,5.5],"texture":"#3"}}},{"from":[7.1892,12.024,7.805],"to":[7.3692,12.414,8.195],"rotation":{"angle":0,"axis":"x","origin":[11.478,10.47,8.015]},"faces":{"west":{"uv":[0,0,8,8],"texture":"#a"}}},{"from":[10.85,9.9,7.45],"to":[11.45,10.05,8.55],"rotation":{"angle":0,"axis":"z","origin":[19.3,9.475,8.075]},"faces":{"north":{"uv":[6.75,4.25,7.5,4.75],"texture":"#3"},"east":{"uv":[6.75,7.75,8.25,8.25],"texture":"#3"},"south":{"uv":[6.75,4.25,7.5,4.75],"texture":"#3"},"west":{"uv":[6.75,7.75,8.25,8.25],"texture":"#3"},"up":{"uv":[9,12.75,9.75,14.25],"texture":"#3"}}},{"from":[-0.95,7.975,7.6],"to":[11.65,9.675,8.4],"rotation":{"angle":0,"axis":"z","origin":[7.4,9.25,8.125]},"faces":{"north":{"uv":[0.25,6.25,12.25,8.5],"texture":"#3"},"south":{"uv":[0.5,6.25,12.5,8.5],"texture":"#3"},"west":{"uv":[0.25,6,1.25,8.25],"texture":"#3"}}},{"from":[-1.05,9.675,7.45],"to":[11.65,9.9,8.55],"rotation":{"angle":0,"axis":"z","origin":[7.4,9.15,8.075]},"faces":{"north":{"uv":[0,7.25,16,7.75],"texture":"#3"},"south":{"uv":[0,7.25,16,7.75],"texture":"#3"},"west":{"uv":[1,7.5,2.25,8],"texture":"#3"},"up":{"uv":[0,6.5,16,8],"texture":"#3"},"down":{"uv":[15.75,15.75,16,16],"texture":"#3"}}},{"from":[9.95,9.9,7.45],"to":[10.35,10.05,8.55],"rotation":{"angle":0,"axis":"z","origin":[18.4,9.475,8.075]},"faces":{"north":{"uv":[6.75,4.25,7.25,4.75],"texture":"#3"},"east":{"uv":[6.75,7.75,8.25,8.25],"texture":"#3"},"south":{"uv":[6.75,4.25,7.25,4.75],"texture":"#3"},"west":{"uv":[6.75,7.75,8.25,8.25],"texture":"#3"},"up":{"uv":[13,12.75,13.5,14.25],"texture":"#3"}}},{"from":[9.05,9.9,7.45],"to":[9.45,10.05,8.55],"rotation":{"angle":0,"axis":"z","origin":[17.5,9.475,8.075]},"faces":{"north":{"uv":[6.75,4.25,7.25,4.75],"texture":"#3"},"east":{"uv":[6.75,7.75,8.25,8.25],"texture":"#3"},"south":{"uv":[6.75,4.25,7.25,4.75],"texture":"#3"},"west":{"uv":[6.75,7.75,8.25,8.25],"texture":"#3"},"up":{"uv":[7.5,12.75,8,14.25],"texture":"#3"}}},{"from":[8.15,9.9,7.45],"to":[8.55,10.05,8.55],"rotation":{"angle":0,"axis":"z","origin":[16.6,9.475,8.075]},"faces":{"north":{"uv":[6.75,4.25,7.25,4.75],"texture":"#3"},"east":{"uv":[6.75,7.75,8.25,8.25],"texture":"#3"},"south":{"uv":[6.75,4.25,7.25,4.75],"texture":"#3"},"west":{"uv":[6.75,7.75,8.25,8.25],"texture":"#3"},"up":{"uv":[11.25,12.75,11.75,14.25],"texture":"#3"}}},{"from":[6.35,9.9,7.45],"to":[6.75,10.05,8.55],"rotation":{"angle":0,"axis":"z","origin":[16.6,9.475,8.075]},"faces":{"north":{"uv":[6.75,4.25,7.25,4.75],"texture":"#3"},"east":{"uv":[6.75,7.75,8.25,8.25],"texture":"#3"},"south":{"uv":[6.75,4.25,7.25,4.75],"texture":"#3"},"west":{"uv":[6.75,7.75,8.25,8.25],"texture":"#3"},"up":{"uv":[13,12.75,13.5,14.25],"texture":"#3"}}},{"from":[2.75,9.9,7.45],"to":[3.15,10.05,8.55],"rotation":{"angle":0,"axis":"z","origin":[16.6,9.475,8.075]},"faces":{"north":{"uv":[6.75,4.25,7.25,4.75],"texture":"#3"},"east":{"uv":[6.75,7.75,8.25,8.25],"texture":"#3"},"south":{"uv":[6.75,4.25,7.25,4.75],"texture":"#3"},"west":{"uv":[6.75,7.75,8.25,8.25],"texture":"#3"},"up":{"uv":[13,12.75,13.5,14.25],"texture":"#3"}}},{"from":[7.25,9.9,7.45],"to":[7.65,10.05,8.55],"rotation":{"angle":0,"axis":"z","origin":[15.7,9.475,8.075]},"faces":{"north":{"uv":[6.75,4.25,7.25,4.75],"texture":"#3"},"east":{"uv":[6.75,7.75,8.25,8.25],"texture":"#3"},"south":{"uv":[6.75,4.25,7.25,4.75],"texture":"#3"},"west":{"uv":[6.75,7.75,8.25,8.25],"texture":"#3"},"up":{"uv":[9,12.75,9.5,14.25],"texture":"#3"}}},{"from":[5.45,9.9,7.45],"to":[5.85,10.05,8.55],"rotation":{"angle":0,"axis":"z","origin":[15.7,9.475,8.075]},"faces":{"north":{"uv":[6.75,4.25,7.25,4.75],"texture":"#3"},"east":{"uv":[6.75,7.75,8.25,8.25],"texture":"#3"},"south":{"uv":[6.75,4.25,7.25,4.75],"texture":"#3"},"west":{"uv":[6.75,7.75,8.25,8.25],"texture":"#3"},"up":{"uv":[9,12.75,9.5,14.25],"texture":"#3"}}},{"from":[1.85,9.9,7.45],"to":[2.25,10.05,8.55],"rotation":{"angle":0,"axis":"z","origin":[15.7,9.475,8.075]},"faces":{"north":{"uv":[6.75,4.25,7.25,4.75],"texture":"#3"},"east":{"uv":[6.75,7.75,8.25,8.25],"texture":"#3"},"south":{"uv":[6.75,4.25,7.25,4.75],"texture":"#3"},"west":{"uv":[6.75,7.75,8.25,8.25],"texture":"#3"},"up":{"uv":[7.5,12.75,8,14.25],"texture":"#3"}}},{"from":[4.55,9.9,7.45],"to":[4.95,10.05,8.55],"rotation":{"angle":0,"axis":"z","origin":[13,9.475,8.075]},"faces":{"north":{"uv":[6.75,4.25,7.25,4.75],"texture":"#3"},"east":{"uv":[6.75,7.75,8.25,8.25],"texture":"#3"},"south":{"uv":[6.75,4.25,7.25,4.75],"texture":"#3"},"west":{"uv":[6.75,7.75,8.25,8.25],"texture":"#3"},"up":{"uv":[11.25,12.75,11.75,14.25],"texture":"#3"}}},{"from":[3.65,9.9,7.45],"to":[4.05,10.05,8.55],"rotation":{"angle":0,"axis":"z","origin":[12.1,9.475,8.075]},"faces":{"north":{"uv":[6.75,4.25,7.25,4.75],"texture":"#3"},"east":{"uv":[6.75,7.75,8.25,8.25],"texture":"#3"},"south":{"uv":[6.75,4.25,7.25,4.75],"texture":"#3"},"west":{"uv":[6.75,7.75,8.25,8.25],"texture":"#3"},"up":{"uv":[9,12.75,9.5,14.25],"texture":"#3"}}},{"from":[0.95,9.9,7.45],"to":[1.35,10.05,8.55],"rotation":{"angle":0,"axis":"z","origin":[9.4,9.475,8.075]},"faces":{"north":{"uv":[6.75,4.25,7.25,4.75],"texture":"#3"},"east":{"uv":[6.75,7.75,8.25,8.25],"texture":"#3"},"south":{"uv":[6.75,4.25,7.25,4.75],"texture":"#3"},"west":{"uv":[6.75,7.75,8.25,8.25],"texture":"#3"},"up":{"uv":[9,12.75,9.5,14.25],"texture":"#3"}}},{"from":[0.05,9.9,7.45],"to":[0.45,10.05,8.55],"rotation":{"angle":0,"axis":"z","origin":[8.5,9.475,8.075]},"faces":{"north":{"uv":[6.75,4.25,7.25,4.75],"texture":"#3"},"east":{"uv":[6.75,7.75,8.25,8.25],"texture":"#3"},"south":{"uv":[6.75,4.25,7.25,4.75],"texture":"#3"},"west":{"uv":[6.75,7.75,8.25,8.25],"texture":"#3"},"up":{"uv":[7.5,12.75,8,14.25],"texture":"#3"}}},{"from":[-1.05,9.9,7.45],"to":[-0.45,10.05,8.55],"rotation":{"angle":0,"axis":"z","origin":[7.4,9.475,8.075]},"faces":{"north":{"uv":[6.75,4.25,7.5,4.75],"texture":"#3"},"east":{"uv":[6.75,7.75,8.25,8.25],"texture":"#3"},"south":{"uv":[6.75,4.25,7.5,4.75],"texture":"#3"},"west":{"uv":[6.5,7.25,8,7.75],"texture":"#3"},"up":{"uv":[10.5,12.75,11.25,14.25],"texture":"#3"}}}]}