{"credit":"thebradqq's guns","textures":{"0":"mgs:gun/metal_bright","1":"mgs:gun/augmag","2":"mgs:gun/copper","3":"mgs:gun/metal","1_1":"mgs:gun/brass"},"gui_light":"front","display":{"thirdperson_righthand":{"rotation":[20,117,0],"translation":[-0.5,0,0],"scale":[0.11,0.11,0.11]},"thirdperson_lefthand":{"rotation":[22,-72,0],"translation":[-0.5,0,0],"scale":[0.11,0.11,0.11]},"firstperson_righthand":{"rotation":[-71,66,80],"translation":[2.5,0,0],"scale":[0.175,0.175,0.175]},"firstperson_lefthand":{"rotation":[180,-66,168],"translation":[2.5,0,0],"scale":[0.175,0.175,0.175]},"ground":{"translation":[0,3,0],"scale":[0.11,0.11,0.11]},"gui":{"rotation":[0,-180,22],"scale":[0.4,0.4,0.4]},"head":{"scale":[0.22,0.22,0.22]},"fixed":{"rotation":[0,180,0],"translation":[0,0,-1],"scale":[0.22,0.22,0.22]}},"elements":[{"from":[-2.84583,17.1591,6.69836],"to":[-1.23183,22.1831,9.30164],"rotation":{"angle":-22.5,"axis":"z","origin":[1.46117,19.6711,8]},"faces":{"north":{"uv":[0,0,0.65,0.5],"texture":"#1"},"south":{"uv":[0,0,0.65,0.5],"texture":"#1"},"west":{"uv":[3,4.25,3.65,5],"texture":"#1"},"down":{"uv":[6.25,15.5,6.9,16],"texture":"#1"}}},{"from":[-2.34583,10.6591,4.69836],"to":[14.88217,18.6831,11.30164],"rotation":{"angle":0,"axis":"z","origin":[35.66674,9.31022,8.00236]},"faces":{"north":{"uv":[0,6,6.5,2.5],"rotation":180,"texture":"#1"},"east":{"uv":[6,1.5,7.25,3.5],"texture":"#1"},"south":{"uv":[6.5,6,0,2.5],"rotation":180,"texture":"#1"},"west":{"uv":[6,1.5,7.25,5],"texture":"#1"},"up":{"uv":[1.25,2,2.15,3],"texture":"#1"}}},{"from":[-2.34583,2.6351,4.69836],"to":[6.26817,10.6591,11.30164],"rotation":{"angle":0,"axis":"z","origin":[35.66674,10.72622,8.00236]},"faces":{"north":{"uv":[0,9.25,3.25,5.75],"rotation":180,"texture":"#1"},"south":{"uv":[3.25,9.25,0,5.75],"rotation":180,"texture":"#1"},"west":{"uv":[6,4,7.25,7.5],"texture":"#1"}}},{"from":[-2.3458,18.6591,10.39836],"to":[14.8822,29.6831,10.79836],"rotation":{"angle":0,"axis":"z","origin":[35.66674,17.31022,8.00236]},"faces":{"north":{"uv":[4.75,15.25,5,15.5],"texture":"#1"},"south":{"uv":[6.4,0,0,3.5],"texture":"#1"},"up":{"uv":[1.4,2,1.65,2.25],"texture":"#1"}}},{"from":[14.48217,18.6591,5.19836],"to":[14.88217,29.6831,10.80166],"rotation":{"angle":0,"axis":"y","origin":[14.68217,27.1711,13.81236]},"faces":{"east":{"uv":[2.25,0,3.4,3.5],"texture":"#1"},"west":{"uv":[4.75,15.25,5,15.5],"texture":"#1"},"up":{"uv":[1.4,2,1.65,2.25],"texture":"#1"}}},{"from":[-2.34583,18.6591,5.19834],"to":[-1.94583,29.6831,10.80164],"rotation":{"angle":0,"axis":"y","origin":[-2.14583,27.1711,13.81234]},"faces":{"east":{"uv":[4.75,15.25,5,15.5],"texture":"#1"},"west":{"uv":[2.25,0,3.4,3.5],"texture":"#1"},"up":{"uv":[1.4,2,1.65,2.25],"texture":"#1"}}},{"from":[-2.3458,18.6591,5.20164],"to":[14.8822,29.6831,5.60164],"rotation":{"angle":0,"axis":"z","origin":[35.66674,17.31022,7.99764]},"faces":{"north":{"uv":[0,0,6.4,3.5],"texture":"#1"},"south":{"uv":[4.75,15.25,5,15.5],"texture":"#1"},"up":{"uv":[1.4,2,1.65,2.25],"texture":"#1"}}},{"from":[-2.3456,29.52953,5.57041],"to":[9.3824,31.35353,5.97041],"rotation":{"angle":22.5,"axis":"x","origin":[3.51817,30.54153,5.77041]},"faces":{"north":{"uv":[2.5,2,6.4,2.75],"texture":"#1"},"east":{"uv":[6.25,6.75,6.5,7],"texture":"#1"},"south":{"uv":[4.75,15.25,5,15.5],"texture":"#1"},"west":{"uv":[1.5,2.25,1.75,2.5],"texture":"#1"},"up":{"uv":[1.4,2,1.65,2.25],"texture":"#1"}}},{"from":[-2.3456,29.52953,10.02959],"to":[9.3824,31.35353,10.42959],"rotation":{"angle":-22.5,"axis":"x","origin":[3.51817,30.54153,10.22959]},"faces":{"north":{"uv":[4.75,15.25,5,15.5],"texture":"#1"},"east":{"uv":[6.25,6.75,6.5,7],"texture":"#1"},"south":{"uv":[2.5,2,6.4,2.75],"rotation":180,"texture":"#1"},"west":{"uv":[1.5,2.25,1.75,2.5],"texture":"#1"},"up":{"uv":[1.4,2,1.65,2.25],"texture":"#1"}}},{"from":[6.26817,2.6351,4.69836],"to":[14.88217,10.6591,11.30164],"rotation":{"angle":0,"axis":"z","origin":[35.66674,10.72622,8.00236]},"faces":{"north":{"uv":[3.25,9.25,6.5,5.75],"rotation":180,"texture":"#1"},"east":{"uv":[6,1.75,7.25,3.5],"texture":"#1"},"south":{"uv":[6.5,9.25,3.25,5.75],"rotation":180,"texture":"#1"}}},{"from":[0.34004,-1.89978,4.696],"to":[8.95404,6.59622,11.304],"rotation":{"angle":22.5,"axis":"z","origin":[8.95404,-2.13578,8]},"faces":{"north":{"uv":[0,13,3.25,9.25],"rotation":180,"texture":"#1"},"south":{"uv":[3.25,13,0,9.25],"rotation":180,"texture":"#1"},"west":{"uv":[6,6.75,7.25,10.75],"texture":"#1"}}},{"from":[0.34004,-9.92378,4.696],"to":[17.56804,-1.89978,11.304],"rotation":{"angle":22.5,"axis":"z","origin":[8.95404,-2.13578,8]},"faces":{"north":{"uv":[0,14.75,6.4,11],"rotation":180,"texture":"#1"},"east":{"uv":[6,14.25,7.25,16],"texture":"#1"},"south":{"uv":[6.4,14.75,0,11],"rotation":180,"texture":"#1"},"west":{"uv":[6,4.75,7.25,8.25],"texture":"#1"}}},{"from":[-0.13196,-12.75578,4.224],"to":[17.92204,-9.45178,11.776],"rotation":{"angle":22.5,"axis":"z","origin":[8.95404,-2.13578,7.528]},"faces":{"north":{"uv":[11.5,6.25,15.9,7.25],"texture":"#1"},"east":{"uv":[12.75,6.5,14.25,7.5],"texture":"#1"},"south":{"uv":[15.9,6.25,11.5,7.25],"texture":"#1"},"west":{"uv":[11.5,3.75,13,4.75],"texture":"#1"},"up":{"uv":[13.75,5.75,15.9,6.5],"rotation":180,"texture":"#1"},"down":{"uv":[13,4,13.9,5],"texture":"#1"}}},{"from":[8.95404,-1.89978,4.696],"to":[17.56804,3.76422,11.304],"rotation":{"angle":22.5,"axis":"z","origin":[8.95404,-2.13578,8]},"faces":{"north":{"uv":[3.25,10.75,6.5,8.25],"rotation":180,"texture":"#1"},"east":{"uv":[6,11.5,7.25,12.75],"texture":"#1"},"south":{"uv":[6.5,10.75,3.25,8.25],"rotation":180,"texture":"#1"}}},{"from":[8.83439,29.25184,6.76584],"to":[9.30856,31.34816,7.63416],"rotation":{"angle":0,"axis":"y","origin":[8.74821,8,8]},"faces":{"east":{"uv":[9.5,7.25,10.25,8.25],"texture":"#1_1"},"up":{"uv":[1.25,3.75,1.75,4.5],"rotation":180,"texture":"#1_1"},"down":{"uv":[6.25,7.75,6.75,8.5],"texture":"#1_1"}}},{"from":[-1.7999,30.1759,6.5761],"to":[-1.70008,30.4241,7.82391],"rotation":{"angle":0,"axis":"y","origin":[8.74821,8,8]},"faces":{"north":{"uv":[6.25,4.5,6.5,5],"texture":"#0"},"south":{"uv":[6.25,4.5,6.5,5],"texture":"#0"},"west":{"uv":[6.25,4.5,6.75,5],"texture":"#0"}}},{"from":[-1.8,28.17227,-1.89685],"to":[-1.70017,28.42048,-0.64904],"rotation":{"angle":22.5,"axis":"x","origin":[8.74821,8,8]},"faces":{"north":{"uv":[7.25,4.25,7.5,4.75],"texture":"#0"},"south":{"uv":[6.25,5,6.5,5.5],"texture":"#0"},"west":{"uv":[9.25,4.5,9.75,5.25],"rotation":270,"texture":"#0"}}},{"from":[-1.8,28.78456,15.17083],"to":[-1.70017,29.03277,16.41864],"rotation":{"angle":-22.5,"axis":"x","origin":[8.74821,8,8]},"faces":{"north":{"uv":[6.25,5,6.5,5.5],"texture":"#0"},"south":{"uv":[7.25,4.25,7.5,4.75],"texture":"#0"},"west":{"uv":[9,4.5,9.5,5.25],"rotation":90,"texture":"#0"}}},{"from":[-1.7999,23.07868,-8.95806],"to":[-1.70008,23.32689,-7.71025],"rotation":{"angle":45,"axis":"x","origin":[8.74821,8,8]},"faces":{"north":{"uv":[8.25,4.5,8.5,5],"texture":"#0"},"south":{"uv":[6,5.5,6.25,6],"texture":"#0"},"west":{"uv":[6.25,4.5,6.75,5.25],"rotation":270,"texture":"#0"}}},{"from":[-1.7999,24.21005,22.57888],"to":[-1.70008,24.45826,23.82669],"rotation":{"angle":-45,"axis":"x","origin":[8.74821,8,8]},"faces":{"north":{"uv":[6,5.5,6.25,6],"texture":"#0"},"south":{"uv":[3.75,4,4,4.5],"texture":"#0"},"west":{"uv":[6.25,4.5,6.75,5.25],"rotation":90,"texture":"#0"}}},{"from":[-1.8,28.28476,15.67063],"to":[-1.70017,29.53257,15.91884],"rotation":{"angle":-22.5,"axis":"x","origin":[8.74821,8,8]},"faces":{"west":{"uv":[5.25,4.5,5.75,5.25],"texture":"#0"},"up":{"uv":[7.25,4.25,7.5,4.75],"rotation":180,"texture":"#0"},"down":{"uv":[9,8,9.25,8.5],"rotation":180,"texture":"#0"}}},{"from":[-1.8,27.67247,-1.39705],"to":[-1.70017,28.92028,-1.14884],"rotation":{"angle":22.5,"axis":"x","origin":[8.74821,8,8]},"faces":{"west":{"uv":[5.25,4.5,5.75,5.25],"texture":"#0"},"up":{"uv":[3.25,4,3.5,4.5],"texture":"#0"},"down":{"uv":[9,8,9.25,8.5],"texture":"#0"}}},{"from":[-1.7999,29.6761,7.0759],"to":[-1.70008,30.92391,7.3241],"rotation":{"angle":0,"axis":"y","origin":[8.74821,8,8]},"faces":{"west":{"uv":[6.25,4.5,6.75,5.25],"texture":"#0"},"up":{"uv":[3.25,4,3.5,4.5],"texture":"#0"},"down":{"uv":[9.5,8,9.75,8.25],"texture":"#0"}}},{"from":[-1.10122,27.04855,-1.52115],"to":[8.83439,29.54418,-1.02473],"rotation":{"angle":22.5,"axis":"x","origin":[8.74821,8,8]},"faces":{"east":{"uv":[9.5,7.25,10.25,8.25],"texture":"#1_1"},"west":{"uv":[12.5,7.5,13,8],"texture":"#1_1"},"up":{"uv":[2,3.75,6,4.25],"texture":"#1_1"},"down":{"uv":[3,9,7,9.5],"rotation":180,"texture":"#1_1"}}},{"from":[-1.10122,27.66085,15.54652],"to":[8.83439,30.15647,16.04294],"rotation":{"angle":-22.5,"axis":"x","origin":[8.74821,8,8]},"faces":{"east":{"uv":[9.5,7.25,10.25,8.25],"texture":"#1_1"},"west":{"uv":[12.5,7.5,13,8],"texture":"#1_1"},"up":{"uv":[0,3.25,4,3.75],"texture":"#1_1"},"down":{"uv":[3.5,8,7.5,8.5],"rotation":180,"texture":"#1_1"}}},{"from":[-1.10122,21.95498,-8.58237],"to":[8.83439,24.4506,-8.08596],"rotation":{"angle":45,"axis":"x","origin":[8.74821,8,8]},"faces":{"east":{"uv":[9.5,7.25,10.25,8.25],"texture":"#1_1"},"west":{"uv":[12.5,7.5,13,8],"texture":"#1_1"},"up":{"uv":[5.25,4.25,9.25,4.75],"texture":"#1_1"},"down":{"uv":[5.75,5.5,9.75,6],"rotation":180,"texture":"#1_1"}}},{"from":[-1.10122,23.08635,22.95458],"to":[8.83439,25.58197,23.451],"rotation":{"angle":-45,"axis":"x","origin":[8.74821,8,8]},"faces":{"east":{"uv":[9.5,7.25,10.25,8.25],"texture":"#1_1"},"west":{"uv":[12.5,7.5,13,8],"texture":"#1_1"},"up":{"uv":[1.25,4.25,5.25,4.75],"rotation":180,"texture":"#1_1"},"down":{"uv":[4.5,5.5,8.5,6],"texture":"#1_1"}}},{"from":[-1.10122,28.66045,14.54692],"to":[8.83439,29.15687,17.04254],"rotation":{"angle":-22.5,"axis":"x","origin":[8.74821,8,8]},"faces":{"north":{"uv":[6.25,5,10.25,5.5],"texture":"#1_1"},"east":{"uv":[9.5,7.25,10.25,7.75],"texture":"#1_1"},"south":{"uv":[5.25,4.75,9.25,5.25],"texture":"#1_1"},"west":{"uv":[12.5,7.5,13,8],"rotation":90,"texture":"#1_1"}}},{"from":[-1.10122,28.04816,-2.52075],"to":[8.83439,28.54457,-0.02513],"rotation":{"angle":22.5,"axis":"x","origin":[8.74821,8,8]},"faces":{"north":{"uv":[5.25,4.75,9.25,5.25],"texture":"#1_1"},"east":{"uv":[9.5,7.25,10.25,7.75],"texture":"#1_1"},"south":{"uv":[6.25,5,10.25,5.5],"texture":"#1_1"},"west":{"uv":[12.5,7.5,13,8],"rotation":270,"texture":"#1_1"}}},{"from":[-1.10122,30.05179,5.95219],"to":[8.83439,30.54821,8.44781],"rotation":{"angle":0,"axis":"y","origin":[8.74821,8,8]},"faces":{"north":{"uv":[3,12.25,7,12.75],"texture":"#1_1"},"south":{"uv":[0,12,4,12.5],"texture":"#1_1"},"west":{"uv":[12.5,7.5,13,8],"texture":"#1_1"}}},{"from":[-0.18353,28.79008,6.95179],"to":[1.06429,29.78833,7.44821],"rotation":{"angle":-22.5,"axis":"z","origin":[8.74821,8,8]},"faces":{"north":{"uv":[10.5,2.75,11,3.25],"rotation":180,"texture":"#1_1"},"south":{"uv":[10.5,2.75,11,3.25],"rotation":180,"texture":"#1_1"},"up":{"uv":[2,3.25,2.75,3.75],"texture":"#1_1"}}},{"from":[16.88414,27.41671,6.95179],"to":[18.13196,28.41496,7.44821],"rotation":{"angle":22.5,"axis":"z","origin":[8.74821,8,8]},"faces":{"north":{"uv":[7.5,8,7.75,8.25],"rotation":180,"texture":"#1_1"},"south":{"uv":[7.5,8,7.75,8.25],"rotation":180,"texture":"#1_1"},"down":{"uv":[5.5,7.75,6.25,8.25],"rotation":180,"texture":"#1_1"}}},{"from":[8.65768,30.05179,7.44233],"to":[9.90549,30.54821,8.44058],"rotation":{"angle":22.5,"axis":"y","origin":[8.76422,8,8]},"faces":{"south":{"uv":[0,12,0.75,12.5],"texture":"#1_1"},"up":{"uv":[4.5,12,5,12.5],"rotation":180,"texture":"#1_1"},"down":{"uv":[4.5,12,5,12.5],"rotation":180,"texture":"#1_1"}}},{"from":[8.04416,30.05179,6.07509],"to":[9.29197,30.54821,7.07334],"rotation":{"angle":-22.5,"axis":"y","origin":[8.74821,8,8]},"faces":{"north":{"uv":[0,12,0.75,12.5],"texture":"#1_1"},"up":{"uv":[4.5,12,5,12.5],"rotation":180,"texture":"#1_1"},"down":{"uv":[4.5,12,5,12.5],"rotation":180,"texture":"#1_1"}}},{"from":[-1.10122,29.05219,6.95179],"to":[8.83439,31.54781,7.44822],"rotation":{"angle":0,"axis":"y","origin":[8.74821,8,8]},"faces":{"west":{"uv":[12.5,7.5,13,8],"texture":"#1_1"},"up":{"uv":[2,3.25,6,3.75],"texture":"#1_1"},"down":{"uv":[5.5,7.75,9.5,8.25],"rotation":180,"texture":"#1_1"}}},{"from":[8.83439,23.286,22.76863],"to":[9.30856,25.38232,23.63695],"rotation":{"angle":-45,"axis":"x","origin":[8.74821,8,8]},"faces":{"east":{"uv":[9.5,7.25,10.25,8.25],"texture":"#1_1"},"up":{"uv":[1.25,4.25,1.75,5],"rotation":180,"texture":"#1_1"},"down":{"uv":[2,5.75,2.5,6.5],"rotation":180,"texture":"#1_1"}}},{"from":[8.83439,22.15463,-8.76832],"to":[9.30856,24.25095,-7.9],"rotation":{"angle":45,"axis":"x","origin":[8.74821,8,8]},"faces":{"east":{"uv":[9.5,7.25,10.25,8.25],"texture":"#1_1"},"up":{"uv":[1.25,4.25,1.75,5],"texture":"#1_1"},"down":{"uv":[2,5.75,2.5,6.5],"texture":"#1_1"}}},{"from":[8.83439,29.86584,6.15184],"to":[9.30856,30.73416,8.24816],"rotation":{"angle":0,"axis":"y","origin":[8.74821,8,8]},"faces":{"north":{"uv":[3,4.75,3.5,5.5],"texture":"#1_1"},"east":{"uv":[9.5,7.25,10.25,8.25],"texture":"#1_1"},"south":{"uv":[3,4.75,3.5,5.5],"texture":"#1_1"}}},{"from":[9.11269,29.50594,7.04205],"to":[10.92769,31.09406,7.35795],"rotation":{"angle":0,"axis":"y","origin":[8.74821,8,8]},"faces":{"east":{"uv":[5.25,10.5,5.75,11],"texture":"#1_1"},"up":{"uv":[3.5,4,4.5,4.25],"rotation":180,"texture":"#1_1"},"down":{"uv":[7.25,8,8.25,8.25],"rotation":180,"texture":"#1_1"}}},{"from":[9.11269,27.5023,-1.4309],"to":[10.92769,29.09043,-1.11499],"rotation":{"angle":22.5,"axis":"x","origin":[8.74821,8,8]},"faces":{"east":{"uv":[5.25,10.5,5.75,11],"texture":"#1_1"},"up":{"uv":[5.25,4.25,6.25,4.5],"rotation":180,"texture":"#1_1"},"down":{"uv":[5.25,7.75,6.25,8],"rotation":180,"texture":"#1_1"}}},{"from":[9.11269,28.1146,15.63678],"to":[10.92769,29.70272,15.95269],"rotation":{"angle":-22.5,"axis":"x","origin":[8.74821,8,8]},"faces":{"east":{"uv":[5.25,10.5,5.75,11],"texture":"#1_1"},"up":{"uv":[4.75,4.25,5.75,4.5],"rotation":180,"texture":"#1_1"},"down":{"uv":[2.5,8.25,3.5,8.5],"rotation":180,"texture":"#1_1"}}},{"from":[9.11269,22.40873,-8.49211],"to":[10.92769,23.99686,-8.17621],"rotation":{"angle":45,"axis":"x","origin":[8.74821,8,8]},"faces":{"east":{"uv":[5.25,10.5,5.75,11],"texture":"#1_1"},"up":{"uv":[6.75,4.5,7.75,4.75],"rotation":180,"texture":"#1_1"},"down":{"uv":[4.75,5.5,5.75,5.75],"rotation":180,"texture":"#1_1"}}},{"from":[9.11269,23.5401,23.04484],"to":[10.92769,25.12823,23.36074],"rotation":{"angle":-45,"axis":"x","origin":[8.74821,8,8]},"faces":{"east":{"uv":[5.25,10.5,5.75,11],"texture":"#1_1"},"up":{"uv":[1.25,4.25,2.25,4.5],"rotation":180,"texture":"#1_1"},"down":{"uv":[4.25,5.75,5.25,6],"rotation":180,"texture":"#1_1"}}},{"from":[9.11269,28.75071,15.00067],"to":[10.92769,29.06661,16.5888],"rotation":{"angle":-22.5,"axis":"x","origin":[8.74821,8,8]},"faces":{"north":{"uv":[3,5.25,4,5.5],"rotation":180,"texture":"#1_1"},"east":{"uv":[5.25,10.5,5.75,11],"texture":"#1_1"},"south":{"uv":[6.75,4.75,7.75,5],"rotation":180,"texture":"#1_1"}}},{"from":[9.11269,28.13841,-2.06701],"to":[10.92769,28.45432,-0.47888],"rotation":{"angle":22.5,"axis":"x","origin":[8.74821,8,8]},"faces":{"north":{"uv":[1.5,4.75,2.5,5],"rotation":180,"texture":"#1_1"},"east":{"uv":[5.25,10.5,5.75,11],"texture":"#1_1"},"south":{"uv":[8,5.25,9,5.5],"rotation":180,"texture":"#1_1"}}},{"from":[9.11269,30.14205,6.40594],"to":[10.92769,30.45795,7.99406],"rotation":{"angle":0,"axis":"y","origin":[8.74821,8,8]},"faces":{"north":{"uv":[2,5,3,5.25],"rotation":180,"texture":"#1_1"},"east":{"uv":[5.25,10.5,5.75,11],"texture":"#1_1"},"south":{"uv":[5,5,6,5.25],"rotation":180,"texture":"#1_1"}}},{"from":[10.59494,29.574,7.05559],"to":[11.50244,31.026,7.34441],"rotation":{"angle":0,"axis":"y","origin":[8.74821,8,8]},"faces":{"east":{"uv":[11,7.5,11.5,8],"texture":"#2"},"up":{"uv":[3.25,4,3.75,4.25],"texture":"#2"},"down":{"uv":[7.75,8,8.25,8.25],"rotation":180,"texture":"#2"}}},{"from":[10.59494,28.18266,15.65032],"to":[11.50244,29.63466,15.93915],"rotation":{"angle":-22.5,"axis":"x","origin":[8.74821,8,8]},"faces":{"east":{"uv":[11,7.5,11.5,8],"texture":"#2"},"up":{"uv":[7.5,4.25,8,4.5],"texture":"#2"},"down":{"uv":[4.25,8,4.75,8.25],"rotation":180,"texture":"#2"}}},{"from":[10.59494,27.57037,-1.41736],"to":[11.50244,29.02237,-1.12853],"rotation":{"angle":22.5,"axis":"x","origin":[8.74821,8,8]},"faces":{"east":{"uv":[11,7.5,11.5,8],"texture":"#2"},"up":{"uv":[5.5,4.25,6,4.5],"texture":"#2"},"down":{"uv":[4.25,8,4.75,8.25],"texture":"#2"}}},{"from":[10.59494,23.60817,23.05838],"to":[11.50244,25.06017,23.3472],"rotation":{"angle":-45,"axis":"x","origin":[8.74821,8,8]},"faces":{"east":{"uv":[11,7.5,11.5,8],"texture":"#2"},"up":{"uv":[6.5,4.75,7,5],"rotation":180,"texture":"#2"},"down":{"uv":[2.75,9.25,3.25,9.5],"rotation":180,"texture":"#2"}}},{"from":[10.59494,22.4768,-8.47857],"to":[11.50244,23.9288,-8.18975],"rotation":{"angle":45,"axis":"x","origin":[8.74821,8,8]},"faces":{"east":{"uv":[11,7.5,11.5,8],"texture":"#2"},"up":{"uv":[8.5,4.75,9,5],"texture":"#2"},"down":{"uv":[2.75,9.25,3.25,9.75],"rotation":180,"texture":"#2"}}},{"from":[10.59494,28.15195,-1.99894],"to":[11.50244,28.44078,-0.54694],"rotation":{"angle":22.5,"axis":"x","origin":[8.74821,8,8]},"faces":{"north":{"uv":[5.5,11.5,6,11.75],"rotation":180,"texture":"#2"},"east":{"uv":[11,7.5,11.5,8],"rotation":90,"texture":"#2"},"south":{"uv":[1.25,9.75,1.75,10],"rotation":180,"texture":"#2"}}},{"from":[10.59494,28.76425,15.06874],"to":[11.50244,29.05307,16.52074],"rotation":{"angle":-22.5,"axis":"x","origin":[8.74821,8,8]},"faces":{"north":{"uv":[2.5,10,3,10.5],"rotation":180,"texture":"#2"},"east":{"uv":[11,7.5,11.5,8],"rotation":270,"texture":"#2"},"south":{"uv":[5.5,11.5,6,11.75],"rotation":180,"texture":"#2"}}},{"from":[10.59494,30.15559,6.474],"to":[11.50244,30.44441,7.926],"rotation":{"angle":0,"axis":"y","origin":[8.74821,8,8]},"faces":{"north":{"uv":[5.5,11,6,11.25],"rotation":180,"texture":"#2"},"east":{"uv":[11,7.5,11.5,8],"texture":"#2"},"south":{"uv":[5.5,11,6,11.25],"rotation":180,"texture":"#2"}}},{"from":[11.50244,29.61938,7.06463],"to":[12.13769,30.98063,7.33537],"rotation":{"angle":0,"axis":"y","origin":[8.74821,8,8]},"faces":{"east":{"uv":[11,7.5,11.5,8],"texture":"#2"},"up":{"uv":[3.25,4,3.75,4.25],"texture":"#2"},"down":{"uv":[7.75,8,8.25,8.25],"rotation":180,"texture":"#2"}}},{"from":[11.50244,27.61574,-1.40832],"to":[12.13769,28.97699,-1.13756],"rotation":{"angle":22.5,"axis":"x","origin":[8.74821,8,8]},"faces":{"east":{"uv":[11,7.5,11.5,8],"texture":"#2"},"up":{"uv":[12.75,2.25,13.25,2.5],"texture":"#2"},"down":{"uv":[4.25,8,4.75,8.25],"texture":"#2"}}},{"from":[11.50244,28.22804,15.65935],"to":[12.13769,29.58929,15.93011],"rotation":{"angle":-22.5,"axis":"x","origin":[8.74821,8,8]},"faces":{"east":{"uv":[11,7.5,11.5,8],"texture":"#2"},"up":{"uv":[8.5,4.25,9,4.5],"texture":"#2"},"down":{"uv":[4.25,8,4.75,8.25],"rotation":180,"texture":"#2"}}},{"from":[11.50244,22.52217,-8.46954],"to":[12.13769,23.88342,-8.19878],"rotation":{"angle":45,"axis":"x","origin":[8.74821,8,8]},"faces":{"east":{"uv":[11,7.5,11.5,8],"texture":"#2"},"up":{"uv":[9.25,4.75,9.75,5],"texture":"#2"},"down":{"uv":[2.75,9.25,3.25,9.75],"rotation":180,"texture":"#2"}}},{"from":[11.50244,23.65354,23.06741],"to":[12.13769,25.01479,23.33817],"rotation":{"angle":-45,"axis":"x","origin":[8.74821,8,8]},"faces":{"east":{"uv":[11,7.5,11.5,8],"texture":"#2"},"up":{"uv":[5.75,4.75,6.25,5],"rotation":180,"texture":"#2"},"down":{"uv":[2.75,9.25,3.25,9.5],"rotation":180,"texture":"#2"}}},{"from":[11.50244,28.77329,15.11411],"to":[12.13769,29.04405,16.47536],"rotation":{"angle":-22.5,"axis":"x","origin":[8.74821,8,8]},"faces":{"north":{"uv":[2.5,10,3,10.5],"rotation":180,"texture":"#2"},"east":{"uv":[11,7.5,11.5,8],"rotation":270,"texture":"#2"},"south":{"uv":[6.25,11.5,6.75,11.75],"rotation":180,"texture":"#2"}}},{"from":[11.50244,28.16099,-1.95357],"to":[12.13769,28.43175,-0.59232],"rotation":{"angle":22.5,"axis":"x","origin":[8.74821,8,8]},"faces":{"north":{"uv":[4.75,11.5,5.25,11.75],"rotation":180,"texture":"#2"},"east":{"uv":[11,7.5,11.5,8],"rotation":90,"texture":"#2"},"south":{"uv":[1.25,9.75,1.75,10],"rotation":180,"texture":"#2"}}},{"from":[11.50244,30.16463,6.51938],"to":[12.13769,30.43539,7.88063],"rotation":{"angle":0,"axis":"y","origin":[8.74821,8,8]},"faces":{"north":{"uv":[6.5,11,7,11.25],"rotation":180,"texture":"#2"},"east":{"uv":[11,7.5,11.5,8],"texture":"#2"},"south":{"uv":[5.5,11,6,11.25],"rotation":180,"texture":"#2"}}},{"from":[12.13769,29.66475,7.07364],"to":[12.54606,30.93525,7.32636],"rotation":{"angle":0,"axis":"y","origin":[8.74821,8,8]},"faces":{"east":{"uv":[11,7.5,11.5,8],"texture":"#2"},"up":{"uv":[3.25,4,3.75,4.25],"texture":"#2"},"down":{"uv":[7.75,8,8.25,8.25],"rotation":180,"texture":"#2"}}},{"from":[12.13769,28.27341,15.66838],"to":[12.54606,29.54391,15.9211],"rotation":{"angle":-22.5,"axis":"x","origin":[8.74821,8,8]},"faces":{"east":{"uv":[11,7.5,11.5,8],"texture":"#2"},"up":{"uv":[8.75,4.25,9.25,4.5],"texture":"#2"},"down":{"uv":[4.25,8,4.75,8.25],"rotation":180,"texture":"#2"}}},{"from":[12.13769,27.66112,-1.3993],"to":[12.54606,28.93162,-1.14658],"rotation":{"angle":22.5,"axis":"x","origin":[8.74821,8,8]},"faces":{"east":{"uv":[11,7.5,11.5,8],"texture":"#2"},"up":{"uv":[10.5,2.75,11,3],"texture":"#2"},"down":{"uv":[4.25,8,4.75,8.25],"texture":"#2"}}},{"from":[12.13769,23.69892,23.07644],"to":[12.54606,24.96942,23.32916],"rotation":{"angle":-45,"axis":"x","origin":[8.74821,8,8]},"faces":{"east":{"uv":[11,7.5,11.5,8],"texture":"#2"},"up":{"uv":[7.5,4.75,8,5],"rotation":180,"texture":"#2"},"down":{"uv":[2.75,9.25,3.25,9.5],"rotation":180,"texture":"#2"}}},{"from":[12.13769,28.17001,-1.90819],"to":[12.54606,28.42273,-0.63769],"rotation":{"angle":22.5,"axis":"x","origin":[8.74821,8,8]},"faces":{"north":{"uv":[6.75,11.5,7.25,11.75],"rotation":180,"texture":"#2"},"east":{"uv":[11,7.5,11.5,8],"rotation":90,"texture":"#2"},"south":{"uv":[1.25,9.75,1.75,10],"rotation":180,"texture":"#2"}}},{"from":[12.13769,22.56755,-8.46053],"to":[12.54606,23.83805,-8.20781],"rotation":{"angle":45,"axis":"x","origin":[8.74821,8,8]},"faces":{"east":{"uv":[11,7.5,11.5,8],"texture":"#2"},"up":{"uv":[9,4.75,9.5,5],"texture":"#2"},"down":{"uv":[2.75,9.25,3.25,9.75],"rotation":180,"texture":"#2"}}},{"from":[12.13769,28.7823,15.15949],"to":[12.54606,29.03502,16.42999],"rotation":{"angle":-22.5,"axis":"x","origin":[8.74821,8,8]},"faces":{"north":{"uv":[2.5,10,3,10.5],"rotation":180,"texture":"#2"},"east":{"uv":[11,7.5,11.5,8],"rotation":270,"texture":"#2"},"south":{"uv":[6.25,11.5,6.75,11.75],"rotation":180,"texture":"#2"}}},{"from":[12.13769,30.17364,6.56475],"to":[12.54606,30.42636,7.83525],"rotation":{"angle":0,"axis":"y","origin":[8.74821,8,8]},"faces":{"north":{"uv":[4.75,11,5.25,11.25],"rotation":180,"texture":"#2"},"east":{"uv":[11,7.5,11.5,8],"texture":"#2"},"south":{"uv":[5.5,11,6,11.25],"rotation":180,"texture":"#2"}}},{"from":[12.54606,29.71013,7.08267],"to":[12.77294,30.88988,7.31733],"rotation":{"angle":0,"axis":"y","origin":[8.74821,8,8]},"faces":{"east":{"uv":[11,7.5,11.5,8],"texture":"#2"},"up":{"uv":[3.25,4,3.75,4.25],"texture":"#2"},"down":{"uv":[7.75,8,8.25,8.25],"rotation":180,"texture":"#2"}}},{"from":[12.54606,27.70649,-1.39028],"to":[12.77294,28.88624,-1.15561],"rotation":{"angle":22.5,"axis":"x","origin":[8.74821,8,8]},"faces":{"east":{"uv":[11,7.5,11.5,8],"texture":"#2"},"up":{"uv":[11.25,3.25,11.75,3.5],"texture":"#2"},"down":{"uv":[4.25,8,4.75,8.25],"texture":"#2"}}},{"from":[12.54606,28.31879,15.6774],"to":[12.77294,29.49854,15.91207],"rotation":{"angle":-22.5,"axis":"x","origin":[8.74821,8,8]},"faces":{"east":{"uv":[11,7.5,11.5,8],"texture":"#2"},"up":{"uv":[11,3,11.5,3.25],"texture":"#2"},"down":{"uv":[4.25,8,4.75,8.25],"rotation":180,"texture":"#2"}}},{"from":[12.54606,22.61292,-8.45149],"to":[12.77294,23.79267,-8.21683],"rotation":{"angle":45,"axis":"x","origin":[8.74821,8,8]},"faces":{"east":{"uv":[11,7.5,11.5,8],"texture":"#2"},"up":{"uv":[6.5,4.75,7,5],"texture":"#2"},"down":{"uv":[2.75,9.25,3.25,9.75],"rotation":180,"texture":"#2"}}},{"from":[12.54606,23.74429,23.08546],"to":[12.77294,24.92404,23.32012],"rotation":{"angle":-45,"axis":"x","origin":[8.74821,8,8]},"faces":{"east":{"uv":[11,7.5,11.5,8],"texture":"#2"},"up":{"uv":[8,4.75,8.5,5],"rotation":180,"texture":"#2"},"down":{"uv":[2.75,9.25,3.25,9.5],"rotation":180,"texture":"#2"}}},{"from":[12.54606,28.79133,15.20486],"to":[12.77294,29.02599,16.38461],"rotation":{"angle":-22.5,"axis":"x","origin":[8.74821,8,8]},"faces":{"north":{"uv":[2.5,10,3,10.5],"rotation":180,"texture":"#2"},"east":{"uv":[11,7.5,11.5,8],"rotation":270,"texture":"#2"},"south":{"uv":[7.5,11.5,8,11.75],"rotation":180,"texture":"#2"}}},{"from":[12.54606,28.17903,-1.86282],"to":[12.77294,28.4137,-0.68307],"rotation":{"angle":22.5,"axis":"x","origin":[8.74821,8,8]},"faces":{"north":{"uv":[7,11.5,7.5,11.75],"rotation":180,"texture":"#2"},"east":{"uv":[11,7.5,11.5,8],"rotation":90,"texture":"#2"},"south":{"uv":[1.25,9.75,1.75,10],"rotation":180,"texture":"#2"}}},{"from":[12.54606,30.18267,6.61013],"to":[12.77294,30.41733,7.78988],"rotation":{"angle":0,"axis":"y","origin":[8.74821,8,8]},"faces":{"north":{"uv":[6.25,11,6.75,11.25],"rotation":180,"texture":"#2"},"east":{"uv":[11,7.5,11.5,8],"texture":"#2"},"south":{"uv":[5.5,11,6,11.25],"rotation":180,"texture":"#2"}}},{"from":[3.72436,30.28277,7.0185],"to":[4.67724,30.64577,7.3815],"rotation":{"angle":-22.5,"axis":"z","origin":[8.74821,8,8]},"faces":{"north":{"uv":[6,4.5,6.5,5],"texture":"#2"},"east":{"uv":[7.5,2,8,2.5],"texture":"#2"},"south":{"uv":[5.75,4.5,6.25,5],"texture":"#2"},"up":{"uv":[4,4,4.5,4.5],"texture":"#2"}}},{"from":[20.79204,26.55927,7.0185],"to":[21.74492,26.92227,7.3815],"rotation":{"angle":22.5,"axis":"z","origin":[8.74821,8,8]},"faces":{"north":{"uv":[5,8,5.5,8.5],"rotation":180,"texture":"#2"},"east":{"uv":[7.5,2,8,2.5],"texture":"#2"},"south":{"uv":[5,8,5.5,8.5],"rotation":180,"texture":"#2"},"down":{"uv":[15,8,15.5,8.5],"rotation":180,"texture":"#2"}}},{"from":[12.56435,30.1185,8.89578],"to":[13.51722,30.4815,9.30415],"rotation":{"angle":22.5,"axis":"y","origin":[8.74821,8,8]},"faces":{"east":{"uv":[7.5,2,8,2.5],"texture":"#2"},"south":{"uv":[4.75,11.25,5.25,11.75],"rotation":180,"texture":"#2"},"up":{"uv":[6.5,4.75,7,5.25],"texture":"#2"},"down":{"uv":[9,10.25,9.5,10.75],"rotation":180,"texture":"#2"}}},{"from":[11.95206,30.1185,5.21764],"to":[12.90493,30.4815,5.62602],"rotation":{"angle":-22.5,"axis":"y","origin":[8.74821,8,8]},"faces":{"north":{"uv":[4.75,11.25,5.25,11.75],"rotation":180,"texture":"#2"},"east":{"uv":[7.5,2,8,2.5],"texture":"#2"},"up":{"uv":[6.5,4.75,7,5.25],"rotation":180,"texture":"#2"},"down":{"uv":[9,10.25,9.5,10.75],"rotation":180,"texture":"#2"}}},{"from":[-1.70027,29.05219,6.95178],"to":[-1.45061,31.54781,7.44822],"rotation":{"angle":0,"axis":"y","origin":[8.74821,8,8]},"faces":{"east":{"uv":[12.5,7.5,13,8],"texture":"#1_1"},"west":{"uv":[8.25,4,8.75,6],"texture":"#1_1"},"up":{"uv":[3.5,3.75,4,4.25],"rotation":180,"texture":"#1_1"},"down":{"uv":[6.25,8,6.75,8.25],"rotation":180,"texture":"#1_1"}}},{"from":[-1.70017,27.04855,-1.52116],"to":[-1.45052,29.54418,-1.02473],"rotation":{"angle":22.5,"axis":"x","origin":[8.74821,8,8]},"faces":{"east":{"uv":[12.5,7.5,13,8],"texture":"#1_1"},"west":{"uv":[7.25,4,7.75,6],"texture":"#1_1"},"up":{"uv":[3.5,4.25,4,4.75],"texture":"#1_1"},"down":{"uv":[6.25,8,6.75,8.25],"rotation":180,"texture":"#1_1"}}},{"from":[-1.70017,27.66085,15.54652],"to":[-1.45052,30.15647,16.04295],"rotation":{"angle":-22.5,"axis":"x","origin":[8.74821,8,8]},"faces":{"east":{"uv":[12.5,7.5,13,8],"texture":"#1_1"},"west":{"uv":[7.25,4,7.75,6],"texture":"#1_1"},"up":{"uv":[3.5,4.25,4,4.75],"rotation":180,"texture":"#1_1"},"down":{"uv":[6.25,8,6.75,8.25],"rotation":180,"texture":"#1_1"}}},{"from":[-1.70027,21.95498,-8.58238],"to":[-1.45061,24.4506,-8.08594],"rotation":{"angle":45,"axis":"x","origin":[8.74821,8,8]},"faces":{"east":{"uv":[12.5,7.5,13,8],"texture":"#1_1"},"west":{"uv":[10.75,4.5,11.25,6.5],"texture":"#1_1"},"up":{"uv":[3.75,4.75,4.25,5.25],"texture":"#1_1"},"down":{"uv":[6.25,8,6.75,8.25],"rotation":180,"texture":"#1_1"}}},{"from":[-1.70027,23.08635,22.95457],"to":[-1.45061,25.58197,23.45101],"rotation":{"angle":-45,"axis":"x","origin":[8.74821,8,8]},"faces":{"east":{"uv":[12.5,7.5,13,8],"texture":"#1_1"},"west":{"uv":[6.75,4.5,7.25,6.5],"texture":"#1_1"},"up":{"uv":[7.75,4.75,8.25,5.25],"rotation":180,"texture":"#1_1"},"down":{"uv":[6.25,8,6.75,8.25],"rotation":180,"texture":"#1_1"}}},{"from":[-1.70017,28.66045,14.54692],"to":[-1.45052,29.15688,17.04254],"rotation":{"angle":-22.5,"axis":"x","origin":[8.74821,8,8]},"faces":{"north":{"uv":[6.75,8,7.25,8.5],"rotation":180,"texture":"#1_1"},"east":{"uv":[12.5,7.5,13,8],"rotation":270,"texture":"#1_1"},"south":{"uv":[5.25,5.5,5.75,6],"texture":"#1_1"},"west":{"uv":[0.5,4.75,1,6.75],"rotation":90,"texture":"#1_1"}}},{"from":[-1.70017,28.04816,-2.52075],"to":[-1.45052,28.54459,-0.02513],"rotation":{"angle":22.5,"axis":"x","origin":[8.74821,8,8]},"faces":{"north":{"uv":[6.75,5.5,7.25,6],"texture":"#1_1"},"east":{"uv":[12.5,7.5,13,8],"rotation":90,"texture":"#1_1"},"south":{"uv":[6,8,6.5,8.5],"rotation":180,"texture":"#1_1"},"west":{"uv":[0.75,4.75,1.25,6.75],"rotation":270,"texture":"#1_1"}}},{"from":[-1.70027,30.05178,5.95219],"to":[-1.45061,30.54822,8.44781],"rotation":{"angle":0,"axis":"y","origin":[8.74821,8,8]},"faces":{"north":{"uv":[4.25,8.25,4.75,8.75],"rotation":180,"texture":"#1_1"},"east":{"uv":[12.5,7.5,13,8],"texture":"#1_1"},"south":{"uv":[6.25,8.25,6.75,8.75],"rotation":180,"texture":"#1_1"},"west":{"uv":[7.25,9.5,7.75,11.5],"rotation":90,"texture":"#1_1"}}},{"from":[-1.45071,29.30175,7.00144],"to":[-1.05131,31.29825,7.39856],"rotation":{"angle":0,"axis":"y","origin":[8.74821,8,8]},"faces":{"up":{"uv":[10,2.75,10.5,3.25],"rotation":180,"texture":"#1_1"},"down":{"uv":[5.75,8,6.25,8.25],"texture":"#1_1"}}},{"from":[-1.45071,27.29812,-1.4715],"to":[-1.05131,29.29462,-1.07438],"rotation":{"angle":22.5,"axis":"x","origin":[8.74821,8,8]},"faces":{"up":{"uv":[11,2.5,11.5,3],"rotation":180,"texture":"#1_1"},"down":{"uv":[5.75,8,6.25,8.25],"texture":"#1_1"}}},{"from":[-1.45071,27.91041,15.59617],"to":[-1.05131,29.90691,15.99329],"rotation":{"angle":-22.5,"axis":"x","origin":[8.74821,8,8]},"faces":{"up":{"uv":[8.5,4,9,4.5],"rotation":180,"texture":"#1_1"},"down":{"uv":[5.75,8,6.25,8.25],"texture":"#1_1"}}},{"from":[-1.45071,22.20454,-8.53272],"to":[-1.05131,24.20104,-8.1356],"rotation":{"angle":45,"axis":"x","origin":[8.74821,8,8]},"faces":{"up":{"uv":[3.25,4.25,3.75,4.75],"texture":"#1_1"},"down":{"uv":[5.75,8,6.25,8.25],"texture":"#1_1"}}},{"from":[-1.45071,28.7101,14.79648],"to":[-1.05131,29.10722,16.79298],"rotation":{"angle":-22.5,"axis":"x","origin":[8.74821,8,8]},"faces":{"north":{"uv":[3,8,3.5,8.5],"rotation":180,"texture":"#1_1"},"south":{"uv":[3.25,4.75,3.75,5.25],"texture":"#1_1"}}},{"from":[-1.45071,23.33591,23.00423],"to":[-1.05131,25.33241,23.40135],"rotation":{"angle":-45,"axis":"x","origin":[8.74821,8,8]},"faces":{"up":{"uv":[3.25,4.25,3.75,4.75],"rotation":180,"texture":"#1_1"},"down":{"uv":[5.75,8,6.25,8.25],"texture":"#1_1"}}},{"from":[-1.45071,28.09781,-2.27119],"to":[-1.05131,28.49493,-0.27469],"rotation":{"angle":22.5,"axis":"x","origin":[8.74821,8,8]},"faces":{"north":{"uv":[3.25,4.75,3.75,5.25],"texture":"#1_1"},"south":{"uv":[3,8,3.5,8.5],"rotation":180,"texture":"#1_1"}}},{"from":[-1.45071,30.10144,6.20175],"to":[-1.05131,30.49856,8.19825],"rotation":{"angle":0,"axis":"y","origin":[8.74821,8,8]},"faces":{"north":{"uv":[3.25,5.25,3.75,5.75],"texture":"#1_1"},"south":{"uv":[3.25,5.25,3.75,5.75],"texture":"#1_1"}}},{"from":[8.83439,27.65184,8.66584],"to":[9.30856,29.74816,9.53416],"rotation":{"angle":0,"axis":"y","origin":[8.74821,8,8]},"faces":{"east":{"uv":[9.5,7.25,10.25,8.25],"texture":"#1_1"},"up":{"uv":[1.25,3.75,1.75,4.5],"rotation":180,"texture":"#1_1"},"down":{"uv":[6.25,7.75,6.75,8.5],"texture":"#1_1"}}},{"from":[-1.7999,28.5759,8.4761],"to":[-1.70008,28.8241,9.72391],"rotation":{"angle":0,"axis":"y","origin":[8.74821,8,8]},"faces":{"north":{"uv":[6.25,4.5,6.5,5],"texture":"#0"},"south":{"uv":[6.25,4.5,6.5,5],"texture":"#0"},"west":{"uv":[6.25,4.5,6.75,5],"texture":"#0"}}},{"from":[-1.8,27.42116,0.47081],"to":[-1.70017,27.66937,1.71863],"rotation":{"angle":22.5,"axis":"x","origin":[8.74821,8,8]},"faces":{"north":{"uv":[7.25,4.25,7.5,4.75],"texture":"#0"},"south":{"uv":[6.25,5,6.5,5.5],"texture":"#0"},"west":{"uv":[9.25,4.5,9.75,5.25],"rotation":270,"texture":"#0"}}},{"from":[-1.8,26.57926,16.31391],"to":[-1.70017,26.82746,17.56172],"rotation":{"angle":-22.5,"axis":"x","origin":[8.74821,8,8]},"faces":{"north":{"uv":[6.25,5,6.5,5.5],"texture":"#0"},"south":{"uv":[7.25,4.25,7.5,4.75],"texture":"#0"},"west":{"uv":[9,4.5,9.5,5.25],"rotation":90,"texture":"#0"}}},{"from":[-1.7999,23.29081,-6.48319],"to":[-1.70008,23.53902,-5.23538],"rotation":{"angle":45,"axis":"x","origin":[8.74821,8,8]},"faces":{"north":{"uv":[8.25,4.5,8.5,5],"texture":"#0"},"south":{"uv":[6,5.5,6.25,6],"texture":"#0"},"west":{"uv":[6.25,4.5,6.75,5.25],"rotation":270,"texture":"#0"}}},{"from":[-1.7999,21.73518,22.79101],"to":[-1.70008,21.98339,24.03882],"rotation":{"angle":-45,"axis":"x","origin":[8.74821,8,8]},"faces":{"north":{"uv":[6,5.5,6.25,6],"texture":"#0"},"south":{"uv":[3.75,4,4,4.5],"texture":"#0"},"west":{"uv":[6.25,4.5,6.75,5.25],"rotation":90,"texture":"#0"}}},{"from":[-1.8,26.07946,16.81371],"to":[-1.70017,27.32727,17.06192],"rotation":{"angle":-22.5,"axis":"x","origin":[8.74821,8,8]},"faces":{"west":{"uv":[5.25,4.5,5.75,5.25],"texture":"#0"},"up":{"uv":[7.25,4.25,7.5,4.75],"rotation":180,"texture":"#0"},"down":{"uv":[9,8,9.25,8.5],"rotation":180,"texture":"#0"}}},{"from":[-1.8,26.92136,0.97062],"to":[-1.70017,28.16917,1.21882],"rotation":{"angle":22.5,"axis":"x","origin":[8.74821,8,8]},"faces":{"west":{"uv":[5.25,4.5,5.75,5.25],"texture":"#0"},"up":{"uv":[3.25,4,3.5,4.5],"texture":"#0"},"down":{"uv":[9,8,9.25,8.5],"texture":"#0"}}},{"from":[-1.7999,28.0761,8.9759],"to":[-1.70008,29.32391,9.2241],"rotation":{"angle":0,"axis":"y","origin":[8.74821,8,8]},"faces":{"west":{"uv":[6.25,4.5,6.75,5.25],"texture":"#0"},"up":{"uv":[3.25,4,3.5,4.5],"texture":"#0"},"down":{"uv":[9.5,8,9.75,8.25],"texture":"#0"}}},{"from":[-1.10122,26.29745,0.84652],"to":[8.83439,28.79307,1.34293],"rotation":{"angle":22.5,"axis":"x","origin":[8.74821,8,8]},"faces":{"east":{"uv":[9.5,7.25,10.25,8.25],"texture":"#1_1"},"west":{"uv":[12.5,7.5,13,8],"texture":"#1_1"},"up":{"uv":[2,3.75,6,4.25],"texture":"#1_1"},"down":{"uv":[3,9,7,9.5],"rotation":180,"texture":"#1_1"}}},{"from":[-1.10122,25.45554,16.6896],"to":[8.83439,27.95117,17.18602],"rotation":{"angle":-22.5,"axis":"x","origin":[8.74821,8,8]},"faces":{"east":{"uv":[9.5,7.25,10.25,8.25],"texture":"#1_1"},"west":{"uv":[12.5,7.5,13,8],"texture":"#1_1"},"up":{"uv":[0,3.25,4,3.75],"texture":"#1_1"},"down":{"uv":[3.5,8,7.5,8.5],"rotation":180,"texture":"#1_1"}}},{"from":[-1.10122,22.16711,-6.1075],"to":[8.83439,24.66274,-5.61108],"rotation":{"angle":45,"axis":"x","origin":[8.74821,8,8]},"faces":{"east":{"uv":[9.5,7.25,10.25,8.25],"texture":"#1_1"},"west":{"uv":[12.5,7.5,13,8],"texture":"#1_1"},"up":{"uv":[5.25,4.25,9.25,4.75],"texture":"#1_1"},"down":{"uv":[5.75,5.5,9.75,6],"rotation":180,"texture":"#1_1"}}},{"from":[-1.10122,20.61148,23.16672],"to":[8.83439,23.1071,23.66313],"rotation":{"angle":-45,"axis":"x","origin":[8.74821,8,8]},"faces":{"east":{"uv":[9.5,7.25,10.25,8.25],"texture":"#1_1"},"west":{"uv":[12.5,7.5,13,8],"texture":"#1_1"},"up":{"uv":[1.25,4.25,5.25,4.75],"rotation":180,"texture":"#1_1"},"down":{"uv":[4.5,5.5,8.5,6],"texture":"#1_1"}}},{"from":[-1.10122,26.45515,15.69],"to":[8.83439,26.95156,18.18562],"rotation":{"angle":-22.5,"axis":"x","origin":[8.74821,8,8]},"faces":{"north":{"uv":[6.25,5,10.25,5.5],"texture":"#1_1"},"east":{"uv":[9.5,7.25,10.25,7.75],"texture":"#1_1"},"south":{"uv":[5.25,4.75,9.25,5.25],"texture":"#1_1"},"west":{"uv":[12.5,7.5,13,8],"rotation":90,"texture":"#1_1"}}},{"from":[-1.10122,27.29705,-0.15309],"to":[8.83439,27.79347,2.34254],"rotation":{"angle":22.5,"axis":"x","origin":[8.74821,8,8]},"faces":{"north":{"uv":[5.25,4.75,9.25,5.25],"texture":"#1_1"},"east":{"uv":[9.5,7.25,10.25,7.75],"texture":"#1_1"},"south":{"uv":[6.25,5,10.25,5.5],"texture":"#1_1"},"west":{"uv":[12.5,7.5,13,8],"rotation":270,"texture":"#1_1"}}},{"from":[-1.10122,28.45179,7.85219],"to":[8.83439,28.94821,10.34781],"rotation":{"angle":0,"axis":"y","origin":[8.74821,8,8]},"faces":{"north":{"uv":[3,12.25,7,12.75],"texture":"#1_1"},"south":{"uv":[0,12,4,12.5],"texture":"#1_1"},"west":{"uv":[12.5,7.5,13,8],"texture":"#1_1"}}},{"from":[0.42877,27.31187,8.85179],"to":[1.67658,28.31012,9.34821],"rotation":{"angle":-22.5,"axis":"z","origin":[8.74821,8,8]},"faces":{"north":{"uv":[10.5,2.75,11,3.25],"rotation":180,"texture":"#1_1"},"south":{"uv":[10.5,2.75,11,3.25],"rotation":180,"texture":"#1_1"},"up":{"uv":[2,3.25,2.75,3.75],"texture":"#1_1"}}},{"from":[16.27185,25.9385,8.85179],"to":[17.51966,26.93675,9.34821],"rotation":{"angle":22.5,"axis":"z","origin":[8.74821,8,8]},"faces":{"north":{"uv":[7.5,8,7.75,8.25],"rotation":180,"texture":"#1_1"},"south":{"uv":[7.5,8,7.75,8.25],"rotation":180,"texture":"#1_1"},"down":{"uv":[5.5,7.75,6.25,8.25],"rotation":180,"texture":"#1_1"}}},{"from":[7.93058,28.45179,9.1977],"to":[9.17839,28.94821,10.19595],"rotation":{"angle":22.5,"axis":"y","origin":[8.76422,8,8]},"faces":{"south":{"uv":[0,12,0.75,12.5],"texture":"#1_1"},"up":{"uv":[4.5,12,5,12.5],"rotation":180,"texture":"#1_1"},"down":{"uv":[4.5,12,5,12.5],"rotation":180,"texture":"#1_1"}}},{"from":[8.77126,28.45179,7.83046],"to":[10.01907,28.94821,8.82871],"rotation":{"angle":-22.5,"axis":"y","origin":[8.74821,8,8]},"faces":{"north":{"uv":[0,12,0.75,12.5],"texture":"#1_1"},"up":{"uv":[4.5,12,5,12.5],"rotation":180,"texture":"#1_1"},"down":{"uv":[4.5,12,5,12.5],"rotation":180,"texture":"#1_1"}}},{"from":[-1.10122,27.45219,8.85179],"to":[8.83439,29.94781,9.34822],"rotation":{"angle":0,"axis":"y","origin":[8.74821,8,8]},"faces":{"west":{"uv":[12.5,7.5,13,8],"texture":"#1_1"},"up":{"uv":[2,3.25,6,3.75],"texture":"#1_1"},"down":{"uv":[5.5,7.75,9.5,8.25],"rotation":180,"texture":"#1_1"}}},{"from":[8.83439,20.81113,22.98076],"to":[9.30856,22.90745,23.84908],"rotation":{"angle":-45,"axis":"x","origin":[8.74821,8,8]},"faces":{"east":{"uv":[9.5,7.25,10.25,8.25],"texture":"#1_1"},"up":{"uv":[1.25,4.25,1.75,5],"rotation":180,"texture":"#1_1"},"down":{"uv":[2,5.75,2.5,6.5],"rotation":180,"texture":"#1_1"}}},{"from":[8.83439,22.36676,-6.29345],"to":[9.30856,24.46309,-5.42513],"rotation":{"angle":45,"axis":"x","origin":[8.74821,8,8]},"faces":{"east":{"uv":[9.5,7.25,10.25,8.25],"texture":"#1_1"},"up":{"uv":[1.25,4.25,1.75,5],"texture":"#1_1"},"down":{"uv":[2,5.75,2.5,6.5],"texture":"#1_1"}}},{"from":[8.83439,28.26584,8.05184],"to":[9.30856,29.13416,10.14816],"rotation":{"angle":0,"axis":"y","origin":[8.74821,8,8]},"faces":{"north":{"uv":[3,4.75,3.5,5.5],"texture":"#1_1"},"east":{"uv":[9.5,7.25,10.25,8.25],"texture":"#1_1"},"south":{"uv":[3,4.75,3.5,5.5],"texture":"#1_1"}}},{"from":[9.11269,27.90594,8.94205],"to":[10.92769,29.49406,9.25795],"rotation":{"angle":0,"axis":"y","origin":[8.74821,8,8]},"faces":{"east":{"uv":[5.25,10.5,5.75,11],"texture":"#1_1"},"up":{"uv":[3.5,4,4.5,4.25],"rotation":180,"texture":"#1_1"},"down":{"uv":[7.25,8,8.25,8.25],"rotation":180,"texture":"#1_1"}}},{"from":[9.11269,26.7512,0.93677],"to":[10.92769,28.33932,1.25267],"rotation":{"angle":22.5,"axis":"x","origin":[8.74821,8,8]},"faces":{"east":{"uv":[5.25,10.5,5.75,11],"texture":"#1_1"},"up":{"uv":[5.25,4.25,6.25,4.5],"rotation":180,"texture":"#1_1"},"down":{"uv":[5.25,7.75,6.25,8],"rotation":180,"texture":"#1_1"}}},{"from":[9.11269,25.90929,16.77986],"to":[10.92769,27.49742,17.09577],"rotation":{"angle":-22.5,"axis":"x","origin":[8.74821,8,8]},"faces":{"east":{"uv":[5.25,10.5,5.75,11],"texture":"#1_1"},"up":{"uv":[4.75,4.25,5.75,4.5],"rotation":180,"texture":"#1_1"},"down":{"uv":[2.5,8.25,3.5,8.5],"rotation":180,"texture":"#1_1"}}},{"from":[9.11269,22.62087,-6.01723],"to":[10.92769,24.20899,-5.70134],"rotation":{"angle":45,"axis":"x","origin":[8.74821,8,8]},"faces":{"east":{"uv":[5.25,10.5,5.75,11],"texture":"#1_1"},"up":{"uv":[6.75,4.5,7.75,4.75],"rotation":180,"texture":"#1_1"},"down":{"uv":[4.75,5.5,5.75,5.75],"rotation":180,"texture":"#1_1"}}},{"from":[9.11269,21.06523,23.25697],"to":[10.92769,22.65336,23.57287],"rotation":{"angle":-45,"axis":"x","origin":[8.74821,8,8]},"faces":{"east":{"uv":[5.25,10.5,5.75,11],"texture":"#1_1"},"up":{"uv":[1.25,4.25,2.25,4.5],"rotation":180,"texture":"#1_1"},"down":{"uv":[4.25,5.75,5.25,6],"rotation":180,"texture":"#1_1"}}},{"from":[9.11269,26.5454,16.14375],"to":[10.92769,26.86131,17.73188],"rotation":{"angle":-22.5,"axis":"x","origin":[8.74821,8,8]},"faces":{"north":{"uv":[3,5.25,4,5.5],"rotation":180,"texture":"#1_1"},"east":{"uv":[5.25,10.5,5.75,11],"texture":"#1_1"},"south":{"uv":[6.75,4.75,7.75,5],"rotation":180,"texture":"#1_1"}}},{"from":[9.11269,27.3873,0.30066],"to":[10.92769,27.70321,1.88878],"rotation":{"angle":22.5,"axis":"x","origin":[8.74821,8,8]},"faces":{"north":{"uv":[1.5,4.75,2.5,5],"rotation":180,"texture":"#1_1"},"east":{"uv":[5.25,10.5,5.75,11],"texture":"#1_1"},"south":{"uv":[8,5.25,9,5.5],"rotation":180,"texture":"#1_1"}}},{"from":[9.11269,28.54205,8.30594],"to":[10.92769,28.85795,9.89406],"rotation":{"angle":0,"axis":"y","origin":[8.74821,8,8]},"faces":{"north":{"uv":[2,5,3,5.25],"rotation":180,"texture":"#1_1"},"east":{"uv":[5.25,10.5,5.75,11],"texture":"#1_1"},"south":{"uv":[5,5,6,5.25],"rotation":180,"texture":"#1_1"}}},{"from":[10.59494,27.974,8.95559],"to":[11.50244,29.426,9.24441],"rotation":{"angle":0,"axis":"y","origin":[8.74821,8,8]},"faces":{"east":{"uv":[11,7.5,11.5,8],"texture":"#2"},"up":{"uv":[3.25,4,3.75,4.25],"texture":"#2"},"down":{"uv":[7.75,8,8.25,8.25],"rotation":180,"texture":"#2"}}},{"from":[10.59494,25.97735,16.7934],"to":[11.50244,27.42935,17.08223],"rotation":{"angle":-22.5,"axis":"x","origin":[8.74821,8,8]},"faces":{"east":{"uv":[11,7.5,11.5,8],"texture":"#2"},"up":{"uv":[7.5,4.25,8,4.5],"texture":"#2"},"down":{"uv":[4.25,8,4.75,8.25],"rotation":180,"texture":"#2"}}},{"from":[10.59494,26.81926,0.95031],"to":[11.50244,28.27126,1.23913],"rotation":{"angle":22.5,"axis":"x","origin":[8.74821,8,8]},"faces":{"east":{"uv":[11,7.5,11.5,8],"texture":"#2"},"up":{"uv":[5.5,4.25,6,4.5],"texture":"#2"},"down":{"uv":[4.25,8,4.75,8.25],"texture":"#2"}}},{"from":[10.59494,21.13329,23.27051],"to":[11.50244,22.58529,23.55933],"rotation":{"angle":-45,"axis":"x","origin":[8.74821,8,8]},"faces":{"east":{"uv":[11,7.5,11.5,8],"texture":"#2"},"up":{"uv":[6.5,4.75,7,5],"rotation":180,"texture":"#2"},"down":{"uv":[2.75,9.25,3.25,9.5],"rotation":180,"texture":"#2"}}},{"from":[10.59494,22.68893,-6.00369],"to":[11.50244,24.14093,-5.71488],"rotation":{"angle":45,"axis":"x","origin":[8.74821,8,8]},"faces":{"east":{"uv":[11,7.5,11.5,8],"texture":"#2"},"up":{"uv":[8.5,4.75,9,5],"texture":"#2"},"down":{"uv":[2.75,9.25,3.25,9.75],"rotation":180,"texture":"#2"}}},{"from":[10.59494,27.40084,0.36872],"to":[11.50244,27.68967,1.82072],"rotation":{"angle":22.5,"axis":"x","origin":[8.74821,8,8]},"faces":{"north":{"uv":[5.5,11.5,6,11.75],"rotation":180,"texture":"#2"},"east":{"uv":[11,7.5,11.5,8],"rotation":90,"texture":"#2"},"south":{"uv":[1.25,9.75,1.75,10],"rotation":180,"texture":"#2"}}},{"from":[10.59494,26.55894,16.21181],"to":[11.50244,26.84777,17.66381],"rotation":{"angle":-22.5,"axis":"x","origin":[8.74821,8,8]},"faces":{"north":{"uv":[2.5,10,3,10.5],"rotation":180,"texture":"#2"},"east":{"uv":[11,7.5,11.5,8],"rotation":270,"texture":"#2"},"south":{"uv":[5.5,11.5,6,11.75],"rotation":180,"texture":"#2"}}},{"from":[10.59494,28.55559,8.374],"to":[11.50244,28.84441,9.826],"rotation":{"angle":0,"axis":"y","origin":[8.74821,8,8]},"faces":{"north":{"uv":[5.5,11,6,11.25],"rotation":180,"texture":"#2"},"east":{"uv":[11,7.5,11.5,8],"texture":"#2"},"south":{"uv":[5.5,11,6,11.25],"rotation":180,"texture":"#2"}}},{"from":[11.50244,28.01937,8.96463],"to":[12.13769,29.38062,9.23537],"rotation":{"angle":0,"axis":"y","origin":[8.74821,8,8]},"faces":{"east":{"uv":[11,7.5,11.5,8],"texture":"#2"},"up":{"uv":[3.25,4,3.75,4.25],"texture":"#2"},"down":{"uv":[7.75,8,8.25,8.25],"rotation":180,"texture":"#2"}}},{"from":[11.50244,26.86463,0.95935],"to":[12.13769,28.22588,1.23011],"rotation":{"angle":22.5,"axis":"x","origin":[8.74821,8,8]},"faces":{"east":{"uv":[11,7.5,11.5,8],"texture":"#2"},"up":{"uv":[12.75,2.25,13.25,2.5],"texture":"#2"},"down":{"uv":[4.25,8,4.75,8.25],"texture":"#2"}}},{"from":[11.50244,26.02273,16.80243],"to":[12.13769,27.38398,17.07319],"rotation":{"angle":-22.5,"axis":"x","origin":[8.74821,8,8]},"faces":{"east":{"uv":[11,7.5,11.5,8],"texture":"#2"},"up":{"uv":[8.5,4.25,9,4.5],"texture":"#2"},"down":{"uv":[4.25,8,4.75,8.25],"rotation":180,"texture":"#2"}}},{"from":[11.50244,22.7343,-5.99467],"to":[12.13769,24.09555,-5.72391],"rotation":{"angle":45,"axis":"x","origin":[8.74821,8,8]},"faces":{"east":{"uv":[11,7.5,11.5,8],"texture":"#2"},"up":{"uv":[9.25,4.75,9.75,5],"texture":"#2"},"down":{"uv":[2.75,9.25,3.25,9.75],"rotation":180,"texture":"#2"}}},{"from":[11.50244,21.17867,23.27954],"to":[12.13769,22.53992,23.5503],"rotation":{"angle":-45,"axis":"x","origin":[8.74821,8,8]},"faces":{"east":{"uv":[11,7.5,11.5,8],"texture":"#2"},"up":{"uv":[5.75,4.75,6.25,5],"rotation":180,"texture":"#2"},"down":{"uv":[2.75,9.25,3.25,9.5],"rotation":180,"texture":"#2"}}},{"from":[11.50244,26.56798,16.25719],"to":[12.13769,26.83874,17.61844],"rotation":{"angle":-22.5,"axis":"x","origin":[8.74821,8,8]},"faces":{"north":{"uv":[2.5,10,3,10.5],"rotation":180,"texture":"#2"},"east":{"uv":[11,7.5,11.5,8],"rotation":270,"texture":"#2"},"south":{"uv":[6.25,11.5,6.75,11.75],"rotation":180,"texture":"#2"}}},{"from":[11.50244,27.40988,0.4141],"to":[12.13769,27.68064,1.77535],"rotation":{"angle":22.5,"axis":"x","origin":[8.74821,8,8]},"faces":{"north":{"uv":[4.75,11.5,5.25,11.75],"rotation":180,"texture":"#2"},"east":{"uv":[11,7.5,11.5,8],"rotation":90,"texture":"#2"},"south":{"uv":[1.25,9.75,1.75,10],"rotation":180,"texture":"#2"}}},{"from":[11.50244,28.56463,8.41937],"to":[12.13769,28.83539,9.78062],"rotation":{"angle":0,"axis":"y","origin":[8.74821,8,8]},"faces":{"north":{"uv":[6.5,11,7,11.25],"rotation":180,"texture":"#2"},"east":{"uv":[11,7.5,11.5,8],"texture":"#2"},"south":{"uv":[5.5,11,6,11.25],"rotation":180,"texture":"#2"}}},{"from":[12.13769,28.06475,8.97364],"to":[12.54606,29.33525,9.22636],"rotation":{"angle":0,"axis":"y","origin":[8.74821,8,8]},"faces":{"east":{"uv":[11,7.5,11.5,8],"texture":"#2"},"up":{"uv":[3.25,4,3.75,4.25],"texture":"#2"},"down":{"uv":[7.75,8,8.25,8.25],"rotation":180,"texture":"#2"}}},{"from":[12.13769,26.0681,16.81145],"to":[12.54606,27.3386,17.06418],"rotation":{"angle":-22.5,"axis":"x","origin":[8.74821,8,8]},"faces":{"east":{"uv":[11,7.5,11.5,8],"texture":"#2"},"up":{"uv":[8.75,4.25,9.25,4.5],"texture":"#2"},"down":{"uv":[4.25,8,4.75,8.25],"rotation":180,"texture":"#2"}}},{"from":[12.13769,26.91001,0.96836],"to":[12.54606,28.18051,1.22108],"rotation":{"angle":22.5,"axis":"x","origin":[8.74821,8,8]},"faces":{"east":{"uv":[11,7.5,11.5,8],"texture":"#2"},"up":{"uv":[10.5,2.75,11,3],"texture":"#2"},"down":{"uv":[4.25,8,4.75,8.25],"texture":"#2"}}},{"from":[12.13769,21.22404,23.28857],"to":[12.54606,22.49454,23.54129],"rotation":{"angle":-45,"axis":"x","origin":[8.74821,8,8]},"faces":{"east":{"uv":[11,7.5,11.5,8],"texture":"#2"},"up":{"uv":[7.5,4.75,8,5],"rotation":180,"texture":"#2"},"down":{"uv":[2.75,9.25,3.25,9.5],"rotation":180,"texture":"#2"}}},{"from":[12.13769,27.4189,0.45947],"to":[12.54606,27.67162,1.72997],"rotation":{"angle":22.5,"axis":"x","origin":[8.74821,8,8]},"faces":{"north":{"uv":[6.75,11.5,7.25,11.75],"rotation":180,"texture":"#2"},"east":{"uv":[11,7.5,11.5,8],"rotation":90,"texture":"#2"},"south":{"uv":[1.25,9.75,1.75,10],"rotation":180,"texture":"#2"}}},{"from":[12.13769,22.77968,-5.98565],"to":[12.54606,24.05018,-5.73293],"rotation":{"angle":45,"axis":"x","origin":[8.74821,8,8]},"faces":{"east":{"uv":[11,7.5,11.5,8],"texture":"#2"},"up":{"uv":[9,4.75,9.5,5],"texture":"#2"},"down":{"uv":[2.75,9.25,3.25,9.75],"rotation":180,"texture":"#2"}}},{"from":[12.13769,26.57699,16.30256],"to":[12.54606,26.82971,17.57306],"rotation":{"angle":-22.5,"axis":"x","origin":[8.74821,8,8]},"faces":{"north":{"uv":[2.5,10,3,10.5],"rotation":180,"texture":"#2"},"east":{"uv":[11,7.5,11.5,8],"rotation":270,"texture":"#2"},"south":{"uv":[6.25,11.5,6.75,11.75],"rotation":180,"texture":"#2"}}},{"from":[12.13769,28.57364,8.46475],"to":[12.54606,28.82636,9.73525],"rotation":{"angle":0,"axis":"y","origin":[8.74821,8,8]},"faces":{"north":{"uv":[4.75,11,5.25,11.25],"rotation":180,"texture":"#2"},"east":{"uv":[11,7.5,11.5,8],"texture":"#2"},"south":{"uv":[5.5,11,6,11.25],"rotation":180,"texture":"#2"}}},{"from":[12.54606,28.11012,8.98267],"to":[12.77294,29.28987,9.21733],"rotation":{"angle":0,"axis":"y","origin":[8.74821,8,8]},"faces":{"east":{"uv":[11,7.5,11.5,8],"texture":"#2"},"up":{"uv":[3.25,4,3.75,4.25],"texture":"#2"},"down":{"uv":[7.75,8,8.25,8.25],"rotation":180,"texture":"#2"}}},{"from":[12.54606,26.95538,0.97739],"to":[12.77294,28.13513,1.21205],"rotation":{"angle":22.5,"axis":"x","origin":[8.74821,8,8]},"faces":{"east":{"uv":[11,7.5,11.5,8],"texture":"#2"},"up":{"uv":[11.25,3.25,11.75,3.5],"texture":"#2"},"down":{"uv":[4.25,8,4.75,8.25],"texture":"#2"}}},{"from":[12.54606,26.11348,16.82048],"to":[12.77294,27.29323,17.05515],"rotation":{"angle":-22.5,"axis":"x","origin":[8.74821,8,8]},"faces":{"east":{"uv":[11,7.5,11.5,8],"texture":"#2"},"up":{"uv":[11,3,11.5,3.25],"texture":"#2"},"down":{"uv":[4.25,8,4.75,8.25],"rotation":180,"texture":"#2"}}},{"from":[12.54606,22.82505,-5.97661],"to":[12.77294,24.0048,-5.74196],"rotation":{"angle":45,"axis":"x","origin":[8.74821,8,8]},"faces":{"east":{"uv":[11,7.5,11.5,8],"texture":"#2"},"up":{"uv":[6.5,4.75,7,5],"texture":"#2"},"down":{"uv":[2.75,9.25,3.25,9.75],"rotation":180,"texture":"#2"}}},{"from":[12.54606,21.26942,23.29759],"to":[12.77294,22.44917,23.53225],"rotation":{"angle":-45,"axis":"x","origin":[8.74821,8,8]},"faces":{"east":{"uv":[11,7.5,11.5,8],"texture":"#2"},"up":{"uv":[8,4.75,8.5,5],"rotation":180,"texture":"#2"},"down":{"uv":[2.75,9.25,3.25,9.5],"rotation":180,"texture":"#2"}}},{"from":[12.54606,26.58602,16.34794],"to":[12.77294,26.82069,17.52769],"rotation":{"angle":-22.5,"axis":"x","origin":[8.74821,8,8]},"faces":{"north":{"uv":[2.5,10,3,10.5],"rotation":180,"texture":"#2"},"east":{"uv":[11,7.5,11.5,8],"rotation":270,"texture":"#2"},"south":{"uv":[7.5,11.5,8,11.75],"rotation":180,"texture":"#2"}}},{"from":[12.54606,27.42792,0.50485],"to":[12.77294,27.66259,1.6846],"rotation":{"angle":22.5,"axis":"x","origin":[8.74821,8,8]},"faces":{"north":{"uv":[7,11.5,7.5,11.75],"rotation":180,"texture":"#2"},"east":{"uv":[11,7.5,11.5,8],"rotation":90,"texture":"#2"},"south":{"uv":[1.25,9.75,1.75,10],"rotation":180,"texture":"#2"}}},{"from":[12.54606,28.58267,8.51012],"to":[12.77294,28.81733,9.68987],"rotation":{"angle":0,"axis":"y","origin":[8.74821,8,8]},"faces":{"north":{"uv":[6.25,11,6.75,11.25],"rotation":180,"texture":"#2"},"east":{"uv":[11,7.5,11.5,8],"texture":"#2"},"south":{"uv":[5.5,11,6,11.25],"rotation":180,"texture":"#2"}}},{"from":[4.33665,28.80456,8.9185],"to":[5.28953,29.16756,9.2815],"rotation":{"angle":-22.5,"axis":"z","origin":[8.74821,8,8]},"faces":{"north":{"uv":[6,4.5,6.5,5],"texture":"#2"},"east":{"uv":[7.5,2,8,2.5],"texture":"#2"},"south":{"uv":[5.75,4.5,6.25,5],"texture":"#2"},"up":{"uv":[4,4,4.5,4.5],"texture":"#2"}}},{"from":[20.17975,25.08106,8.9185],"to":[21.13262,25.44406,9.2815],"rotation":{"angle":22.5,"axis":"z","origin":[8.74821,8,8]},"faces":{"north":{"uv":[5,8,5.5,8.5],"rotation":180,"texture":"#2"},"east":{"uv":[7.5,2,8,2.5],"texture":"#2"},"south":{"uv":[5,8,5.5,8.5],"rotation":180,"texture":"#2"},"down":{"uv":[15,8,15.5,8.5],"rotation":180,"texture":"#2"}}},{"from":[11.83725,28.5185,10.65115],"to":[12.79013,28.8815,11.05952],"rotation":{"angle":22.5,"axis":"y","origin":[8.74821,8,8]},"faces":{"east":{"uv":[7.5,2,8,2.5],"texture":"#2"},"south":{"uv":[4.75,11.25,5.25,11.75],"rotation":180,"texture":"#2"},"up":{"uv":[6.5,4.75,7,5.25],"texture":"#2"},"down":{"uv":[9,10.25,9.5,10.75],"rotation":180,"texture":"#2"}}},{"from":[12.67915,28.5185,6.97301],"to":[13.63203,28.8815,7.38139],"rotation":{"angle":-22.5,"axis":"y","origin":[8.74821,8,8]},"faces":{"north":{"uv":[4.75,11.25,5.25,11.75],"rotation":180,"texture":"#2"},"east":{"uv":[7.5,2,8,2.5],"texture":"#2"},"up":{"uv":[6.5,4.75,7,5.25],"rotation":180,"texture":"#2"},"down":{"uv":[9,10.25,9.5,10.75],"rotation":180,"texture":"#2"}}},{"from":[-1.70027,27.45219,8.85178],"to":[-1.45061,29.94781,9.34822],"rotation":{"angle":0,"axis":"y","origin":[8.74821,8,8]},"faces":{"east":{"uv":[12.5,7.5,13,8],"texture":"#1_1"},"west":{"uv":[8.25,4,8.75,6],"texture":"#1_1"},"up":{"uv":[3.5,3.75,4,4.25],"rotation":180,"texture":"#1_1"},"down":{"uv":[6.25,8,6.75,8.25],"rotation":180,"texture":"#1_1"}}},{"from":[-1.70017,26.29745,0.84651],"to":[-1.45052,28.79307,1.34293],"rotation":{"angle":22.5,"axis":"x","origin":[8.74821,8,8]},"faces":{"east":{"uv":[12.5,7.5,13,8],"texture":"#1_1"},"west":{"uv":[7.25,4,7.75,6],"texture":"#1_1"},"up":{"uv":[3.5,4.25,4,4.75],"texture":"#1_1"},"down":{"uv":[6.25,8,6.75,8.25],"rotation":180,"texture":"#1_1"}}},{"from":[-1.70017,25.45554,16.6896],"to":[-1.45052,27.95117,17.18603],"rotation":{"angle":-22.5,"axis":"x","origin":[8.74821,8,8]},"faces":{"east":{"uv":[12.5,7.5,13,8],"texture":"#1_1"},"west":{"uv":[7.25,4,7.75,6],"texture":"#1_1"},"up":{"uv":[3.5,4.25,4,4.75],"rotation":180,"texture":"#1_1"},"down":{"uv":[6.25,8,6.75,8.25],"rotation":180,"texture":"#1_1"}}},{"from":[-1.70027,22.16711,-6.10751],"to":[-1.45061,24.66274,-5.61107],"rotation":{"angle":45,"axis":"x","origin":[8.74821,8,8]},"faces":{"east":{"uv":[12.5,7.5,13,8],"texture":"#1_1"},"west":{"uv":[10.75,4.5,11.25,6.5],"texture":"#1_1"},"up":{"uv":[3.75,4.75,4.25,5.25],"texture":"#1_1"},"down":{"uv":[6.25,8,6.75,8.25],"rotation":180,"texture":"#1_1"}}},{"from":[-1.70027,20.61148,23.1667],"to":[-1.45061,23.1071,23.66314],"rotation":{"angle":-45,"axis":"x","origin":[8.74821,8,8]},"faces":{"east":{"uv":[12.5,7.5,13,8],"texture":"#1_1"},"west":{"uv":[6.75,4.5,7.25,6.5],"texture":"#1_1"},"up":{"uv":[7.75,4.75,8.25,5.25],"rotation":180,"texture":"#1_1"},"down":{"uv":[6.25,8,6.75,8.25],"rotation":180,"texture":"#1_1"}}},{"from":[-1.70017,26.45515,15.69],"to":[-1.45052,26.95157,18.18562],"rotation":{"angle":-22.5,"axis":"x","origin":[8.74821,8,8]},"faces":{"north":{"uv":[6.75,8,7.25,8.5],"rotation":180,"texture":"#1_1"},"east":{"uv":[12.5,7.5,13,8],"rotation":270,"texture":"#1_1"},"south":{"uv":[5.25,5.5,5.75,6],"texture":"#1_1"},"west":{"uv":[0.5,4.75,1,6.75],"rotation":90,"texture":"#1_1"}}},{"from":[-1.70017,27.29705,-0.15309],"to":[-1.45052,27.79348,2.34254],"rotation":{"angle":22.5,"axis":"x","origin":[8.74821,8,8]},"faces":{"north":{"uv":[6.75,5.5,7.25,6],"texture":"#1_1"},"east":{"uv":[12.5,7.5,13,8],"rotation":90,"texture":"#1_1"},"south":{"uv":[6,8,6.5,8.5],"rotation":180,"texture":"#1_1"},"west":{"uv":[0.75,4.75,1.25,6.75],"rotation":270,"texture":"#1_1"}}},{"from":[-1.70027,28.45178,7.85219],"to":[-1.45061,28.94822,10.34781],"rotation":{"angle":0,"axis":"y","origin":[8.74821,8,8]},"faces":{"north":{"uv":[4.25,8.25,4.75,8.75],"rotation":180,"texture":"#1_1"},"east":{"uv":[12.5,7.5,13,8],"texture":"#1_1"},"south":{"uv":[6.25,8.25,6.75,8.75],"rotation":180,"texture":"#1_1"},"west":{"uv":[7.25,9.5,7.75,11.5],"rotation":90,"texture":"#1_1"}}},{"from":[-1.45071,27.70175,8.90144],"to":[-1.05131,29.69825,9.29856],"rotation":{"angle":0,"axis":"y","origin":[8.74821,8,8]},"faces":{"up":{"uv":[10,2.75,10.5,3.25],"rotation":180,"texture":"#1_1"},"down":{"uv":[5.75,8,6.25,8.25],"texture":"#1_1"}}},{"from":[-1.45071,26.54701,0.89616],"to":[-1.05131,28.54351,1.29329],"rotation":{"angle":22.5,"axis":"x","origin":[8.74821,8,8]},"faces":{"up":{"uv":[11,2.5,11.5,3],"rotation":180,"texture":"#1_1"},"down":{"uv":[5.75,8,6.25,8.25],"texture":"#1_1"}}},{"from":[-1.45071,25.70511,16.73925],"to":[-1.05131,27.70161,17.13637],"rotation":{"angle":-22.5,"axis":"x","origin":[8.74821,8,8]},"faces":{"up":{"uv":[8.5,4,9,4.5],"rotation":180,"texture":"#1_1"},"down":{"uv":[5.75,8,6.25,8.25],"texture":"#1_1"}}},{"from":[-1.45071,22.41667,-6.05785],"to":[-1.05131,24.41317,-5.66073],"rotation":{"angle":45,"axis":"x","origin":[8.74821,8,8]},"faces":{"up":{"uv":[3.25,4.25,3.75,4.75],"texture":"#1_1"},"down":{"uv":[5.75,8,6.25,8.25],"texture":"#1_1"}}},{"from":[-1.45071,26.50479,15.93956],"to":[-1.05131,26.90192,17.93606],"rotation":{"angle":-22.5,"axis":"x","origin":[8.74821,8,8]},"faces":{"north":{"uv":[3,8,3.5,8.5],"rotation":180,"texture":"#1_1"},"south":{"uv":[3.25,4.75,3.75,5.25],"texture":"#1_1"}}},{"from":[-1.45071,20.86104,23.21636],"to":[-1.05131,22.85754,23.61349],"rotation":{"angle":-45,"axis":"x","origin":[8.74821,8,8]},"faces":{"up":{"uv":[3.25,4.25,3.75,4.75],"rotation":180,"texture":"#1_1"},"down":{"uv":[5.75,8,6.25,8.25],"texture":"#1_1"}}},{"from":[-1.45071,27.3467,0.09648],"to":[-1.05131,27.74382,2.09298],"rotation":{"angle":22.5,"axis":"x","origin":[8.74821,8,8]},"faces":{"north":{"uv":[3.25,4.75,3.75,5.25],"texture":"#1_1"},"south":{"uv":[3,8,3.5,8.5],"rotation":180,"texture":"#1_1"}}},{"from":[-1.45071,28.50144,8.10175],"to":[-1.05131,28.89856,10.09825],"rotation":{"angle":0,"axis":"y","origin":[8.74821,8,8]},"faces":{"north":{"uv":[3.25,5.25,3.75,5.75],"texture":"#1_1"},"south":{"uv":[3.25,5.25,3.75,5.75],"texture":"#1_1"}}},{"from":[-1.95,26.9,5.4],"to":[14.55,27.6,10.6],"rotation":{"angle":0,"axis":"y","origin":[8,8.175,8]},"faces":{"up":{"uv":[5.25,10.75,6.25,11.75],"texture":"#3"}}},{"from":[10.95,27.025,6.2],"to":[12.75,27.725,7.7],"rotation":{"angle":0,"axis":"y","origin":[8,8.175,8]},"faces":{"up":{"uv":[6.25,4.25,8,5.5],"texture":"#2"}}},{"from":[10.95,26.95,8.4],"to":[12.75,27.65,9.9],"rotation":{"angle":0,"axis":"y","origin":[8,8.175,8]},"faces":{"up":{"uv":[6.25,4.25,8,5.5],"texture":"#2"}}},{"from":[-1.75,27.025,5.7],"to":[10.95,27.725,8.1],"rotation":{"angle":0,"axis":"y","origin":[8,8.175,8]},"faces":{"up":{"uv":[8.25,4.25,12.5,5.5],"rotation":180,"texture":"#1_1"}}},{"from":[-1.75,26.95,7.9],"to":[10.95,27.65,10.3],"rotation":{"angle":0,"axis":"y","origin":[8,8.175,8]},"faces":{"up":{"uv":[8.25,4.25,12.5,5.5],"rotation":180,"texture":"#1_1"}}},{"from":[12.75,27.025,6.5],"to":[14.15,27.725,7.4],"rotation":{"angle":0,"axis":"y","origin":[8,8.175,8]},"faces":{"up":{"uv":[6.25,4.25,8,5.5],"texture":"#2"}}},{"from":[12.75,26.95,8.7],"to":[14.15,27.65,9.6],"rotation":{"angle":0,"axis":"y","origin":[8,8.175,8]},"faces":{"up":{"uv":[6.25,4.25,8,5.5],"texture":"#2"}}}]}