{"credit":"thebradqq's guns","textures":{"0":"mgs:gun/metal_bright","1":"mgs:gun/brass","2":"mgs:gun/copper"},"gui_light":"front","display":{"thirdperson_righthand":{"rotation":[25,111,-23],"translation":[-1,0,0],"scale":[0.25,0.25,0.25]},"thirdperson_lefthand":{"rotation":[69,-71,65],"translation":[-1,0,0],"scale":[0.25,0.25,0.25]},"firstperson_righthand":{"rotation":[-87,65,68],"translation":[3,0,0],"scale":[0.5,0.5,0.5]},"firstperson_lefthand":{"rotation":[-40,-110,-41],"translation":[3,0,0],"scale":[0.5,0.5,0.5]},"ground":{"translation":[0,2.5,0],"scale":[0.25,0.25,0.25]},"gui":{"rotation":[0,180,32],"translation":[1,2,0],"scale":[0.85,0.85,0.85]},"head":{"scale":[0.5,0.5,0.5]},"fixed":{"rotation":[0,180,0],"translation":[0,0,-1],"scale":[0.5,0.5,0.5]}},"elements":[{"from":[7.85,15.15,6.35],"to":[8.55,16.05,6.55],"rotation":{"angle":45,"axis":"x","origin":[7.9,15.15,6.35]},"faces":{"north":{"uv":[11,3.25,11.25,3.5],"texture":"#0"},"east":{"uv":[6.5,4.75,7,5],"rotation":270,"texture":"#0"},"south":{"uv":[5,9.25,5.25,9.5],"texture":"#0"},"west":{"uv":[0,11.75,0.75,12],"rotation":270,"texture":"#0"},"up":{"uv":[11.5,1.75,12.5,2],"texture":"#0"}}},{"from":[6.75,15.75,6.35],"to":[7.85,16.05,6.55],"rotation":{"angle":45,"axis":"x","origin":[7,15.15,6.35]},"faces":{"north":{"uv":[11,3.25,11.25,3.5],"texture":"#0"},"up":{"uv":[11.5,1.75,12.5,2],"texture":"#0"},"down":{"uv":[0,11.75,0.75,12],"rotation":270,"texture":"#0"}}},{"from":[3.35,15.15,6.35],"to":[6.75,16.05,6.55],"rotation":{"angle":45,"axis":"x","origin":[6.9,15.15,6.35]},"faces":{"north":{"uv":[8.75,3.5,9.75,3.75],"texture":"#0"},"east":{"uv":[7,11.75,7.5,12.25],"rotation":270,"texture":"#0"},"south":{"uv":[5,9.25,5.25,9.5],"texture":"#0"},"west":{"uv":[0,11.75,0.75,12],"rotation":270,"texture":"#0"},"up":{"uv":[11.5,1.75,12.5,2],"texture":"#0"}}},{"from":[3.35,15.15,9.45],"to":[8.55,16.05,9.65],"rotation":{"angle":-45,"axis":"x","origin":[7.9,15.15,9.65]},"faces":{"north":{"uv":[5,9.25,5.25,9.5],"texture":"#0"},"east":{"uv":[6.5,4.75,7,5],"rotation":270,"texture":"#0"},"south":{"uv":[8.75,3.5,10.25,3.75],"texture":"#0"},"west":{"uv":[0,11.75,0.75,12],"rotation":270,"texture":"#0"},"up":{"uv":[11.5,1.75,12.5,2],"texture":"#0"}}},{"from":[10.55,-4.75,6.35],"to":[10.75,14.75,9.65],"rotation":{"angle":0,"axis":"y","origin":[8,9,7.5]},"faces":{"east":{"uv":[6.25,4,12,5],"rotation":270,"texture":"#0"},"west":{"uv":[6.5,10.75,6.75,11],"texture":"#0"},"up":{"uv":[6.5,4.25,7.5,4.5],"rotation":270,"texture":"#0"}}},{"from":[3.35,-4.75,6.35],"to":[3.55,14.75,9.65],"rotation":{"angle":0,"axis":"y","origin":[8,9,7.5]},"faces":{"east":{"uv":[6.5,10.75,6.75,11],"texture":"#0"},"west":{"uv":[0,11.75,5.75,12.75],"rotation":270,"texture":"#0"},"up":{"uv":[8.25,2.5,9.25,2.75],"rotation":90,"texture":"#0"}}},{"from":[7.85,-4.75,6.35],"to":[10.748,15.15,6.55],"rotation":{"angle":0,"axis":"y","origin":[8,9,7.5]},"faces":{"north":{"uv":[6.5,4.5,12.25,3.75],"rotation":270,"texture":"#0"},"east":{"uv":[6.5,4.75,12.25,5],"rotation":270,"texture":"#0"},"south":{"uv":[6.5,10.75,6.75,11],"texture":"#0"},"west":{"uv":[7,11.75,7.5,12.25],"texture":"#0"},"up":{"uv":[11.5,1.75,12.5,2],"texture":"#0"}}},{"from":[3.351,-4.75,6.35],"to":[6.751,15.15,6.55],"rotation":{"angle":0,"axis":"y","origin":[7,9,7.5]},"faces":{"north":{"uv":[9,3.5,14.75,4.5],"rotation":270,"texture":"#0"},"east":{"uv":[7,11.75,7.5,12.25],"texture":"#0"},"south":{"uv":[6.5,10.75,6.75,11],"texture":"#0"},"west":{"uv":[0,11.75,5.75,12],"rotation":270,"texture":"#0"}}},{"from":[6.75,-4.75,6.35],"to":[7.85,10.75,6.55],"rotation":{"angle":0,"axis":"y","origin":[8.1,9,7.5]},"faces":{"north":{"uv":[10.5,3.5,14.75,3.75],"rotation":270,"texture":"#0"},"south":{"uv":[6.5,10.75,6.75,11],"texture":"#0"},"up":{"uv":[7,11.75,7.5,12.25],"texture":"#0"}}},{"from":[3.351,-4.75,9.45],"to":[10.749,15.15,9.65],"rotation":{"angle":0,"axis":"y","origin":[8,9,8.5]},"faces":{"north":{"uv":[6.5,10.75,6.75,11],"texture":"#0"},"east":{"uv":[6.25,4,12,4.25],"rotation":270,"texture":"#0"},"south":{"uv":[9,4.5,14.75,2.5],"rotation":270,"texture":"#0"},"west":{"uv":[0,11.75,5.75,12],"rotation":270,"texture":"#0"},"up":{"uv":[11.5,1.75,12.5,2],"texture":"#0"}}},{"from":[3.25,-5.35,6.3495],"to":[12.65,-4.55,9.6505],"rotation":{"angle":0,"axis":"z","origin":[8,7,7.9995]},"faces":{"north":{"uv":[7.5,4.75,11,5.25],"texture":"#0"},"east":{"uv":[9,4.75,9.5,5.75],"rotation":270,"texture":"#0"},"south":{"uv":[7.5,4.75,11,5.25],"texture":"#0"},"west":{"uv":[7.5,4.75,9,5.25],"texture":"#0"},"up":{"uv":[4.5,3.75,5.5,4.75],"rotation":180,"texture":"#0"},"down":{"uv":[4.75,9,5.75,10],"rotation":180,"texture":"#0"}}},{"from":[4.85,-0.35,6.349],"to":[5.65,0.45,8.651],"rotation":{"angle":0,"axis":"y","origin":[6.5,6,7.5]},"faces":{"north":{"uv":[6.75,8,7,8.25],"rotation":270,"texture":"#0"}}},{"from":[4.85,4.65,6.349],"to":[5.65,5.45,8.651],"rotation":{"angle":0,"axis":"y","origin":[6.5,11,7.5]},"faces":{"north":{"uv":[6.75,8,7,8.25],"rotation":270,"texture":"#0"}}},{"from":[4.85,2.15,6.349],"to":[5.65,2.95,8.651],"rotation":{"angle":0,"axis":"y","origin":[4.3,6,7.5]},"faces":{"north":{"uv":[6.75,8,7,8.25],"rotation":270,"texture":"#0"}}},{"from":[4.85,7.15,6.349],"to":[5.65,7.95,8.651],"rotation":{"angle":0,"axis":"y","origin":[4.3,11,7.5]},"faces":{"north":{"uv":[6.75,8,7,8.25],"rotation":270,"texture":"#0"}}},{"from":[3.36261,11.77838,6.55],"to":[9.56261,13.77838,9.45],"rotation":{"angle":22.5,"axis":"z","origin":[6.71261,13.52838,8]},"faces":{"north":{"uv":[6.25,4.25,6.75,5.5],"texture":"#0"},"up":{"uv":[6.25,6.75,8.5,7.75],"rotation":180,"texture":"#0"}}},{"from":[9.25,12.85,6.55],"to":[10.45,14.85,9.45],"rotation":{"angle":0,"axis":"y","origin":[13.7,14.1,7.5]},"faces":{"east":{"uv":[0,15.5,0.5,16],"rotation":180,"texture":"#0"},"up":{"uv":[6.25,6.75,6.75,7.75],"rotation":180,"texture":"#0"}}}]}