{"credit":"thebradqq's guns","textures":{"3":"mgs:gun/metal","1_0":"mgs:gun/metal_bright","1_1":"mgs:gun/brass","1_2":"mgs:gun/copper"},"gui_light":"front","display":{"thirdperson_righthand":{"rotation":[0,100,0],"translation":[-0.5,0,0],"scale":[0.15,0.15,0.15]},"thirdperson_lefthand":{"rotation":[0,-81,-13],"translation":[-0.5,0,0],"scale":[0.15,0.15,0.15]},"firstperson_righthand":{"rotation":[-71,71,60],"translation":[3,0,0.5],"scale":[0.3,0.3,0.3]},"firstperson_lefthand":{"rotation":[-28,-113,-29],"translation":[3,0,0.5],"scale":[0.3,0.3,0.3]},"ground":{"translation":[0,2.75,0],"scale":[0.15,0.15,0.15]},"gui":{"rotation":[0,180,30],"translation":[-0.5,0.75,0],"scale":[0.6,0.6,0.6]},"head":{"scale":[0.3,0.3,0.3]},"fixed":{"translation":[0,1.5,-1.5],"scale":[-0.3,0.3,-0.3]}},"elements":[{"from":[10.86799,14.08308,5.21822],"to":[13.61166,15.272,10.78178],"rotation":{"angle":22.5,"axis":"z","origin":[7.90351,13.55184,8]},"faces":{"north":{"uv":[3,8,4.25,8.5],"rotation":180,"texture":"#3"},"east":{"uv":[3,11.25,4.25,11.75],"rotation":180,"texture":"#3"},"south":{"uv":[3,11.75,6.5,8.75],"rotation":90,"texture":"#3"},"west":{"uv":[2.75,10.5,4,11],"rotation":180,"texture":"#3"},"up":{"uv":[3.25,11.75,5.25,12.5],"texture":"#3"},"down":{"uv":[2.75,8,4,8.25],"rotation":180,"texture":"#3"}}},{"from":[5.6855,14.08308,5.21822],"to":[8.42917,15.272,10.78178],"rotation":{"angle":22.5,"axis":"z","origin":[7.90351,13.55184,8]},"faces":{"north":{"uv":[3,8,4.25,8.5],"rotation":180,"texture":"#3"},"east":{"uv":[3,11.25,4.25,11.75],"rotation":180,"texture":"#3"},"south":{"uv":[3,11.75,6.5,8.75],"rotation":90,"texture":"#3"},"west":{"uv":[2.75,10.5,4,11],"rotation":180,"texture":"#3"},"up":{"uv":[3.25,11.75,5.25,12.5],"texture":"#3"},"down":{"uv":[2.75,8,4,8.25],"rotation":180,"texture":"#3"}}},{"from":[0.503,14.08308,5.21822],"to":[3.24668,15.272,10.78178],"rotation":{"angle":22.5,"axis":"z","origin":[7.90351,13.55184,8]},"faces":{"north":{"uv":[3,8,4.25,8.5],"rotation":180,"texture":"#3"},"east":{"uv":[3,11.25,4.25,11.75],"rotation":180,"texture":"#3"},"south":{"uv":[3,11.75,6.5,8.75],"rotation":90,"texture":"#3"},"west":{"uv":[2.75,10.5,4,11],"rotation":180,"texture":"#3"},"up":{"uv":[3.25,11.75,5.25,12.5],"texture":"#3"},"down":{"uv":[2.75,8,4,8.25],"rotation":180,"texture":"#3"}}},{"from":[-0.6,-8.68264,5.67552],"to":[8.93,13.46652,10.32447],"rotation":{"angle":0,"axis":"z","origin":[10.3189,-10.05739,5.67552]},"faces":{"north":{"uv":[3.75,7.75,13.5,9.75],"rotation":90,"texture":"#3"},"east":{"uv":[5.75,7,6.25,7.5],"rotation":90,"texture":"#3"},"south":{"uv":[3.75,7.75,13.5,9.75],"rotation":270,"texture":"#3"},"west":{"uv":[2.75,9.5,12.5,11],"rotation":90,"texture":"#3"},"down":{"uv":[5.75,9.5,7.25,11.5],"rotation":90,"texture":"#3"}}},{"from":[-0.8,11.11736,5.47552],"to":[14.18,21.56652,5.72447],"rotation":{"angle":0,"axis":"z","origin":[10.3189,-10.05739,5.67552]},"faces":{"north":{"uv":[3.75,8.75,5.75,12],"rotation":90,"texture":"#3"},"east":{"uv":[5.25,10.75,7.5,11],"rotation":90,"texture":"#1_0"},"south":{"uv":[3.25,9.75,3.75,10.25],"rotation":90,"texture":"#3"},"west":{"uv":[2.75,10.5,5.25,10.75],"rotation":90,"texture":"#3"},"up":{"uv":[2.25,15.5,4.25,15.75],"rotation":180,"texture":"#3"},"down":{"uv":[15.75,15.75,16,16],"rotation":90,"texture":"#3"}}},{"from":[14,11.11736,5.71303],"to":[14.18,21.56652,10.28697],"rotation":{"angle":0,"axis":"z","origin":[10.3189,-10.05739,5.73803]},"faces":{"east":{"uv":[5.25,9.75,7.5,11.25],"rotation":90,"texture":"#1_0"},"west":{"uv":[3.25,9.75,3.75,10.25],"rotation":90,"texture":"#3"},"up":{"uv":[2.25,15.5,4.25,15.75],"rotation":90,"texture":"#3"},"down":{"uv":[15.75,15.75,16,16],"rotation":90,"texture":"#3"}}},{"from":[-0.8,11.11736,5.71303],"to":[-0.62,21.56652,10.28697],"rotation":{"angle":0,"axis":"z","origin":[5.6611,-10.05739,5.73803]},"faces":{"east":{"uv":[3.25,9.75,3.75,10.25],"rotation":90,"texture":"#3"},"west":{"uv":[2.75,9.5,5.25,11],"rotation":90,"texture":"#3"},"up":{"uv":[2.25,15.5,4.25,15.75],"rotation":90,"texture":"#3"},"down":{"uv":[15.75,15.75,16,16],"rotation":90,"texture":"#3"}}},{"from":[-0.8,11.11736,10.27552],"to":[14.18,21.56652,10.52447],"rotation":{"angle":0,"axis":"z","origin":[10.3189,-10.05739,5.67552]},"faces":{"north":{"uv":[3.25,9.75,3.75,10.25],"rotation":90,"texture":"#3"},"east":{"uv":[5.25,10.75,7.5,11],"rotation":90,"texture":"#1_0"},"south":{"uv":[3.75,12,5.75,8.75],"rotation":90,"texture":"#3"},"west":{"uv":[2.75,10.5,5.25,10.75],"rotation":90,"texture":"#3"},"up":{"uv":[2.25,15.5,4.25,15.75],"rotation":180,"texture":"#3"},"down":{"uv":[15.75,15.75,16,16],"rotation":90,"texture":"#3"}}},{"from":[11.08,-8.68264,5.67552],"to":[13.96,13.46652,10.32447],"rotation":{"angle":0,"axis":"z","origin":[10.3189,-10.05739,5.67552]},"faces":{"north":{"uv":[3.75,11.25,13.5,12],"rotation":90,"texture":"#3"},"east":{"uv":[2,11.5,11.75,13],"rotation":90,"texture":"#3"},"south":{"uv":[3.75,11.25,13.5,12],"rotation":270,"texture":"#3"},"west":{"uv":[15.75,15.75,16,16],"rotation":90,"texture":"#3"},"down":{"uv":[11.25,11,12.75,11.75],"rotation":270,"texture":"#3"}}},{"from":[8.3074,-7.18468,5.98292],"to":[11.31992,13.42748,10.01708],"rotation":{"angle":0,"axis":"z","origin":[10.3189,-10.05739,5.36813]},"faces":{"north":{"uv":[3.5,8,13.25,8.5],"rotation":270,"texture":"#3"},"south":{"uv":[3.5,8,13.25,8.5],"rotation":90,"texture":"#3"}}},{"from":[8.93,-8.67864,5.67552],"to":[11.08,-7.01868,10.32447],"rotation":{"angle":0,"axis":"z","origin":[10.3189,-10.05739,5.67552]},"faces":{"north":{"uv":[4.5,9.75,5,10.25],"rotation":90,"texture":"#3"},"south":{"uv":[4.5,9.75,5,10.25],"rotation":90,"texture":"#3"},"up":{"uv":[8,4.5,8.5,5],"rotation":270,"texture":"#3"},"down":{"uv":[8.75,10.25,10.25,10.75],"rotation":90,"texture":"#3"}}},{"from":[-0.8,20.67424,6.0387],"to":[6.9,21.97424,6.2407],"rotation":{"angle":22.5,"axis":"x","origin":[3.05,22.53601,8]},"faces":{"north":{"uv":[5,8.75,5.25,10.5],"rotation":90,"texture":"#3"},"east":{"uv":[5.25,10.75,6.25,11],"rotation":90,"texture":"#1_0"},"south":{"uv":[6.75,8,7,8.25],"rotation":180,"texture":"#3"},"west":{"uv":[2.75,10.5,3.75,10.75],"rotation":90,"texture":"#3"}}},{"from":[-0.8,21.26644,6.40297],"to":[6.9,21.96644,6.60497],"rotation":{"angle":45,"axis":"x","origin":[3.05,22.53601,8]},"faces":{"north":{"uv":[5,8.75,5.25,10.5],"rotation":90,"texture":"#3"},"east":{"uv":[5.25,10.75,6.25,11],"rotation":90,"texture":"#1_0"},"south":{"uv":[6.75,8,7,8.25],"rotation":180,"texture":"#3"},"west":{"uv":[2.75,10.5,3.75,10.75],"rotation":90,"texture":"#3"},"up":{"uv":[2.25,15.5,4.25,15.75],"rotation":180,"texture":"#3"}}},{"from":[-0.8,20.67424,9.7593],"to":[6.9,21.97424,9.9613],"rotation":{"angle":-22.5,"axis":"x","origin":[3.05,22.53601,8]},"faces":{"north":{"uv":[6.75,8,7,8.25],"rotation":180,"texture":"#3"},"east":{"uv":[5.25,10.75,6.25,11],"rotation":90,"texture":"#1_0"},"south":{"uv":[5,8.75,5.25,10.5],"rotation":270,"texture":"#3"},"west":{"uv":[2.75,10.5,3.75,10.75],"rotation":90,"texture":"#3"}}},{"from":[-0.8,21.26645,9.39503],"to":[6.9,21.96645,9.59703],"rotation":{"angle":-45,"axis":"x","origin":[3.05,22.53601,8]},"faces":{"north":{"uv":[6.75,8,7,8.25],"rotation":180,"texture":"#3"},"east":{"uv":[5.25,10.75,6.25,11],"rotation":90,"texture":"#1_0"},"south":{"uv":[5,8.75,5.25,10.5],"rotation":270,"texture":"#3"},"west":{"uv":[2.75,10.5,3.75,10.75],"rotation":90,"texture":"#3"},"up":{"uv":[2.25,15.5,4.25,15.75],"rotation":180,"texture":"#3"}}},{"from":[-0.78,14.71736,5.61303],"to":[14,21.26652,10.38697],"rotation":{"angle":0,"axis":"z","origin":[5.6811,-10.05739,5.73803]},"faces":{"up":{"uv":[14.25,6.5,13,8],"rotation":180,"texture":"#3"},"down":{"uv":[15.75,15.75,16,16],"rotation":90,"texture":"#3"}}},{"from":[0.52,21.01736,6.21303],"to":[6.3,22.66652,7.98697],"rotation":{"angle":0,"axis":"z","origin":[5.6811,-10.05739,5.73803]},"faces":{"north":{"uv":[5.75,8,7,8.5],"rotation":180,"texture":"#3"},"south":{"uv":[5.75,11.5,7,12],"rotation":180,"texture":"#3"},"up":{"uv":[9.25,11.25,8,12],"texture":"#3"},"down":{"uv":[15.75,15.75,16,16],"rotation":90,"texture":"#3"}}},{"from":[-0.3809,20.96846,6.2133],"to":[1.3991,22.11762,7.9863],"rotation":{"angle":45,"axis":"z","origin":[0.29696,21.33091,7.1]},"faces":{"north":{"uv":[5.75,8,7,8.5],"rotation":180,"texture":"#3"},"south":{"uv":[5.75,11.5,7,12],"rotation":180,"texture":"#3"},"up":{"uv":[13.25,11,12.75,11.75],"texture":"#3"},"down":{"uv":[15.75,15.75,16,16],"rotation":90,"texture":"#3"}}},{"from":[5.89757,20.69767,6.2133],"to":[9.67757,22.34683,7.9863],"rotation":{"angle":-22.5,"axis":"z","origin":[6.90237,21.49509,7.1]},"faces":{"north":{"uv":[5.75,8,7,8.5],"rotation":180,"texture":"#3"},"south":{"uv":[5.75,11.5,7,12],"rotation":180,"texture":"#3"},"up":{"uv":[9.75,11.5,8.5,12.25],"texture":"#3"},"down":{"uv":[15.75,15.75,16,16],"rotation":90,"texture":"#3"}}}]}