{"credit":"thebradqq's guns","textures":{"0":"mgs:gun/brass","1":"mgs:gun/copper","2":"mgs:gun/metal_dark"},"gui_light":"front","display":{"thirdperson_righthand":{"rotation":[25,111,-23],"translation":[-0.5,1.25,0],"scale":[0.2,0.2,0.2]},"thirdperson_lefthand":{"rotation":[69,-71,65],"translation":[-0.25,0.5,0],"scale":[0.2,0.2,0.2]},"firstperson_righthand":{"rotation":[-87,65,68],"translation":[2,2.25,0],"scale":[0.4,0.4,0.4]},"firstperson_lefthand":{"rotation":[-40,-110,-27],"translation":[3.25,2,0],"scale":[0.4,0.4,0.4]},"ground":{"translation":[0,2.75,0],"scale":[0.2,0.2,0.2]},"gui":{"rotation":[0,180,30],"translation":[2.75,5.25,0],"scale":[0.73,0.73,0.73]},"head":{"scale":[0.4,0.4,0.4]},"fixed":{"rotation":[0,180,0],"translation":[0,2.25,-1],"scale":[0.4,0.4,0.4]}},"elements":[{"from":[5.4211,-11.5172,6.202],"to":[8.7483,-10.6041,9.798],"rotation":{"angle":0,"axis":"z","origin":[8.1472,-11.32315,8.25]},"faces":{"north":{"uv":[3,8.5,3.25,9.51],"rotation":270,"texture":"#2"},"east":{"uv":[2,10.25,2.5,11.76],"rotation":90,"texture":"#2"},"south":{"uv":[3,8.5,3.25,9.51],"rotation":90,"texture":"#2"},"west":{"uv":[2,10,2.5,11.51],"rotation":270,"texture":"#2"}}},{"from":[5.4211,-12.1303,6.202],"to":[6.5483,-11.5172,9.798],"rotation":{"angle":0,"axis":"z","origin":[8.1472,-11.23625,8.25]},"faces":{"north":{"uv":[3,8.5,3.25,9.01],"rotation":270,"texture":"#2"},"east":{"uv":[2,10.25,2.5,11.76],"rotation":90,"texture":"#2"},"south":{"uv":[3,8.5,3.25,9.01],"rotation":90,"texture":"#2"},"west":{"uv":[2,10,2.5,11.51],"rotation":270,"texture":"#2"}}},{"from":[4.63896,-12.75114,5.93881],"to":[11.35416,-11.89334,9.9675],"rotation":{"angle":22.5,"axis":"z","origin":[5.4039,-10.6933,6.20855]},"faces":{"north":{"uv":[2.75,7.25,5.75,7.75],"texture":"#2"},"east":{"uv":[15.25,7.25,15.75,7.75],"texture":"#2"},"south":{"uv":[2.75,7.25,5.75,7.75],"texture":"#2"},"west":{"uv":[0,7.25,0.5,7.75],"texture":"#2"},"up":{"uv":[7,10,9.25,11.75],"rotation":270,"texture":"#2"},"down":{"uv":[7,10,9.25,11.75],"rotation":270,"texture":"#2"}}},{"from":[5.4211,-10.6041,6.2],"to":[5.5211,8.3959,9.8],"rotation":{"angle":0,"axis":"z","origin":[6.9211,-0.6041,6.9]},"faces":{"east":{"uv":[8.5,8,8.75,8.25],"rotation":270,"texture":"#2"},"west":{"uv":[2,10,12.5,11.51],"rotation":270,"texture":"#2"}}},{"from":[5.42,-3.0041,6.85],"to":[5.52,-2.5041,7.35],"rotation":{"angle":0,"axis":"z","origin":[6.9211,-0.6041,6.65]},"faces":{"west":{"uv":[8.25,2,8.75,2.51],"texture":"#2"}}},{"from":[5.42,-4.7041,6.85],"to":[5.52,-4.2041,7.35],"rotation":{"angle":0,"axis":"z","origin":[6.9211,-0.6041,6.65]},"faces":{"west":{"uv":[8.25,2,8.75,2.51],"texture":"#2"}}},{"from":[5.42,-6.4041,6.85],"to":[5.52,-5.9041,7.35],"rotation":{"angle":0,"axis":"z","origin":[6.9211,-0.6041,6.65]},"faces":{"west":{"uv":[8.25,2,8.75,2.51],"texture":"#2"}}},{"from":[5.42,-1.3041,8.55],"to":[5.52,-0.8041,9.05],"rotation":{"angle":0,"axis":"z","origin":[6.9211,-0.6041,6.65]},"faces":{"west":{"uv":[8.25,2,8.75,2.51],"texture":"#2"}}},{"from":[5.42,-3.0041,8.55],"to":[5.52,-2.5041,9.05],"rotation":{"angle":0,"axis":"z","origin":[6.9211,-0.6041,6.65]},"faces":{"west":{"uv":[8.25,2,8.75,2.51],"texture":"#2"}}},{"from":[5.42,-4.7041,8.55],"to":[5.52,-4.2041,9.05],"rotation":{"angle":0,"axis":"z","origin":[6.9211,-0.6041,6.65]},"faces":{"west":{"uv":[8.25,2,8.75,2.51],"texture":"#2"}}},{"from":[5.42,-6.4041,8.55],"to":[5.52,-5.9041,9.05],"rotation":{"angle":0,"axis":"z","origin":[6.9211,-0.6041,6.65]},"faces":{"west":{"uv":[8.25,2,8.75,2.51],"texture":"#2"}}},{"from":[5.4211,-6.6051,6.2],"to":[10.7211,8.3959,6.4],"rotation":{"angle":0,"axis":"z","origin":[6.9211,-2.1051,9.1]},"faces":{"south":{"uv":[8.5,8,8.75,8.25],"rotation":270,"texture":"#2"},"up":{"uv":[0,7,0.5,7.5],"rotation":270,"texture":"#2"}}},{"from":[10.6211,-9.8041,6.2],"to":[10.8211,8.3959,9.8],"rotation":{"angle":0,"axis":"z","origin":[6.9211,-0.6041,6.4]},"faces":{"east":{"uv":[2,10.25,12.5,11.76],"rotation":90,"texture":"#2"},"west":{"uv":[8.5,8,8.75,8.25],"rotation":270,"texture":"#2"},"up":{"uv":[0,7,0.5,7.5],"rotation":270,"texture":"#2"}}},{"from":[5.4211,-6.6051,9.6],"to":[10.7211,8.3959,9.8],"rotation":{"angle":0,"axis":"z","origin":[6.9211,-0.6051,6.4]},"faces":{"north":{"uv":[8.5,8,8.75,8.25],"rotation":270,"texture":"#2"},"up":{"uv":[0,7,0.5,7.5],"rotation":270,"texture":"#2"}}},{"from":[5.4211,-10.6041,6.2],"to":[10.8211,8.3959,9.8],"rotation":{"angle":0,"axis":"z","origin":[6.9211,-3.1041,6.4]},"faces":{"north":{"uv":[3.25,7.75,13.75,9.51],"rotation":270,"texture":"#2"},"south":{"uv":[3.25,9.51,13.75,7.75],"rotation":270,"texture":"#2"},"down":{"uv":[0,0,1,1],"texture":"#missing"}}},{"from":[5.4211,7.86712,6.64162],"to":[8.8211,9.36712,6.84162],"rotation":{"angle":22.5,"axis":"x","origin":[6.32135,9.2416,7.75]},"faces":{"north":{"uv":[12.75,8.25,13.75,9.51],"rotation":270,"texture":"#2"},"east":{"uv":[3,11.5,3.5,12],"rotation":270,"texture":"#2"},"south":{"uv":[8.5,8,8.75,8.25],"rotation":270,"texture":"#2"},"down":{"uv":[0,0,1,1],"texture":"#missing"}}},{"from":[5.4211,9.29992,7.2372],"to":[8.8211,9.89992,7.4372],"rotation":{"angle":45,"axis":"x","origin":[6.32135,10.09992,7.5872]},"faces":{"north":{"uv":[12.75,8.25,13.75,9.51],"rotation":270,"texture":"#2"},"east":{"uv":[3,11.5,3.5,12],"rotation":270,"texture":"#2"},"south":{"uv":[8.5,8,8.75,8.25],"rotation":270,"texture":"#2"},"up":{"uv":[0,7,0.5,7.5],"rotation":270,"texture":"#2"},"down":{"uv":[0,0,1,1],"texture":"#missing"}}},{"from":[5.4211,9.29992,8.5628],"to":[8.8211,9.89992,8.7628],"rotation":{"angle":-45,"axis":"x","origin":[6.32135,10.09992,8.4128]},"faces":{"north":{"uv":[8.5,8.25,8.75,8],"rotation":270,"texture":"#2"},"east":{"uv":[3,12,3.5,11.5],"rotation":270,"texture":"#2"},"south":{"uv":[12.75,9.51,13.75,8.25],"rotation":270,"texture":"#2"},"up":{"uv":[0.5,7,0,7.5],"rotation":270,"texture":"#2"},"down":{"uv":[0,1,1,0],"texture":"#missing"}}},{"from":[5.4211,7.86712,9.15838],"to":[8.8211,9.36712,9.35838],"rotation":{"angle":-22.5,"axis":"x","origin":[6.32135,9.2416,8.25]},"faces":{"north":{"uv":[8.5,8,8.75,8.25],"rotation":270,"texture":"#2"},"east":{"uv":[3,11.5,3.5,12],"rotation":90,"texture":"#2"},"south":{"uv":[12.75,8.25,13.75,9.51],"rotation":90,"texture":"#2"},"down":{"uv":[0,1,1,0],"texture":"#missing"}}},{"from":[5.4211,7.86712,8.15838],"to":[5.6221,9.36712,9.35838],"rotation":{"angle":-22.5,"axis":"x","origin":[6.32135,9.2416,8.25]},"faces":{"east":{"uv":[8.5,8,8.75,8.25],"rotation":270,"texture":"#2"},"west":{"uv":[5.5,10.5,7,11.25],"rotation":270,"texture":"#2"}}},{"from":[5.4211,7.86712,6.64162],"to":[5.6221,9.36712,7.84162],"rotation":{"angle":22.5,"axis":"x","origin":[6.32135,9.2416,7.75]},"faces":{"east":{"uv":[8.5,8,8.75,8.25],"rotation":270,"texture":"#2"},"west":{"uv":[0.5,9.5,2,10.25],"rotation":270,"texture":"#2"}}},{"from":[5.4211,9.29992,7.2372],"to":[5.6221,9.89992,8.2372],"rotation":{"angle":45,"axis":"x","origin":[6.32135,10.09992,7.5872]},"faces":{"east":{"uv":[8.5,8,8.75,8.25],"rotation":270,"texture":"#2"},"west":{"uv":[0.5,9.5,2,10.25],"rotation":270,"texture":"#2"},"up":{"uv":[0,7,0.5,7.5],"rotation":270,"texture":"#2"}}},{"from":[5.4211,9.29992,7.7628],"to":[5.6221,9.89992,8.7628],"rotation":{"angle":-45,"axis":"x","origin":[6.32135,10.09992,8.4128]},"faces":{"east":{"uv":[8.5,8.25,8.75,8],"rotation":270,"texture":"#2"},"west":{"uv":[0.5,10.25,2,9.5],"rotation":270,"texture":"#2"},"up":{"uv":[0.5,7,0,7.5],"rotation":270,"texture":"#2"}}},{"from":[5.4211,8.3959,7.30315],"to":[5.6211,9.6459,8.60315],"rotation":{"angle":0,"axis":"x","origin":[6.9711,8.3959,6.50315]},"faces":{"east":{"uv":[8.5,8,8.75,8.25],"rotation":270,"texture":"#2"},"west":{"uv":[0.5,9.75,2,10.75],"rotation":270,"texture":"#2"}}},{"from":[5.83363,9.51357,7.31412],"to":[6.36464,9.78643,8.68587],"rotation":{"angle":0,"axis":"y","origin":[2.32654,-3.31,8]},"faces":{"north":{"uv":[3.25,5.25,3.75,5.75],"texture":"#0"},"east":{"uv":[0,0,1,1],"rotation":90,"texture":"#missing"},"south":{"uv":[3.25,5.25,3.75,5.75],"texture":"#0"},"west":{"uv":[0,0,1,1],"rotation":270,"texture":"#missing"}}},{"from":[5.72301,8.87563,7.84596],"to":[5.85585,10.42438,8.15403],"rotation":{"angle":0,"axis":"y","origin":[0.08943,9.08,8]},"faces":{"east":{"uv":[12.5,7.5,13,8],"texture":"#0"},"west":{"uv":[8.25,4,8.75,6],"texture":"#0"},"up":{"uv":[3.5,3.75,4,4.25],"rotation":180,"texture":"#0"},"down":{"uv":[6.25,8,6.75,8.25],"rotation":180,"texture":"#0"}}},{"from":[5.70009,9.296,7.92959],"to":[5.78859,10.004,8.07042],"rotation":{"angle":0,"axis":"y","origin":[2.32654,-3.31,8]},"faces":{"west":{"uv":[6.25,4.5,6.75,5.25],"texture":"#0"},"up":{"uv":[3.25,4,3.5,4.5],"texture":"#0"},"down":{"uv":[9.5,8,9.75,8.25],"texture":"#0"}}},{"from":[6.09914,8.87563,7.84596],"to":[9.00014,10.42438,8.15403],"rotation":{"angle":0,"axis":"y","origin":[1.79554,-3.31,8]},"faces":{"east":{"uv":[5.25,10.5,5.75,11],"texture":"#0"},"west":{"uv":[12.5,7.5,13,8],"texture":"#0"},"up":{"uv":[2,3.25,4,3.75],"texture":"#0"},"down":{"uv":[5.5,7.75,7.5,8.25],"rotation":180,"texture":"#0"}}},{"from":[6.09914,8.25962,4.7491],"to":[9.00014,9.80837,5.05717],"rotation":{"angle":22.5,"axis":"x","origin":[1.81514,1.5575,8]},"faces":{"east":{"uv":[5.25,10.5,5.75,11],"texture":"#0"},"west":{"uv":[12.5,7.5,13,8],"texture":"#0"},"up":{"uv":[2,3.75,4,4.25],"texture":"#0"},"down":{"uv":[3,9,5,9.5],"rotation":180,"texture":"#0"}}},{"from":[6.09914,8.25962,10.94283],"to":[9.00014,9.80837,11.2509],"rotation":{"angle":-22.5,"axis":"x","origin":[1.81514,1.5575,8]},"faces":{"east":{"uv":[5.25,10.5,5.75,11],"texture":"#0"},"west":{"uv":[12.5,7.5,13,8],"texture":"#0"},"up":{"uv":[0,3.25,2,3.75],"texture":"#0"},"down":{"uv":[3.5,8,5.5,8.5],"rotation":180,"texture":"#0"}}},{"from":[6.09914,6.50539,2.1237],"to":[9.00014,8.05414,2.43177],"rotation":{"angle":45,"axis":"x","origin":[1.81514,1.5575,8]},"faces":{"east":{"uv":[5.25,10.5,5.75,11],"texture":"#0"},"west":{"uv":[12.5,7.5,13,8],"texture":"#0"},"up":{"uv":[5.25,4.25,7.25,4.75],"texture":"#0"},"down":{"uv":[5.75,5.5,7.75,6],"rotation":180,"texture":"#0"}}},{"from":[6.09914,6.50539,13.56823],"to":[9.00014,8.05414,13.8763],"rotation":{"angle":-45,"axis":"x","origin":[1.81514,1.5575,8]},"faces":{"east":{"uv":[5.25,10.5,5.75,11],"texture":"#0"},"west":{"uv":[12.5,7.5,13,8],"texture":"#0"},"up":{"uv":[1.25,4.25,3.25,4.75],"rotation":180,"texture":"#0"},"down":{"uv":[4.5,5.5,6.5,6],"texture":"#0"}}},{"from":[6.09914,8.87996,10.32249],"to":[9.00014,9.18803,11.87124],"rotation":{"angle":-22.5,"axis":"x","origin":[1.81514,1.5575,8]},"faces":{"north":{"uv":[6.25,5,8.25,5.5],"texture":"#0"},"east":{"uv":[5.25,10.5,5.75,11],"texture":"#0"},"south":{"uv":[5.25,4.75,7.25,5.25],"texture":"#0"},"west":{"uv":[12.5,7.5,13,8],"rotation":90,"texture":"#0"}}},{"from":[6.09914,8.87996,4.12876],"to":[9.00014,9.18803,5.67751],"rotation":{"angle":22.5,"axis":"x","origin":[1.81514,1.5575,8]},"faces":{"north":{"uv":[5.25,4.75,7.25,5.25],"texture":"#0"},"east":{"uv":[5.25,10.5,5.75,11],"texture":"#0"},"south":{"uv":[6.25,5,8.25,5.5],"texture":"#0"},"west":{"uv":[12.5,7.5,13,8],"rotation":270,"texture":"#0"}}},{"from":[6.09914,9.49596,7.22562],"to":[9.00014,9.80404,8.77437],"rotation":{"angle":0,"axis":"y","origin":[1.79554,-3.31,8]},"faces":{"north":{"uv":[3,12.25,5,12.75],"texture":"#0"},"east":{"uv":[5.25,10.5,5.75,11],"texture":"#0"},"south":{"uv":[0,12,2,12.5],"texture":"#0"},"west":{"uv":[12.5,7.5,13,8],"texture":"#0"}}},{"from":[8.68663,8.942,7.85917],"to":[9.50414,10.358,8.14083],"rotation":{"angle":0,"axis":"y","origin":[1.79554,-3.31,8]},"faces":{"east":{"uv":[11,7.5,11.5,8],"texture":"#1"},"up":{"uv":[3.25,4,3.75,4.25],"texture":"#1"},"down":{"uv":[7.75,8,8.25,8.25],"rotation":180,"texture":"#1"}}},{"from":[8.68663,8.32599,10.95603],"to":[9.50414,9.74199,11.23769],"rotation":{"angle":-22.5,"axis":"x","origin":[3.07626,1.5575,8]},"faces":{"east":{"uv":[11,7.5,11.5,8],"texture":"#1"},"up":{"uv":[7.5,4.25,8,4.5],"texture":"#1"},"down":{"uv":[4.25,8,4.75,8.25],"rotation":180,"texture":"#1"}}},{"from":[8.68663,8.32599,4.76231],"to":[9.50414,9.74199,5.04397],"rotation":{"angle":22.5,"axis":"x","origin":[3.07626,1.5575,8]},"faces":{"east":{"uv":[11,7.5,11.5,8],"texture":"#1"},"up":{"uv":[5.5,4.25,6,4.5],"texture":"#1"},"down":{"uv":[4.25,8,4.75,8.25],"texture":"#1"}}},{"from":[8.68663,6.57177,13.58143],"to":[9.50414,7.98777,13.8631],"rotation":{"angle":-45,"axis":"x","origin":[3.07626,1.5575,8]},"faces":{"east":{"uv":[11,7.5,11.5,8],"texture":"#1"},"up":{"uv":[6.5,4.75,7,5],"rotation":180,"texture":"#1"},"down":{"uv":[2.75,9.25,3.25,9.5],"rotation":180,"texture":"#1"}}},{"from":[8.68663,6.57177,2.1369],"to":[9.50414,7.98777,2.41857],"rotation":{"angle":45,"axis":"x","origin":[3.07626,1.5575,8]},"faces":{"east":{"uv":[11,7.5,11.5,8],"texture":"#1"},"up":{"uv":[8.5,4.75,9,5],"texture":"#1"},"down":{"uv":[2.75,9.25,3.25,9.75],"rotation":180,"texture":"#1"}}},{"from":[8.68663,8.89317,4.19514],"to":[9.50414,9.17482,5.61114],"rotation":{"angle":22.5,"axis":"x","origin":[3.07626,1.5575,8]},"faces":{"north":{"uv":[5.5,11.5,6,11.75],"rotation":180,"texture":"#1"},"east":{"uv":[11,7.5,11.5,8],"rotation":90,"texture":"#1"},"south":{"uv":[1.25,9.75,1.75,10],"rotation":180,"texture":"#1"}}},{"from":[8.68663,8.89317,10.38886],"to":[9.50414,9.17482,11.80486],"rotation":{"angle":-22.5,"axis":"x","origin":[3.07626,1.5575,8]},"faces":{"north":{"uv":[2.5,10,3,10.5],"rotation":180,"texture":"#1"},"east":{"uv":[11,7.5,11.5,8],"rotation":270,"texture":"#1"},"south":{"uv":[5.5,11.5,6,11.75],"rotation":180,"texture":"#1"}}},{"from":[8.68663,9.50917,7.292],"to":[9.50414,9.79083,8.708],"rotation":{"angle":0,"axis":"y","origin":[1.79554,-3.31,8]},"faces":{"north":{"uv":[5.5,11,6,11.25],"rotation":180,"texture":"#1"},"east":{"uv":[11,7.5,11.5,8],"texture":"#1"},"south":{"uv":[5.5,11,6,11.25],"rotation":180,"texture":"#1"}}},{"from":[9.50414,8.98625,7.86798],"to":[9.76963,10.31375,8.13202],"rotation":{"angle":0,"axis":"y","origin":[1.79554,-3.31,8]},"faces":{"east":{"uv":[11,7.5,11.5,8],"texture":"#1"},"up":{"uv":[3.25,4,3.75,4.25],"texture":"#1"},"down":{"uv":[7.75,8,8.25,8.25],"rotation":180,"texture":"#1"}}},{"from":[9.50414,8.37024,4.77112],"to":[9.76963,9.69774,5.03516],"rotation":{"angle":22.5,"axis":"x","origin":[3.71789,1.5575,8]},"faces":{"east":{"uv":[11,7.5,11.5,8],"texture":"#1"},"up":{"uv":[12.75,2.25,13.25,2.5],"texture":"#1"},"down":{"uv":[4.25,8,4.75,8.25],"texture":"#1"}}},{"from":[9.50414,8.37024,10.96484],"to":[9.76963,9.69774,11.22888],"rotation":{"angle":-22.5,"axis":"x","origin":[3.71789,1.5575,8]},"faces":{"east":{"uv":[11,7.5,11.5,8],"texture":"#1"},"up":{"uv":[8.5,4.25,9,4.5],"texture":"#1"},"down":{"uv":[4.25,8,4.75,8.25],"rotation":180,"texture":"#1"}}},{"from":[9.50414,6.61602,2.14571],"to":[9.76963,7.94352,2.40976],"rotation":{"angle":45,"axis":"x","origin":[3.71789,1.5575,8]},"faces":{"east":{"uv":[11,7.5,11.5,8],"texture":"#1"},"up":{"uv":[9.25,4.75,9.75,5],"texture":"#1"},"down":{"uv":[2.75,9.25,3.25,9.75],"rotation":180,"texture":"#1"}}},{"from":[9.50414,6.61602,13.59024],"to":[9.76963,7.94352,13.85429],"rotation":{"angle":-45,"axis":"x","origin":[3.71789,1.5575,8]},"faces":{"east":{"uv":[11,7.5,11.5,8],"texture":"#1"},"up":{"uv":[5.75,4.75,6.25,5],"rotation":180,"texture":"#1"},"down":{"uv":[2.75,9.25,3.25,9.5],"rotation":180,"texture":"#1"}}},{"from":[9.50414,8.90197,10.43311],"to":[9.76963,9.16602,11.76061],"rotation":{"angle":-22.5,"axis":"x","origin":[3.71789,1.5575,8]},"faces":{"north":{"uv":[2.5,10,3,10.5],"rotation":180,"texture":"#1"},"east":{"uv":[11,7.5,11.5,8],"rotation":270,"texture":"#1"},"south":{"uv":[6.25,11.5,6.75,11.75],"rotation":180,"texture":"#1"}}},{"from":[9.50414,8.90197,4.23939],"to":[9.76963,9.16602,5.56689],"rotation":{"angle":22.5,"axis":"x","origin":[3.71789,1.5575,8]},"faces":{"north":{"uv":[4.75,11.5,5.25,11.75],"rotation":180,"texture":"#1"},"east":{"uv":[11,7.5,11.5,8],"rotation":90,"texture":"#1"},"south":{"uv":[1.25,9.75,1.75,10],"rotation":180,"texture":"#1"}}},{"from":[9.50414,9.51798,7.33625],"to":[9.76963,9.78202,8.66375],"rotation":{"angle":0,"axis":"y","origin":[1.79554,-3.31,8]},"faces":{"north":{"uv":[5.5,11,6,11.25],"rotation":180,"texture":"#1"},"east":{"uv":[11,7.5,11.5,8],"texture":"#1"},"south":{"uv":[5.5,11,6,11.25],"rotation":180,"texture":"#1"}}},{"from":[9.76963,9.0305,7.87677],"to":[9.99088,10.2695,8.12322],"rotation":{"angle":0,"axis":"y","origin":[1.79554,-3.31,8]},"faces":{"east":{"uv":[11,7.5,11.5,8],"texture":"#1"},"up":{"uv":[3.25,4,3.75,4.25],"texture":"#1"},"down":{"uv":[7.75,8,8.25,8.25],"rotation":180,"texture":"#1"}}},{"from":[9.76963,8.41449,10.97364],"to":[9.99088,9.65349,11.22009],"rotation":{"angle":-22.5,"axis":"x","origin":[4.07189,1.5575,8]},"faces":{"east":{"uv":[11,7.5,11.5,8],"texture":"#1"},"up":{"uv":[8.75,4.25,9.25,4.5],"texture":"#1"},"down":{"uv":[4.25,8,4.75,8.25],"rotation":180,"texture":"#1"}}},{"from":[9.76963,8.41449,4.77991],"to":[9.99088,9.65349,5.02636],"rotation":{"angle":22.5,"axis":"x","origin":[4.07189,1.5575,8]},"faces":{"east":{"uv":[11,7.5,11.5,8],"texture":"#1"},"up":{"uv":[10.5,2.75,11,3],"texture":"#1"},"down":{"uv":[4.25,8,4.75,8.25],"texture":"#1"}}},{"from":[9.76963,6.66027,13.59904],"to":[9.99088,7.89927,13.84549],"rotation":{"angle":-45,"axis":"x","origin":[4.07189,1.5575,8]},"faces":{"east":{"uv":[11,7.5,11.5,8],"texture":"#1"},"up":{"uv":[5.75,4.75,6.25,5],"rotation":180,"texture":"#1"},"down":{"uv":[2.75,9.25,3.25,9.5],"rotation":180,"texture":"#1"}}},{"from":[9.76963,8.91077,4.28364],"to":[9.99088,9.15722,5.52264],"rotation":{"angle":22.5,"axis":"x","origin":[4.07189,1.5575,8]},"faces":{"north":{"uv":[6.75,11.5,7.25,11.75],"rotation":180,"texture":"#1"},"east":{"uv":[11,7.5,11.5,8],"rotation":90,"texture":"#1"},"south":{"uv":[1.25,9.75,1.75,10],"rotation":180,"texture":"#1"}}},{"from":[9.76963,6.66027,2.15451],"to":[9.99088,7.89927,2.40096],"rotation":{"angle":45,"axis":"x","origin":[4.07189,1.5575,8]},"faces":{"east":{"uv":[11,7.5,11.5,8],"texture":"#1"},"up":{"uv":[9,4.75,9.5,5],"texture":"#1"},"down":{"uv":[2.75,9.25,3.25,9.75],"rotation":180,"texture":"#1"}}},{"from":[9.76963,8.91077,10.47736],"to":[9.99088,9.15722,11.71636],"rotation":{"angle":-22.5,"axis":"x","origin":[4.07189,1.5575,8]},"faces":{"north":{"uv":[2.5,10,3,10.5],"rotation":180,"texture":"#1"},"east":{"uv":[11,7.5,11.5,8],"rotation":270,"texture":"#1"},"south":{"uv":[6.25,11.5,6.75,11.75],"rotation":180,"texture":"#1"}}},{"from":[9.76963,9.52678,7.3805],"to":[9.99088,9.77323,8.6195],"rotation":{"angle":0,"axis":"y","origin":[1.79554,-3.31,8]},"faces":{"north":{"uv":[5.5,11,6,11.25],"rotation":180,"texture":"#1"},"east":{"uv":[11,7.5,11.5,8],"texture":"#1"},"south":{"uv":[5.5,11,6,11.25],"rotation":180,"texture":"#1"}}},{"from":[9.99088,9.07475,7.88558],"to":[10.12364,10.22525,8.11442],"rotation":{"angle":0,"axis":"y","origin":[1.79554,-3.31,8]},"faces":{"east":{"uv":[11,7.5,11.5,8],"texture":"#1"},"up":{"uv":[3.25,4,3.75,4.25],"texture":"#1"},"down":{"uv":[7.75,8,8.25,8.25],"rotation":180,"texture":"#1"}}},{"from":[9.99088,8.45874,4.78872],"to":[10.12364,9.60924,5.01756],"rotation":{"angle":22.5,"axis":"x","origin":[3.65151,1.5575,8]},"faces":{"east":{"uv":[11,7.5,11.5,8],"texture":"#1"},"up":{"uv":[11.25,3.25,11.75,3.5],"texture":"#1"},"down":{"uv":[4.25,8,4.75,8.25],"texture":"#1"}}},{"from":[9.99088,8.45874,10.98244],"to":[10.12364,9.60924,11.21128],"rotation":{"angle":-22.5,"axis":"x","origin":[3.65151,1.5575,8]},"faces":{"east":{"uv":[11,7.5,11.5,8],"texture":"#1"},"up":{"uv":[11,3,11.5,3.25],"texture":"#1"},"down":{"uv":[4.25,8,4.75,8.25],"rotation":180,"texture":"#1"}}},{"from":[9.99088,6.70452,2.16331],"to":[10.12364,7.85502,2.39216],"rotation":{"angle":45,"axis":"x","origin":[3.65151,1.5575,8]},"faces":{"east":{"uv":[11,7.5,11.5,8],"texture":"#1"},"up":{"uv":[6.5,4.75,7,5],"texture":"#1"},"down":{"uv":[2.75,9.25,3.25,9.75],"rotation":180,"texture":"#1"}}},{"from":[9.99088,6.70452,13.60784],"to":[10.12364,7.85502,13.83669],"rotation":{"angle":-45,"axis":"x","origin":[3.65151,1.5575,8]},"faces":{"east":{"uv":[11,7.5,11.5,8],"texture":"#1"},"up":{"uv":[8,4.75,8.5,5],"rotation":180,"texture":"#1"},"down":{"uv":[2.75,9.25,3.25,9.5],"rotation":180,"texture":"#1"}}},{"from":[9.99088,8.91957,10.52161],"to":[10.12364,9.14841,11.67211],"rotation":{"angle":-22.5,"axis":"x","origin":[3.65151,1.5575,8]},"faces":{"north":{"uv":[2.5,10,3,10.5],"rotation":180,"texture":"#1"},"east":{"uv":[11,7.5,11.5,8],"rotation":270,"texture":"#1"},"south":{"uv":[7.5,11.5,8,11.75],"rotation":180,"texture":"#1"}}},{"from":[9.99088,8.91957,4.32789],"to":[10.12364,9.14841,5.47839],"rotation":{"angle":22.5,"axis":"x","origin":[3.65151,1.5575,8]},"faces":{"north":{"uv":[7,11.5,7.5,11.75],"rotation":180,"texture":"#1"},"east":{"uv":[11,7.5,11.5,8],"rotation":90,"texture":"#1"},"south":{"uv":[1.25,9.75,1.75,10],"rotation":180,"texture":"#1"}}},{"from":[9.99088,9.53558,7.42475],"to":[10.12364,9.76442,8.57525],"rotation":{"angle":0,"axis":"y","origin":[1.79554,-3.31,8]},"faces":{"north":{"uv":[5.5,11,6,11.25],"rotation":180,"texture":"#1"},"east":{"uv":[11,7.5,11.5,8],"texture":"#1"},"south":{"uv":[5.5,11,6,11.25],"rotation":180,"texture":"#1"}}},{"from":[6.5358,11.5908,7.823],"to":[6.93405,12.0333,8.177],"rotation":{"angle":-22.5,"axis":"z","origin":[3.67364,2.0885,7.92862]},"faces":{"north":{"uv":[6,4.5,6.5,5],"texture":"#1"},"east":{"uv":[7.5,2,8,2.5],"texture":"#1"},"south":{"uv":[5.75,4.5,6.25,5],"texture":"#1"},"up":{"uv":[4,4,4.5,4.5],"texture":"#1"}}},{"from":[12.72952,6.03469,7.823],"to":[13.12777,6.47719,8.177],"rotation":{"angle":22.5,"axis":"z","origin":[3.67364,1.0265,7.92862]},"faces":{"north":{"uv":[5,8,5.5,8.5],"rotation":180,"texture":"#1"},"east":{"uv":[7.5,2,8,2.5],"texture":"#1"},"south":{"uv":[5,8,5.5,8.5],"rotation":180,"texture":"#1"},"down":{"uv":[15,8,15.5,8.5],"rotation":180,"texture":"#1"}}},{"from":[9.63266,9.473,10.51256],"to":[10.03091,9.827,10.99931],"rotation":{"angle":22.5,"axis":"y","origin":[3.67364,1.5575,8.531]},"faces":{"east":{"uv":[7.5,2,8,2.5],"texture":"#1"},"south":{"uv":[4.75,11.25,5.25,11.75],"rotation":180,"texture":"#1"},"up":{"uv":[6.5,4.75,7,5.25],"texture":"#1"},"down":{"uv":[9,10.25,9.5,10.75],"rotation":180,"texture":"#1"}}},{"from":[9.63266,9.473,5.00069],"to":[10.03091,9.827,5.48744],"rotation":{"angle":-22.5,"axis":"y","origin":[3.67364,1.5575,7.469]},"faces":{"north":{"uv":[4.75,11.25,5.25,11.75],"rotation":180,"texture":"#1"},"east":{"uv":[7.5,2,8,2.5],"texture":"#1"},"up":{"uv":[6.5,4.75,7,5.25],"rotation":180,"texture":"#1"},"down":{"uv":[9,10.25,9.5,10.75],"rotation":180,"texture":"#1"}}},{"from":[5.7231,8.25962,4.7491],"to":[5.85594,9.80837,5.05717],"rotation":{"angle":22.5,"axis":"x","origin":[0.13359,1.5575,8]},"faces":{"east":{"uv":[12.5,7.5,13,8],"texture":"#0"},"west":{"uv":[7.25,4,7.75,6],"texture":"#0"},"up":{"uv":[3.5,4.25,4,4.75],"texture":"#0"},"down":{"uv":[6.25,8,6.75,8.25],"rotation":180,"texture":"#0"}}},{"from":[5.7231,8.25962,10.94283],"to":[5.85594,9.80837,11.2509],"rotation":{"angle":-22.5,"axis":"x","origin":[0.13359,1.5575,8]},"faces":{"east":{"uv":[12.5,7.5,13,8],"texture":"#0"},"west":{"uv":[7.25,4,7.75,6],"texture":"#0"},"up":{"uv":[3.5,4.25,4,4.75],"rotation":180,"texture":"#0"},"down":{"uv":[6.25,8,6.75,8.25],"rotation":180,"texture":"#0"}}},{"from":[5.72301,6.50539,2.1237],"to":[5.85585,8.05414,2.43177],"rotation":{"angle":45,"axis":"x","origin":[0.13359,1.5575,8]},"faces":{"east":{"uv":[12.5,7.5,13,8],"texture":"#0"},"west":{"uv":[10.75,4.5,11.25,6.5],"texture":"#0"},"up":{"uv":[3.75,4.75,4.25,5.25],"texture":"#0"},"down":{"uv":[6.25,8,6.75,8.25],"rotation":180,"texture":"#0"}}},{"from":[5.72301,6.50539,13.56823],"to":[5.85585,8.05414,13.8763],"rotation":{"angle":-45,"axis":"x","origin":[0.13359,1.5575,8]},"faces":{"east":{"uv":[12.5,7.5,13,8],"texture":"#0"},"west":{"uv":[6.75,4.5,7.25,6.5],"texture":"#0"},"up":{"uv":[7.75,4.75,8.25,5.25],"rotation":180,"texture":"#0"},"down":{"uv":[6.25,8,6.75,8.25],"rotation":180,"texture":"#0"}}},{"from":[5.7231,8.87996,10.32249],"to":[5.85594,9.18803,11.87124],"rotation":{"angle":-22.5,"axis":"x","origin":[0.13359,1.5575,8]},"faces":{"north":{"uv":[6.75,8,7.25,8.5],"rotation":180,"texture":"#0"},"east":{"uv":[12.5,7.5,13,8],"rotation":270,"texture":"#0"},"south":{"uv":[5.25,5.5,5.75,6],"texture":"#0"},"west":{"uv":[0.5,4.75,1,6.75],"rotation":90,"texture":"#0"}}},{"from":[5.7231,8.87996,4.12876],"to":[5.85594,9.18803,5.67751],"rotation":{"angle":22.5,"axis":"x","origin":[0.13359,1.5575,8]},"faces":{"north":{"uv":[6.75,5.5,7.25,6],"texture":"#0"},"east":{"uv":[12.5,7.5,13,8],"rotation":90,"texture":"#0"},"south":{"uv":[6,8,6.5,8.5],"rotation":180,"texture":"#0"},"west":{"uv":[0.75,4.75,1.25,6.75],"rotation":270,"texture":"#0"}}},{"from":[5.72301,9.49596,7.22562],"to":[5.85585,9.80404,8.77437],"rotation":{"angle":0,"axis":"y","origin":[2.32654,-3.31,8]},"faces":{"north":{"uv":[4.25,8.25,4.75,8.75],"rotation":180,"texture":"#0"},"east":{"uv":[12.5,7.5,13,8],"texture":"#0"},"south":{"uv":[6.25,8.25,6.75,8.75],"rotation":180,"texture":"#0"},"west":{"uv":[7.25,9.5,7.75,11.5],"rotation":90,"texture":"#0"}}},{"from":[5.7,8.67999,11.02645],"to":[5.7885,9.38799,11.16728],"rotation":{"angle":-22.5,"axis":"x","origin":[0.04513,1.5575,8]},"faces":{"west":{"uv":[5.25,4.5,5.75,5.25],"texture":"#0"},"up":{"uv":[7.25,4.25,7.5,4.75],"rotation":180,"texture":"#0"},"down":{"uv":[9,8,9.25,8.5],"rotation":180,"texture":"#0"}}},{"from":[5.7,8.67999,4.83273],"to":[5.7885,9.38799,4.97356],"rotation":{"angle":22.5,"axis":"x","origin":[0.04513,1.5575,8]},"faces":{"west":{"uv":[5.25,4.5,5.75,5.25],"texture":"#0"},"up":{"uv":[3.25,4,3.5,4.5],"texture":"#0"},"down":{"uv":[9,8,9.25,8.5],"texture":"#0"}}},{"from":[5.70009,6.92577,13.65186],"to":[5.78859,7.63377,13.79269],"rotation":{"angle":-45,"axis":"x","origin":[0.04513,1.5575,8]},"faces":{"west":{"uv":[6.25,4.5,6.75,5.25],"texture":"#0"},"up":{"uv":[7.25,4.25,7.5,4.75],"rotation":180,"texture":"#0"},"down":{"uv":[6,5.5,6.25,6],"texture":"#0"}}},{"from":[5.70009,6.92577,2.20732],"to":[5.78859,7.63377,2.34816],"rotation":{"angle":45,"axis":"x","origin":[0.04513,1.5575,8]},"faces":{"west":{"uv":[6.25,4.5,6.75,5.25],"texture":"#0"},"up":{"uv":[3.75,4,4,4.5],"texture":"#0"},"down":{"uv":[6,5.5,6.25,6],"texture":"#0"}}},{"from":[5.7,8.96358,4.54914],"to":[5.7885,9.10441,5.25714],"rotation":{"angle":22.5,"axis":"x","origin":[0.04513,1.5575,8]},"faces":{"north":{"uv":[7.25,4.25,7.5,4.75],"texture":"#0"},"south":{"uv":[6.25,5,6.5,5.5],"texture":"#0"},"west":{"uv":[9.25,4.5,9.75,5.25],"rotation":270,"texture":"#0"}}},{"from":[5.7,8.96358,10.74286],"to":[5.7885,9.10441,11.45086],"rotation":{"angle":-22.5,"axis":"x","origin":[0.04513,1.5575,8]},"faces":{"north":{"uv":[6.25,5,6.5,5.5],"texture":"#0"},"south":{"uv":[7.25,4.25,7.5,4.75],"texture":"#0"},"west":{"uv":[9,4.5,9.5,5.25],"rotation":90,"texture":"#0"}}},{"from":[5.70009,9.57959,7.646],"to":[5.78859,9.72042,8.354],"rotation":{"angle":0,"axis":"y","origin":[2.32654,-3.31,8]},"faces":{"north":{"uv":[6.25,4.5,6.5,5],"texture":"#0"},"south":{"uv":[6.25,4.5,6.5,5],"texture":"#0"},"west":{"uv":[6.25,4.5,6.75,5],"texture":"#0"}}},{"from":[5.83363,8.96413,7.86357],"to":[6.36464,10.33587,8.13643],"rotation":{"angle":0,"axis":"y","origin":[0.39914,9.08,8]},"faces":{"east":{"uv":[0,0,1,1],"texture":"#missing"},"west":{"uv":[0,0,1,1],"texture":"#missing"},"up":{"uv":[8.5,4,9,4.5],"rotation":180,"texture":"#0"},"down":{"uv":[5.75,8,6.25,8.25],"texture":"#0"}}},{"from":[5.83363,8.34812,4.76671],"to":[6.36464,9.71987,5.03957],"rotation":{"angle":22.5,"axis":"x","origin":[0.39914,1.5575,8]},"faces":{"east":{"uv":[0,0,1,1],"texture":"#missing"},"west":{"uv":[0,0,1,1],"texture":"#missing"},"up":{"uv":[11,2.5,11.5,3],"rotation":180,"texture":"#0"},"down":{"uv":[5.75,8,6.25,8.25],"texture":"#0"}}},{"from":[5.83363,8.34812,10.96043],"to":[6.36464,9.71987,11.23329],"rotation":{"angle":-22.5,"axis":"x","origin":[0.39914,1.5575,8]},"faces":{"east":{"uv":[0,0,1,1],"texture":"#missing"},"west":{"uv":[0,0,1,1],"texture":"#missing"},"up":{"uv":[8.5,4,9,4.5],"rotation":180,"texture":"#0"},"down":{"uv":[5.75,8,6.25,8.25],"texture":"#0"}}},{"from":[5.83363,6.59389,2.1413],"to":[6.36464,7.96564,2.41416],"rotation":{"angle":45,"axis":"x","origin":[0.39914,1.5575,8]},"faces":{"east":{"uv":[0,0,1,1],"texture":"#missing"},"west":{"uv":[0,0,1,1],"texture":"#missing"},"up":{"uv":[3.25,4.25,3.75,4.75],"texture":"#0"},"down":{"uv":[5.75,8,6.25,8.25],"texture":"#0"}}},{"from":[5.83363,6.59389,13.58584],"to":[6.36464,7.96564,13.8587],"rotation":{"angle":-45,"axis":"x","origin":[0.39914,1.5575,8]},"faces":{"east":{"uv":[0,0,1,1],"texture":"#missing"},"west":{"uv":[0,0,1,1],"texture":"#missing"},"up":{"uv":[3.25,4.25,3.75,4.75],"rotation":180,"texture":"#0"},"down":{"uv":[5.75,8,6.25,8.25],"texture":"#0"}}},{"from":[5.83363,8.89756,10.41099],"to":[6.36464,9.17043,11.78274],"rotation":{"angle":-22.5,"axis":"x","origin":[0.39914,1.5575,8]},"faces":{"north":{"uv":[3,8,3.5,8.5],"rotation":180,"texture":"#0"},"east":{"uv":[0,0,1,1],"rotation":270,"texture":"#missing"},"south":{"uv":[3.25,4.75,3.75,5.25],"texture":"#0"},"west":{"uv":[0,0,1,1],"rotation":90,"texture":"#missing"}}},{"from":[5.83363,8.89756,4.21726],"to":[6.36464,9.17043,5.58901],"rotation":{"angle":22.5,"axis":"x","origin":[0.39914,1.5575,8]},"faces":{"north":{"uv":[3.25,4.75,3.75,5.25],"texture":"#0"},"east":{"uv":[0,0,1,1],"rotation":90,"texture":"#missing"},"south":{"uv":[3,8,3.5,8.5],"rotation":180,"texture":"#0"},"west":{"uv":[0,0,1,1],"rotation":270,"texture":"#missing"}}},{"from":[5.83363,8.08857,7.88912],"to":[6.36464,8.36143,9.26087],"rotation":{"angle":0,"axis":"y","origin":[2.32654,-3.31,8]},"faces":{"north":{"uv":[3.25,5.25,3.75,5.75],"texture":"#0"},"east":{"uv":[0,0,1,1],"rotation":90,"texture":"#missing"},"south":{"uv":[3.25,5.25,3.75,5.75],"texture":"#0"},"west":{"uv":[0,0,1,1],"rotation":270,"texture":"#missing"}}},{"from":[5.72301,7.45063,8.42096],"to":[5.85585,8.99938,8.72903],"rotation":{"angle":0,"axis":"y","origin":[0.08943,9.08,8]},"faces":{"east":{"uv":[12.5,7.5,13,8],"texture":"#0"},"west":{"uv":[8.25,4,8.75,6],"texture":"#0"},"up":{"uv":[3.5,3.75,4,4.25],"rotation":180,"texture":"#0"},"down":{"uv":[6.25,8,6.75,8.25],"rotation":180,"texture":"#0"}}},{"from":[5.70009,7.871,8.50459],"to":[5.78859,8.579,8.64542],"rotation":{"angle":0,"axis":"y","origin":[2.32654,-3.31,8]},"faces":{"west":{"uv":[6.25,4.5,6.75,5.25],"texture":"#0"},"up":{"uv":[3.25,4,3.5,4.5],"texture":"#0"},"down":{"uv":[9.5,8,9.75,8.25],"texture":"#0"}}},{"from":[6.09914,7.45063,8.42096],"to":[9.00014,8.99938,8.72903],"rotation":{"angle":0,"axis":"y","origin":[1.79554,-3.31,8]},"faces":{"east":{"uv":[5.25,10.5,5.75,11],"texture":"#0"},"west":{"uv":[12.5,7.5,13,8],"texture":"#0"},"up":{"uv":[2,3.25,4,3.75],"texture":"#0"},"down":{"uv":[5.5,7.75,7.5,8.25],"rotation":180,"texture":"#0"}}},{"from":[6.09914,7.16313,5.82566],"to":[9.00014,8.71188,6.13373],"rotation":{"angle":22.5,"axis":"x","origin":[1.81514,1.5575,8]},"faces":{"east":{"uv":[5.25,10.5,5.75,11],"texture":"#0"},"west":{"uv":[12.5,7.5,13,8],"texture":"#0"},"up":{"uv":[2,3.75,4,4.25],"texture":"#0"},"down":{"uv":[3,9,5,9.5],"rotation":180,"texture":"#0"}}},{"from":[6.09914,6.72305,10.92873],"to":[9.00014,8.2718,11.2368],"rotation":{"angle":-22.5,"axis":"x","origin":[1.81514,1.5575,8]},"faces":{"east":{"uv":[5.25,10.5,5.75,11],"texture":"#0"},"west":{"uv":[12.5,7.5,13,8],"texture":"#0"},"up":{"uv":[0,3.25,2,3.75],"texture":"#0"},"down":{"uv":[3.5,8,5.5,8.5],"rotation":180,"texture":"#0"}}},{"from":[6.09914,5.90435,3.53791],"to":[9.00014,7.4531,3.84598],"rotation":{"angle":45,"axis":"x","origin":[1.81514,1.5575,8]},"faces":{"east":{"uv":[5.25,10.5,5.75,11],"texture":"#0"},"west":{"uv":[12.5,7.5,13,8],"texture":"#0"},"up":{"uv":[5.25,4.25,7.25,4.75],"texture":"#0"},"down":{"uv":[5.75,5.5,7.75,6],"rotation":180,"texture":"#0"}}},{"from":[6.09914,5.09118,12.96719],"to":[9.00014,6.63993,13.27526],"rotation":{"angle":-45,"axis":"x","origin":[1.81514,1.5575,8]},"faces":{"east":{"uv":[5.25,10.5,5.75,11],"texture":"#0"},"west":{"uv":[12.5,7.5,13,8],"texture":"#0"},"up":{"uv":[1.25,4.25,3.25,4.75],"rotation":180,"texture":"#0"},"down":{"uv":[4.5,5.5,6.5,6],"texture":"#0"}}},{"from":[6.09914,7.34339,10.30839],"to":[9.00014,7.65146,11.85714],"rotation":{"angle":-22.5,"axis":"x","origin":[1.81514,1.5575,8]},"faces":{"north":{"uv":[6.25,5,8.25,5.5],"texture":"#0"},"east":{"uv":[5.25,10.5,5.75,11],"texture":"#0"},"south":{"uv":[5.25,4.75,7.25,5.25],"texture":"#0"},"west":{"uv":[12.5,7.5,13,8],"rotation":90,"texture":"#0"}}},{"from":[6.09914,7.78347,5.20532],"to":[9.00014,8.09154,6.75407],"rotation":{"angle":22.5,"axis":"x","origin":[1.81514,1.5575,8]},"faces":{"north":{"uv":[5.25,4.75,7.25,5.25],"texture":"#0"},"east":{"uv":[5.25,10.5,5.75,11],"texture":"#0"},"south":{"uv":[6.25,5,8.25,5.5],"texture":"#0"},"west":{"uv":[12.5,7.5,13,8],"rotation":270,"texture":"#0"}}},{"from":[6.09914,8.07097,7.80062],"to":[9.00014,8.37904,9.34937],"rotation":{"angle":0,"axis":"y","origin":[1.79554,-3.31,8]},"faces":{"north":{"uv":[3,12.25,5,12.75],"texture":"#0"},"east":{"uv":[5.25,10.5,5.75,11],"texture":"#0"},"south":{"uv":[0,12,2,12.5],"texture":"#0"},"west":{"uv":[12.5,7.5,13,8],"texture":"#0"}}},{"from":[8.68663,7.517,8.43417],"to":[9.50414,8.933,8.71583],"rotation":{"angle":0,"axis":"y","origin":[1.79554,-3.31,8]},"faces":{"east":{"uv":[11,7.5,11.5,8],"texture":"#1"},"up":{"uv":[3.25,4,3.75,4.25],"texture":"#1"},"down":{"uv":[7.75,8,8.25,8.25],"rotation":180,"texture":"#1"}}},{"from":[8.68663,6.78942,10.94194],"to":[9.50414,8.20542,11.2236],"rotation":{"angle":-22.5,"axis":"x","origin":[3.07626,1.5575,8]},"faces":{"east":{"uv":[11,7.5,11.5,8],"texture":"#1"},"up":{"uv":[7.5,4.25,8,4.5],"texture":"#1"},"down":{"uv":[4.25,8,4.75,8.25],"rotation":180,"texture":"#1"}}},{"from":[8.68663,7.22951,5.83887],"to":[9.50414,8.64551,6.12052],"rotation":{"angle":22.5,"axis":"x","origin":[3.07626,1.5575,8]},"faces":{"east":{"uv":[11,7.5,11.5,8],"texture":"#1"},"up":{"uv":[5.5,4.25,6,4.5],"texture":"#1"},"down":{"uv":[4.25,8,4.75,8.25],"texture":"#1"}}},{"from":[8.68663,5.15755,12.98039],"to":[9.50414,6.57355,13.26205],"rotation":{"angle":-45,"axis":"x","origin":[3.07626,1.5575,8]},"faces":{"east":{"uv":[11,7.5,11.5,8],"texture":"#1"},"up":{"uv":[6.5,4.75,7,5],"rotation":180,"texture":"#1"},"down":{"uv":[2.75,9.25,3.25,9.5],"rotation":180,"texture":"#1"}}},{"from":[8.68663,5.97073,3.55112],"to":[9.50414,7.38673,3.83278],"rotation":{"angle":45,"axis":"x","origin":[3.07626,1.5575,8]},"faces":{"east":{"uv":[11,7.5,11.5,8],"texture":"#1"},"up":{"uv":[8.5,4.75,9,5],"texture":"#1"},"down":{"uv":[2.75,9.25,3.25,9.75],"rotation":180,"texture":"#1"}}},{"from":[8.68663,7.79668,5.27169],"to":[9.50414,8.07834,6.68769],"rotation":{"angle":22.5,"axis":"x","origin":[3.07626,1.5575,8]},"faces":{"north":{"uv":[5.5,11.5,6,11.75],"rotation":180,"texture":"#1"},"east":{"uv":[11,7.5,11.5,8],"rotation":90,"texture":"#1"},"south":{"uv":[1.25,9.75,1.75,10],"rotation":180,"texture":"#1"}}},{"from":[8.68663,7.3566,10.37477],"to":[9.50414,7.63825,11.79077],"rotation":{"angle":-22.5,"axis":"x","origin":[3.07626,1.5575,8]},"faces":{"north":{"uv":[2.5,10,3,10.5],"rotation":180,"texture":"#1"},"east":{"uv":[11,7.5,11.5,8],"rotation":270,"texture":"#1"},"south":{"uv":[5.5,11.5,6,11.75],"rotation":180,"texture":"#1"}}},{"from":[8.68663,8.08417,7.867],"to":[9.50414,8.36583,9.283],"rotation":{"angle":0,"axis":"y","origin":[1.79554,-3.31,8]},"faces":{"north":{"uv":[5.5,11,6,11.25],"rotation":180,"texture":"#1"},"east":{"uv":[11,7.5,11.5,8],"texture":"#1"},"south":{"uv":[5.5,11,6,11.25],"rotation":180,"texture":"#1"}}},{"from":[9.50414,7.56125,8.44298],"to":[9.76963,8.88875,8.70702],"rotation":{"angle":0,"axis":"y","origin":[1.79554,-3.31,8]},"faces":{"east":{"uv":[11,7.5,11.5,8],"texture":"#1"},"up":{"uv":[3.25,4,3.75,4.25],"texture":"#1"},"down":{"uv":[7.75,8,8.25,8.25],"rotation":180,"texture":"#1"}}},{"from":[9.50414,7.27376,5.84767],"to":[9.76963,8.60126,6.11172],"rotation":{"angle":22.5,"axis":"x","origin":[3.71789,1.5575,8]},"faces":{"east":{"uv":[11,7.5,11.5,8],"texture":"#1"},"up":{"uv":[12.75,2.25,13.25,2.5],"texture":"#1"},"down":{"uv":[4.25,8,4.75,8.25],"texture":"#1"}}},{"from":[9.50414,6.83367,10.95075],"to":[9.76963,8.16117,11.21479],"rotation":{"angle":-22.5,"axis":"x","origin":[3.71789,1.5575,8]},"faces":{"east":{"uv":[11,7.5,11.5,8],"texture":"#1"},"up":{"uv":[8.5,4.25,9,4.5],"texture":"#1"},"down":{"uv":[4.25,8,4.75,8.25],"rotation":180,"texture":"#1"}}},{"from":[9.50414,6.01498,3.55992],"to":[9.76963,7.34248,3.82397],"rotation":{"angle":45,"axis":"x","origin":[3.71789,1.5575,8]},"faces":{"east":{"uv":[11,7.5,11.5,8],"texture":"#1"},"up":{"uv":[9.25,4.75,9.75,5],"texture":"#1"},"down":{"uv":[2.75,9.25,3.25,9.75],"rotation":180,"texture":"#1"}}},{"from":[9.50414,5.2018,12.9892],"to":[9.76963,6.5293,13.25325],"rotation":{"angle":-45,"axis":"x","origin":[3.71789,1.5575,8]},"faces":{"east":{"uv":[11,7.5,11.5,8],"texture":"#1"},"up":{"uv":[5.75,4.75,6.25,5],"rotation":180,"texture":"#1"},"down":{"uv":[2.75,9.25,3.25,9.5],"rotation":180,"texture":"#1"}}},{"from":[9.50414,7.3654,10.41902],"to":[9.76963,7.62945,11.74652],"rotation":{"angle":-22.5,"axis":"x","origin":[3.71789,1.5575,8]},"faces":{"north":{"uv":[2.5,10,3,10.5],"rotation":180,"texture":"#1"},"east":{"uv":[11,7.5,11.5,8],"rotation":270,"texture":"#1"},"south":{"uv":[6.25,11.5,6.75,11.75],"rotation":180,"texture":"#1"}}},{"from":[9.50414,7.80549,5.31594],"to":[9.76963,8.06953,6.64344],"rotation":{"angle":22.5,"axis":"x","origin":[3.71789,1.5575,8]},"faces":{"north":{"uv":[4.75,11.5,5.25,11.75],"rotation":180,"texture":"#1"},"east":{"uv":[11,7.5,11.5,8],"rotation":90,"texture":"#1"},"south":{"uv":[1.25,9.75,1.75,10],"rotation":180,"texture":"#1"}}},{"from":[9.50414,8.09298,7.91125],"to":[9.76963,8.35702,9.23875],"rotation":{"angle":0,"axis":"y","origin":[1.79554,-3.31,8]},"faces":{"north":{"uv":[5.5,11,6,11.25],"rotation":180,"texture":"#1"},"east":{"uv":[11,7.5,11.5,8],"texture":"#1"},"south":{"uv":[5.5,11,6,11.25],"rotation":180,"texture":"#1"}}},{"from":[9.76963,7.6055,8.45177],"to":[9.99088,8.8445,8.69822],"rotation":{"angle":0,"axis":"y","origin":[1.79554,-3.31,8]},"faces":{"east":{"uv":[11,7.5,11.5,8],"texture":"#1"},"up":{"uv":[3.25,4,3.75,4.25],"texture":"#1"},"down":{"uv":[7.75,8,8.25,8.25],"rotation":180,"texture":"#1"}}},{"from":[9.76963,6.87792,10.95954],"to":[9.99088,8.11692,11.20599],"rotation":{"angle":-22.5,"axis":"x","origin":[4.07189,1.5575,8]},"faces":{"east":{"uv":[11,7.5,11.5,8],"texture":"#1"},"up":{"uv":[8.75,4.25,9.25,4.5],"texture":"#1"},"down":{"uv":[4.25,8,4.75,8.25],"rotation":180,"texture":"#1"}}},{"from":[9.76963,7.31801,5.85647],"to":[9.99088,8.55701,6.10292],"rotation":{"angle":22.5,"axis":"x","origin":[4.07189,1.5575,8]},"faces":{"east":{"uv":[11,7.5,11.5,8],"texture":"#1"},"up":{"uv":[10.5,2.75,11,3],"texture":"#1"},"down":{"uv":[4.25,8,4.75,8.25],"texture":"#1"}}},{"from":[9.76963,5.24605,12.99799],"to":[9.99088,6.48505,13.24445],"rotation":{"angle":-45,"axis":"x","origin":[4.07189,1.5575,8]},"faces":{"east":{"uv":[11,7.5,11.5,8],"texture":"#1"},"up":{"uv":[5.75,4.75,6.25,5],"rotation":180,"texture":"#1"},"down":{"uv":[2.75,9.25,3.25,9.5],"rotation":180,"texture":"#1"}}},{"from":[9.76963,7.81428,5.36019],"to":[9.99088,8.06073,6.59919],"rotation":{"angle":22.5,"axis":"x","origin":[4.07189,1.5575,8]},"faces":{"north":{"uv":[6.75,11.5,7.25,11.75],"rotation":180,"texture":"#1"},"east":{"uv":[11,7.5,11.5,8],"rotation":90,"texture":"#1"},"south":{"uv":[1.25,9.75,1.75,10],"rotation":180,"texture":"#1"}}},{"from":[9.76963,6.05923,3.56872],"to":[9.99088,7.29823,3.81518],"rotation":{"angle":45,"axis":"x","origin":[4.07189,1.5575,8]},"faces":{"east":{"uv":[11,7.5,11.5,8],"texture":"#1"},"up":{"uv":[9,4.75,9.5,5],"texture":"#1"},"down":{"uv":[2.75,9.25,3.25,9.75],"rotation":180,"texture":"#1"}}},{"from":[9.76963,7.3742,10.46327],"to":[9.99088,7.62065,11.70227],"rotation":{"angle":-22.5,"axis":"x","origin":[4.07189,1.5575,8]},"faces":{"north":{"uv":[2.5,10,3,10.5],"rotation":180,"texture":"#1"},"east":{"uv":[11,7.5,11.5,8],"rotation":270,"texture":"#1"},"south":{"uv":[6.25,11.5,6.75,11.75],"rotation":180,"texture":"#1"}}},{"from":[9.76963,8.10178,7.9555],"to":[9.99088,8.34823,9.1945],"rotation":{"angle":0,"axis":"y","origin":[1.79554,-3.31,8]},"faces":{"north":{"uv":[5.5,11,6,11.25],"rotation":180,"texture":"#1"},"east":{"uv":[11,7.5,11.5,8],"texture":"#1"},"south":{"uv":[5.5,11,6,11.25],"rotation":180,"texture":"#1"}}},{"from":[9.99088,7.64975,8.46058],"to":[10.12364,8.80025,8.68942],"rotation":{"angle":0,"axis":"y","origin":[1.79554,-3.31,8]},"faces":{"east":{"uv":[11,7.5,11.5,8],"texture":"#1"},"up":{"uv":[3.25,4,3.75,4.25],"texture":"#1"},"down":{"uv":[7.75,8,8.25,8.25],"rotation":180,"texture":"#1"}}},{"from":[9.99088,7.36226,5.86527],"to":[10.12364,8.51276,6.09411],"rotation":{"angle":22.5,"axis":"x","origin":[3.65151,1.5575,8]},"faces":{"east":{"uv":[11,7.5,11.5,8],"texture":"#1"},"up":{"uv":[11.25,3.25,11.75,3.5],"texture":"#1"},"down":{"uv":[4.25,8,4.75,8.25],"texture":"#1"}}},{"from":[9.99088,6.92217,10.96835],"to":[10.12364,8.07267,11.19719],"rotation":{"angle":-22.5,"axis":"x","origin":[3.65151,1.5575,8]},"faces":{"east":{"uv":[11,7.5,11.5,8],"texture":"#1"},"up":{"uv":[11,3,11.5,3.25],"texture":"#1"},"down":{"uv":[4.25,8,4.75,8.25],"rotation":180,"texture":"#1"}}},{"from":[9.99088,6.10348,3.57752],"to":[10.12364,7.25398,3.80637],"rotation":{"angle":45,"axis":"x","origin":[3.65151,1.5575,8]},"faces":{"east":{"uv":[11,7.5,11.5,8],"texture":"#1"},"up":{"uv":[6.5,4.75,7,5],"texture":"#1"},"down":{"uv":[2.75,9.25,3.25,9.75],"rotation":180,"texture":"#1"}}},{"from":[9.99088,5.2903,13.0068],"to":[10.12364,6.4408,13.23565],"rotation":{"angle":-45,"axis":"x","origin":[3.65151,1.5575,8]},"faces":{"east":{"uv":[11,7.5,11.5,8],"texture":"#1"},"up":{"uv":[8,4.75,8.5,5],"rotation":180,"texture":"#1"},"down":{"uv":[2.75,9.25,3.25,9.5],"rotation":180,"texture":"#1"}}},{"from":[9.99088,7.383,10.50752],"to":[10.12364,7.61184,11.65802],"rotation":{"angle":-22.5,"axis":"x","origin":[3.65151,1.5575,8]},"faces":{"north":{"uv":[2.5,10,3,10.5],"rotation":180,"texture":"#1"},"east":{"uv":[11,7.5,11.5,8],"rotation":270,"texture":"#1"},"south":{"uv":[7.5,11.5,8,11.75],"rotation":180,"texture":"#1"}}},{"from":[9.99088,7.82309,5.40444],"to":[10.12364,8.05193,6.55494],"rotation":{"angle":22.5,"axis":"x","origin":[3.65151,1.5575,8]},"faces":{"north":{"uv":[7,11.5,7.5,11.75],"rotation":180,"texture":"#1"},"east":{"uv":[11,7.5,11.5,8],"rotation":90,"texture":"#1"},"south":{"uv":[1.25,9.75,1.75,10],"rotation":180,"texture":"#1"}}},{"from":[9.99088,8.11058,7.99975],"to":[10.12364,8.33942,9.15025],"rotation":{"angle":0,"axis":"y","origin":[1.79554,-3.31,8]},"faces":{"north":{"uv":[5.5,11,6,11.25],"rotation":180,"texture":"#1"},"east":{"uv":[11,7.5,11.5,8],"texture":"#1"},"south":{"uv":[5.5,11,6,11.25],"rotation":180,"texture":"#1"}}},{"from":[7.08112,10.27427,8.398],"to":[7.47937,10.71677,8.752],"rotation":{"angle":-22.5,"axis":"z","origin":[3.67364,2.0885,7.92862]},"faces":{"north":{"uv":[6,4.5,6.5,5],"texture":"#1"},"east":{"uv":[7.5,2,8,2.5],"texture":"#1"},"south":{"uv":[5.75,4.5,6.25,5],"texture":"#1"},"up":{"uv":[4,4,4.5,4.5],"texture":"#1"}}},{"from":[12.1842,4.71816,8.398],"to":[12.58245,5.16066,8.752],"rotation":{"angle":22.5,"axis":"z","origin":[3.67364,1.0265,7.92862]},"faces":{"north":{"uv":[5,8,5.5,8.5],"rotation":180,"texture":"#1"},"east":{"uv":[7.5,2,8,2.5],"texture":"#1"},"south":{"uv":[5,8,5.5,8.5],"rotation":180,"texture":"#1"},"down":{"uv":[15,8,15.5,8.5],"rotation":180,"texture":"#1"}}},{"from":[9.41262,8.048,11.04379],"to":[9.81087,8.402,11.53054],"rotation":{"angle":22.5,"axis":"y","origin":[3.67364,1.5575,8.531]},"faces":{"east":{"uv":[7.5,2,8,2.5],"texture":"#1"},"south":{"uv":[4.75,11.25,5.25,11.75],"rotation":180,"texture":"#1"},"up":{"uv":[6.5,4.75,7,5.25],"texture":"#1"},"down":{"uv":[9,10.25,9.5,10.75],"rotation":180,"texture":"#1"}}},{"from":[9.8527,8.048,5.53192],"to":[10.25095,8.402,6.01867],"rotation":{"angle":-22.5,"axis":"y","origin":[3.67364,1.5575,7.469]},"faces":{"north":{"uv":[4.75,11.25,5.25,11.75],"rotation":180,"texture":"#1"},"east":{"uv":[7.5,2,8,2.5],"texture":"#1"},"up":{"uv":[6.5,4.75,7,5.25],"rotation":180,"texture":"#1"},"down":{"uv":[9,10.25,9.5,10.75],"rotation":180,"texture":"#1"}}},{"from":[5.7231,7.16313,5.82566],"to":[5.85594,8.71188,6.13373],"rotation":{"angle":22.5,"axis":"x","origin":[0.13359,1.5575,8]},"faces":{"east":{"uv":[12.5,7.5,13,8],"texture":"#0"},"west":{"uv":[7.25,4,7.75,6],"texture":"#0"},"up":{"uv":[3.5,4.25,4,4.75],"texture":"#0"},"down":{"uv":[6.25,8,6.75,8.25],"rotation":180,"texture":"#0"}}},{"from":[5.7231,6.72305,10.92873],"to":[5.85594,8.2718,11.2368],"rotation":{"angle":-22.5,"axis":"x","origin":[0.13359,1.5575,8]},"faces":{"east":{"uv":[12.5,7.5,13,8],"texture":"#0"},"west":{"uv":[7.25,4,7.75,6],"texture":"#0"},"up":{"uv":[3.5,4.25,4,4.75],"rotation":180,"texture":"#0"},"down":{"uv":[6.25,8,6.75,8.25],"rotation":180,"texture":"#0"}}},{"from":[5.72301,5.90435,3.53791],"to":[5.85585,7.4531,3.84598],"rotation":{"angle":45,"axis":"x","origin":[0.13359,1.5575,8]},"faces":{"east":{"uv":[12.5,7.5,13,8],"texture":"#0"},"west":{"uv":[10.75,4.5,11.25,6.5],"texture":"#0"},"up":{"uv":[3.75,4.75,4.25,5.25],"texture":"#0"},"down":{"uv":[6.25,8,6.75,8.25],"rotation":180,"texture":"#0"}}},{"from":[5.72301,5.09118,12.96719],"to":[5.85585,6.63993,13.27526],"rotation":{"angle":-45,"axis":"x","origin":[0.13359,1.5575,8]},"faces":{"east":{"uv":[12.5,7.5,13,8],"texture":"#0"},"west":{"uv":[6.75,4.5,7.25,6.5],"texture":"#0"},"up":{"uv":[7.75,4.75,8.25,5.25],"rotation":180,"texture":"#0"},"down":{"uv":[6.25,8,6.75,8.25],"rotation":180,"texture":"#0"}}},{"from":[5.7231,7.34339,10.30839],"to":[5.85594,7.65146,11.85714],"rotation":{"angle":-22.5,"axis":"x","origin":[0.13359,1.5575,8]},"faces":{"north":{"uv":[6.75,8,7.25,8.5],"rotation":180,"texture":"#0"},"east":{"uv":[12.5,7.5,13,8],"rotation":270,"texture":"#0"},"south":{"uv":[5.25,5.5,5.75,6],"texture":"#0"},"west":{"uv":[0.5,4.75,1,6.75],"rotation":90,"texture":"#0"}}},{"from":[5.7231,7.78347,5.20532],"to":[5.85594,8.09154,6.75407],"rotation":{"angle":22.5,"axis":"x","origin":[0.13359,1.5575,8]},"faces":{"north":{"uv":[6.75,5.5,7.25,6],"texture":"#0"},"east":{"uv":[12.5,7.5,13,8],"rotation":90,"texture":"#0"},"south":{"uv":[6,8,6.5,8.5],"rotation":180,"texture":"#0"},"west":{"uv":[0.75,4.75,1.25,6.75],"rotation":270,"texture":"#0"}}},{"from":[5.72301,8.07097,7.80062],"to":[5.85585,8.37904,9.34937],"rotation":{"angle":0,"axis":"y","origin":[2.32654,-3.31,8]},"faces":{"north":{"uv":[4.25,8.25,4.75,8.75],"rotation":180,"texture":"#0"},"east":{"uv":[12.5,7.5,13,8],"texture":"#0"},"south":{"uv":[6.25,8.25,6.75,8.75],"rotation":180,"texture":"#0"},"west":{"uv":[7.25,9.5,7.75,11.5],"rotation":90,"texture":"#0"}}},{"from":[5.7,7.14342,11.01236],"to":[5.7885,7.85142,11.15319],"rotation":{"angle":-22.5,"axis":"x","origin":[0.04513,1.5575,8]},"faces":{"west":{"uv":[5.25,4.5,5.75,5.25],"texture":"#0"},"up":{"uv":[7.25,4.25,7.5,4.75],"rotation":180,"texture":"#0"},"down":{"uv":[9,8,9.25,8.5],"rotation":180,"texture":"#0"}}},{"from":[5.7,7.58351,5.90928],"to":[5.7885,8.29151,6.05011],"rotation":{"angle":22.5,"axis":"x","origin":[0.04513,1.5575,8]},"faces":{"west":{"uv":[5.25,4.5,5.75,5.25],"texture":"#0"},"up":{"uv":[3.25,4,3.5,4.5],"texture":"#0"},"down":{"uv":[9,8,9.25,8.5],"texture":"#0"}}},{"from":[5.70009,5.51155,13.05082],"to":[5.78859,6.21955,13.19164],"rotation":{"angle":-45,"axis":"x","origin":[0.04513,1.5575,8]},"faces":{"west":{"uv":[6.25,4.5,6.75,5.25],"texture":"#0"},"up":{"uv":[7.25,4.25,7.5,4.75],"rotation":180,"texture":"#0"},"down":{"uv":[6,5.5,6.25,6],"texture":"#0"}}},{"from":[5.70009,6.32473,3.62153],"to":[5.78859,7.03273,3.76237],"rotation":{"angle":45,"axis":"x","origin":[0.04513,1.5575,8]},"faces":{"west":{"uv":[6.25,4.5,6.75,5.25],"texture":"#0"},"up":{"uv":[3.75,4,4,4.5],"texture":"#0"},"down":{"uv":[6,5.5,6.25,6],"texture":"#0"}}},{"from":[5.7,7.8671,5.62569],"to":[5.7885,8.00793,6.33369],"rotation":{"angle":22.5,"axis":"x","origin":[0.04513,1.5575,8]},"faces":{"north":{"uv":[7.25,4.25,7.5,4.75],"texture":"#0"},"south":{"uv":[6.25,5,6.5,5.5],"texture":"#0"},"west":{"uv":[9.25,4.5,9.75,5.25],"rotation":270,"texture":"#0"}}},{"from":[5.7,7.42701,10.72877],"to":[5.7885,7.56784,11.43677],"rotation":{"angle":-22.5,"axis":"x","origin":[0.04513,1.5575,8]},"faces":{"north":{"uv":[6.25,5,6.5,5.5],"texture":"#0"},"south":{"uv":[7.25,4.25,7.5,4.75],"texture":"#0"},"west":{"uv":[9,4.5,9.5,5.25],"rotation":90,"texture":"#0"}}},{"from":[5.70009,8.15459,8.221],"to":[5.78859,8.29542,8.929],"rotation":{"angle":0,"axis":"y","origin":[2.32654,-3.31,8]},"faces":{"north":{"uv":[6.25,4.5,6.5,5],"texture":"#0"},"south":{"uv":[6.25,4.5,6.5,5],"texture":"#0"},"west":{"uv":[6.25,4.5,6.75,5],"texture":"#0"}}},{"from":[5.83363,7.53913,8.43857],"to":[6.36464,8.91088,8.71143],"rotation":{"angle":0,"axis":"y","origin":[0.39914,9.08,8]},"faces":{"east":{"uv":[0,0,1,1],"texture":"#missing"},"west":{"uv":[0,0,1,1],"texture":"#missing"},"up":{"uv":[8.5,4,9,4.5],"rotation":180,"texture":"#0"},"down":{"uv":[5.75,8,6.25,8.25],"texture":"#0"}}},{"from":[5.83363,7.25163,5.84326],"to":[6.36464,8.62338,6.11613],"rotation":{"angle":22.5,"axis":"x","origin":[0.39914,1.5575,8]},"faces":{"east":{"uv":[0,0,1,1],"texture":"#missing"},"west":{"uv":[0,0,1,1],"texture":"#missing"},"up":{"uv":[11,2.5,11.5,3],"rotation":180,"texture":"#0"},"down":{"uv":[5.75,8,6.25,8.25],"texture":"#0"}}},{"from":[5.83363,6.81155,10.94634],"to":[6.36464,8.1833,11.2192],"rotation":{"angle":-22.5,"axis":"x","origin":[0.39914,1.5575,8]},"faces":{"east":{"uv":[0,0,1,1],"texture":"#missing"},"west":{"uv":[0,0,1,1],"texture":"#missing"},"up":{"uv":[8.5,4,9,4.5],"rotation":180,"texture":"#0"},"down":{"uv":[5.75,8,6.25,8.25],"texture":"#0"}}},{"from":[5.83363,5.99285,3.55551],"to":[6.36464,7.3646,3.82838],"rotation":{"angle":45,"axis":"x","origin":[0.39914,1.5575,8]},"faces":{"east":{"uv":[0,0,1,1],"texture":"#missing"},"west":{"uv":[0,0,1,1],"texture":"#missing"},"up":{"uv":[3.25,4.25,3.75,4.75],"texture":"#0"},"down":{"uv":[5.75,8,6.25,8.25],"texture":"#0"}}},{"from":[5.83363,5.17968,12.98479],"to":[6.36464,6.55143,13.25766],"rotation":{"angle":-45,"axis":"x","origin":[0.39914,1.5575,8]},"faces":{"east":{"uv":[0,0,1,1],"texture":"#missing"},"west":{"uv":[0,0,1,1],"texture":"#missing"},"up":{"uv":[3.25,4.25,3.75,4.75],"rotation":180,"texture":"#0"},"down":{"uv":[5.75,8,6.25,8.25],"texture":"#0"}}},{"from":[5.83363,7.36099,10.39689],"to":[6.36464,7.63386,11.76864],"rotation":{"angle":-22.5,"axis":"x","origin":[0.39914,1.5575,8]},"faces":{"north":{"uv":[3,8,3.5,8.5],"rotation":180,"texture":"#0"},"east":{"uv":[0,0,1,1],"rotation":270,"texture":"#missing"},"south":{"uv":[3.25,4.75,3.75,5.25],"texture":"#0"},"west":{"uv":[0,0,1,1],"rotation":90,"texture":"#missing"}}},{"from":[5.83363,7.80108,5.29382],"to":[6.36464,8.07394,6.66557],"rotation":{"angle":22.5,"axis":"x","origin":[0.39914,1.5575,8]},"faces":{"north":{"uv":[3.25,4.75,3.75,5.25],"texture":"#0"},"east":{"uv":[0,0,1,1],"rotation":90,"texture":"#missing"},"south":{"uv":[3,8,3.5,8.5],"rotation":180,"texture":"#0"},"west":{"uv":[0,0,1,1],"rotation":270,"texture":"#missing"}}},{"from":[5.83363,7.16357,6.63912],"to":[6.36464,7.43643,8.01087],"rotation":{"angle":0,"axis":"y","origin":[2.32654,-3.31,8]},"faces":{"north":{"uv":[3.25,5.25,3.75,5.75],"texture":"#0"},"east":{"uv":[0,0,1,1],"rotation":90,"texture":"#missing"},"south":{"uv":[3.25,5.25,3.75,5.75],"texture":"#0"},"west":{"uv":[0,0,1,1],"rotation":270,"texture":"#missing"}}},{"from":[5.72301,6.52563,7.17096],"to":[5.85585,8.07438,7.47903],"rotation":{"angle":0,"axis":"y","origin":[0.08943,9.08,8]},"faces":{"east":{"uv":[12.5,7.5,13,8],"texture":"#0"},"west":{"uv":[8.25,4,8.75,6],"texture":"#0"},"up":{"uv":[3.5,3.75,4,4.25],"rotation":180,"texture":"#0"},"down":{"uv":[6.25,8,6.75,8.25],"rotation":180,"texture":"#0"}}},{"from":[5.70009,6.946,7.25459],"to":[5.78859,7.654,7.39542],"rotation":{"angle":0,"axis":"y","origin":[2.32654,-3.31,8]},"faces":{"west":{"uv":[6.25,4.5,6.75,5.25],"texture":"#0"},"up":{"uv":[3.25,4,3.5,4.5],"texture":"#0"},"down":{"uv":[9.5,8,9.75,8.25],"texture":"#0"}}},{"from":[6.09914,6.52563,7.17096],"to":[9.00014,8.07438,7.47903],"rotation":{"angle":0,"axis":"y","origin":[1.79554,-3.31,8]},"faces":{"east":{"uv":[5.25,10.5,5.75,11],"texture":"#0"},"west":{"uv":[12.5,7.5,13,8],"texture":"#0"},"up":{"uv":[2,3.25,4,3.75],"texture":"#0"},"down":{"uv":[5.5,7.75,7.5,8.25],"rotation":180,"texture":"#0"}}},{"from":[6.09914,5.83019,5.02479],"to":[9.00014,7.37894,5.33286],"rotation":{"angle":22.5,"axis":"x","origin":[1.81514,1.5575,8]},"faces":{"east":{"uv":[5.25,10.5,5.75,11],"texture":"#0"},"west":{"uv":[12.5,7.5,13,8],"texture":"#0"},"up":{"uv":[2,3.75,4,4.25],"texture":"#0"},"down":{"uv":[3,9,5,9.5],"rotation":180,"texture":"#0"}}},{"from":[6.09914,6.34681,9.4199],"to":[9.00014,7.89556,9.72797],"rotation":{"angle":-22.5,"axis":"x","origin":[1.81514,1.5575,8]},"faces":{"east":{"uv":[5.25,10.5,5.75,11],"texture":"#0"},"west":{"uv":[12.5,7.5,13,8],"texture":"#0"},"up":{"uv":[0,3.25,2,3.75],"texture":"#0"},"down":{"uv":[3.5,8,5.5,8.5],"rotation":180,"texture":"#0"}}},{"from":[6.09914,4.3664,3.3081],"to":[9.00014,5.91515,3.61617],"rotation":{"angle":45,"axis":"x","origin":[1.81514,1.5575,8]},"faces":{"east":{"uv":[5.25,10.5,5.75,11],"texture":"#0"},"west":{"uv":[12.5,7.5,13,8],"texture":"#0"},"up":{"uv":[5.25,4.25,7.25,4.75],"texture":"#0"},"down":{"uv":[5.75,5.5,7.75,6],"rotation":180,"texture":"#0"}}},{"from":[6.09914,5.32099,11.42924],"to":[9.00014,6.86974,11.73731],"rotation":{"angle":-45,"axis":"x","origin":[1.81514,1.5575,8]},"faces":{"east":{"uv":[5.25,10.5,5.75,11],"texture":"#0"},"west":{"uv":[12.5,7.5,13,8],"texture":"#0"},"up":{"uv":[1.25,4.25,3.25,4.75],"rotation":180,"texture":"#0"},"down":{"uv":[4.5,5.5,6.5,6],"texture":"#0"}}},{"from":[6.09914,6.96715,8.79956],"to":[9.00014,7.27522,10.34831],"rotation":{"angle":-22.5,"axis":"x","origin":[1.81514,1.5575,8]},"faces":{"north":{"uv":[6.25,5,8.25,5.5],"texture":"#0"},"east":{"uv":[5.25,10.5,5.75,11],"texture":"#0"},"south":{"uv":[5.25,4.75,7.25,5.25],"texture":"#0"},"west":{"uv":[12.5,7.5,13,8],"rotation":90,"texture":"#0"}}},{"from":[6.09914,6.45053,4.40445],"to":[9.00014,6.7586,5.9532],"rotation":{"angle":22.5,"axis":"x","origin":[1.81514,1.5575,8]},"faces":{"north":{"uv":[5.25,4.75,7.25,5.25],"texture":"#0"},"east":{"uv":[5.25,10.5,5.75,11],"texture":"#0"},"south":{"uv":[6.25,5,8.25,5.5],"texture":"#0"},"west":{"uv":[12.5,7.5,13,8],"rotation":270,"texture":"#0"}}},{"from":[6.09914,7.14597,6.55062],"to":[9.00014,7.45404,8.09937],"rotation":{"angle":0,"axis":"y","origin":[1.79554,-3.31,8]},"faces":{"north":{"uv":[3,12.25,5,12.75],"texture":"#0"},"east":{"uv":[5.25,10.5,5.75,11],"texture":"#0"},"south":{"uv":[0,12,2,12.5],"texture":"#0"},"west":{"uv":[12.5,7.5,13,8],"texture":"#0"}}},{"from":[8.68663,6.592,7.18417],"to":[9.50414,8.008,7.46583],"rotation":{"angle":0,"axis":"y","origin":[1.79554,-3.31,8]},"faces":{"east":{"uv":[11,7.5,11.5,8],"texture":"#1"},"up":{"uv":[3.25,4,3.75,4.25],"texture":"#1"},"down":{"uv":[7.75,8,8.25,8.25],"rotation":180,"texture":"#1"}}},{"from":[8.68663,6.41319,9.43311],"to":[9.50414,7.82919,9.71476],"rotation":{"angle":-22.5,"axis":"x","origin":[3.07626,1.5575,8]},"faces":{"east":{"uv":[11,7.5,11.5,8],"texture":"#1"},"up":{"uv":[7.5,4.25,8,4.5],"texture":"#1"},"down":{"uv":[4.25,8,4.75,8.25],"rotation":180,"texture":"#1"}}},{"from":[8.68663,5.89657,5.038],"to":[9.50414,7.31257,5.31965],"rotation":{"angle":22.5,"axis":"x","origin":[3.07626,1.5575,8]},"faces":{"east":{"uv":[11,7.5,11.5,8],"texture":"#1"},"up":{"uv":[5.5,4.25,6,4.5],"texture":"#1"},"down":{"uv":[4.25,8,4.75,8.25],"texture":"#1"}}},{"from":[8.68663,5.38736,11.44244],"to":[9.50414,6.80336,11.7241],"rotation":{"angle":-45,"axis":"x","origin":[3.07626,1.5575,8]},"faces":{"east":{"uv":[11,7.5,11.5,8],"texture":"#1"},"up":{"uv":[6.5,4.75,7,5],"rotation":180,"texture":"#1"},"down":{"uv":[2.75,9.25,3.25,9.5],"rotation":180,"texture":"#1"}}},{"from":[8.68663,4.43277,3.32131],"to":[9.50414,5.84877,3.60297],"rotation":{"angle":45,"axis":"x","origin":[3.07626,1.5575,8]},"faces":{"east":{"uv":[11,7.5,11.5,8],"texture":"#1"},"up":{"uv":[8.5,4.75,9,5],"texture":"#1"},"down":{"uv":[2.75,9.25,3.25,9.75],"rotation":180,"texture":"#1"}}},{"from":[8.68663,6.46374,4.47083],"to":[9.50414,6.74539,5.88683],"rotation":{"angle":22.5,"axis":"x","origin":[3.07626,1.5575,8]},"faces":{"north":{"uv":[5.5,11.5,6,11.75],"rotation":180,"texture":"#1"},"east":{"uv":[11,7.5,11.5,8],"rotation":90,"texture":"#1"},"south":{"uv":[1.25,9.75,1.75,10],"rotation":180,"texture":"#1"}}},{"from":[8.68663,6.98036,8.86594],"to":[9.50414,7.26202,10.28194],"rotation":{"angle":-22.5,"axis":"x","origin":[3.07626,1.5575,8]},"faces":{"north":{"uv":[2.5,10,3,10.5],"rotation":180,"texture":"#1"},"east":{"uv":[11,7.5,11.5,8],"rotation":270,"texture":"#1"},"south":{"uv":[5.5,11.5,6,11.75],"rotation":180,"texture":"#1"}}},{"from":[8.68663,7.15917,6.617],"to":[9.50414,7.44083,8.033],"rotation":{"angle":0,"axis":"y","origin":[1.79554,-3.31,8]},"faces":{"north":{"uv":[5.5,11,6,11.25],"rotation":180,"texture":"#1"},"east":{"uv":[11,7.5,11.5,8],"texture":"#1"},"south":{"uv":[5.5,11,6,11.25],"rotation":180,"texture":"#1"}}},{"from":[9.50414,6.63625,7.19298],"to":[9.76963,7.96375,7.45702],"rotation":{"angle":0,"axis":"y","origin":[1.79554,-3.31,8]},"faces":{"east":{"uv":[11,7.5,11.5,8],"texture":"#1"},"up":{"uv":[3.25,4,3.75,4.25],"texture":"#1"},"down":{"uv":[7.75,8,8.25,8.25],"rotation":180,"texture":"#1"}}},{"from":[9.50414,5.94082,5.0468],"to":[9.76963,7.26832,5.31085],"rotation":{"angle":22.5,"axis":"x","origin":[3.71789,1.5575,8]},"faces":{"east":{"uv":[11,7.5,11.5,8],"texture":"#1"},"up":{"uv":[12.75,2.25,13.25,2.5],"texture":"#1"},"down":{"uv":[4.25,8,4.75,8.25],"texture":"#1"}}},{"from":[9.50414,6.45744,9.44191],"to":[9.76963,7.78494,9.70596],"rotation":{"angle":-22.5,"axis":"x","origin":[3.71789,1.5575,8]},"faces":{"east":{"uv":[11,7.5,11.5,8],"texture":"#1"},"up":{"uv":[8.5,4.25,9,4.5],"texture":"#1"},"down":{"uv":[4.25,8,4.75,8.25],"rotation":180,"texture":"#1"}}},{"from":[9.50414,4.47702,3.33011],"to":[9.76963,5.80452,3.59417],"rotation":{"angle":45,"axis":"x","origin":[3.71789,1.5575,8]},"faces":{"east":{"uv":[11,7.5,11.5,8],"texture":"#1"},"up":{"uv":[9.25,4.75,9.75,5],"texture":"#1"},"down":{"uv":[2.75,9.25,3.25,9.75],"rotation":180,"texture":"#1"}}},{"from":[9.50414,5.43161,11.45124],"to":[9.76963,6.75911,11.71529],"rotation":{"angle":-45,"axis":"x","origin":[3.71789,1.5575,8]},"faces":{"east":{"uv":[11,7.5,11.5,8],"texture":"#1"},"up":{"uv":[5.75,4.75,6.25,5],"rotation":180,"texture":"#1"},"down":{"uv":[2.75,9.25,3.25,9.5],"rotation":180,"texture":"#1"}}},{"from":[9.50414,6.98917,8.91019],"to":[9.76963,7.25321,10.23769],"rotation":{"angle":-22.5,"axis":"x","origin":[3.71789,1.5575,8]},"faces":{"north":{"uv":[2.5,10,3,10.5],"rotation":180,"texture":"#1"},"east":{"uv":[11,7.5,11.5,8],"rotation":270,"texture":"#1"},"south":{"uv":[6.25,11.5,6.75,11.75],"rotation":180,"texture":"#1"}}},{"from":[9.50414,6.47254,4.51508],"to":[9.76963,6.73659,5.84258],"rotation":{"angle":22.5,"axis":"x","origin":[3.71789,1.5575,8]},"faces":{"north":{"uv":[4.75,11.5,5.25,11.75],"rotation":180,"texture":"#1"},"east":{"uv":[11,7.5,11.5,8],"rotation":90,"texture":"#1"},"south":{"uv":[1.25,9.75,1.75,10],"rotation":180,"texture":"#1"}}},{"from":[9.50414,7.16798,6.66125],"to":[9.76963,7.43202,7.98875],"rotation":{"angle":0,"axis":"y","origin":[1.79554,-3.31,8]},"faces":{"north":{"uv":[5.5,11,6,11.25],"rotation":180,"texture":"#1"},"east":{"uv":[11,7.5,11.5,8],"texture":"#1"},"south":{"uv":[5.5,11,6,11.25],"rotation":180,"texture":"#1"}}},{"from":[9.76963,6.6805,7.20177],"to":[9.99088,7.9195,7.44822],"rotation":{"angle":0,"axis":"y","origin":[1.79554,-3.31,8]},"faces":{"east":{"uv":[11,7.5,11.5,8],"texture":"#1"},"up":{"uv":[3.25,4,3.75,4.25],"texture":"#1"},"down":{"uv":[7.75,8,8.25,8.25],"rotation":180,"texture":"#1"}}},{"from":[9.76963,6.50169,9.45071],"to":[9.99088,7.74069,9.69716],"rotation":{"angle":-22.5,"axis":"x","origin":[4.07189,1.5575,8]},"faces":{"east":{"uv":[11,7.5,11.5,8],"texture":"#1"},"up":{"uv":[8.75,4.25,9.25,4.5],"texture":"#1"},"down":{"uv":[4.25,8,4.75,8.25],"rotation":180,"texture":"#1"}}},{"from":[9.76963,5.98507,5.0556],"to":[9.99088,7.22407,5.30205],"rotation":{"angle":22.5,"axis":"x","origin":[4.07189,1.5575,8]},"faces":{"east":{"uv":[11,7.5,11.5,8],"texture":"#1"},"up":{"uv":[10.5,2.75,11,3],"texture":"#1"},"down":{"uv":[4.25,8,4.75,8.25],"texture":"#1"}}},{"from":[9.76963,5.47586,11.46004],"to":[9.99088,6.71486,11.7065],"rotation":{"angle":-45,"axis":"x","origin":[4.07189,1.5575,8]},"faces":{"east":{"uv":[11,7.5,11.5,8],"texture":"#1"},"up":{"uv":[5.75,4.75,6.25,5],"rotation":180,"texture":"#1"},"down":{"uv":[2.75,9.25,3.25,9.5],"rotation":180,"texture":"#1"}}},{"from":[9.76963,6.48134,4.55933],"to":[9.99088,6.72779,5.79833],"rotation":{"angle":22.5,"axis":"x","origin":[4.07189,1.5575,8]},"faces":{"north":{"uv":[6.75,11.5,7.25,11.75],"rotation":180,"texture":"#1"},"east":{"uv":[11,7.5,11.5,8],"rotation":90,"texture":"#1"},"south":{"uv":[1.25,9.75,1.75,10],"rotation":180,"texture":"#1"}}},{"from":[9.76963,4.52127,3.33891],"to":[9.99088,5.76027,3.58537],"rotation":{"angle":45,"axis":"x","origin":[4.07189,1.5575,8]},"faces":{"east":{"uv":[11,7.5,11.5,8],"texture":"#1"},"up":{"uv":[9,4.75,9.5,5],"texture":"#1"},"down":{"uv":[2.75,9.25,3.25,9.75],"rotation":180,"texture":"#1"}}},{"from":[9.76963,6.99796,8.95444],"to":[9.99088,7.24441,10.19344],"rotation":{"angle":-22.5,"axis":"x","origin":[4.07189,1.5575,8]},"faces":{"north":{"uv":[2.5,10,3,10.5],"rotation":180,"texture":"#1"},"east":{"uv":[11,7.5,11.5,8],"rotation":270,"texture":"#1"},"south":{"uv":[6.25,11.5,6.75,11.75],"rotation":180,"texture":"#1"}}},{"from":[9.76963,7.17678,6.7055],"to":[9.99088,7.42323,7.9445],"rotation":{"angle":0,"axis":"y","origin":[1.79554,-3.31,8]},"faces":{"north":{"uv":[5.5,11,6,11.25],"rotation":180,"texture":"#1"},"east":{"uv":[11,7.5,11.5,8],"texture":"#1"},"south":{"uv":[5.5,11,6,11.25],"rotation":180,"texture":"#1"}}},{"from":[9.99088,6.72475,7.21058],"to":[10.12364,7.87525,7.43942],"rotation":{"angle":0,"axis":"y","origin":[1.79554,-3.31,8]},"faces":{"east":{"uv":[11,7.5,11.5,8],"texture":"#1"},"up":{"uv":[3.25,4,3.75,4.25],"texture":"#1"},"down":{"uv":[7.75,8,8.25,8.25],"rotation":180,"texture":"#1"}}},{"from":[9.99088,6.02932,5.06441],"to":[10.12364,7.17982,5.29325],"rotation":{"angle":22.5,"axis":"x","origin":[3.65151,1.5575,8]},"faces":{"east":{"uv":[11,7.5,11.5,8],"texture":"#1"},"up":{"uv":[11.25,3.25,11.75,3.5],"texture":"#1"},"down":{"uv":[4.25,8,4.75,8.25],"texture":"#1"}}},{"from":[9.99088,6.54594,9.45952],"to":[10.12364,7.69644,9.68836],"rotation":{"angle":-22.5,"axis":"x","origin":[3.65151,1.5575,8]},"faces":{"east":{"uv":[11,7.5,11.5,8],"texture":"#1"},"up":{"uv":[11,3,11.5,3.25],"texture":"#1"},"down":{"uv":[4.25,8,4.75,8.25],"rotation":180,"texture":"#1"}}},{"from":[9.99088,4.56552,3.34772],"to":[10.12364,5.71602,3.57656],"rotation":{"angle":45,"axis":"x","origin":[3.65151,1.5575,8]},"faces":{"east":{"uv":[11,7.5,11.5,8],"texture":"#1"},"up":{"uv":[6.5,4.75,7,5],"texture":"#1"},"down":{"uv":[2.75,9.25,3.25,9.75],"rotation":180,"texture":"#1"}}},{"from":[9.99088,5.52011,11.46884],"to":[10.12364,6.67061,11.69769],"rotation":{"angle":-45,"axis":"x","origin":[3.65151,1.5575,8]},"faces":{"east":{"uv":[11,7.5,11.5,8],"texture":"#1"},"up":{"uv":[8,4.75,8.5,5],"rotation":180,"texture":"#1"},"down":{"uv":[2.75,9.25,3.25,9.5],"rotation":180,"texture":"#1"}}},{"from":[9.99088,7.00677,8.99869],"to":[10.12364,7.23561,10.14919],"rotation":{"angle":-22.5,"axis":"x","origin":[3.65151,1.5575,8]},"faces":{"north":{"uv":[2.5,10,3,10.5],"rotation":180,"texture":"#1"},"east":{"uv":[11,7.5,11.5,8],"rotation":270,"texture":"#1"},"south":{"uv":[7.5,11.5,8,11.75],"rotation":180,"texture":"#1"}}},{"from":[9.99088,6.49015,4.60358],"to":[10.12364,6.71899,5.75408],"rotation":{"angle":22.5,"axis":"x","origin":[3.65151,1.5575,8]},"faces":{"north":{"uv":[7,11.5,7.5,11.75],"rotation":180,"texture":"#1"},"east":{"uv":[11,7.5,11.5,8],"rotation":90,"texture":"#1"},"south":{"uv":[1.25,9.75,1.75,10],"rotation":180,"texture":"#1"}}},{"from":[9.99088,7.18558,6.74975],"to":[10.12364,7.41442,7.90025],"rotation":{"angle":0,"axis":"y","origin":[1.79554,-3.31,8]},"faces":{"north":{"uv":[5.5,11,6,11.25],"rotation":180,"texture":"#1"},"east":{"uv":[11,7.5,11.5,8],"texture":"#1"},"south":{"uv":[5.5,11,6,11.25],"rotation":180,"texture":"#1"}}},{"from":[7.4351,9.41968,7.148],"to":[7.83335,9.86218,7.502],"rotation":{"angle":-22.5,"axis":"z","origin":[3.67364,2.0885,7.92862]},"faces":{"north":{"uv":[6,4.5,6.5,5],"texture":"#1"},"east":{"uv":[7.5,2,8,2.5],"texture":"#1"},"south":{"uv":[5.75,4.5,6.25,5],"texture":"#1"},"up":{"uv":[4,4,4.5,4.5],"texture":"#1"}}},{"from":[11.83021,3.86357,7.148],"to":[12.22846,4.30607,7.502],"rotation":{"angle":22.5,"axis":"z","origin":[3.67364,1.0265,7.92862]},"faces":{"north":{"uv":[5,8,5.5,8.5],"rotation":180,"texture":"#1"},"east":{"uv":[7.5,2,8,2.5],"texture":"#1"},"south":{"uv":[5,8,5.5,8.5],"rotation":180,"texture":"#1"},"down":{"uv":[15,8,15.5,8.5],"rotation":180,"texture":"#1"}}},{"from":[9.89097,7.123,9.88894],"to":[10.28922,7.477,10.37569],"rotation":{"angle":22.5,"axis":"y","origin":[3.67364,1.5575,8.531]},"faces":{"east":{"uv":[7.5,2,8,2.5],"texture":"#1"},"south":{"uv":[4.75,11.25,5.25,11.75],"rotation":180,"texture":"#1"},"up":{"uv":[6.5,4.75,7,5.25],"texture":"#1"},"down":{"uv":[9,10.25,9.5,10.75],"rotation":180,"texture":"#1"}}},{"from":[9.37435,7.123,4.37708],"to":[9.7726,7.477,4.86383],"rotation":{"angle":-22.5,"axis":"y","origin":[3.67364,1.5575,7.469]},"faces":{"north":{"uv":[4.75,11.25,5.25,11.75],"rotation":180,"texture":"#1"},"east":{"uv":[7.5,2,8,2.5],"texture":"#1"},"up":{"uv":[6.5,4.75,7,5.25],"rotation":180,"texture":"#1"},"down":{"uv":[9,10.25,9.5,10.75],"rotation":180,"texture":"#1"}}},{"from":[5.7231,5.83019,5.02479],"to":[5.85594,7.37894,5.33286],"rotation":{"angle":22.5,"axis":"x","origin":[0.13359,1.5575,8]},"faces":{"east":{"uv":[12.5,7.5,13,8],"texture":"#0"},"west":{"uv":[7.25,4,7.75,6],"texture":"#0"},"up":{"uv":[3.5,4.25,4,4.75],"texture":"#0"},"down":{"uv":[6.25,8,6.75,8.25],"rotation":180,"texture":"#0"}}},{"from":[5.7231,6.34681,9.4199],"to":[5.85594,7.89556,9.72797],"rotation":{"angle":-22.5,"axis":"x","origin":[0.13359,1.5575,8]},"faces":{"east":{"uv":[12.5,7.5,13,8],"texture":"#0"},"west":{"uv":[7.25,4,7.75,6],"texture":"#0"},"up":{"uv":[3.5,4.25,4,4.75],"rotation":180,"texture":"#0"},"down":{"uv":[6.25,8,6.75,8.25],"rotation":180,"texture":"#0"}}},{"from":[5.72301,4.3664,3.3081],"to":[5.85585,5.91515,3.61617],"rotation":{"angle":45,"axis":"x","origin":[0.13359,1.5575,8]},"faces":{"east":{"uv":[12.5,7.5,13,8],"texture":"#0"},"west":{"uv":[10.75,4.5,11.25,6.5],"texture":"#0"},"up":{"uv":[3.75,4.75,4.25,5.25],"texture":"#0"},"down":{"uv":[6.25,8,6.75,8.25],"rotation":180,"texture":"#0"}}},{"from":[5.72301,5.32099,11.42924],"to":[5.85585,6.86974,11.73731],"rotation":{"angle":-45,"axis":"x","origin":[0.13359,1.5575,8]},"faces":{"east":{"uv":[12.5,7.5,13,8],"texture":"#0"},"west":{"uv":[6.75,4.5,7.25,6.5],"texture":"#0"},"up":{"uv":[7.75,4.75,8.25,5.25],"rotation":180,"texture":"#0"},"down":{"uv":[6.25,8,6.75,8.25],"rotation":180,"texture":"#0"}}},{"from":[5.7231,6.96715,8.79956],"to":[5.85594,7.27522,10.34831],"rotation":{"angle":-22.5,"axis":"x","origin":[0.13359,1.5575,8]},"faces":{"north":{"uv":[6.75,8,7.25,8.5],"rotation":180,"texture":"#0"},"east":{"uv":[12.5,7.5,13,8],"rotation":270,"texture":"#0"},"south":{"uv":[5.25,5.5,5.75,6],"texture":"#0"},"west":{"uv":[0.5,4.75,1,6.75],"rotation":90,"texture":"#0"}}},{"from":[5.7231,6.45053,4.40445],"to":[5.85594,6.7586,5.9532],"rotation":{"angle":22.5,"axis":"x","origin":[0.13359,1.5575,8]},"faces":{"north":{"uv":[6.75,5.5,7.25,6],"texture":"#0"},"east":{"uv":[12.5,7.5,13,8],"rotation":90,"texture":"#0"},"south":{"uv":[6,8,6.5,8.5],"rotation":180,"texture":"#0"},"west":{"uv":[0.75,4.75,1.25,6.75],"rotation":270,"texture":"#0"}}},{"from":[5.72301,7.14597,6.55062],"to":[5.85585,7.45404,8.09937],"rotation":{"angle":0,"axis":"y","origin":[2.32654,-3.31,8]},"faces":{"north":{"uv":[4.25,8.25,4.75,8.75],"rotation":180,"texture":"#0"},"east":{"uv":[12.5,7.5,13,8],"texture":"#0"},"south":{"uv":[6.25,8.25,6.75,8.75],"rotation":180,"texture":"#0"},"west":{"uv":[7.25,9.5,7.75,11.5],"rotation":90,"texture":"#0"}}},{"from":[5.7,6.76719,9.50353],"to":[5.7885,7.47519,9.64435],"rotation":{"angle":-22.5,"axis":"x","origin":[0.04513,1.5575,8]},"faces":{"west":{"uv":[5.25,4.5,5.75,5.25],"texture":"#0"},"up":{"uv":[7.25,4.25,7.5,4.75],"rotation":180,"texture":"#0"},"down":{"uv":[9,8,9.25,8.5],"rotation":180,"texture":"#0"}}},{"from":[5.7,6.25057,5.10842],"to":[5.7885,6.95857,5.24924],"rotation":{"angle":22.5,"axis":"x","origin":[0.04513,1.5575,8]},"faces":{"west":{"uv":[5.25,4.5,5.75,5.25],"texture":"#0"},"up":{"uv":[3.25,4,3.5,4.5],"texture":"#0"},"down":{"uv":[9,8,9.25,8.5],"texture":"#0"}}},{"from":[5.70009,5.74136,11.51286],"to":[5.78859,6.44936,11.65369],"rotation":{"angle":-45,"axis":"x","origin":[0.04513,1.5575,8]},"faces":{"west":{"uv":[6.25,4.5,6.75,5.25],"texture":"#0"},"up":{"uv":[7.25,4.25,7.5,4.75],"rotation":180,"texture":"#0"},"down":{"uv":[6,5.5,6.25,6],"texture":"#0"}}},{"from":[5.70009,4.78677,3.39173],"to":[5.78859,5.49477,3.53256],"rotation":{"angle":45,"axis":"x","origin":[0.04513,1.5575,8]},"faces":{"west":{"uv":[6.25,4.5,6.75,5.25],"texture":"#0"},"up":{"uv":[3.75,4,4,4.5],"texture":"#0"},"down":{"uv":[6,5.5,6.25,6],"texture":"#0"}}},{"from":[5.7,6.53416,4.82483],"to":[5.7885,6.67498,5.53283],"rotation":{"angle":22.5,"axis":"x","origin":[0.04513,1.5575,8]},"faces":{"north":{"uv":[7.25,4.25,7.5,4.75],"texture":"#0"},"south":{"uv":[6.25,5,6.5,5.5],"texture":"#0"},"west":{"uv":[9.25,4.5,9.75,5.25],"rotation":270,"texture":"#0"}}},{"from":[5.7,7.05078,9.21994],"to":[5.7885,7.19161,9.92794],"rotation":{"angle":-22.5,"axis":"x","origin":[0.04513,1.5575,8]},"faces":{"north":{"uv":[6.25,5,6.5,5.5],"texture":"#0"},"south":{"uv":[7.25,4.25,7.5,4.75],"texture":"#0"},"west":{"uv":[9,4.5,9.5,5.25],"rotation":90,"texture":"#0"}}},{"from":[5.70009,7.22959,6.971],"to":[5.78859,7.37042,7.679],"rotation":{"angle":0,"axis":"y","origin":[2.32654,-3.31,8]},"faces":{"north":{"uv":[6.25,4.5,6.5,5],"texture":"#0"},"south":{"uv":[6.25,4.5,6.5,5],"texture":"#0"},"west":{"uv":[6.25,4.5,6.75,5],"texture":"#0"}}},{"from":[5.83363,6.61413,7.18857],"to":[6.36464,7.98588,7.46143],"rotation":{"angle":0,"axis":"y","origin":[0.39914,9.08,8]},"faces":{"east":{"uv":[0,0,1,1],"texture":"#missing"},"west":{"uv":[0,0,1,1],"texture":"#missing"},"up":{"uv":[8.5,4,9,4.5],"rotation":180,"texture":"#0"},"down":{"uv":[5.75,8,6.25,8.25],"texture":"#0"}}},{"from":[5.83363,5.91869,5.04239],"to":[6.36464,7.29044,5.31526],"rotation":{"angle":22.5,"axis":"x","origin":[0.39914,1.5575,8]},"faces":{"east":{"uv":[0,0,1,1],"texture":"#missing"},"west":{"uv":[0,0,1,1],"texture":"#missing"},"up":{"uv":[11,2.5,11.5,3],"rotation":180,"texture":"#0"},"down":{"uv":[5.75,8,6.25,8.25],"texture":"#0"}}},{"from":[5.83363,6.43531,9.4375],"to":[6.36464,7.80706,9.71037],"rotation":{"angle":-22.5,"axis":"x","origin":[0.39914,1.5575,8]},"faces":{"east":{"uv":[0,0,1,1],"texture":"#missing"},"west":{"uv":[0,0,1,1],"texture":"#missing"},"up":{"uv":[8.5,4,9,4.5],"rotation":180,"texture":"#0"},"down":{"uv":[5.75,8,6.25,8.25],"texture":"#0"}}},{"from":[5.83363,4.4549,3.3257],"to":[6.36464,5.82665,3.59857],"rotation":{"angle":45,"axis":"x","origin":[0.39914,1.5575,8]},"faces":{"east":{"uv":[0,0,1,1],"texture":"#missing"},"west":{"uv":[0,0,1,1],"texture":"#missing"},"up":{"uv":[3.25,4.25,3.75,4.75],"texture":"#0"},"down":{"uv":[5.75,8,6.25,8.25],"texture":"#0"}}},{"from":[5.83363,5.40949,11.44684],"to":[6.36464,6.78124,11.7197],"rotation":{"angle":-45,"axis":"x","origin":[0.39914,1.5575,8]},"faces":{"east":{"uv":[0,0,1,1],"texture":"#missing"},"west":{"uv":[0,0,1,1],"texture":"#missing"},"up":{"uv":[3.25,4.25,3.75,4.75],"rotation":180,"texture":"#0"},"down":{"uv":[5.75,8,6.25,8.25],"texture":"#0"}}},{"from":[5.83363,6.98476,8.88806],"to":[6.36464,7.25762,10.25981],"rotation":{"angle":-22.5,"axis":"x","origin":[0.39914,1.5575,8]},"faces":{"north":{"uv":[3,8,3.5,8.5],"rotation":180,"texture":"#0"},"east":{"uv":[0,0,1,1],"rotation":270,"texture":"#missing"},"south":{"uv":[3.25,4.75,3.75,5.25],"texture":"#0"},"west":{"uv":[0,0,1,1],"rotation":90,"texture":"#missing"}}},{"from":[5.83363,6.46813,4.49295],"to":[6.36464,6.741,5.8647],"rotation":{"angle":22.5,"axis":"x","origin":[0.39914,1.5575,8]},"faces":{"north":{"uv":[3.25,4.75,3.75,5.25],"texture":"#0"},"east":{"uv":[0,0,1,1],"rotation":90,"texture":"#missing"},"south":{"uv":[3,8,3.5,8.5],"rotation":180,"texture":"#0"},"west":{"uv":[0,0,1,1],"rotation":270,"texture":"#missing"}}},{"from":[5.42,0.3959,8.55],"to":[5.52,0.8959,9.05],"rotation":{"angle":0,"axis":"z","origin":[6.9211,-0.6041,6.65]},"faces":{"west":{"uv":[8.25,2,8.75,2.51],"texture":"#0"}}},{"from":[5.42,-1.3041,6.85],"to":[5.52,-0.8041,7.35],"rotation":{"angle":0,"axis":"z","origin":[6.9211,-0.6041,6.65]},"faces":{"west":{"uv":[8.25,2,8.75,2.51],"texture":"#0"}}},{"from":[5.42,0.3959,6.85],"to":[5.52,0.8959,7.35],"rotation":{"angle":0,"axis":"z","origin":[6.9211,-0.6041,6.65]},"faces":{"west":{"uv":[8.25,2,8.75,2.51],"texture":"#0"}}},{"from":[5.42,2.5959,6.85],"to":[5.52,3.0959,7.35],"rotation":{"angle":0,"axis":"z","origin":[6.9211,-0.6041,6.65]},"faces":{"west":{"uv":[8.25,2,8.75,2.51],"texture":"#0"}}},{"from":[5.42,4.8959,6.85],"to":[5.52,5.3959,7.35],"rotation":{"angle":0,"axis":"z","origin":[6.9211,-0.6041,6.65]},"faces":{"west":{"uv":[8.25,2,8.75,2.51],"texture":"#0"}}},{"from":[5.42,4.8959,8.55],"to":[5.52,5.3959,9.05],"rotation":{"angle":0,"axis":"z","origin":[6.9211,-0.6041,6.65]},"faces":{"west":{"uv":[8.25,2,8.75,2.51],"texture":"#0"}}},{"from":[5.42,2.5959,8.55],"to":[5.52,3.0959,9.05],"rotation":{"angle":0,"axis":"z","origin":[6.9211,-0.6041,6.65]},"faces":{"west":{"uv":[8.25,2,8.75,2.51],"texture":"#0"}}},{"from":[6.3211,-7.1041,8.05315],"to":[9.1211,6.8979,9.45315],"rotation":{"angle":0,"axis":"z","origin":[3.4211,-0.6041,9.55315]},"faces":{"up":{"uv":[10.25,5.25,12.25,4],"rotation":180,"texture":"#0"}}},{"from":[6.3211,-6.1041,6.55315],"to":[9.1211,6.8979,7.95315],"rotation":{"angle":0,"axis":"z","origin":[3.4211,-0.6041,8.05315]},"faces":{"up":{"uv":[10.25,5.25,12.25,4],"texture":"#0"}}},{"from":[9.1211,-6.6041,8.05315],"to":[10.5211,6.8979,9.45315],"rotation":{"angle":0,"axis":"z","origin":[3.4211,-0.6041,9.55315]},"faces":{"up":{"uv":[10.25,5.25,11.5,4],"rotation":180,"texture":"#1"}}},{"from":[9.1211,-2.1041,6.55315],"to":[10.5211,6.8979,7.95315],"rotation":{"angle":0,"axis":"z","origin":[3.4211,-0.6041,8.05315]},"faces":{"up":{"uv":[10.25,5.25,11.5,4],"texture":"#1"}}},{"from":[5.4211,6.3959,6.55],"to":[10.7211,6.8969,9.45],"rotation":{"angle":0,"axis":"z","origin":[6.9211,-0.6041,9.85]},"faces":{"up":{"uv":[8.5,8,8.75,8.25],"rotation":270,"texture":"#2"}}}]}