{"credit":"thebradqq's guns","textures":{"0":"mgs:gun/m500details","1":"mgs:gun/m500wood","2":"mgs:gun/m500wood_tilt","3":"mgs:gun/m500grip","4":"mgs:gun/metal","5":"mgs:gun/metal_bright","6":"mgs:gun/metal_brighter","7":"mgs:gun/metal_dark","8":"mgs:gun/holodetails","9":"mgs:gun/kobradetails","particle":"mgs:gun/m500wood","b":"mgs:misc/reticles","a":"mgs:gun/acogdetails"},"gui_light":"front","display":{"thirdperson_righthand":{"rotation":[0,100,0],"translation":[-0.5,1.5,-1.25],"scale":[0.65,0.65,0.65]},"thirdperson_lefthand":{"rotation":[0,-90,190],"translation":[-1.75,-5.5,5],"scale":[0.65,0.65,0.65]},"firstperson_righthand":{"rotation":[0,90,0],"translation":[-3,3.75,-0.5],"scale":[1.3,1.3,1.3]},"firstperson_lefthand":{"scale":[0,0,0]},"ground":{"translation":[0,1.75,0],"scale":[0.65,0.65,0.65]},"gui":{"rotation":[0,0,45],"translation":[-1.25,0.5,0],"scale":[0.65,0.65,0.65]},"head":{"scale":[1.3,1.3,1.3]},"fixed":{"translation":[0,1.5,-2.2],"scale":[-1.3,1.3,-1.3]}},"elements":[{"from":[4.45,4.75,7.9],"to":[4.55,5.15,8.1],"rotation":{"angle":45,"axis":"z","origin":[4.55,5.2,8.05]},"faces":{"north":{"uv":[9.75,4.25,10.25,5],"rotation":180,"texture":"#7"},"east":{"uv":[8.75,11.25,9.25,12.5],"texture":"#7"},"south":{"uv":[9.75,4.25,10.25,5],"rotation":180,"texture":"#7"},"west":{"uv":[15.75,15.75,16,16],"rotation":180,"texture":"#7"},"down":{"uv":[15.75,15.75,16,16],"rotation":180,"texture":"#7"}}},{"from":[28.7,8.1,7.925],"to":[29.15,8.45,8.075],"rotation":{"angle":0,"axis":"z","origin":[28.925,8.275,8]},"faces":{"north":{"uv":[1.25,4.75,2,5.5],"texture":"#7"},"south":{"uv":[1.25,4.75,2,5.5],"texture":"#7"},"up":{"uv":[12.75,1,13.75,1.5],"texture":"#7"}}},{"from":[29,8.125,7.92525],"to":[29.15,8.45,8.07475],"rotation":{"angle":22.5,"axis":"z","origin":[29.15,8.45,8.00025]},"faces":{"north":{"uv":[1.25,4.75,1.5,5.5],"texture":"#7"},"east":{"uv":[2.5,4,2.75,4.75],"texture":"#7"},"south":{"uv":[1.25,4.75,1.5,5.5],"texture":"#7"}}},{"from":[27.9,8.1,7.925],"to":[28.7,8.45,8.075],"rotation":{"angle":22.5,"axis":"z","origin":[28.7,8.45,8]},"faces":{"north":{"uv":[7.75,4.75,8.75,5.5],"texture":"#7"},"south":{"uv":[7.75,4.75,8.75,5.5],"texture":"#7"},"up":{"uv":[6,1.5,6.5,3.75],"rotation":90,"texture":"#7"}}},{"from":[28.3,8.4,7.924],"to":[28.7,8.451,8.076],"rotation":{"angle":22.5,"axis":"z","origin":[28.7,8.45,7.999]},"faces":{"north":{"uv":[0.5,8.5,1,9],"rotation":90,"texture":"#0"},"south":{"uv":[0.5,8.5,1,9],"rotation":90,"texture":"#0"},"up":{"uv":[1,7.5,0,9],"rotation":90,"texture":"#0"}}},{"from":[10.75,6.025,7.91049],"to":[25.15,6.925,8.08951],"rotation":{"angle":-45,"axis":"x","origin":[21.95,6.475,8]},"faces":{"up":{"uv":[0,8,16,8.5],"rotation":180,"texture":"#7"},"down":{"uv":[0,10.75,16,11.25],"rotation":180,"texture":"#7"}}},{"from":[10.75,6.025,7.91049],"to":[25.15,6.925,8.08951],"rotation":{"angle":-22.5,"axis":"x","origin":[21.95,6.475,8]},"faces":{"up":{"uv":[15.75,15.75,16,16],"rotation":180,"texture":"#7"},"down":{"uv":[0,8,16,8.5],"rotation":180,"texture":"#7"}}},{"from":[10.75,6.025,7.91049],"to":[25.15,6.925,8.08951],"faces":{"up":{"uv":[15.75,15.75,16,16],"rotation":180,"texture":"#7"},"down":{"uv":[15.75,15.75,16,16],"rotation":180,"texture":"#7"}}},{"from":[10.75,6.025,7.91049],"to":[25.15,6.925,8.08951],"rotation":{"angle":22.5,"axis":"x","origin":[21.95,6.475,8]},"faces":{"up":{"uv":[15.75,15.75,16,16],"rotation":180,"texture":"#7"},"down":{"uv":[0,8,16,8.5],"texture":"#7"}}},{"from":[10.75,6.025,7.91049],"to":[25.15,6.925,8.08951],"rotation":{"angle":45,"axis":"x","origin":[21.95,6.475,8]},"faces":{"up":{"uv":[0,8,16,8.5],"texture":"#7"},"down":{"uv":[0,10.75,16,11.25],"rotation":180,"texture":"#7"}}},{"from":[10.75,6.38549,7.55],"to":[25.15,6.56451,8.45],"rotation":{"angle":-22.5,"axis":"x","origin":[21.95,6.475,8]},"faces":{"north":{"uv":[0,11.25,16,11.75],"rotation":180,"texture":"#7"},"south":{"uv":[0,11.25,16,11.75],"texture":"#7"}}},{"from":[10.75,6.38549,7.55],"to":[25.15,6.56451,8.45],"faces":{"north":{"uv":[0,11.75,16,12.25],"rotation":180,"texture":"#7"},"south":{"uv":[0,11.75,16,12.25],"rotation":180,"texture":"#7"}}},{"from":[10.75,6.38549,7.55],"to":[25.15,6.56451,8.45],"rotation":{"angle":22.5,"axis":"x","origin":[21.95,6.475,8]},"faces":{"north":{"uv":[0,11.25,16,11.75],"texture":"#7"},"south":{"uv":[0,11.25,16,11.75],"rotation":180,"texture":"#7"}}},{"from":[27.65,7.9,7.85],"to":[29.275,8.175,8.15],"rotation":{"angle":0,"axis":"y","origin":[10.4,8,8]},"faces":{"north":{"uv":[5.5,1.75,7.5,2.5],"texture":"#7"},"east":{"uv":[5,2,5.5,2.75],"texture":"#7"},"south":{"uv":[5.5,1.75,7.5,2.5],"texture":"#7"},"west":{"uv":[4.75,2,5.25,2.75],"rotation":180,"texture":"#7"},"up":{"uv":[10,0,12,1.25],"rotation":180,"texture":"#7"}}},{"from":[25.65,5.975,7.90054],"to":[26.6,6.975,8.09946],"rotation":{"angle":0,"axis":"y","origin":[11.1,4.95,8]},"faces":{"north":{"uv":[7.5,6.25,9.25,8.5],"texture":"#7"},"east":{"uv":[7,6.75,7.5,7.75],"rotation":90,"texture":"#7"},"south":{"uv":[7.5,6.25,9.25,8.5],"texture":"#7"},"up":{"uv":[11,3.5,9,0],"rotation":270,"texture":"#0"},"down":{"uv":[11,3.5,9,0],"rotation":270,"texture":"#0"}}},{"from":[25.0005,5.875,7.75147],"to":[25.6505,7.25,8.24853],"rotation":{"angle":0,"axis":"y","origin":[10.5,4.95,8]},"faces":{"north":{"uv":[6,10.5,7,11],"rotation":180,"texture":"#7"},"east":{"uv":[9,8,9.25,8.25],"texture":"#7"},"south":{"uv":[6.75,10.25,7.75,10.75],"rotation":180,"texture":"#7"},"west":{"uv":[15.75,15.75,16,16],"texture":"#7"},"down":{"uv":[9,8,9.25,8.25],"texture":"#7"}}},{"from":[25.65,5.975,7.90054],"to":[26.3,6.975,8.09946],"rotation":{"angle":-22.5,"axis":"x","origin":[25.6,6.475,8]},"faces":{"east":{"uv":[7.5,6.75,8,7.75],"texture":"#7"},"up":{"uv":[9,3.5,7,0],"rotation":270,"texture":"#0"},"down":{"uv":[9,3.5,7,0],"rotation":270,"texture":"#0"}}},{"from":[25.65,5.975,7.90054],"to":[26.3,6.975,8.09946],"rotation":{"angle":-45,"axis":"x","origin":[25.6,6.475,8]},"faces":{"east":{"uv":[7.5,6.75,8,7.75],"texture":"#7"},"up":{"uv":[7,3.5,5,0],"rotation":270,"texture":"#0"},"down":{"uv":[7,3.5,5,0],"rotation":270,"texture":"#0"}}},{"from":[25.65,6.37554,7.5],"to":[26.3,6.57446,8.5],"rotation":{"angle":22.5,"axis":"x","origin":[25.6,6.475,8]},"faces":{"north":{"uv":[5,3.5,3,0],"rotation":90,"texture":"#0"},"east":{"uv":[7.5,6.75,8,7.75],"rotation":90,"texture":"#7"},"south":{"uv":[1.5,3.5,3.5,0],"rotation":270,"texture":"#0"}}},{"from":[25.65,5.975,7.90054],"to":[26.3,6.975,8.09946],"rotation":{"angle":22.5,"axis":"x","origin":[25.6,6.475,8]},"faces":{"east":{"uv":[7.5,6.75,8,7.75],"texture":"#7"},"up":{"uv":[13,3.5,11,0],"rotation":270,"texture":"#0"},"down":{"uv":[13,3.5,11,0],"rotation":270,"texture":"#0"}}},{"from":[25.65,5.975,7.90054],"to":[26.3,6.975,8.09946],"rotation":{"angle":45,"axis":"x","origin":[25.6,6.475,8]},"faces":{"east":{"uv":[7.5,6.75,8,7.75],"texture":"#7"},"up":{"uv":[15,3.5,13,0],"rotation":270,"texture":"#0"},"down":{"uv":[15,3.5,13,0],"rotation":270,"texture":"#0"}}},{"from":[25.65,6.37554,7.5],"to":[26.3,6.57446,8.5],"rotation":{"angle":-22.5,"axis":"x","origin":[25.6,6.475,8]},"faces":{"north":{"uv":[16,3.5,14,0],"rotation":90,"texture":"#0"},"east":{"uv":[7.5,6.75,8,7.75],"rotation":90,"texture":"#7"},"south":{"uv":[3.5,3.5,5.5,0],"rotation":270,"texture":"#0"}}},{"from":[25.65,6.37554,7.5],"to":[26.3001,6.57446,8.5],"rotation":{"angle":0,"axis":"y","origin":[11.1,4.95,8]},"faces":{"north":{"uv":[5,3.5,3,0],"rotation":90,"texture":"#0"},"east":{"uv":[7.5,6.75,8,7.75],"rotation":90,"texture":"#7"},"south":{"uv":[1.5,3.5,3.5,0],"rotation":270,"texture":"#0"}}},{"from":[25,5.875,7.75147],"to":[25.65,7.075,8.24853],"rotation":{"angle":-45,"axis":"x","origin":[26.025,6.475,8]},"faces":{"east":{"uv":[9.5,8,10.25,8.75],"rotation":180,"texture":"#7"},"west":{"uv":[9.5,8,10.25,8.75],"rotation":180,"texture":"#7"},"up":{"uv":[7.75,11.25,8.75,12],"rotation":180,"texture":"#7"},"down":{"uv":[9.25,11,10.25,11.75],"rotation":180,"texture":"#7"}}},{"from":[25,5.875,7.75147],"to":[25.65,7.075,8.24853],"rotation":{"angle":45,"axis":"x","origin":[26.025,6.475,8]},"faces":{"east":{"uv":[9.5,8,10.25,8.75],"rotation":180,"texture":"#7"},"west":{"uv":[9.5,8,10.25,8.75],"rotation":180,"texture":"#7"},"up":{"uv":[7.75,11.25,8.75,12],"texture":"#7"},"down":{"uv":[9.25,11,10.25,11.75],"texture":"#7"}}},{"from":[25,6.22647,7.4],"to":[25.65,6.72353,8.6],"rotation":{"angle":0,"axis":"y","origin":[10.5,4.95,8]},"faces":{"north":{"uv":[9.75,4.25,10.75,5],"texture":"#7"},"east":{"uv":[9.5,8,10.25,8.75],"rotation":180,"texture":"#7"},"south":{"uv":[9.75,4.25,10.75,5],"texture":"#7"},"west":{"uv":[9.5,8,10.25,8.75],"rotation":180,"texture":"#7"}}},{"from":[4.4,7.5113,7.3],"to":[11.001,7.75,8],"rotation":{"angle":45,"axis":"x","origin":[6.75,7.63065,7.9]},"faces":{"north":{"uv":[5.5,8,10.5,8.5],"rotation":180,"texture":"#5"},"east":{"uv":[9.75,7.5,10.25,9],"rotation":90,"texture":"#7"},"west":{"uv":[6.5,12,7,12.5],"texture":"#7"}}},{"from":[4.4,7.5113,7.3],"to":[11,7.75,8],"rotation":{"angle":22.5,"axis":"x","origin":[6.75,7.63065,7.9]},"faces":{"north":{"uv":[4.75,11.25,9.75,11.75],"rotation":180,"texture":"#7"},"east":{"uv":[9.75,7.5,10.25,9],"rotation":90,"texture":"#7"},"west":{"uv":[6.5,12,7,12.5],"texture":"#7"}}},{"from":[4.4,7.5113,8],"to":[7.3,7.75,8.7],"rotation":{"angle":-22.5,"axis":"x","origin":[6.75,7.63065,8.1]},"faces":{"east":{"uv":[10.75,8,11,8.5],"texture":"#7"},"south":{"uv":[4.5,11.25,6.75,11.75],"rotation":180,"texture":"#7"},"west":{"uv":[6.5,12,7,12.5],"texture":"#7"}}},{"from":[3.5,6.15,7.3],"to":[11.001,7.75,8],"rotation":{"angle":0,"axis":"y","origin":[8,8,7.9]},"faces":{"north":{"uv":[4.25,9,10.25,11.5],"rotation":180,"texture":"#7"},"east":{"uv":[8.5,8,9,8.5],"rotation":180,"texture":"#7"},"up":{"uv":[7,7,13,5.25],"rotation":180,"texture":"#7"}}},{"from":[2.4,6.275,7.301],"to":[3.5,7.75,8.699],"rotation":{"angle":22.5,"axis":"z","origin":[3.5,7.75,8.001]},"faces":{"north":{"uv":[11.25,9,12.25,11.5],"rotation":180,"texture":"#7"},"south":{"uv":[11.5,9,12.5,11.5],"rotation":180,"texture":"#7"},"west":{"uv":[6.75,10,7.25,10.5],"rotation":270,"texture":"#7"},"up":{"uv":[10.75,5.25,12.25,6.5],"rotation":90,"texture":"#7"},"down":{"uv":[15.75,15.75,16,16],"rotation":180,"texture":"#7"}}},{"from":[2.4,7.35,8.151],"to":[4.525,7.825,8.549],"rotation":{"angle":22.5,"axis":"z","origin":[3.5,7.75,8.001]},"faces":{"north":{"uv":[8.5,10,9,10.5],"rotation":270,"texture":"#7"},"east":{"uv":[10.5,4.75,11.75,5.75],"rotation":90,"texture":"#5"},"south":{"uv":[0,11.25,2.25,12],"rotation":180,"texture":"#7"},"up":{"uv":[10.5,4,11.5,6.75],"rotation":90,"texture":"#7"}}},{"from":[2.4,7.35,7.451],"to":[4.525,7.825,7.849],"rotation":{"angle":22.5,"axis":"z","origin":[3.5,7.75,7.999]},"faces":{"north":{"uv":[0,11.25,2.25,12],"rotation":180,"texture":"#7"},"east":{"uv":[10.5,4.75,11.75,5.75],"rotation":270,"texture":"#5"},"south":{"uv":[8.5,10,9,10.5],"rotation":270,"texture":"#7"},"up":{"uv":[12,4,13,6.75],"rotation":90,"texture":"#7"}}},{"from":[1.3,6.35,7.4],"to":[2.4,7.85,8.6],"rotation":{"angle":22.5,"axis":"z","origin":[3.5,7.75,8]},"faces":{"north":{"uv":[6,5,8,8],"texture":"#1"},"east":{"uv":[6,5,8,8],"texture":"#1"},"south":{"uv":[6,5,8,8],"texture":"#1"},"up":{"uv":[0,0.5,4,2],"rotation":90,"texture":"#1"},"down":{"uv":[5.5,10.5,7.5,14.5],"texture":"#1"}}},{"from":[4.4,7.53065,7.78065],"to":[11,8.23065,8.01935],"rotation":{"angle":-22.5,"axis":"x","origin":[6.75,7.63065,7.9]},"faces":{"east":{"uv":[11.25,7.5,11.75,9],"texture":"#7"},"west":{"uv":[11.5,2.25,12,2.75],"rotation":270,"texture":"#5"},"up":{"uv":[3.25,2.5,8.25,3],"texture":"#5"}}},{"from":[4.4,7.53065,7.78065],"to":[11.001,8.23065,8.21935],"faces":{"east":{"uv":[10.75,7.5,11.75,9],"texture":"#7"},"west":{"uv":[11.5,2.25,12,2.75],"rotation":270,"texture":"#5"},"up":{"uv":[2,1.5,7,2.25],"texture":"#5"}}},{"from":[3.95,8.13065,7.80565],"to":[4.4,8.23065,8.19435],"rotation":{"angle":22.5,"axis":"z","origin":[4.4,8.23065,8]},"faces":{"north":{"uv":[10.75,4,11.5,5],"rotation":270,"texture":"#5"},"south":{"uv":[10.75,4,11.5,5],"rotation":90,"texture":"#5"},"west":{"uv":[8,9.5,8.5,10],"rotation":270,"texture":"#7"},"up":{"uv":[10.75,4,11.5,5],"rotation":90,"texture":"#5"}}},{"from":[2.275,8.13065,7.80565],"to":[2.875,8.23065,8.19435],"rotation":{"angle":22.5,"axis":"z","origin":[4.4,8.23065,8]},"faces":{"north":{"uv":[2.75,5,3.5,5.75],"rotation":270,"texture":"#7"},"east":{"uv":[8.5,11.5,9,12],"rotation":180,"texture":"#7"},"south":{"uv":[2.75,5,3.5,5.75],"rotation":90,"texture":"#7"},"up":{"uv":[12.75,5.25,13.5,6.25],"rotation":90,"texture":"#7"}}},{"from":[3.2,8.13065,7.85565],"to":[3.9,8.25565,8.14435],"rotation":{"angle":22.5,"axis":"z","origin":[4.4,8.23065,8]},"faces":{"north":{"uv":[10,5.25,12.5,5.5],"rotation":180,"texture":"#7"},"east":{"uv":[8,2.25,8.25,3],"rotation":180,"texture":"#5"},"south":{"uv":[10,5.25,12.5,5.5],"rotation":180,"texture":"#7"},"west":{"uv":[8.5,11,9.25,11.5],"rotation":180,"texture":"#7"},"up":{"uv":[9.25,4.25,10,6],"rotation":90,"texture":"#7"}}},{"from":[3.3,8.25565,7.85565],"to":[3.8,8.28065,8.14435],"rotation":{"angle":22.5,"axis":"z","origin":[4.4,8.23065,8]},"faces":{"north":{"uv":[10,5,12.5,5.25],"rotation":180,"texture":"#7"},"east":{"uv":[10.5,3,10.75,3.25],"rotation":180,"texture":"#5"},"south":{"uv":[10,5,12.5,5.25],"rotation":180,"texture":"#7"},"west":{"uv":[9,11.25,9.25,11.5],"rotation":180,"texture":"#7"},"up":{"uv":[10,4.25,10.75,5.5],"rotation":90,"texture":"#7"}}},{"from":[3.375,8.28065,7.85565],"to":[3.725,8.30565,8.14435],"rotation":{"angle":22.5,"axis":"z","origin":[4.4,8.23065,8]},"faces":{"north":{"uv":[10,4.75,12.5,5],"rotation":180,"texture":"#7"},"east":{"uv":[10.5,3,10.75,3.25],"rotation":180,"texture":"#5"},"south":{"uv":[10,4.75,12.5,5],"rotation":180,"texture":"#7"},"west":{"uv":[9,11.25,9.25,11.5],"rotation":180,"texture":"#7"},"up":{"uv":[8.75,4.5,9.5,5.25],"rotation":90,"texture":"#7"}}},{"from":[3.425,8.30565,7.85565],"to":[3.675,8.33065,8.14435],"rotation":{"angle":22.5,"axis":"z","origin":[4.4,8.23065,8]},"faces":{"north":{"uv":[9.75,4.75,10.5,5],"rotation":180,"texture":"#7"},"east":{"uv":[10.5,3,10.75,3.25],"rotation":180,"texture":"#5"},"south":{"uv":[10,4.75,10.75,5],"rotation":180,"texture":"#7"},"west":{"uv":[9,11.25,9.25,11.5],"rotation":180,"texture":"#7"},"up":{"uv":[8.25,2,9,2.75],"texture":"#7"}}},{"from":[3.475,8.2307,7.925],"to":[3.625,8.3307,8.075],"rotation":{"angle":22.5,"axis":"z","origin":[4.4,8.23065,7.96935]},"faces":{"up":{"uv":[8.5,11,10,12.5],"rotation":180,"texture":"#0"}}},{"from":[2.95,8.0311,7.925],"to":[3.1,8.1311,8.075],"rotation":{"angle":22.5,"axis":"z","origin":[4.4,8.23065,7.96935]},"faces":{"up":{"uv":[0,7.5,1.5,9],"texture":"#0"}}},{"from":[4.4,7.5113,8],"to":[11.001,7.75,8.7],"rotation":{"angle":-45,"axis":"x","origin":[6.75,7.63065,8.1]},"faces":{"east":{"uv":[9,7.5,9.5,9],"rotation":270,"texture":"#7"},"south":{"uv":[5.75,8,10.75,8.5],"rotation":180,"texture":"#5"},"west":{"uv":[6.5,12,7,12.5],"texture":"#7"},"down":{"uv":[10.75,8,11,8.25],"texture":"#7"}}},{"from":[4.4,7.53065,7.98065],"to":[11,8.23065,8.21935],"rotation":{"angle":22.5,"axis":"x","origin":[6.75,7.63065,8.1]},"faces":{"east":{"uv":[10.25,7.5,10.75,9],"texture":"#7"},"west":{"uv":[11.5,2.25,12,2.75],"rotation":270,"texture":"#5"},"up":{"uv":[3,5,8,5.5],"texture":"#5"}}},{"from":[3.05,6.15,7.3],"to":[11,6.24946,7.6],"rotation":{"angle":-45,"axis":"x","origin":[7.125,6.19973,7.55]},"faces":{"north":{"uv":[4.25,8,10.25,8.25],"rotation":180,"texture":"#7"},"east":{"uv":[8.5,8,8.75,8.25],"rotation":180,"texture":"#7"}}},{"from":[3.05,6.15,7.3],"to":[11,6.24946,7.6],"rotation":{"angle":-22.5,"axis":"x","origin":[7.125,6.19973,7.55]},"faces":{"north":{"uv":[4.25,8.25,10.25,8.5],"rotation":180,"texture":"#7"},"east":{"uv":[8.5,8,8.75,8.25],"rotation":180,"texture":"#7"}}},{"from":[3.05,5.94973,7.50027],"to":[11,6.24973,7.59973],"rotation":{"angle":22.5,"axis":"x","origin":[7.125,6.19973,7.55]},"faces":{"east":{"uv":[8.5,8,8.75,8.25],"rotation":180,"texture":"#7"},"south":{"uv":[0.25,8,6.25,8.25],"rotation":180,"texture":"#7"},"west":{"uv":[15.75,15.75,16,16],"rotation":180,"texture":"#7"},"down":{"uv":[0.75,8,6.75,8.25],"rotation":180,"texture":"#7"}}},{"from":[3.05,5.94973,7.50027],"to":[7.501,6.24973,8.49973],"rotation":{"angle":0,"axis":"x","origin":[7.125,6.19973,8.35]},"faces":{"east":{"uv":[6.75,8,7,8.75],"rotation":90,"texture":"#7"},"west":{"uv":[15.75,15.75,16,16],"rotation":180,"texture":"#7"},"down":{"uv":[15.75,15.75,16,16],"rotation":180,"texture":"#7"}}},{"from":[10.3,5.94973,7.50027],"to":[11.0015,6.24973,8.49973],"rotation":{"angle":0,"axis":"x","origin":[7.125,6.19973,8.35]},"faces":{"east":{"uv":[8.5,8,8.75,8.25],"rotation":180,"texture":"#7"},"west":{"uv":[6.75,8,7,8.75],"rotation":270,"texture":"#7"},"down":{"uv":[15.75,15.75,16,16],"rotation":180,"texture":"#7"}}},{"from":[3.05,5.94973,8.40027],"to":[11,6.24973,8.49973],"rotation":{"angle":-22.5,"axis":"x","origin":[7.125,6.19973,8.45]},"faces":{"north":{"uv":[0.25,8,6.25,8.25],"rotation":180,"texture":"#7"},"east":{"uv":[8.5,8,8.75,8.25],"rotation":180,"texture":"#7"},"west":{"uv":[15.75,15.75,16,16],"rotation":180,"texture":"#7"},"down":{"uv":[4.25,8,10.25,8.25],"rotation":180,"texture":"#7"}}},{"from":[3.05,6.15,8.4],"to":[11,6.24946,8.7],"rotation":{"angle":45,"axis":"x","origin":[7.125,6.19973,8.45]},"faces":{"east":{"uv":[8.5,8,8.75,8.25],"rotation":180,"texture":"#7"},"south":{"uv":[4.25,8,10.25,8.25],"rotation":180,"texture":"#7"}}},{"from":[3.05,6.15,8.4],"to":[11,6.24946,8.7],"rotation":{"angle":22.5,"axis":"x","origin":[7.125,6.19973,8.45]},"faces":{"east":{"uv":[8.5,8,8.75,8.25],"rotation":180,"texture":"#7"},"south":{"uv":[4.25,8.25,10.25,8.5],"rotation":180,"texture":"#7"}}},{"from":[3.5,6.15,8],"to":[11.001,7.1,8.7],"rotation":{"angle":0,"axis":"y","origin":[8,8,8.1]},"faces":{"east":{"uv":[8.5,8,9,8.5],"rotation":180,"texture":"#7"},"south":{"uv":[4.25,9.5,10.25,11],"rotation":180,"texture":"#7"},"up":{"uv":[7.5,12.25,11.25,12.5],"texture":"#7"}}},{"from":[10.3,7.1,8],"to":[11.001,7.75,8.7],"rotation":{"angle":0,"axis":"y","origin":[8,8,8.1]},"faces":{"east":{"uv":[8.5,8.25,9,8.5],"rotation":180,"texture":"#7"},"south":{"uv":[6.75,11,7.25,12],"rotation":180,"texture":"#7"},"west":{"uv":[11.25,11.25,11.5,12.25],"texture":"#7"}}},{"from":[3.5,7.1,8.4],"to":[7.3,7.75,8.7],"rotation":{"angle":0,"axis":"y","origin":[8,8,8.1]},"faces":{"east":{"uv":[11.25,11.25,11.5,12.25],"texture":"#7"},"south":{"uv":[4.5,10.5,7.5,11.5],"rotation":180,"texture":"#7"},"up":{"uv":[11,5.25,13,6],"rotation":180,"texture":"#7"}}},{"from":[10.3,7.5113,8],"to":[11,7.75,8.7],"rotation":{"angle":-22.5,"axis":"x","origin":[7.75,7.63065,8.1]},"faces":{"east":{"uv":[9,7.5,9.5,9],"rotation":270,"texture":"#7"},"south":{"uv":[4.5,11.25,5,11.75],"rotation":180,"texture":"#7"},"west":{"uv":[10.75,8,11,8.5],"texture":"#7"}}},{"from":[7.3,7.075,8.125],"to":[10.35,7.725,8.625],"rotation":{"angle":0,"axis":"y","origin":[8,8,8.125]},"faces":{"south":{"uv":[6,4,9.5,6],"texture":"#5"}}},{"from":[7.3,7.725,8.125],"to":[10.35,7.925,8.625],"rotation":{"angle":-22.5,"axis":"x","origin":[8.825,7.725,8.625]},"faces":{"south":{"uv":[6,5,9.5,5.75],"rotation":180,"texture":"#5"}}},{"from":[7.2,6.825,8.35],"to":[16.149,7.25,8.55],"faces":{"north":{"uv":[7.5,10.5,7.75,10.75],"rotation":180,"texture":"#7"},"east":{"uv":[4.5,5.75,5,6.25],"rotation":180,"texture":"#5"},"south":{"uv":[0,1.75,8.5,2.5],"texture":"#7"},"up":{"uv":[0,0.25,8.5,0.75],"rotation":180,"texture":"#5"},"down":{"uv":[4,8,12.5,8.5],"rotation":180,"texture":"#5"}}},{"from":[9.5,7.425,8.45],"to":[10.449,7.6,8.65],"rotation":{"angle":0,"axis":"y","origin":[8,8,8.1]},"faces":{"south":{"uv":[8.75,1.75,4.75,2.75],"texture":"#5"},"west":{"uv":[10.25,4.75,10.75,5.75],"texture":"#5"},"up":{"uv":[10.75,2.5,11.25,3],"rotation":90,"texture":"#5"},"down":{"uv":[11.5,9.75,12,10.25],"rotation":90,"texture":"#5"}}},{"from":[7.2,6.825,7.45],"to":[16.149,7.25,7.65],"faces":{"north":{"uv":[0,1.75,8.5,2.5],"texture":"#7"},"east":{"uv":[4.5,5.75,5,6.25],"rotation":180,"texture":"#5"},"south":{"uv":[8.75,10.5,9,10.75],"rotation":180,"texture":"#7"},"up":{"uv":[0,0.25,8.5,0.75],"texture":"#5"},"down":{"uv":[4,8,12.5,8.5],"texture":"#5"}}},{"from":[7.5,6.05,7.4875],"to":[10.325,6.3,8.5125],"rotation":{"angle":0,"axis":"y","origin":[8,8,7.9875]},"faces":{"down":{"uv":[0,6.5,4.5,8],"texture":"#7"}}},{"from":[4.7,5.9,7.8],"to":[5.70348,6,8.2],"rotation":{"angle":0,"axis":"y","origin":[5.53924,5.3,8]},"faces":{"north":{"uv":[8.5,5.5,10.5,5.75],"rotation":180,"texture":"#7"},"south":{"uv":[8.5,5.5,10.5,5.75],"rotation":180,"texture":"#7"},"down":{"uv":[15.75,15.75,16,16],"rotation":180,"texture":"#7"}}},{"from":[4.7,4.6,7.8],"to":[5.70348,4.7,8.2],"rotation":{"angle":0,"axis":"y","origin":[5.53924,5.3,8]},"faces":{"north":{"uv":[7.25,4,9,4.5],"texture":"#7"},"south":{"uv":[7.25,4,9,4.5],"texture":"#7"},"up":{"uv":[11.5,1.5,12.25,3.25],"rotation":90,"texture":"#7"},"down":{"uv":[8.5,7.5,9.25,9.25],"rotation":90,"texture":"#7"}}},{"from":[6.16424,5.16076,7.80025],"to":[6.26424,5.46424,8.19975],"rotation":{"angle":0,"axis":"z","origin":[5.56424,5.3,8.00025]},"faces":{"north":{"uv":[0.5,4.5,1,5],"rotation":90,"texture":"#7"},"east":{"uv":[7,12.5,7.75,13],"texture":"#7"},"south":{"uv":[1,4.5,0.5,5],"rotation":270,"texture":"#7"},"west":{"uv":[9,12.25,9.75,13],"texture":"#7"}}},{"from":[4.13924,5.16076,7.7995],"to":[4.23924,5.76424,8.2005],"rotation":{"angle":0,"axis":"z","origin":[4.83924,5.3,7.9995]},"faces":{"north":{"uv":[8.75,4,9,5],"rotation":180,"texture":"#7"},"east":{"uv":[9,11.5,9.75,13],"texture":"#7"},"south":{"uv":[8.75,4,9,5],"rotation":180,"texture":"#7"},"west":{"uv":[8.5,11.5,9.25,12.5],"texture":"#7"}}},{"from":[6.16424,5.16076,7.8],"to":[6.26424,5.43924,8.2],"rotation":{"angle":-22.5,"axis":"z","origin":[5.56424,5.3,8]},"faces":{"north":{"uv":[2.5,4.25,3,4.75],"rotation":90,"texture":"#7"},"east":{"uv":[8.25,12.5,9,13],"rotation":180,"texture":"#7"},"south":{"uv":[2.5,4.25,3,4.75],"rotation":180,"texture":"#7"},"west":{"uv":[8.75,4.5,9.5,5],"rotation":180,"texture":"#7"}}},{"from":[4.13924,5.16076,7.8],"to":[4.23924,5.43924,8.2],"rotation":{"angle":-22.5,"axis":"z","origin":[4.83924,5.3,8]},"faces":{"north":{"uv":[8.75,4.25,9,5],"rotation":180,"texture":"#7"},"east":{"uv":[8.25,11.75,9,12.25],"texture":"#7"},"south":{"uv":[8.75,4.25,9,5],"rotation":180,"texture":"#7"}}},{"from":[6.16424,5.16076,7.8005],"to":[6.26424,5.43924,8.1995],"rotation":{"angle":-22.5,"axis":"z","origin":[6.86424,5.3,8.0005]},"faces":{"north":{"uv":[8.75,4.75,9,5],"rotation":180,"texture":"#7"},"east":{"uv":[7,11.5,7.75,12],"texture":"#7"},"south":{"uv":[8.75,4.75,9,5],"rotation":180,"texture":"#7"}}},{"from":[6.16424,5.16076,7.8],"to":[6.26424,5.43924,8.2],"rotation":{"angle":22.5,"axis":"z","origin":[5.56424,5.3,8]},"faces":{"north":{"uv":[0,5,0.5,5.5],"rotation":180,"texture":"#7"},"south":{"uv":[0.5,5,0,5.5],"rotation":180,"texture":"#7"},"west":{"uv":[8.25,11.75,9,12.25],"texture":"#7"}}},{"from":[4.13924,5.16076,7.8],"to":[4.23924,5.43924,8.2],"rotation":{"angle":22.5,"axis":"z","origin":[4.83924,5.3,8]},"faces":{"north":{"uv":[2.25,4,2.75,4.5],"rotation":270,"texture":"#7"},"east":{"uv":[8.75,4.5,9.5,5],"rotation":180,"texture":"#7"},"south":{"uv":[2.25,4,2.75,4.5],"rotation":90,"texture":"#7"},"west":{"uv":[8.5,12.5,9.25,13],"texture":"#7"}}},{"from":[5.425,5.9,7.8],"to":[5.70348,6,8.2],"rotation":{"angle":-45,"axis":"z","origin":[5.56424,5.3,8]},"faces":{"north":{"uv":[15.5,5.25,16,5.75],"rotation":180,"texture":"#7"},"south":{"uv":[16,5.25,15.5,5.75],"rotation":180,"texture":"#7"},"down":{"uv":[8.5,7.5,9.25,8.25],"rotation":90,"texture":"#7"}}},{"from":[4.7,4.6,7.8],"to":[4.97848,4.7,8.2],"rotation":{"angle":-45,"axis":"z","origin":[4.83924,5.3,8]},"faces":{"north":{"uv":[5.75,4,6.25,4.5],"texture":"#7"},"south":{"uv":[5.75,4,6.25,4.5],"texture":"#7"},"up":{"uv":[10.25,4,11,4.5],"rotation":90,"texture":"#7"},"down":{"uv":[8.5,11.75,9.25,12.25],"rotation":90,"texture":"#7"}}},{"from":[4.675,5.9,7.799],"to":[5.15348,6.425,8.201],"rotation":{"angle":45,"axis":"z","origin":[4.83924,5.3,7.999]},"faces":{"north":{"uv":[8.75,4.75,9.75,5.75],"rotation":90,"texture":"#7"},"south":{"uv":[8.75,4.75,9.75,5.75],"rotation":270,"texture":"#7"},"west":{"uv":[8.75,8,9.5,9],"texture":"#7"},"down":{"uv":[8.5,7.5,9.25,8.25],"rotation":270,"texture":"#7"}}},{"from":[6.575,5.9,7.8005],"to":[7.20348,6.525,8.1995],"rotation":{"angle":45,"axis":"z","origin":[6.86424,5.3,8.0005]},"faces":{"north":{"uv":[8.75,4.75,9.75,5.75],"rotation":180,"texture":"#7"},"south":{"uv":[8.75,4.75,9.75,5.75],"rotation":180,"texture":"#7"},"down":{"uv":[7,10.75,7.75,11.75],"rotation":90,"texture":"#7"}}},{"from":[5.425,4.6,7.8],"to":[5.70348,4.7,8.2],"rotation":{"angle":45,"axis":"z","origin":[5.56424,5.3,8]},"faces":{"north":{"uv":[5.75,4,6.25,4.5],"texture":"#7"},"south":{"uv":[5.75,4,6.25,4.5],"texture":"#7"},"up":{"uv":[10.25,4,11,4.5],"rotation":270,"texture":"#7"},"down":{"uv":[8.25,12,9,12.5],"rotation":270,"texture":"#7"}}},{"from":[5.425,5.9,7.8],"to":[5.70348,6,8.2],"rotation":{"angle":-22.5,"axis":"z","origin":[5.56424,5.3,8]},"faces":{"north":{"uv":[8,5.25,8.5,5.75],"rotation":180,"texture":"#7"},"south":{"uv":[8,5.25,8.5,5.75],"rotation":180,"texture":"#7"},"down":{"uv":[8.75,8,9.5,8.5],"rotation":270,"texture":"#7"}}},{"from":[4.7,4.6,7.8],"to":[4.97848,4.7,8.2],"rotation":{"angle":-22.5,"axis":"z","origin":[4.83924,5.3,8]},"faces":{"north":{"uv":[5.75,4,6.25,4.5],"texture":"#7"},"south":{"uv":[5.75,4,6.25,4.5],"texture":"#7"},"up":{"uv":[10.25,4,11,4.5],"rotation":90,"texture":"#7"},"down":{"uv":[8.25,11.25,9,11.75],"rotation":90,"texture":"#7"}}},{"from":[4.5,5.9,7.8],"to":[4.97848,6.2,8.2],"rotation":{"angle":22.5,"axis":"z","origin":[4.83924,5.3,8]},"faces":{"north":{"uv":[7.75,5.5,8.25,5.75],"rotation":180,"texture":"#7"},"south":{"uv":[7.75,5.5,8.25,5.75],"rotation":180,"texture":"#7"},"down":{"uv":[15.75,15.75,16,16],"rotation":180,"texture":"#7"}}},{"from":[5.425,4.6,7.8],"to":[5.70348,4.7,8.2],"rotation":{"angle":22.5,"axis":"z","origin":[5.56424,5.3,8]},"faces":{"north":{"uv":[5.75,4,6.25,4.5],"texture":"#7"},"south":{"uv":[5.75,4,6.25,4.5],"texture":"#7"},"up":{"uv":[10.25,4,11,4.5],"rotation":90,"texture":"#7"},"down":{"uv":[8.25,11.5,9,12],"rotation":270,"texture":"#7"}}},{"from":[4.47294,5.08467,7.9],"to":[4.62294,5.93467,8.1005],"rotation":{"angle":0,"axis":"y","origin":[7.4,7.9,8]},"faces":{"north":{"uv":[8.75,4.75,9.75,5.75],"rotation":180,"texture":"#7"},"east":{"uv":[9.5,10.75,10,12],"texture":"#7"},"south":{"uv":[8.75,4.75,9.75,5.75],"rotation":180,"texture":"#7"},"west":{"uv":[15.75,15.75,16,16],"rotation":180,"texture":"#7"},"down":{"uv":[15.75,15.75,16,16],"rotation":180,"texture":"#7"}}},{"from":[4.425,5.375,7.9],"to":[4.55,6.05,8.1],"rotation":{"angle":-22.5,"axis":"z","origin":[4.55,5.2,8.05]},"faces":{"north":{"uv":[8.75,5,9,5.75],"rotation":180,"texture":"#7"},"east":{"uv":[9.5,7.75,10,9],"texture":"#7"},"south":{"uv":[8.75,5,9,5.75],"rotation":180,"texture":"#7"}}},{"from":[4.775,5.6,7.9],"to":[5.3,5.8,8.1],"rotation":{"angle":22.5,"axis":"z","origin":[4.55,5.2,8.05]},"faces":{"north":{"uv":[8.75,5.25,9.75,5.75],"rotation":180,"texture":"#7"},"east":{"uv":[15.75,15.75,16,16],"rotation":180,"texture":"#7"},"south":{"uv":[8.75,5.25,9.75,5.75],"rotation":180,"texture":"#7"},"down":{"uv":[15.75,15.75,16,16],"rotation":180,"texture":"#7"}}},{"from":[4.34981,6.30028,7.299],"to":[4.49981,6.45028,8.701],"rotation":{"angle":0,"axis":"y","origin":[8,8,8.097]},"faces":{"north":{"uv":[14,13.5,15.5,15],"texture":"#0"},"south":{"uv":[13,14,14.5,15.5],"rotation":90,"texture":"#0"}}},{"from":[7.74981,6.30028,7.799],"to":[7.89981,6.45028,8.701],"rotation":{"angle":0,"axis":"y","origin":[8,8,8.097]},"faces":{"south":{"uv":[14,13.5,15.5,15],"rotation":90,"texture":"#0"}}},{"from":[8.84981,7.40028,7.299],"to":[8.99981,7.55028,8.201],"rotation":{"angle":0,"axis":"y","origin":[8,8,7.903]},"faces":{"north":{"uv":[13,14,14.5,15.5],"texture":"#0"}}},{"from":[4.99981,7.20028,7.299],"to":[5.19981,7.40028,8.701],"rotation":{"angle":0,"axis":"y","origin":[8,8,8.097]},"faces":{"north":{"uv":[7.5,13.5,9.5,15.5],"texture":"#0"},"south":{"uv":[9.5,13.5,7.5,15.5],"texture":"#0"}}},{"from":[15.25,5.51066,7.81103],"to":[16.75,7.21066,8.18897],"rotation":{"angle":22.5,"axis":"x","origin":[17.25,6.46066,8]},"faces":{"east":{"uv":[8,13,8.5,13.5],"rotation":90,"texture":"#1"},"west":{"uv":[9,11,10,14.5],"rotation":180,"texture":"#1"},"up":{"uv":[15,15,16,16],"rotation":90,"texture":"#1"},"down":{"uv":[6,10,9,11],"rotation":180,"texture":"#1"}}},{"from":[15.249,5.51066,7.81103],"to":[16.75,7.21066,8.18897],"rotation":{"angle":45,"axis":"x","origin":[17.25,6.46066,8]},"faces":{"east":{"uv":[8,13,8.5,13.5],"rotation":90,"texture":"#1"},"west":{"uv":[8,11,9,14.5],"rotation":180,"texture":"#1"},"down":{"uv":[6,8.5,9,9.5],"rotation":180,"texture":"#1"}}},{"from":[15.25,6.27169,7.05],"to":[16.75,6.64963,8.95],"rotation":{"angle":-22.5,"axis":"x","origin":[17.25,6.46066,8]},"faces":{"north":{"uv":[6,6.5,9,7.5],"texture":"#1"},"east":{"uv":[9,15,9.5,15.5],"rotation":90,"texture":"#1"},"south":{"uv":[6,1,9,2],"texture":"#1"},"west":{"uv":[9.5,12.5,10.5,16],"rotation":90,"texture":"#1"}}},{"from":[15.249,6.27169,7.05],"to":[16.75,6.64963,8.95],"rotation":{"angle":0,"axis":"x","origin":[17.25,6.46066,8]},"faces":{"north":{"uv":[6,2,9,3],"texture":"#1"},"east":{"uv":[9,15,9.5,15.5],"rotation":90,"texture":"#1"},"south":{"uv":[6,2,9,3],"texture":"#1"},"west":{"uv":[7,11,8,14.5],"rotation":90,"texture":"#1"}}},{"from":[15.25,6.27169,7.05],"to":[16.75,6.64963,8.95],"rotation":{"angle":22.5,"axis":"x","origin":[17.25,6.46066,8]},"faces":{"north":{"uv":[6,1,9,2],"texture":"#1"},"east":{"uv":[9,15,9.5,15.5],"rotation":90,"texture":"#1"},"south":{"uv":[6,7,9,8],"texture":"#1"},"west":{"uv":[9,12,10,15.5],"rotation":90,"texture":"#1"}}},{"from":[15.249,5.51066,7.81103],"to":[16.75,7.21066,8.18897],"rotation":{"angle":-45,"axis":"x","origin":[17.25,6.46066,8]},"faces":{"east":{"uv":[8,13,8.5,13.5],"rotation":90,"texture":"#1"},"west":{"uv":[5.5,11.5,6.5,15],"rotation":180,"texture":"#1"},"down":{"uv":[6,8.5,9,9.5],"texture":"#1"}}},{"from":[15.25,5.51066,7.81103],"to":[16.75,7.21066,8.18897],"rotation":{"angle":-22.5,"axis":"x","origin":[17.25,6.46066,8]},"faces":{"east":{"uv":[8,13,8.5,13.5],"rotation":90,"texture":"#1"},"west":{"uv":[7.5,11,8.5,14.5],"rotation":180,"texture":"#1"},"up":{"uv":[15,15,16,16],"rotation":90,"texture":"#1"},"down":{"uv":[6,10,9,11],"texture":"#1"}}},{"from":[15.249,5.51066,7.81103],"to":[16.75,7.26066,8.18897],"rotation":{"angle":0,"axis":"y","origin":[17.25,6.46066,8]},"faces":{"east":{"uv":[8,13,8.5,13.5],"rotation":90,"texture":"#1"},"west":{"uv":[5.5,11,6.5,14.5],"rotation":180,"texture":"#1"},"down":{"uv":[6,11,9,12],"rotation":180,"texture":"#1"}}},{"from":[15.251,6.61066,7.18603],"to":[16.7509,7.01066,8.81397],"rotation":{"angle":0,"axis":"y","origin":[17.25,6.46066,8]},"faces":{"north":{"uv":[7,0,10,0.5],"rotation":180,"texture":"#1"},"east":{"uv":[1.5,10.5,2,11],"rotation":90,"texture":"#1"},"south":{"uv":[7,0,10,0.5],"rotation":180,"texture":"#1"},"west":{"uv":[5,13.5,8,14],"rotation":180,"texture":"#1"},"up":{"uv":[7.5,6,14.5,9],"rotation":90,"texture":"#1"}}},{"from":[21.95,5.61066,7.83092],"to":[23.35,7.26066,8.16908],"rotation":{"angle":0,"axis":"y","origin":[17.5,6.46066,8]},"faces":{"east":{"uv":[7,12,8,15],"texture":"#1"},"down":{"uv":[0,14.5,5,16],"texture":"#1"}}},{"from":[17.75,5.61066,7.83092],"to":[21.95,7.21066,8.16908],"rotation":{"angle":0,"axis":"y","origin":[17.5,6.46066,8]},"faces":{"down":{"uv":[0,14,15.5,15.5],"texture":"#3"}}},{"from":[17.75,6.29158,7.15],"to":[21.95,6.62974,8.85],"rotation":{"angle":22.5,"axis":"x","origin":[17.5,6.46066,8]},"faces":{"north":{"uv":[0,0.5,15.5,2],"texture":"#3"},"south":{"uv":[0,8,15.5,9.5],"texture":"#3"}}},{"from":[17.75,5.61066,7.83092],"to":[21.95,7.31066,8.16908],"rotation":{"angle":-45,"axis":"x","origin":[17.5,6.46066,8]},"faces":{"up":{"uv":[0,1,15.5,2.5],"texture":"#3"},"down":{"uv":[0,10,15.5,11.5],"texture":"#3"}}},{"from":[17.75,5.61066,7.83092],"to":[21.95,7.31066,8.16908],"rotation":{"angle":-22.5,"axis":"x","origin":[17.5,6.46066,8]},"faces":{"up":{"uv":[0,8.5,15.5,10],"texture":"#3"},"down":{"uv":[0,12,15.5,13.5],"texture":"#3"}}},{"from":[17.75,6.29158,7.15],"to":[21.95,6.62974,8.85],"rotation":{"angle":-22.5,"axis":"x","origin":[17.5,6.46066,8]},"faces":{"north":{"uv":[0,8,15.5,9.5],"texture":"#3"},"south":{"uv":[0,1,15.5,2.5],"texture":"#3"}}},{"from":[17.75,5.61066,7.83092],"to":[21.95,7.31066,8.16908],"rotation":{"angle":45,"axis":"x","origin":[17.5,6.46066,8]},"faces":{"up":{"uv":[0,1,15.5,2.5],"rotation":180,"texture":"#3"},"down":{"uv":[0,10,15.5,11.5],"rotation":180,"texture":"#3"}}},{"from":[17.75,5.61066,7.83092],"to":[21.95,7.31066,8.16908],"rotation":{"angle":22.5,"axis":"x","origin":[17.5,6.46066,8]},"faces":{"up":{"uv":[0,8.5,15.5,10],"rotation":180,"texture":"#3"},"down":{"uv":[0,13,15.5,14.5],"texture":"#3"}}},{"from":[16.15,5.61066,7.83092],"to":[17.75,7.31066,8.16908],"rotation":{"angle":0,"axis":"y","origin":[11.7,6.46066,8]},"faces":{"down":{"uv":[0,14.5,5,16],"texture":"#1"}}},{"from":[21.95,6.29158,7.15],"to":[23.35,6.62974,8.85],"rotation":{"angle":-22.5,"axis":"x","origin":[17.5,6.46066,8]},"faces":{"north":{"uv":[0,8,5,9.5],"texture":"#1"},"east":{"uv":[1,12.5,2,15.5],"rotation":270,"texture":"#1"},"south":{"uv":[0,1.5,5,3],"texture":"#1"}}},{"from":[16.15,6.29158,7.15],"to":[17.75,6.62974,8.85],"rotation":{"angle":-22.5,"axis":"x","origin":[11.7,6.46066,8]},"faces":{"north":{"uv":[4,8,9,9.5],"texture":"#1"},"south":{"uv":[7.5,2,12.5,3.5],"texture":"#1"}}},{"from":[16.15,6.29158,7.15],"to":[17.75,6.62974,8.85],"rotation":{"angle":0,"axis":"x","origin":[11.7,6.46066,8]},"faces":{"north":{"uv":[7,6.5,12,8],"texture":"#1"},"south":{"uv":[8,7,13,8.5],"texture":"#1"}}},{"from":[21.95,6.29158,7.15],"to":[23.35,6.62974,8.85],"rotation":{"angle":22.5,"axis":"x","origin":[17.5,6.46066,8]},"faces":{"north":{"uv":[0,1,5,2.5],"texture":"#1"},"east":{"uv":[8,12,9,15],"rotation":270,"texture":"#1"},"south":{"uv":[0,8,5,9.5],"texture":"#1"}}},{"from":[16.15,6.29158,7.15],"to":[17.75,6.62974,8.85],"rotation":{"angle":22.5,"axis":"x","origin":[11.7,6.46066,8]},"faces":{"north":{"uv":[0,1,5,2.5],"texture":"#1"},"south":{"uv":[1.5,8,6.5,9.5],"texture":"#1"}}},{"from":[21.95,5.61066,7.83092],"to":[23.35,7.31066,8.16908],"rotation":{"angle":-45,"axis":"x","origin":[17.5,6.46066,8]},"faces":{"east":{"uv":[7,12,8,15],"rotation":180,"texture":"#1"},"up":{"uv":[0,1,5,2.5],"texture":"#1"},"down":{"uv":[0,10.5,5,12],"texture":"#1"}}},{"from":[16.15,5.61066,7.83092],"to":[17.75,7.31066,8.16908],"rotation":{"angle":-45,"axis":"x","origin":[11.7,6.46066,8]},"faces":{"up":{"uv":[0,1,5,2.5],"texture":"#1"},"down":{"uv":[2.5,10.5,7.5,12],"texture":"#1"}}},{"from":[21.95,5.61066,7.83092],"to":[23.35,7.31066,8.16908],"rotation":{"angle":-22.5,"axis":"x","origin":[17.5,6.46066,8]},"faces":{"east":{"uv":[8,12,9,15],"texture":"#1"},"up":{"uv":[0,8.5,5,10],"texture":"#1"},"down":{"uv":[0,12.5,5,14],"texture":"#1"}}},{"from":[16.15,5.61066,7.83092],"to":[17.75,7.31066,8.16908],"rotation":{"angle":-22.5,"axis":"x","origin":[11.7,6.46066,8]},"faces":{"up":{"uv":[0,8.5,5,10],"texture":"#1"},"down":{"uv":[0,12.5,5,14],"texture":"#1"}}},{"from":[21.95,5.61066,7.83092],"to":[23.35,7.31066,8.16908],"rotation":{"angle":45,"axis":"x","origin":[17.5,6.46066,8]},"faces":{"east":{"uv":[7,12,8,15],"texture":"#1"},"up":{"uv":[0,0.5,5,2],"rotation":180,"texture":"#1"},"down":{"uv":[0,10,5,11.5],"rotation":180,"texture":"#1"}}},{"from":[16.15,5.61066,7.83092],"to":[17.75,7.31066,8.16908],"rotation":{"angle":45,"axis":"x","origin":[11.7,6.46066,8]},"faces":{"up":{"uv":[2.5,0.5,7.5,2],"rotation":180,"texture":"#1"},"down":{"uv":[3,10,8,11.5],"rotation":180,"texture":"#1"}}},{"from":[21.95,5.61066,7.83092],"to":[23.35,7.31066,8.16908],"rotation":{"angle":22.5,"axis":"x","origin":[17.5,6.46066,8]},"faces":{"east":{"uv":[3,12.5,4,15.5],"texture":"#1"},"up":{"uv":[0,8.5,5,10],"rotation":180,"texture":"#1"},"down":{"uv":[0,13,5,14.5],"texture":"#1"}}},{"from":[16.15,5.61066,7.83092],"to":[17.75,7.31066,8.16908],"rotation":{"angle":22.5,"axis":"x","origin":[11.7,6.46066,8]},"faces":{"up":{"uv":[0,8.5,5,10],"rotation":180,"texture":"#1"},"down":{"uv":[0,13,5,14.5],"texture":"#1"}}},{"from":[7,7.875,7.91049],"to":[29.7,8.025,8.08951],"rotation":{"angle":22.5,"axis":"x","origin":[29.3,7.575,8]},"faces":{"east":{"uv":[3,1.75,3.5,2.25],"texture":"#7"},"up":{"uv":[0,4.5,16,5],"texture":"#5"},"down":{"uv":[15.75,15.75,16,16],"rotation":90,"texture":"#7"}}},{"from":[7,7.875,7.91049],"to":[29.7,8.025,8.08951],"rotation":{"angle":0,"axis":"y","origin":[9,8,8]},"faces":{"east":{"uv":[4,1.75,4.5,2.25],"texture":"#7"},"up":{"uv":[0,3.25,16,3.75],"texture":"#5"},"down":{"uv":[15.75,15.75,16,16],"rotation":90,"texture":"#7"}}},{"from":[7,7.875,7.91049],"to":[29.7,8.025,8.08951],"rotation":{"angle":45,"axis":"x","origin":[29.3,7.575,8]},"faces":{"east":{"uv":[4.5,1.75,5,2.25],"texture":"#7"},"up":{"uv":[0,4.5,16,5],"texture":"#7"},"down":{"uv":[10.25,8,10.5,8.25],"rotation":90,"texture":"#7"}}},{"from":[7,7.48549,8.3],"to":[29.7,7.66451,8.45],"rotation":{"angle":-22.5,"axis":"x","origin":[29.3,7.575,8]},"faces":{"north":{"uv":[10.5,8.25,10.75,8.5],"rotation":90,"texture":"#7"},"east":{"uv":[5.75,4.5,6.25,5],"rotation":270,"texture":"#7"},"south":{"uv":[0,11.75,16,12.25],"rotation":180,"texture":"#7"}}},{"from":[7,7.48549,8.3],"to":[29.7,7.66451,8.45],"rotation":{"angle":0,"axis":"y","origin":[9,8,8]},"faces":{"north":{"uv":[10.5,8.5,10.75,8.75],"rotation":90,"texture":"#7"},"east":{"uv":[5.75,4.75,6.25,5.25],"rotation":270,"texture":"#7"},"south":{"uv":[0,11.25,16,11.75],"rotation":180,"texture":"#7"}}},{"from":[7,7.48549,8.3],"to":[29.7,7.66451,8.45],"rotation":{"angle":22.5,"axis":"x","origin":[29.3,7.575,8]},"faces":{"north":{"uv":[0,7.25,0.25,7.5],"rotation":90,"texture":"#7"},"east":{"uv":[0,7.25,0.5,7.75],"rotation":270,"texture":"#7"},"south":{"uv":[0,10.75,16,11.25],"rotation":180,"texture":"#7"}}},{"from":[7,7.125,7.91049],"to":[29.7,7.275,8.08951],"rotation":{"angle":-45,"axis":"x","origin":[29.3,7.575,8]},"faces":{"east":{"uv":[1,7.25,1.5,7.75],"rotation":180,"texture":"#7"},"up":{"uv":[15.75,7.25,16,7.5],"rotation":90,"texture":"#7"},"down":{"uv":[0,9.25,16,9.75],"rotation":180,"texture":"#7"}}},{"from":[7,7.125,7.91049],"to":[29.7,7.275,8.08951],"rotation":{"angle":0,"axis":"y","origin":[9,8,8]},"faces":{"east":{"uv":[1.5,7.25,2,7.75],"rotation":180,"texture":"#7"},"up":{"uv":[13.75,3.75,14,4.25],"texture":"#7"},"down":{"uv":[15.75,15.75,16,16],"rotation":180,"texture":"#7"}}},{"from":[7,7.125,7.91049],"to":[29.7,7.275,8.08951],"rotation":{"angle":-22.5,"axis":"x","origin":[29.3,7.575,8]},"faces":{"east":{"uv":[1.5,7.25,2,7.75],"rotation":180,"texture":"#7"},"up":{"uv":[14.5,4.25,14.75,4.75],"texture":"#7"},"down":{"uv":[0,8,16,8.5],"rotation":180,"texture":"#7"}}},{"from":[7,7.125,7.91049],"to":[29.7,7.275,8.08951],"rotation":{"angle":22.5,"axis":"x","origin":[29.3,7.575,8]},"faces":{"east":{"uv":[1.5,7.25,2,7.75],"rotation":180,"texture":"#7"},"up":{"uv":[14.5,4.25,14.75,4.75],"rotation":180,"texture":"#7"},"down":{"uv":[0,8,16,8.5],"texture":"#7"}}},{"from":[7,7.125,7.91049],"to":[29.7,7.275,8.08951],"rotation":{"angle":45,"axis":"x","origin":[29.3,7.575,8]},"faces":{"east":{"uv":[1,7.25,1.5,7.75],"rotation":180,"texture":"#7"},"up":{"uv":[15.75,7.25,16,7.5],"rotation":90,"texture":"#7"},"down":{"uv":[0,9.25,16,9.75],"rotation":180,"texture":"#7"}}},{"from":[7,7.48549,7.55],"to":[29.7,7.66451,7.7],"rotation":{"angle":-22.5,"axis":"x","origin":[29.3,7.575,8]},"faces":{"north":{"uv":[0,10.75,16,11.25],"rotation":180,"texture":"#7"},"east":{"uv":[0,7.25,0.5,7.75],"rotation":90,"texture":"#7"},"south":{"uv":[0,7.25,0.25,7.5],"rotation":90,"texture":"#7"}}},{"from":[7,7.48549,7.55],"to":[29.7,7.66451,7.7],"rotation":{"angle":0,"axis":"y","origin":[9,8,8]},"faces":{"north":{"uv":[0,11.25,16,11.75],"rotation":180,"texture":"#7"},"east":{"uv":[5.75,4.75,6.25,5.25],"rotation":90,"texture":"#7"},"south":{"uv":[10.5,8.5,10.75,8.75],"rotation":90,"texture":"#7"}}},{"from":[7,7.48549,7.55],"to":[29.7,7.66451,7.7],"rotation":{"angle":22.5,"axis":"x","origin":[29.3,7.575,8]},"faces":{"north":{"uv":[0,11.75,16,12.25],"rotation":180,"texture":"#7"},"east":{"uv":[5.75,4.5,6.25,5],"rotation":90,"texture":"#7"},"south":{"uv":[10.5,8.25,10.75,8.5],"rotation":90,"texture":"#7"}}},{"from":[7,7.875,7.91049],"to":[29.7,8.025,8.08951],"rotation":{"angle":-45,"axis":"x","origin":[29.3,7.575,8]},"faces":{"east":{"uv":[4.5,1.75,5,2.25],"texture":"#7"},"up":{"uv":[0,4.5,16,5],"rotation":180,"texture":"#7"},"down":{"uv":[10.25,8,10.5,8.25],"rotation":90,"texture":"#7"}}},{"from":[7,7.875,7.91049],"to":[29.7,8.025,8.08951],"rotation":{"angle":-22.5,"axis":"x","origin":[29.3,7.575,8]},"faces":{"east":{"uv":[5.5,1.75,6,2.25],"texture":"#7"},"up":{"uv":[0,4.5,16,5],"rotation":180,"texture":"#5"},"down":{"uv":[15.75,15.75,16,16],"rotation":90,"texture":"#7"}}},{"from":[-7.05,2.025,7.3],"to":[-6.95,2.125,8.7],"rotation":{"angle":0,"axis":"y","origin":[0,8,7.775]},"faces":{"north":{"uv":[9,4.5,9.25,5.25],"rotation":270,"texture":"#7"},"east":{"uv":[9,4.25,11,5],"texture":"#7"},"south":{"uv":[9,4.5,9.25,5.25],"rotation":90,"texture":"#7"},"west":{"uv":[9.25,5,11.25,5.75],"texture":"#7"},"up":{"uv":[9.25,4.75,11.25,5.5],"rotation":90,"texture":"#7"},"down":{"uv":[9.25,5,11.25,5.75],"rotation":90,"texture":"#7"}}},{"from":[26.425,6.125,7.3],"to":[26.525,6.225,8.7],"rotation":{"angle":0,"axis":"y","origin":[0,8,7.775]},"faces":{"north":{"uv":[9,4.5,9.25,5.25],"rotation":270,"texture":"#7"},"east":{"uv":[9,4.25,11,5],"texture":"#7"},"south":{"uv":[9,4.5,9.25,5.25],"rotation":90,"texture":"#7"},"west":{"uv":[9.25,5,11.25,5.75],"texture":"#7"},"up":{"uv":[9.25,4.75,11.25,5.5],"rotation":90,"texture":"#7"},"down":{"uv":[9.25,5,11.25,5.75],"rotation":90,"texture":"#7"}}},{"from":[-7.05,1.425,7.3],"to":[-6.95,1.525,8.7],"rotation":{"angle":0,"axis":"y","origin":[0,8,7.775]},"faces":{"north":{"uv":[9.25,5,9.5,5.75],"rotation":270,"texture":"#7"},"east":{"uv":[9,4.25,11,5],"texture":"#7"},"south":{"uv":[9.25,5,9.5,5.75],"rotation":90,"texture":"#7"},"west":{"uv":[9.25,5,11.25,5.75],"texture":"#7"},"up":{"uv":[9.5,4.5,11.5,5.25],"rotation":90,"texture":"#7"},"down":{"uv":[9.25,5,11.25,5.75],"rotation":90,"texture":"#7"}}},{"from":[26.425,5.525,7.3],"to":[26.525,5.625,8.7],"rotation":{"angle":0,"axis":"y","origin":[0,8,7.775]},"faces":{"north":{"uv":[9.25,5,9.5,5.75],"rotation":270,"texture":"#7"},"east":{"uv":[9,4.25,11,5],"texture":"#7"},"south":{"uv":[9.25,5,9.5,5.75],"rotation":90,"texture":"#7"},"west":{"uv":[9.25,5,11.25,5.75],"texture":"#7"},"up":{"uv":[9.5,4.5,11.5,5.25],"rotation":90,"texture":"#7"},"down":{"uv":[9.25,5,11.25,5.75],"rotation":90,"texture":"#7"}}},{"from":[-7.05,1.5,7.2],"to":[-6.95,2.05,7.3],"rotation":{"angle":0,"axis":"y","origin":[0,8,7.775]},"faces":{"north":{"uv":[9.5,4.5,11.5,5.25],"rotation":270,"texture":"#7"},"east":{"uv":[9,4,11,4.75],"rotation":90,"texture":"#7"},"south":{"uv":[9.25,4.75,11.25,5.5],"rotation":90,"texture":"#7"},"west":{"uv":[9.25,5,11.25,5.75],"rotation":270,"texture":"#7"},"up":{"uv":[9,4.5,9.25,5.25],"rotation":90,"texture":"#7"},"down":{"uv":[9.25,5,9.5,5.75],"rotation":90,"texture":"#7"}}},{"from":[26.425,5.6,7.2],"to":[26.525,6.15,7.3],"rotation":{"angle":0,"axis":"y","origin":[0,8,7.775]},"faces":{"north":{"uv":[9.5,4.5,11.5,5.25],"rotation":270,"texture":"#7"},"east":{"uv":[9,4,11,4.75],"rotation":90,"texture":"#7"},"south":{"uv":[9.25,4.75,11.25,5.5],"rotation":90,"texture":"#7"},"west":{"uv":[9.25,5,11.25,5.75],"rotation":270,"texture":"#7"},"up":{"uv":[9,4.5,9.25,5.25],"rotation":90,"texture":"#7"},"down":{"uv":[9.25,5,9.5,5.75],"rotation":90,"texture":"#7"}}},{"from":[-7.05,1.5,8.7],"to":[-6.95,2.05,8.8],"rotation":{"angle":0,"axis":"y","origin":[0,8,7.775]},"faces":{"north":{"uv":[9.25,4.75,11.25,5.5],"rotation":270,"texture":"#7"},"east":{"uv":[9,4,11,4.75],"rotation":270,"texture":"#7"},"south":{"uv":[9.5,4.5,11.5,5.25],"rotation":90,"texture":"#7"},"west":{"uv":[9.25,5,11.25,5.75],"rotation":90,"texture":"#7"},"up":{"uv":[9,4.5,9.25,5.25],"rotation":90,"texture":"#7"},"down":{"uv":[9.25,5,9.5,5.75],"rotation":90,"texture":"#7"}}},{"from":[26.425,5.6,8.7],"to":[26.525,6.15,8.8],"rotation":{"angle":0,"axis":"y","origin":[0,8,7.775]},"faces":{"north":{"uv":[9.25,4.75,11.25,5.5],"rotation":270,"texture":"#7"},"east":{"uv":[9,4,11,4.75],"rotation":270,"texture":"#7"},"south":{"uv":[9.5,4.5,11.5,5.25],"rotation":90,"texture":"#7"},"west":{"uv":[9.25,5,11.25,5.75],"rotation":90,"texture":"#7"},"up":{"uv":[9,4.5,9.25,5.25],"rotation":90,"texture":"#7"},"down":{"uv":[9.25,5,9.5,5.75],"rotation":90,"texture":"#7"}}},{"from":[-7.15,1.9,7.85],"to":[-6.85,2.6,8.15],"rotation":{"angle":0,"axis":"y","origin":[0,8,7.975]},"faces":{"north":{"uv":[12.5,14,14,15.5],"rotation":270,"texture":"#0"},"east":{"uv":[12,12.5,13.5,14],"rotation":270,"texture":"#0"},"south":{"uv":[11.5,14,13,15.5],"rotation":90,"texture":"#0"},"west":{"uv":[11,14.5,12.5,16],"rotation":270,"texture":"#0"},"down":{"uv":[12.5,15.5,13,16],"rotation":270,"texture":"#0"}}},{"from":[25.175,5.575,7.85],"to":[25.475,5.875,8.15],"rotation":{"angle":0,"axis":"y","origin":[0,8,7.975]},"faces":{"north":{"uv":[12.25,12.5,13,13.5],"rotation":180,"texture":"#7"},"east":{"uv":[7.25,1.75,8,2.75],"rotation":180,"texture":"#7"},"south":{"uv":[12.25,12.5,13,13.5],"rotation":180,"texture":"#7"},"west":{"uv":[0.5,6.5,1.25,7.5],"texture":"#7"},"down":{"uv":[10.5,5.5,11.25,6.25],"rotation":180,"texture":"#7"}}},{"from":[-9.75,2.814,7.4995],"to":[-0.65,4.314,8.5005],"rotation":{"angle":22.5,"axis":"z","origin":[-5.9,2.95,8]},"faces":{"north":{"uv":[4,2.5,16,7.5],"texture":"#2"},"south":{"uv":[16,2.5,4,7.5],"texture":"#2"},"down":{"uv":[0,11.5,12,16],"rotation":180,"texture":"#1"}}},{"from":[0.235,-0.955,7.3995],"to":[2.36,0.545,8.6005],"rotation":{"angle":45,"axis":"z","origin":[-5.9,2.65,7.9]},"faces":{"north":{"uv":[2.5,5.5,6.5,8.5],"texture":"#1"},"south":{"uv":[6.5,5.5,2.5,8.5],"texture":"#1"},"up":{"uv":[0,6,4,9],"rotation":90,"texture":"#1"},"down":{"uv":[8,11,12,15],"texture":"#1"}}},{"from":[-1.61,5.785,7.399],"to":[0.015,7.51,8.601],"rotation":{"angle":-22.5,"axis":"z","origin":[-5.9,2.65,7.8995]},"faces":{"north":{"uv":[0,5.5,2.5,8.5],"rotation":90,"texture":"#1"},"east":{"uv":[5.5,10.5,8,14.5],"rotation":90,"texture":"#1"},"south":{"uv":[0,5.5,2.5,8.5],"rotation":270,"texture":"#1"},"west":{"uv":[0,9,4,12],"texture":"#1"},"down":{"uv":[7,11,10,15],"rotation":180,"texture":"#1"}}},{"from":[-9.3999,6.6,7.79289],"to":[0.6001,6.95,8.20711],"rotation":{"angle":0,"axis":"y","origin":[8.4,7.2,8]},"faces":{"up":{"uv":[14.5,0,16,1],"rotation":180,"texture":"#1"}}},{"from":[-10.4998,6.6,7.69289],"to":[-9.3998,6.95,8.30711],"rotation":{"angle":0,"axis":"y","origin":[6.9,7.2,8.1]},"faces":{"east":{"uv":[8.5,10,8.75,10.25],"rotation":180,"texture":"#7"},"west":{"uv":[0.75,12.5,1.75,13],"rotation":180,"texture":"#7"},"up":{"uv":[6.5,11.5,7.5,13],"rotation":270,"texture":"#7"}}},{"from":[0.6001,6.6,7.79289],"to":[1.3001,6.95,8.20711],"rotation":{"angle":-22.5,"axis":"z","origin":[0.6001,6.95,8]},"faces":{"north":{"uv":[14.5,1,16,2],"texture":"#1"},"south":{"uv":[14.5,1,16,2],"texture":"#1"},"up":{"uv":[14.5,0,16,1],"rotation":180,"texture":"#1"}}},{"from":[-10.5,1.35,7.4],"to":[-9.4,6.66,8.6],"rotation":{"angle":0,"axis":"y","origin":[8,6.5,7.9]},"faces":{"north":{"uv":[6.75,10.5,14.25,12],"rotation":90,"texture":"#7"},"east":{"uv":[8.5,10,8.75,10.25],"rotation":180,"texture":"#7"},"south":{"uv":[6.75,10.5,14.25,12],"rotation":270,"texture":"#7"},"west":{"uv":[0.75,11.5,8.25,13],"rotation":270,"texture":"#7"},"down":{"uv":[6.75,10.5,8.75,12],"rotation":270,"texture":"#7"}}},{"from":[-10.501,6.05,7.7],"to":[-9.401,6.65,8.3],"rotation":{"angle":0,"axis":"y","origin":[8,6.5,7.9]},"faces":{"west":{"uv":[3.5,13,6.5,16],"texture":"#0"}}},{"from":[-10.501,1.75,7.7],"to":[-9.401,2.35,8.3],"rotation":{"angle":0,"axis":"y","origin":[8,6.5,7.9]},"faces":{"west":{"uv":[7,13,10,16],"texture":"#0"}}},{"from":[-9.3999,6.6,7.79289],"to":[0.6001,6.95,8.20711],"rotation":{"angle":45,"axis":"x","origin":[-8.5,6.45,8]},"faces":{"east":{"uv":[14.5,1,16,2],"rotation":90,"texture":"#1"},"up":{"uv":[0,1,14.5,2],"texture":"#1"}}},{"from":[-10.4999,6.6,7.89289],"to":[-9.3999,6.95,8.30711],"rotation":{"angle":45,"axis":"x","origin":[-10,6.45,8.1]},"faces":{"east":{"uv":[8.5,10,8.75,10.25],"rotation":180,"texture":"#7"},"west":{"uv":[0.75,12.5,1.75,13],"rotation":180,"texture":"#7"},"up":{"uv":[6.75,11,7.75,12.5],"rotation":270,"texture":"#7"}}},{"from":[-9.3999,6.6,7.79289],"to":[0.6001,6.95,8.20711],"rotation":{"angle":-45,"axis":"x","origin":[-8.5,6.45,8]},"faces":{"east":{"uv":[14.5,1,16,2],"rotation":270,"texture":"#1"},"up":{"uv":[0,1,14.5,2],"rotation":180,"texture":"#1"}}},{"from":[-10.4999,6.6,7.69289],"to":[-9.3999,6.95,8.10711],"rotation":{"angle":-45,"axis":"x","origin":[-10,6.45,7.9]},"faces":{"east":{"uv":[8.5,10,8.75,10.25],"rotation":180,"texture":"#7"},"west":{"uv":[0.75,12,1.75,12.5],"rotation":180,"texture":"#7"},"up":{"uv":[6.75,11,7.75,12.5],"rotation":270,"texture":"#7"}}},{"from":[-5.525,4.575,7.5],"to":[1.125,6.66,8.5],"rotation":{"angle":0,"axis":"y","origin":[8,6.5,8]},"faces":{"north":{"uv":[0,3,10,7],"texture":"#1"},"south":{"uv":[0,3,10,7],"texture":"#1"},"up":{"uv":[10.5,0,12,2.5],"rotation":180,"texture":"#1"},"down":{"uv":[12,11.5,16,16],"rotation":180,"texture":"#1"}}},{"from":[-9.4,2.975,7.5],"to":[-5.525,6.66,8.5],"rotation":{"angle":0,"axis":"y","origin":[8,6.5,8]},"faces":{"north":{"uv":[10.5,1.5,16,9],"texture":"#1"},"south":{"uv":[10.5,1.5,16,9],"texture":"#1"}}},{"from":[21.95,6.29158,7.15],"to":[23.35,6.62974,8.85],"rotation":{"angle":0,"axis":"x","origin":[17.5,6.46066,8]},"faces":{"north":{"uv":[0,6.5,5,8],"texture":"#1"},"east":{"uv":[7,12,8,15],"rotation":270,"texture":"#1"},"south":{"uv":[0,7,5,8.5],"texture":"#1"}}},{"from":[17.75,6.29158,7.15],"to":[21.95,6.62974,8.85],"rotation":{"angle":0,"axis":"x","origin":[17.5,6.46066,8]},"faces":{"north":{"uv":[0,6.5,15.5,8],"texture":"#3"},"south":{"uv":[0,6.5,15.5,8],"texture":"#3"}}},{"from":[6.94981,7.05,7.9125],"to":[7.12481,8.252,8.0875],"rotation":{"angle":0,"axis":"x","origin":[5.09981,7.30028,8.0125]},"faces":{"up":{"uv":[6.5,10,4,12.5],"rotation":90,"texture":"#0"}}},{"from":[10.69981,7.05,7.9125],"to":[10.87481,8.252,8.0875],"rotation":{"angle":0,"axis":"x","origin":[5.09981,7.30028,8.0125]},"faces":{"up":{"uv":[6.5,10,4,12.5],"rotation":90,"texture":"#0"}}},{"from":[6.875,7.5,7.88065],"to":[10.951,8.25,8.11935],"faces":{"north":{"uv":[4,10,4.25,10.25],"rotation":90,"texture":"#5"},"east":{"uv":[4,10,4.25,10.25],"rotation":90,"texture":"#5"},"south":{"uv":[4,10,4.25,10.25],"rotation":90,"texture":"#5"},"west":{"uv":[4,10,4.25,10.25],"rotation":90,"texture":"#5"},"up":{"uv":[0,12.75,16,15],"rotation":180,"texture":"#5"}}}]}