{"credit":"thebradqq's guns","textures":{"1":"mgs:gun/brass","2":"mgs:gun/copper","3":"mgs:gun/metal"},"gui_light":"front","display":{"thirdperson_righthand":{"rotation":[25,111,-23],"translation":[-0.5,1.25,0],"scale":[0.2,0.2,0.2]},"thirdperson_lefthand":{"rotation":[69,-71,65],"translation":[-0.25,0.5,0],"scale":[0.2,0.2,0.2]},"firstperson_righthand":{"rotation":[-87,65,68],"translation":[2,2.25,0],"scale":[0.4,0.4,0.4]},"firstperson_lefthand":{"rotation":[-40,-110,-27],"translation":[3.25,2,0],"scale":[0.4,0.4,0.4]},"ground":{"translation":[0,2.75,0],"scale":[0.2,0.2,0.2]},"gui":{"rotation":[0,180,30],"translation":[2.75,5.25,0],"scale":[0.73,0.73,0.73]},"head":{"scale":[0.4,0.4,0.4]},"fixed":{"rotation":[0,180,0],"translation":[0,2.25,-1],"scale":[0.4,0.4,0.4]}},"elements":[{"from":[5.4539,-11.4314,6.452],"to":[10.9061,-10.5933,9.548],"rotation":{"angle":22.5,"axis":"z","origin":[5.4039,-10.6933,5.93845]},"faces":{"north":{"uv":[3.25,7.75,3.5,9.51],"rotation":270,"texture":"#3"},"east":{"uv":[5,0,6,1],"texture":"#missing"},"south":{"uv":[3.25,9.51,3.5,7.75],"rotation":270,"texture":"#3"},"west":{"uv":[6.25,9.75,6.75,10.25],"texture":"#3"},"down":{"uv":[15,9,16,10],"texture":"#missing"}}},{"from":[4.3303,-12.7892,5.93881],"to":[11.8455,-11.4314,9.9675],"rotation":{"angle":22.5,"axis":"z","origin":[5.4039,-10.6933,6.20855]},"faces":{"north":{"uv":[0,7.75,3,8.25],"texture":"#3"},"east":{"uv":[15.5,7.5,16,8],"texture":"#3"},"south":{"uv":[4,7.75,7,8.25],"texture":"#3"},"west":{"uv":[0.75,7.75,2,8.25],"texture":"#3"},"up":{"uv":[7,10,9.25,11.75],"rotation":270,"texture":"#3"},"down":{"uv":[7,10,9.25,11.75],"rotation":270,"texture":"#3"}}},{"from":[11.8363,-12.7892,6.61115],"to":[12.5165,-11.4314,9.29515],"rotation":{"angle":22.5,"axis":"z","origin":[5.4039,-10.6933,6.20855]},"faces":{"north":{"uv":[8,7.5,8.5,8],"texture":"#3"},"east":{"uv":[0,7.25,0.75,7.75],"texture":"#3"},"south":{"uv":[8,7.5,8.5,8],"texture":"#3"},"up":{"uv":[7.5,11.5,8.75,11.75],"rotation":270,"texture":"#3"},"down":{"uv":[7,11.5,8.25,11.75],"rotation":270,"texture":"#3"}}},{"from":[5.4211,-10.6041,6.45],"to":[5.5211,8.3959,9.55],"rotation":{"angle":0,"axis":"z","origin":[6.9211,-0.6041,6.65]},"faces":{"east":{"uv":[8.5,8,8.75,8.25],"rotation":270,"texture":"#3"},"west":{"uv":[2,10,12.5,11.51],"rotation":270,"texture":"#3"}}},{"from":[5.4211,-6.6041,6.45],"to":[10.7211,8.3969,6.55],"rotation":{"angle":0,"axis":"z","origin":[6.9211,-2.1041,9.35]},"faces":{"south":{"uv":[8.5,8,8.75,8.25],"rotation":270,"texture":"#3"},"up":{"uv":[0,7,0.5,7.5],"rotation":270,"texture":"#3"}}},{"from":[10.7211,-9.3041,6.45],"to":[10.8211,8.3959,9.55],"rotation":{"angle":0,"axis":"z","origin":[6.9211,-0.6041,6.15]},"faces":{"east":{"uv":[2,10.25,12.5,11.76],"rotation":90,"texture":"#3"},"west":{"uv":[8.5,8,8.75,8.25],"rotation":270,"texture":"#3"},"up":{"uv":[0,7,0.5,7.5],"rotation":270,"texture":"#3"}}},{"from":[5.4211,-6.6041,9.45],"to":[10.7211,8.3969,9.55],"rotation":{"angle":0,"axis":"z","origin":[6.9211,-0.6041,6.15]},"faces":{"north":{"uv":[8.5,8,8.75,8.25],"rotation":270,"texture":"#3"},"up":{"uv":[0,7,0.5,7.5],"rotation":270,"texture":"#3"}}},{"from":[5.4211,-10.6041,6.45],"to":[10.8211,8.3959,9.55],"rotation":{"angle":0,"axis":"z","origin":[6.9211,-3.1041,6.15]},"faces":{"north":{"uv":[3.25,7.75,13.75,9.51],"rotation":270,"texture":"#3"},"south":{"uv":[3.25,9.51,13.75,7.75],"rotation":270,"texture":"#3"},"down":{"uv":[0,0,1,1],"texture":"#missing"}}},{"from":[5.4201,7.86712,6.89162],"to":[8.8201,9.66712,7.09162],"rotation":{"angle":22.5,"axis":"x","origin":[6.32035,9.2416,8]},"faces":{"north":{"uv":[12.75,8.25,13.75,9.51],"rotation":270,"texture":"#3"},"east":{"uv":[3,11.5,3.5,12],"rotation":270,"texture":"#3"},"south":{"uv":[8.5,8,8.75,8.25],"rotation":270,"texture":"#3"},"up":{"uv":[0,7,0.5,7.5],"rotation":270,"texture":"#3"},"down":{"uv":[0,0,1,1],"texture":"#missing"}}},{"from":[5.4201,7.86712,8.90838],"to":[8.8201,9.66712,9.10838],"rotation":{"angle":-22.5,"axis":"x","origin":[6.32035,9.2416,8]},"faces":{"north":{"uv":[8.5,8,8.75,8.25],"rotation":270,"texture":"#3"},"east":{"uv":[3,11.5,3.5,12],"rotation":90,"texture":"#3"},"south":{"uv":[12.75,8.25,13.75,9.51],"rotation":90,"texture":"#3"},"up":{"uv":[0,7,0.5,7.5],"rotation":270,"texture":"#3"},"down":{"uv":[0,1,1,0],"texture":"#missing"}}},{"from":[5.4201,7.86712,8.00838],"to":[5.6211,9.66712,9.10838],"rotation":{"angle":-22.5,"axis":"x","origin":[6.32035,9.2416,8]},"faces":{"east":{"uv":[8.5,8,8.75,8.25],"rotation":270,"texture":"#3"},"west":{"uv":[5.5,10.5,7,11.25],"rotation":270,"texture":"#3"},"up":{"uv":[0,7,0.5,7.5],"rotation":270,"texture":"#3"}}},{"from":[5.4201,7.86712,6.89162],"to":[5.6211,9.66712,7.99162],"rotation":{"angle":22.5,"axis":"x","origin":[6.32035,9.2416,8]},"faces":{"east":{"uv":[8.5,8,8.75,8.25],"rotation":270,"texture":"#3"},"west":{"uv":[0.5,9.5,2,10.25],"rotation":270,"texture":"#3"},"up":{"uv":[0,7,0.5,7.5],"rotation":270,"texture":"#3"}}},{"from":[5.4211,8.3959,7.30315],"to":[5.6211,9.6459,8.60315],"rotation":{"angle":0,"axis":"x","origin":[6.9711,8.3959,6.50315]},"faces":{"east":{"uv":[8.5,8,8.75,8.25],"rotation":270,"texture":"#3"},"west":{"uv":[0.5,9.75,2,10.75],"rotation":270,"texture":"#3"}}},{"from":[5.4211,7.3959,6.55],"to":[10.7211,7.8969,9.45],"rotation":{"angle":0,"axis":"z","origin":[6.9211,-0.6041,9.85]},"faces":{"up":{"uv":[6.25,8,8,9],"texture":"#3"}}},{"from":[5.8211,7.86282,6.83889],"to":[9.2211,8.76282,8.03989],"rotation":{"angle":0,"axis":"x","origin":[8.0711,12.1464,7]},"faces":{"north":{"uv":[1.25,8.75,3.5,9.5],"texture":"#3"},"south":{"uv":[1.5,7.5,3.75,8.25],"texture":"#3"},"west":{"uv":[3.5,11,4.25,11.75],"rotation":180,"texture":"#3"},"up":{"uv":[3.25,8,5.5,9],"texture":"#3"}}},{"from":[8.74181,7.60571,6.83889],"to":[10.14181,8.50571,8.03889],"rotation":{"angle":-45,"axis":"z","origin":[9.29181,8.05571,7.43939]},"faces":{"north":{"uv":[1.25,8.75,2.25,9.5],"texture":"#3"},"south":{"uv":[1.5,7.5,2.5,8.25],"texture":"#3"},"west":{"uv":[3.5,11,4.25,11.75],"rotation":180,"texture":"#3"},"up":{"uv":[2.5,11,3.5,12],"texture":"#3"}}}]}