{"credit":"thebradqq's guns","textures":{"0":"mgs:gun/m9details","1":"mgs:gun/rubber_cross","2":"mgs:gun/metal","3":"mgs:gun/metal_bright","4":"mgs:gun/metal_brighter","5":"mgs:gun/metal_dark","6":"mgs:misc/reticles","particle":"mgs:misc/reticles"},"gui_light":"front","display":{"thirdperson_righthand":{"rotation":[0,90,0],"translation":[-0.38,0.25,0.75],"scale":[0.28,0.28,0.28]},"thirdperson_lefthand":{"rotation":[90,90,45],"translation":[-2,-2,6],"scale":[0.28,0.28,0.28]},"firstperson_righthand":{"rotation":[0,90,0],"translation":[-8.960149253731343,6.290149253731342,5.5],"scale":[0.275,0.35,0.35]},"firstperson_lefthand":{"translation":[12,-2,0],"scale":[0,0,0]},"ground":{"translation":[0,3,0],"scale":[0.28,0.28,0.28]},"gui":{"rotation":[0,0,40],"translation":[-1,0,0],"scale":[0.46,0.46,0.46]},"head":{"scale":[0.56,0.56,0.56]},"fixed":{"rotation":[0,180,0],"translation":[2.25,1.75,-1.75],"scale":[0.56,0.56,0.56]}},"elements":[{"from":[9.3,5.45,7.649],"to":[10.05,7.1,8.351],"rotation":{"angle":0,"axis":"y","origin":[9,8.1,8.149]},"faces":{"north":{"uv":[7,8.5,7.5,9],"rotation":270,"texture":"#5"},"east":{"uv":[9,7.75,9.5,8.75],"texture":"#5"},"south":{"uv":[7,8.5,7.5,9],"rotation":270,"texture":"#5"},"west":{"uv":[9,7.75,9.5,8.75],"texture":"#5"},"down":{"uv":[15.75,15.75,16,16],"rotation":270,"texture":"#5"}}},{"from":[9.8,11.2,7.81103],"to":[27.3,11.55,8.18897],"rotation":{"angle":0,"axis":"y","origin":[16.8,12.15,7.9]},"faces":{"east":{"uv":[8.5,7.5,9,8],"texture":"#5"},"up":{"uv":[8.5,0.5,9,0.75],"rotation":270,"texture":"#2"},"down":{"uv":[15.75,15.75,16,16],"texture":"#5"}}},{"from":[9.8,12.75,7.81103],"to":[27.301,13.1,8.18897],"rotation":{"angle":0,"axis":"y","origin":[16.8,12.15,8]},"faces":{"east":{"uv":[5.75,2.5,6.25,3],"rotation":180,"texture":"#2"},"up":{"uv":[0,4.25,13.5,5],"texture":"#4"},"down":{"uv":[15.75,15.75,16,16],"rotation":90,"texture":"#5"}}},{"from":[9.8,11.96103,7.05],"to":[27.3,12.33897,7.4],"rotation":{"angle":0,"axis":"y","origin":[16.8,12.15,8]},"faces":{"north":{"uv":[0,8,13,8.75],"rotation":180,"texture":"#5"},"east":{"uv":[3.75,11.75,4.25,12.25],"rotation":90,"texture":"#5"},"south":{"uv":[9,7.5,9.25,8],"texture":"#5"}}},{"from":[9.8,11.96103,8.6],"to":[27.3,12.33897,8.95],"rotation":{"angle":0,"axis":"y","origin":[16.8,12.15,8]},"faces":{"north":{"uv":[6,2,6.25,2.5],"rotation":180,"texture":"#5"},"east":{"uv":[3.75,11.75,4.25,12.25],"rotation":270,"texture":"#5"},"south":{"uv":[0,8,13,8.75],"rotation":180,"texture":"#5"}}},{"from":[9.8,11.96103,7.05],"to":[27.299,12.33897,7.4],"rotation":{"angle":22.5,"axis":"x","origin":[16.8,12.15,8]},"faces":{"north":{"uv":[0,4.75,13,5.5],"texture":"#5"},"east":{"uv":[3.75,11.75,4.25,12.25],"rotation":270,"texture":"#5"},"south":{"uv":[9,8,9.25,8.5],"rotation":180,"texture":"#5"}}},{"from":[9.8,11.96103,8.6],"to":[27.3,12.33897,8.95],"rotation":{"angle":22.5,"axis":"x","origin":[16.8,12.15,8]},"faces":{"north":{"uv":[6,2,6.25,2.5],"rotation":180,"texture":"#5"},"east":{"uv":[2.75,6.75,3.25,7.25],"rotation":270,"texture":"#5"},"south":{"uv":[15.75,15.75,16,16],"texture":"#5"}}},{"from":[9.8,11.96103,7.05],"to":[27.3,12.33897,7.4],"rotation":{"angle":-22.5,"axis":"x","origin":[16.8,12.15,8]},"faces":{"north":{"uv":[15.75,15.75,16,16],"texture":"#5"},"east":{"uv":[2.75,6.75,3.25,7.25],"rotation":90,"texture":"#5"},"south":{"uv":[6.25,2.25,6.5,2.75],"rotation":180,"texture":"#5"}}},{"from":[9.8,11.96103,8.6],"to":[27.299,12.33897,8.95],"rotation":{"angle":-22.5,"axis":"x","origin":[16.8,12.15,8]},"faces":{"north":{"uv":[12.75,7.75,13,8.25],"rotation":180,"texture":"#2"},"east":{"uv":[3.75,11.75,4.25,12.25],"rotation":90,"texture":"#5"},"south":{"uv":[0,5.5,13,6.25],"texture":"#5"}}},{"from":[9.8,11.2,7.81103],"to":[27.3,11.55,8.18897],"rotation":{"angle":-45,"axis":"x","origin":[16.8,12.15,8]},"faces":{"east":{"uv":[2.75,6.75,3.25,7.25],"rotation":180,"texture":"#5"},"up":{"uv":[8.5,0.5,9,0.75],"rotation":270,"texture":"#5"},"down":{"uv":[15.75,15.75,16,16],"texture":"#5"}}},{"from":[9.8,12.75,7.81103],"to":[27.3,13.1,8.18897],"rotation":{"angle":-45,"axis":"x","origin":[16.8,12.15,8]},"faces":{"east":{"uv":[5.5,4.75,6,5.25],"texture":"#5"},"up":{"uv":[0,4.5,13.5,5.25],"rotation":180,"texture":"#2"},"down":{"uv":[9,8,9.25,8.5],"rotation":180,"texture":"#5"}}},{"from":[9.8,11.2,7.81103],"to":[27.3,11.55,8.18897],"rotation":{"angle":45,"axis":"x","origin":[16.8,12.15,8]},"faces":{"east":{"uv":[2.75,6.75,3.25,7.25],"rotation":180,"texture":"#5"},"up":{"uv":[6.75,1.75,7,2.25],"texture":"#5"},"down":{"uv":[15.75,15.75,16,16],"texture":"#5"}}},{"from":[9.8,12.75,7.81103],"to":[27.3,13.1,8.18897],"rotation":{"angle":45,"axis":"x","origin":[16.8,12.15,8]},"faces":{"north":{"uv":[9,8,9.25,8.5],"texture":"#5"},"east":{"uv":[5.5,4.75,6,5.25],"texture":"#5"},"up":{"uv":[0,5,13,5.75],"texture":"#5"},"down":{"uv":[9,8,9.25,8.5],"rotation":180,"texture":"#5"}}},{"from":[9.8,11.2,7.81103],"to":[27.3,11.55,8.18897],"rotation":{"angle":-22.5,"axis":"x","origin":[16.8,12.15,8]},"faces":{"east":{"uv":[8.5,7.5,9,8],"texture":"#5"},"up":{"uv":[8,0,8.25,0.5],"texture":"#2"},"down":{"uv":[15.75,15.75,16,16],"texture":"#5"}}},{"from":[9.8,12.75,7.81103],"to":[27.3005,13.1,8.18897],"rotation":{"angle":-22.5,"axis":"x","origin":[16.8,12.15,8]},"faces":{"east":{"uv":[5.75,2.5,6.25,3],"rotation":180,"texture":"#5"},"up":{"uv":[0.25,4.5,13.75,5.25],"rotation":180,"texture":"#4"},"down":{"uv":[9.75,8,10,8.25],"rotation":90,"texture":"#5"}}},{"from":[9.8,11.2,7.81103],"to":[27.3,11.55,8.18897],"rotation":{"angle":22.5,"axis":"x","origin":[16.8,12.15,8]},"faces":{"east":{"uv":[8.5,7.5,9,8],"texture":"#5"},"up":{"uv":[0,0,0.25,0.5],"texture":"#2"},"down":{"uv":[15.75,15.75,16,16],"texture":"#5"}}},{"from":[9.8,12.75,7.81103],"to":[27.3005,13.1,8.18897],"rotation":{"angle":22.5,"axis":"x","origin":[16.8,12.15,8]},"faces":{"east":{"uv":[5.75,2.5,6.25,3],"rotation":180,"texture":"#5"},"up":{"uv":[0,4.5,13.5,5.25],"texture":"#2"},"down":{"uv":[9.75,8,10,8.25],"rotation":90,"texture":"#5"}}},{"from":[0.8,9.8,6.399],"to":[10.3,12.2,9.601],"rotation":{"angle":0,"axis":"y","origin":[7.9,8,8.399]},"faces":{"north":{"uv":[6,0,16,4],"texture":"#0"},"east":{"uv":[8,4.75,8.5,7.25],"rotation":90,"texture":"#5"},"south":{"uv":[6,0,16,4],"texture":"#0"},"west":{"uv":[5,8,8,10.5],"rotation":180,"texture":"#2"},"up":{"uv":[8.5,4.75,13.5,7.25],"rotation":180,"texture":"#2"},"down":{"uv":[15.75,15.75,16,16],"rotation":90,"texture":"#5"}}},{"from":[13.4,9.8,6.399],"to":[23.4,12.2,9.601],"rotation":{"angle":0,"axis":"y","origin":[7.9,8,8.399]},"faces":{"north":{"uv":[0,0,11,4],"texture":"#0"},"south":{"uv":[0,0,11,4],"texture":"#0"},"west":{"uv":[8,4.75,8.5,7.25],"rotation":90,"texture":"#5"},"up":{"uv":[8,4.75,14.5,7.25],"rotation":180,"texture":"#2"},"down":{"uv":[15.75,15.75,16,16],"rotation":90,"texture":"#5"}}},{"from":[10.3,9.8,6.399],"to":[13.4,11.8,9.601],"rotation":{"angle":0,"axis":"y","origin":[7.9,8,8.399]},"faces":{"north":{"uv":[0,0.5,3.25,4],"texture":"#0"},"south":{"uv":[0,0.5,3.25,4],"texture":"#0"},"up":{"uv":[8,4.75,10,7.25],"rotation":180,"texture":"#2"},"down":{"uv":[15.75,15.75,16,16],"rotation":90,"texture":"#5"}}},{"from":[0.799,11.65,7.5],"to":[2.199,12.65,8.5],"rotation":{"angle":0,"axis":"y","origin":[7.9,8,9.5]},"faces":{"west":{"uv":[7.5,4,10.5,7],"texture":"#0"}}},{"from":[0,9.8,6.4],"to":[1.7,12.2,7.449],"rotation":{"angle":-22.5,"axis":"z","origin":[0,12.2,6.5]},"faces":{"north":{"uv":[10.5,1,13,4],"texture":"#0"},"south":{"uv":[6.25,10.25,7.25,12],"rotation":90,"texture":"#5"},"west":{"uv":[9,4.75,11,5.75],"rotation":90,"texture":"#2"},"down":{"uv":[15.75,15.75,16,16],"rotation":90,"texture":"#5"}}},{"from":[0,11.75,6.401],"to":[0.8,12.2,7.451],"rotation":{"angle":0,"axis":"y","origin":[0.8,12.2,6.5]},"faces":{"north":{"uv":[15.5,0.5,16,1],"texture":"#0"},"up":{"uv":[8.5,4.75,9.25,5.5],"texture":"#2"}}},{"from":[0,9.8,8.551],"to":[1.7,12.2,9.6],"rotation":{"angle":-22.5,"axis":"z","origin":[0,12.2,9.5]},"faces":{"north":{"uv":[6.25,10.25,7.25,12],"rotation":270,"texture":"#5"},"south":{"uv":[10.5,1,13,4],"texture":"#0"},"west":{"uv":[9,4.75,11,5.75],"rotation":270,"texture":"#2"},"down":{"uv":[15.75,15.75,16,16],"rotation":90,"texture":"#5"}}},{"from":[0,11.75,8.549],"to":[0.8,12.2,9.599],"rotation":{"angle":0,"axis":"y","origin":[0.8,12.2,9.5]},"faces":{"south":{"uv":[15.5,0.5,16,1],"texture":"#0"},"up":{"uv":[8.5,4.75,9.25,5.5],"rotation":180,"texture":"#2"}}},{"from":[0.8,12.2,6.65],"to":[1.8,13.1,9.35],"rotation":{"angle":0,"axis":"y","origin":[0.7,12.2,7.225]},"faces":{"north":{"uv":[7.75,4.25,9,5.25],"texture":"#5"},"east":{"uv":[7.5,4.75,8.75,5.75],"texture":"#5"},"south":{"uv":[7.75,4.25,9,5.25],"texture":"#5"},"west":{"uv":[4.5,4.25,7.5,5.25],"texture":"#5"},"up":{"uv":[11.25,6.25,12,8.25],"texture":"#4"}}},{"from":[0.8,11.9,8.5501],"to":[1.8,13.1,9.3481],"rotation":{"angle":-45,"axis":"z","origin":[0.8,13.1,8.0001]},"faces":{"north":{"uv":[6.25,11.5,7.25,12.5],"rotation":270,"texture":"#5"},"south":{"uv":[7.75,4.25,9,5.25],"rotation":270,"texture":"#5"},"west":{"uv":[10.25,4.5,11,5.25],"rotation":270,"texture":"#2"},"down":{"uv":[9.25,10.25,10.25,10.75],"rotation":180,"texture":"#2"}}},{"from":[0.8,11.9,6.651],"to":[1.8,13.1,7.449],"rotation":{"angle":-45,"axis":"z","origin":[0.8,13.1,7.9999]},"faces":{"north":{"uv":[7.75,4.25,9,5.25],"rotation":90,"texture":"#5"},"south":{"uv":[6.25,11.5,7.25,12.5],"rotation":90,"texture":"#5"},"west":{"uv":[10.25,4.25,11,5],"rotation":90,"texture":"#2"},"down":{"uv":[9.25,10.25,10.25,10.75],"rotation":180,"texture":"#2"}}},{"from":[23.4,9.8,6.4],"to":[25.1,12.201,7.4],"rotation":{"angle":-22.5,"axis":"y","origin":[23.4,10.5,6.4]},"faces":{"north":{"uv":[0,0,2,4],"texture":"#0"},"up":{"uv":[8,4.75,8.25,5.5],"texture":"#2"},"down":{"uv":[15.75,15.75,16,16],"rotation":90,"texture":"#5"}}},{"from":[23.4,9.8,8.6],"to":[25.1,12.201,9.6],"rotation":{"angle":22.5,"axis":"y","origin":[23.4,10.5,9.6]},"faces":{"south":{"uv":[0,0,2,4],"texture":"#0"},"up":{"uv":[8,4.75,8.25,5.5],"rotation":180,"texture":"#2"},"down":{"uv":[15.75,15.75,16,16],"rotation":90,"texture":"#5"}}},{"from":[15.9,8.8,6.75],"to":[23.9625,9.79783,9.25],"rotation":{"angle":0,"axis":"y","origin":[15.48125,8.99891,9.75]},"faces":{"north":{"uv":[3,8,10,9.25],"texture":"#2"},"east":{"uv":[6.75,8,7,8.75],"texture":"#5"},"south":{"uv":[3,8,10,9.25],"texture":"#2"}}},{"from":[22.7,9.05,7.1],"to":[26.2,10.10804,8.9],"rotation":{"angle":0,"axis":"y","origin":[24.45,9.22902,8]},"faces":{"north":{"uv":[2.75,10.75,5.25,12],"texture":"#2"},"east":{"uv":[7.25,6.75,8,7.75],"rotation":90,"texture":"#5"},"south":{"uv":[2.75,10.75,5.25,12],"texture":"#2"}}},{"from":[25.701,9.05,7.6],"to":[26.201,9.38137,8.4],"rotation":{"angle":22.5,"axis":"x","origin":[25.95,9.21569,8]},"faces":{"east":{"uv":[8.5,4.5,9.5,6.5],"rotation":90,"texture":"#0"}}},{"from":[25.703,8.81569,7.83431],"to":[26.203,9.61569,8.16569],"rotation":{"angle":22.5,"axis":"x","origin":[25.95,9.21569,8]},"faces":{"east":{"uv":[8.5,4.5,9.5,6.5],"texture":"#0"}}},{"from":[25.702,9.05,7.6],"to":[26.202,9.38137,8.4],"rotation":{"angle":-22.5,"axis":"x","origin":[25.95,9.21569,8]},"faces":{"east":{"uv":[8.5,4.5,9.5,6.5],"rotation":270,"texture":"#0"}}},{"from":[25.702,8.81569,7.83431],"to":[26.202,9.61569,8.16569],"rotation":{"angle":-22.5,"axis":"x","origin":[25.95,9.21569,8]},"faces":{"east":{"uv":[8.5,4.5,9.5,6.5],"texture":"#0"}}},{"from":[22.7,8.32902,7.82098],"to":[26.2,9.12902,8.17902],"rotation":{"angle":-22.5,"axis":"x","origin":[24.45,9.22902,8]},"faces":{"east":{"uv":[7.5,8.5,7.75,9.5],"texture":"#2"},"down":{"uv":[4.5,7.75,7,8.25],"texture":"#5"}}},{"from":[22.7,9.05,8.1],"to":[26.2,9.40804,8.9],"rotation":{"angle":45,"axis":"x","origin":[24.45,9.22902,8]},"faces":{"east":{"uv":[7.5,8.5,7.75,9.5],"rotation":90,"texture":"#2"},"south":{"uv":[4.5,5.5,7,6],"texture":"#5"}}},{"from":[22.7,8.32902,7.82098],"to":[26.2,9.12902,8.17902],"rotation":{"angle":0,"axis":"y","origin":[24.45,9.22902,8]},"faces":{"east":{"uv":[7.5,8.5,7.75,9.5],"texture":"#2"},"down":{"uv":[15.75,15.75,16,16],"texture":"#5"}}},{"from":[22.7,8.32902,7.82098],"to":[26.2,9.12902,8.17902],"rotation":{"angle":22.5,"axis":"x","origin":[24.45,9.22902,8]},"faces":{"east":{"uv":[7.5,8.5,7.75,9.5],"texture":"#2"},"down":{"uv":[4.5,7.75,7,8.25],"rotation":180,"texture":"#5"}}},{"from":[22.7,9.05,7.1],"to":[26.2,9.40804,7.9],"rotation":{"angle":-45,"axis":"x","origin":[24.45,9.22902,8]},"faces":{"north":{"uv":[4.5,5.5,7,6],"texture":"#5"},"east":{"uv":[7.5,8.5,7.75,9.5],"rotation":270,"texture":"#2"}}},{"from":[22.7,9.05,7.1],"to":[26.2,9.40804,7.9],"rotation":{"angle":-22.5,"axis":"x","origin":[24.45,9.22902,8]},"faces":{"north":{"uv":[4.5,5,7,5.5],"texture":"#5"},"east":{"uv":[7.5,8.5,7.75,9.5],"rotation":270,"texture":"#2"}}},{"from":[22.7,9.05,8.1],"to":[26.2,9.40804,8.9],"rotation":{"angle":22.5,"axis":"x","origin":[24.45,9.22902,8]},"faces":{"east":{"uv":[7.5,8.5,7.75,9.5],"rotation":90,"texture":"#2"},"south":{"uv":[4.5,5,7,5.5],"texture":"#5"}}},{"from":[16.001,7.99891,8.05109],"to":[23.9635,8.99891,8.44891],"rotation":{"angle":-22.5,"axis":"x","origin":[15.48125,8.99891,8.25]},"faces":{"east":{"uv":[7,8,7.25,8.25],"texture":"#5"},"down":{"uv":[3.25,8,10.25,8.5],"rotation":180,"texture":"#5"}}},{"from":[16,7.99891,7.55109],"to":[23.9625,8.99891,8.44891],"rotation":{"angle":0,"axis":"y","origin":[15.48125,8.99891,10.25]},"faces":{"east":{"uv":[15.75,15.75,16,16],"texture":"#5"},"down":{"uv":[15.75,15.75,16,16],"rotation":90,"texture":"#5"}}},{"from":[16.001,7.99891,7.55109],"to":[23.9635,8.99891,7.94891],"rotation":{"angle":22.5,"axis":"x","origin":[15.48125,8.99891,7.75]},"faces":{"east":{"uv":[7,8,7.25,8.25],"texture":"#5"},"down":{"uv":[3.25,8,10.25,8.5],"texture":"#5"}}},{"from":[16,8.8,6.75],"to":[23.9625,9.19783,7.75],"rotation":{"angle":-45,"axis":"x","origin":[15.48125,8.99891,7.75]},"faces":{"north":{"uv":[3,7.75,10,8.25],"texture":"#5"},"east":{"uv":[7,7.75,7.25,8],"texture":"#5"}}},{"from":[16,8.8,8.25],"to":[23.9625,9.19783,9.25],"rotation":{"angle":45,"axis":"x","origin":[15.48125,8.99891,8.25]},"faces":{"east":{"uv":[7,7.75,7.25,8],"texture":"#5"},"south":{"uv":[3,7.75,10,8.25],"texture":"#5"}}},{"from":[16,8.8,6.75],"to":[23.9625,9.19783,7.75],"rotation":{"angle":-22.5,"axis":"x","origin":[15.48125,8.99891,7.75]},"faces":{"north":{"uv":[2.75,8.75,9.75,9.25],"texture":"#5"},"east":{"uv":[7,7.5,7.25,7.75],"texture":"#5"}}},{"from":[16,8.8,8.25],"to":[23.9625,9.19783,9.25],"rotation":{"angle":22.5,"axis":"x","origin":[15.48125,8.99891,8.25]},"faces":{"east":{"uv":[7,7.5,7.25,7.75],"texture":"#5"},"south":{"uv":[2.75,8.75,9.75,9.25],"texture":"#5"}}},{"from":[24.1995,12,7.85],"to":[26.1995,12.47739,9.25],"rotation":{"angle":-22.5,"axis":"x","origin":[25.25,12.2387,8.05]},"faces":{"east":{"uv":[11.75,7.5,12,8],"rotation":270,"texture":"#5"},"south":{"uv":[10.25,4.75,11.25,5.25],"rotation":180,"texture":"#3"},"west":{"uv":[8,4.75,8.5,6.75],"rotation":90,"texture":"#5"}}},{"from":[1.8,11.5,7.85],"to":[10.2,12.47739,9.25],"rotation":{"angle":-22.5,"axis":"x","origin":[9.25,12.2387,8.05]},"faces":{"east":{"uv":[8,4.75,8.5,6.75],"rotation":270,"texture":"#5"},"south":{"uv":[7.75,4.75,13,6.25],"texture":"#5"}}},{"from":[24.1995,12,6.75],"to":[26.1995,12.47739,8.15],"rotation":{"angle":22.5,"axis":"x","origin":[25.25,12.2387,7.95]},"faces":{"north":{"uv":[10.25,4.75,11.25,5.25],"rotation":180,"texture":"#3"},"east":{"uv":[11.75,7.5,12,8],"rotation":90,"texture":"#5"},"west":{"uv":[8,4.75,8.5,6.75],"rotation":270,"texture":"#5"}}},{"from":[1.8,11.5,6.75],"to":[10.2,12.47739,8.15],"rotation":{"angle":22.5,"axis":"x","origin":[9.25,12.2387,7.95]},"faces":{"north":{"uv":[7.75,4.75,13,6.25],"texture":"#5"},"east":{"uv":[8,4.75,8.5,6.75],"rotation":90,"texture":"#5"}}},{"from":[24.2,12.0387,7.7113],"to":[26.2,13.4387,8.18869],"rotation":{"angle":-45,"axis":"x","origin":[25.25,12.2387,7.95]},"faces":{"east":{"uv":[15.75,15.25,16,15.75],"texture":"#5"},"west":{"uv":[8,4.5,8.5,6.5],"texture":"#5"},"up":{"uv":[10.25,4.75,11.25,5.25],"rotation":180,"texture":"#3"}}},{"from":[1.8,12.0387,7.7113],"to":[10.2,13.4387,8.18869],"rotation":{"angle":-45,"axis":"x","origin":[9.25,12.2387,7.95]},"faces":{"east":{"uv":[8.5,4.5,9,6.5],"texture":"#5"},"west":{"uv":[9.25,4.75,9.75,5],"rotation":90,"texture":"#2"},"up":{"uv":[8.25,4.5,13.5,5.25],"rotation":180,"texture":"#2"}}},{"from":[24.2,12.0387,7.7113],"to":[26.2,13.4387,8.18869],"rotation":{"angle":-22.5,"axis":"x","origin":[25.25,12.2387,7.95]},"faces":{"east":{"uv":[15.75,15.25,16,15.75],"texture":"#5"},"west":{"uv":[8,4.25,8.5,6.25],"texture":"#5"},"up":{"uv":[10.25,4.75,11.25,5.25],"rotation":180,"texture":"#4"}}},{"from":[1.8,12.0387,7.7113],"to":[10.2,13.4387,8.18869],"rotation":{"angle":-22.5,"axis":"x","origin":[9.25,12.2387,7.95]},"faces":{"east":{"uv":[8,4.25,8.5,6.25],"texture":"#5"},"west":{"uv":[9.25,4.25,9.75,5],"rotation":90,"texture":"#2"},"up":{"uv":[9,4,14.25,4.75],"rotation":180,"texture":"#3"}}},{"from":[24.2,12.0387,7.71131],"to":[26.2,13.4387,8.2887],"rotation":{"angle":0,"axis":"y","origin":[25.25,12.2387,8.05]},"faces":{"east":{"uv":[15.75,15.25,16,15.75],"texture":"#5"},"west":{"uv":[8,4.5,8.5,6.5],"texture":"#2"},"up":{"uv":[7.75,2,8.75,2.75],"rotation":180,"texture":"#4"}}},{"from":[1.8,12.0387,7.71131],"to":[10.2,13.4387,8.2887],"rotation":{"angle":0,"axis":"y","origin":[9.25,12.2387,8.05]},"faces":{"east":{"uv":[8,4.5,8.5,6.5],"texture":"#2"},"west":{"uv":[9,4.25,9.5,4.5],"rotation":90,"texture":"#2"},"up":{"uv":[8.5,4.25,13.75,5],"texture":"#4"}}},{"from":[24.2,12.0387,7.81131],"to":[26.2,13.4387,8.2887],"rotation":{"angle":22.5,"axis":"x","origin":[25.25,12.2387,8.05]},"faces":{"east":{"uv":[15.75,15.25,16,15.75],"texture":"#5"},"west":{"uv":[8,4.25,8.5,6.25],"texture":"#5"},"up":{"uv":[10.25,4.75,11.25,5.25],"texture":"#4"}}},{"from":[1.8,12.0387,7.81131],"to":[10.2,13.4387,8.2887],"rotation":{"angle":22.5,"axis":"x","origin":[9.25,12.2387,8.05]},"faces":{"east":{"uv":[8,4.25,8.5,6.25],"texture":"#5"},"west":{"uv":[9.25,4.25,9.75,5],"rotation":270,"texture":"#2"},"up":{"uv":[9,4,14.25,4.75],"texture":"#3"}}},{"from":[24.2,12,7.85],"to":[26.2,12.47739,9.25],"rotation":{"angle":-45,"axis":"x","origin":[25.25,12.2387,8.05]},"faces":{"east":{"uv":[15.75,15.25,16,15.75],"rotation":270,"texture":"#5"},"south":{"uv":[10.25,4.75,11.25,5.25],"texture":"#3"},"west":{"uv":[8.5,4.5,9,6.5],"rotation":90,"texture":"#5"}}},{"from":[1.8,12,7.85],"to":[10.2,12.47739,9.25],"rotation":{"angle":-45,"axis":"x","origin":[9.25,12.2387,8.05]},"faces":{"east":{"uv":[8,4.5,8.5,6.5],"rotation":270,"texture":"#5"},"south":{"uv":[8.25,4.5,13.5,5.25],"texture":"#2"},"west":{"uv":[9.25,4.75,9.75,5],"rotation":90,"texture":"#2"}}},{"from":[24.2,10.1,6.75],"to":[26.2,12.4774,9.25],"rotation":{"angle":0,"axis":"y","origin":[9.5,8.3,7.875]},"faces":{"north":{"uv":[14,0,16,4],"texture":"#0"},"east":{"uv":[2,8,4.25,9.5],"rotation":90,"texture":"#3"},"south":{"uv":[14,0,16,4],"texture":"#0"}}},{"from":[25.701,11.5,7.35],"to":[26.201,12.4774,8.65],"rotation":{"angle":0,"axis":"y","origin":[9.5,8.3,7.775]},"faces":{"east":{"uv":[15.75,15.75,16,16],"rotation":90,"texture":"#5"}}},{"from":[23.7,10.6,8.95],"to":[26.199,11.13553,9.25],"rotation":{"angle":45,"axis":"x","origin":[25.2,10.61777,8]},"faces":{"east":{"uv":[7.25,7.5,7.5,7.75],"rotation":90,"texture":"#5"},"south":{"uv":[0,2.5,2,3.5],"texture":"#0"}}},{"from":[23.7,10.6,6.75],"to":[26.199,11.13553,7.05],"rotation":{"angle":-45,"axis":"x","origin":[25.2,10.61777,8]},"faces":{"north":{"uv":[0,2.5,2,3.5],"texture":"#0"},"east":{"uv":[7.25,6.75,7.5,7],"rotation":90,"texture":"#5"}}},{"from":[23.0113,11.9887,6.751],"to":[24.1887,12.4887,9.249],"rotation":{"angle":22.5,"axis":"z","origin":[24.2,12.4887,6.5]},"faces":{"north":{"uv":[14,0,15,0.5],"texture":"#0"},"south":{"uv":[14,0,15,0.5],"texture":"#0"},"up":{"uv":[7,0,7.5,3],"rotation":180,"texture":"#5"}}},{"from":[24.6625,13.4,7.8],"to":[25.55,14,8.2],"rotation":{"angle":0,"axis":"y","origin":[9.8,8.5,8.6]},"faces":{"north":{"uv":[5.5,5.25,6,6.25],"texture":"#2"},"south":{"uv":[5.5,5.25,6,6.25],"texture":"#2"},"west":{"uv":[5.5,5.25,6,6.25],"texture":"#2"},"up":{"uv":[10.25,11.5,10.75,12.5],"rotation":270,"texture":"#2"}}},{"from":[24.661,13.7,7.9],"to":[24.861,13.9,8.1],"rotation":{"angle":0,"axis":"y","origin":[9.8,8.5,8.7]},"faces":{"west":{"uv":[0,6,1,7],"rotation":90,"texture":"#0"}}},{"from":[2.549,13.8,7.65],"to":[2.649,13.9,7.75],"rotation":{"angle":0,"axis":"y","origin":[9.8,8.5,8.7]},"faces":{"west":{"uv":[0,6,1,7],"texture":"#0"}}},{"from":[2.549,13.8,8.25],"to":[2.649,13.9,8.35],"rotation":{"angle":0,"axis":"y","origin":[9.8,8.5,7.3]},"faces":{"west":{"uv":[0,6,1,7],"rotation":90,"texture":"#0"}}},{"from":[25.55,13.5,7.801],"to":[26.35,14,8.199],"rotation":{"angle":-45,"axis":"z","origin":[25.55,14,7.801]},"faces":{"north":{"uv":[5.5,5.25,6,6.25],"texture":"#2"},"south":{"uv":[5.5,5.25,6,6.25],"texture":"#2"},"up":{"uv":[6.5,4.75,7,5.75],"rotation":270,"texture":"#2"}}},{"from":[2.85,11.5,9.2],"to":[4.05,11.9,10.3],"rotation":{"angle":0,"axis":"y","origin":[8,8.1,7.9]},"faces":{"east":{"uv":[15,7.25,16,7.75],"texture":"#5"},"south":{"uv":[14.5,7.5,15.5,8],"texture":"#5"},"up":{"uv":[9.5,7.25,10.5,8.25],"rotation":180,"texture":"#3"},"down":{"uv":[15.75,15.75,16,16],"rotation":90,"texture":"#5"}}},{"from":[2.85,11.5,5.7],"to":[4.05,11.9,6.8],"rotation":{"angle":0,"axis":"y","origin":[8,8.1,8.1]},"faces":{"north":{"uv":[13,7.5,14,8],"texture":"#5"},"east":{"uv":[15,7.25,16,7.75],"texture":"#5"},"up":{"uv":[9.5,7.25,10.5,8.25],"texture":"#3"},"down":{"uv":[15.75,15.75,16,16],"rotation":90,"texture":"#5"}}},{"from":[4.85,9.1,6.2],"to":[6.55,9.5,6.7],"rotation":{"angle":-22.5,"axis":"x","origin":[5.7,9.2,6.25]},"faces":{"north":{"uv":[6.75,7.25,9.25,8],"texture":"#5"},"east":{"uv":[6.75,7.5,8.25,8.25],"texture":"#5"},"west":{"uv":[6.75,7.5,8.25,8.25],"texture":"#5"},"up":{"uv":[9.75,15,10.75,12.75],"texture":"#3"},"down":{"uv":[15.75,15.75,16,16],"rotation":90,"texture":"#5"}}},{"from":[11.15,9.3,6.35],"to":[11.85,9.7,6.85],"rotation":{"angle":-22.5,"axis":"x","origin":[11.7,9.4,6.5]},"faces":{"north":{"uv":[6.75,7.25,8.25,8],"texture":"#5"},"east":{"uv":[6.75,7.5,8.25,8.25],"texture":"#5"},"west":{"uv":[6.75,7.5,8.25,8.25],"texture":"#5"},"up":{"uv":[8.5,12.75,9.5,15.25],"rotation":180,"texture":"#2"},"down":{"uv":[15.75,15.75,16,16],"rotation":90,"texture":"#5"}}},{"from":[1.65,11.5,9.55],"to":[2.85,11.899,10.3],"rotation":{"angle":-45,"axis":"y","origin":[2.85,11.7,10.3]},"faces":{"south":{"uv":[14.25,7.5,15.25,8],"texture":"#5"},"up":{"uv":[9.5,7.25,10.5,8.25],"rotation":180,"texture":"#3"},"down":{"uv":[15.75,15.75,16,16],"rotation":90,"texture":"#5"}}},{"from":[1.5,11.5,5.7],"to":[2.85,11.899,6.45],"rotation":{"angle":22.5,"axis":"y","origin":[2.85,11.7,5.7]},"faces":{"north":{"uv":[15,7.5,16,8],"texture":"#5"},"up":{"uv":[9.5,7.25,10.5,8.25],"texture":"#3"},"down":{"uv":[15.75,15.75,16,16],"rotation":90,"texture":"#5"}}},{"from":[-3.7,8.95,7.5],"to":[0.45,9.85,8.5],"rotation":{"angle":-22.5,"axis":"z","origin":[-1.3,9.55,8]},"faces":{"north":{"uv":[9,4.75,12.5,6],"texture":"#5"},"south":{"uv":[9,4.75,12.5,6],"texture":"#5"},"west":{"uv":[11.25,4.5,12,6.5],"texture":"#2"},"up":{"uv":[9.5,2.75,11.5,6.25],"rotation":270,"texture":"#2"},"down":{"uv":[5.75,12.25,4.75,6.5],"rotation":90,"texture":"#5"}}},{"from":[-3.7,8.35,7.5],"to":[-3.5,8.95,8.5],"rotation":{"angle":-22.5,"axis":"z","origin":[-1.3,9.55,8]},"faces":{"north":{"uv":[9.25,9.75,9.75,10.25],"texture":"#5"},"east":{"uv":[9.5,11.25,10,12],"texture":"#5"},"south":{"uv":[9.25,9.75,9.75,10.25],"texture":"#5"},"west":{"uv":[12.5,4.5,14.5,9],"texture":"#0"}}},{"from":[-2.9,8.35,7.5],"to":[-2.4,8.95,8.5],"rotation":{"angle":-22.5,"axis":"z","origin":[-1.3,9.55,8]},"faces":{"north":{"uv":[9.25,9.75,9.75,10.25],"texture":"#5"},"south":{"uv":[9.25,9.75,9.75,10.25],"texture":"#5"},"west":{"uv":[9.5,11.25,10,12],"texture":"#5"}}},{"from":[-3.7,8.2,7.5],"to":[-2.4,8.35,8.5],"rotation":{"angle":-22.5,"axis":"z","origin":[-1.3,9.55,8]},"faces":{"north":{"uv":[9.25,9.75,9.75,10.25],"texture":"#5"},"east":{"uv":[15.75,15.75,16,16],"rotation":90,"texture":"#5"},"south":{"uv":[9.25,9.75,9.75,10.25],"texture":"#5"},"west":{"uv":[12.5,7.5,14.5,8.5],"texture":"#0"},"up":{"uv":[10.75,4,11.25,5.75],"rotation":90,"texture":"#5"},"down":{"uv":[10.25,5.5,9.25,4],"rotation":90,"texture":"#5"}}},{"from":[-2.8,8.85,7.501],"to":[-1.3,9.45,8.499],"rotation":{"angle":0,"axis":"y","origin":[-2.8,9.05,8.001]},"faces":{"north":{"uv":[9.25,9.75,9.75,10.25],"texture":"#5"},"south":{"uv":[9.25,9.75,9.75,10.25],"texture":"#5"},"down":{"uv":[5.75,12.25,4.75,10.75],"rotation":270,"texture":"#5"}}},{"from":[2.55,13.1125,7.2125],"to":[2.775,13.9375,7.875],"rotation":{"angle":0,"axis":"y","origin":[8.7,7.8,8]},"faces":{"east":{"uv":[5.5,5.25,6,6.25],"texture":"#2"},"south":{"uv":[5.5,5.25,6,6.25],"texture":"#2"},"west":{"uv":[5.5,5.25,6,6.25],"texture":"#2"},"up":{"uv":[7,4.75,7.5,5.75],"rotation":180,"texture":"#2"}}},{"from":[2.55,13.1125,8.125],"to":[2.775,13.9375,8.7875],"rotation":{"angle":0,"axis":"y","origin":[8.7,7.8,8]},"faces":{"north":{"uv":[5.5,5.25,6,6.25],"texture":"#2"},"east":{"uv":[5.5,5.25,6,6.25],"texture":"#2"},"west":{"uv":[5.5,5.25,6,6.25],"texture":"#2"},"up":{"uv":[7,4.75,7.5,5.75],"texture":"#2"}}},{"from":[2.65,13.4125,7.86875],"to":[2.775,13.7375,8.13125],"rotation":{"angle":0,"axis":"y","origin":[8.7,7.8,8.45625]},"faces":{"east":{"uv":[5.5,5.25,6,6.25],"texture":"#2"},"west":{"uv":[5.5,5.25,6,6.25],"texture":"#2"},"up":{"uv":[5.75,5.5,6,5.75],"texture":"#2"}}},{"from":[2.1773,13.01878,7.2125],"to":[2.7523,13.84378,7.475],"rotation":{"angle":-22.5,"axis":"z","origin":[2.4898,13.38128,7.54375]},"faces":{"north":{"uv":[5.5,5,6,6],"texture":"#2"},"south":{"uv":[5.5,5.25,6,6.25],"texture":"#2"},"west":{"uv":[5.5,5,6,6],"texture":"#2"}}},{"from":[2.1773,13.01878,8.525],"to":[2.7523,13.84378,8.7875],"rotation":{"angle":-22.5,"axis":"z","origin":[2.4898,13.38128,8.45625]},"faces":{"north":{"uv":[5.5,5.25,6,6.25],"texture":"#2"},"south":{"uv":[5.5,5,6,6],"texture":"#2"},"west":{"uv":[5.5,5,6,6],"texture":"#2"}}},{"from":[2.6,12.9125,7.212],"to":[3.025,13.9375,7.4745],"rotation":{"angle":22.5,"axis":"z","origin":[2.5125,13.375,7.54375]},"faces":{"north":{"uv":[5.5,5,6,6],"texture":"#2"},"east":{"uv":[5.5,5,6,6],"texture":"#2"},"south":{"uv":[5.5,5.25,6,6.25],"texture":"#2"},"up":{"uv":[5.25,4.5,5.75,5.25],"rotation":270,"texture":"#2"}}},{"from":[2.6,12.9125,8.5255],"to":[3.025,13.9375,8.788],"rotation":{"angle":22.5,"axis":"z","origin":[2.5125,13.375,8.45625]},"faces":{"north":{"uv":[5.5,5.25,6,6.25],"texture":"#2"},"east":{"uv":[5.5,5,6,6],"texture":"#2"},"south":{"uv":[5.5,5,6,6],"texture":"#2"},"up":{"uv":[5.25,4.5,5.75,5.25],"rotation":270,"texture":"#2"}}},{"from":[6.6,7.2,6.75],"to":[15.1,9.8,9.25],"rotation":{"angle":0,"axis":"y","origin":[8,8.1,7.75]},"faces":{"north":{"uv":[3,8,6.5,9.5],"rotation":180,"texture":"#2"},"south":{"uv":[3.5,8,7,9.5],"rotation":180,"texture":"#2"},"down":{"uv":[3.5,8,7,8.25],"rotation":180,"texture":"#5"}}},{"from":[15.1,7.2,6.751],"to":[17.6,9.2,9.249],"rotation":{"angle":45,"axis":"z","origin":[15.1,7.2,6.951]},"faces":{"north":{"uv":[3.75,8,5,9.25],"texture":"#2"},"south":{"uv":[3.75,8,5,9.25],"texture":"#2"},"down":{"uv":[6.5,7.75,7.75,8.5],"rotation":180,"texture":"#5"}}},{"from":[4.1,8.7,8.5],"to":[6.8,9.8,9.5],"rotation":{"angle":0,"axis":"y","origin":[4.3,8,7.5]},"faces":{"south":{"uv":[3.5,11,4.75,12],"texture":"#5"},"down":{"uv":[15.75,15.75,16,16],"rotation":270,"texture":"#5"}}},{"from":[-0.3,5,6.501],"to":[4.1,9.8,9.499],"rotation":{"angle":0,"axis":"y","origin":[4.3,8,8.499]},"faces":{"north":{"uv":[7.5,8.75,10.75,10.75],"rotation":90,"texture":"#2"},"south":{"uv":[7.5,8.75,10.75,10.75],"rotation":90,"texture":"#2"},"west":{"uv":[10.5,3.5,16,10.5],"rotation":90,"texture":"#0"},"up":{"uv":[12.5,2.25,15.5,3.25],"texture":"#5"}}},{"from":[4.1,8,6.5],"to":[10.5,9.8,7.5],"rotation":{"angle":0,"axis":"y","origin":[8,8,7.5]},"faces":{"north":{"uv":[3.5,11,4.75,12],"texture":"#5"},"down":{"uv":[15.75,15.75,16,16],"rotation":270,"texture":"#5"}}},{"from":[10.5,8,6.5],"to":[11.3,9.8,7],"rotation":{"angle":-45,"axis":"y","origin":[10.5,8.75,6.5]},"faces":{"north":{"uv":[3.75,11.25,4,12],"texture":"#5"},"down":{"uv":[15.75,15.75,16,16],"rotation":270,"texture":"#5"}}},{"from":[6.8,8.7,9],"to":[7.6,9.8,9.5],"rotation":{"angle":45,"axis":"y","origin":[6.8,8.75,9.5]},"faces":{"south":{"uv":[2.75,11.25,3,12],"texture":"#5"},"down":{"uv":[15.75,15.75,16,16],"rotation":270,"texture":"#5"}}},{"from":[6.7,7.5,6.5],"to":[10.2,8,8],"rotation":{"angle":0,"axis":"y","origin":[8,8,7.5]},"faces":{"north":{"uv":[4.75,8,6,8.5],"rotation":180,"texture":"#5"},"east":{"uv":[6.75,5,7,5.75],"rotation":180,"texture":"#5"},"down":{"uv":[15.75,15.75,16,16],"rotation":270,"texture":"#5"}}},{"from":[9.5875,7.6125,6.499],"to":[10.0875,8.1125,6.599],"rotation":{"angle":0,"axis":"y","origin":[8,8,8.3125]},"faces":{"north":{"uv":[13,13.5,14.5,15],"texture":"#0"}}},{"from":[12.8875,8.1125,6.549],"to":[13.3875,8.6125,9.251],"rotation":{"angle":0,"axis":"y","origin":[8,8,8.3125]},"faces":{"north":{"uv":[13.5,13,15,14.5],"texture":"#0"},"east":{"uv":[11,4.5,11.25,5.25],"texture":"#5"},"south":{"uv":[13.5,13,15,14.5],"rotation":90,"texture":"#0"},"west":{"uv":[9.5,11.5,9.75,12.25],"rotation":180,"texture":"#5"},"up":{"uv":[11,4.5,11.25,5.25],"rotation":90,"texture":"#5"},"down":{"uv":[15.75,15.75,16,16],"rotation":90,"texture":"#5"}}},{"from":[9.6875,7.5125,9.151],"to":[9.9875,7.8125,9.251],"rotation":{"angle":0,"axis":"y","origin":[8,8,7.6875]},"faces":{"south":{"uv":[13.5,13,14.5,14],"rotation":90,"texture":"#0"}}},{"from":[2.0875,10.8125,9.502],"to":[2.3875,11.1125,9.602],"rotation":{"angle":0,"axis":"y","origin":[8,8,7.6875]},"faces":{"south":{"uv":[0,5.5,1,4.5],"rotation":180,"texture":"#0"}}},{"from":[2.0875,10.8125,6.398],"to":[2.3875,11.1125,6.498],"rotation":{"angle":0,"axis":"y","origin":[8,8,8.3125]},"faces":{"north":{"uv":[0,5.5,1,4.5],"rotation":90,"texture":"#0"}}},{"from":[-3,7.6,7],"to":[-0.1,8.4,9],"rotation":{"angle":0,"axis":"y","origin":[7,7,8.3125]},"faces":{"north":{"uv":[3,4.5,5,5.5],"texture":"#2"},"south":{"uv":[2.5,4.5,4.5,5.5],"texture":"#2"},"west":{"uv":[3,4.5,5,5.5],"texture":"#2"},"up":{"uv":[6.75,1.75,9,3],"rotation":180,"texture":"#3"},"down":{"uv":[6,8,8.75,8.25],"rotation":270,"texture":"#5"}}},{"from":[-2.1,7.5,7.001],"to":[0.1,8,8.999],"rotation":{"angle":-22.5,"axis":"z","origin":[-1.4,8.5,7.501]},"faces":{"north":{"uv":[2.75,5,3,5.25],"texture":"#2"},"south":{"uv":[2.75,5,3,5.25],"texture":"#2"},"down":{"uv":[6,8,8.75,8.25],"rotation":270,"texture":"#5"}}},{"from":[-2,8.15,8.549],"to":[-0.7,8.65,8.999],"rotation":{"angle":22.5,"axis":"z","origin":[-1.5,7.25,7]},"faces":{"north":{"uv":[4.75,10.75,4.25,10.25],"texture":"#5"},"south":{"uv":[3.25,4,3.5,4.25],"texture":"#5"},"up":{"uv":[10.5,4,11,5.25],"rotation":270,"texture":"#2"}}},{"from":[-2,8.15,7.001],"to":[-0.7,8.65,7.451],"rotation":{"angle":22.5,"axis":"z","origin":[-1.5,7.25,9]},"faces":{"north":{"uv":[3.25,4,3.5,4.25],"texture":"#5"},"south":{"uv":[4.75,10.75,4.25,10.25],"texture":"#5"},"up":{"uv":[10.5,4,11,5.25],"rotation":270,"texture":"#2"}}},{"from":[-1.8,7,8.549],"to":[0.6,8.4,9.249],"rotation":{"angle":-45,"axis":"z","origin":[-0.4,8,6.75]},"faces":{"north":{"uv":[4.75,10.75,4.25,10.25],"texture":"#5"},"south":{"uv":[11.75,4.75,12.75,6.75],"rotation":270,"texture":"#2"},"west":{"uv":[10.5,4.25,11.25,5.5],"rotation":180,"texture":"#2"},"down":{"uv":[6,8,8.75,9],"rotation":270,"texture":"#5"}}},{"from":[-1.8,7,6.751],"to":[0.6,8.4,7.451],"rotation":{"angle":-45,"axis":"z","origin":[-0.4,8,9.25]},"faces":{"north":{"uv":[11.5,4.75,12.5,6.75],"rotation":90,"texture":"#2"},"south":{"uv":[4.75,10.75,4.25,10.25],"texture":"#5"},"west":{"uv":[10.75,4.25,11.5,5.5],"rotation":180,"texture":"#2"},"down":{"uv":[6,8,8.75,9],"rotation":270,"texture":"#5"}}},{"from":[-1.75355,7.92929,6.65],"to":[0.64645,9.72929,7.45],"rotation":{"angle":-22.5,"axis":"z","origin":[-0.75355,7.92929,8]},"faces":{"north":{"uv":[11,5,12.25,7],"rotation":90,"texture":"#2"},"south":{"uv":[4.75,10.75,4.25,10.25],"texture":"#5"},"west":{"uv":[11,4.25,12,6.25],"rotation":180,"texture":"#2"},"up":{"uv":[15.75,15.75,16,16],"rotation":90,"texture":"#5"},"down":{"uv":[11.25,4.5,11.5,6.5],"rotation":270,"texture":"#5"}}},{"from":[-1.75355,7.92929,8.55],"to":[0.64645,9.72929,9.35],"rotation":{"angle":-22.5,"axis":"z","origin":[-0.75355,7.92929,8]},"faces":{"north":{"uv":[4.75,10.75,4.25,10.25],"texture":"#5"},"south":{"uv":[11.25,5,12.5,7],"rotation":270,"texture":"#2"},"west":{"uv":[10.75,4.25,11.75,6.25],"rotation":180,"texture":"#2"},"up":{"uv":[15.75,15.75,16,16],"rotation":90,"texture":"#5"},"down":{"uv":[11.25,4.5,11.5,6.5],"rotation":270,"texture":"#5"}}},{"from":[-1.75355,9.92929,6.65],"to":[0.24645,10.62929,7.45],"rotation":{"angle":-22.5,"axis":"z","origin":[-0.75355,7.92929,8]},"faces":{"north":{"uv":[15.75,15.75,16,16],"rotation":90,"texture":"#5"},"south":{"uv":[6.25,10,7,11.75],"rotation":90,"texture":"#5"},"west":{"uv":[9.5,8.75,10.5,9.5],"texture":"#2"},"up":{"uv":[15.75,15.75,16,16],"rotation":90,"texture":"#5"},"down":{"uv":[15.75,15.75,16,16],"rotation":90,"texture":"#5"}}},{"from":[-1.75355,9.92929,8.55],"to":[0.24645,10.62929,9.35],"rotation":{"angle":-22.5,"axis":"z","origin":[-0.75355,7.92929,8]},"faces":{"north":{"uv":[6.25,10,7,11.75],"rotation":270,"texture":"#5"},"south":{"uv":[15.75,15.75,16,16],"rotation":90,"texture":"#5"},"west":{"uv":[9.5,8.75,10.5,9.5],"texture":"#2"},"up":{"uv":[15.75,15.75,16,16],"rotation":90,"texture":"#5"},"down":{"uv":[15.75,15.75,16,16],"rotation":90,"texture":"#5"}}},{"from":[-1.75355,9.72929,6.85],"to":[-0.85355,9.92929,7.45],"rotation":{"angle":-22.5,"axis":"z","origin":[-0.75355,7.92929,8]},"faces":{"north":{"uv":[15.75,15.75,16,16],"rotation":90,"texture":"#5"},"south":{"uv":[4.75,10.75,4.25,10.25],"texture":"#5"},"west":{"uv":[11,5.75,11.75,6],"rotation":180,"texture":"#2"}}},{"from":[-1.75355,9.72929,8.55],"to":[-0.85355,9.92929,9.15],"rotation":{"angle":-22.5,"axis":"z","origin":[-0.75355,7.92929,8]},"faces":{"north":{"uv":[4.75,10.75,4.25,10.25],"texture":"#5"},"south":{"uv":[15.75,15.75,16,16],"rotation":90,"texture":"#5"},"west":{"uv":[11,5.75,11.75,6],"rotation":180,"texture":"#2"}}},{"from":[-0.6,7,7.45],"to":[0.6,7.1,8.55],"rotation":{"angle":-45,"axis":"z","origin":[-0.4,8,9.2]},"faces":{"down":{"uv":[6,8,8.75,9],"rotation":270,"texture":"#5"}}},{"from":[-0.85,5.975,6.75],"to":[-0.15,7.075,9.25],"rotation":{"angle":22.5,"axis":"z","origin":[-0.85,7.475,6.75]},"faces":{"north":{"uv":[2.75,5.5,3.25,6.5],"texture":"#2"},"south":{"uv":[2.75,5.5,3.25,6.5],"texture":"#2"},"west":{"uv":[5.5,11.5,8.25,12.5],"texture":"#5"}}},{"from":[-3.6,-4.4,6.4999],"to":[3.4,-2.6,9.5001],"rotation":{"angle":0,"axis":"y","origin":[-3.6,-2.6,6.4999]},"faces":{"north":{"uv":[3.25,8.5,4.25,11.5],"rotation":270,"texture":"#2"},"east":{"uv":[0,4.75,1.5,7.25],"rotation":90,"texture":"#5"},"south":{"uv":[4.25,8.5,3.25,11.5],"rotation":90,"texture":"#2"},"west":{"uv":[0,12.25,2.25,15.75],"rotation":90,"texture":"#5"},"down":{"uv":[8.75,8,11,12],"rotation":90,"texture":"#5"}}},{"from":[-3.6,-2.6,6.5],"to":[2.9,7.6,9.5],"rotation":{"angle":-22.5,"axis":"z","origin":[-3.6,-2.6,6.5]},"faces":{"north":{"uv":[3.25,8.5,7.75,11.5],"rotation":90,"texture":"#2"},"east":{"uv":[0,4.75,9.25,7.25],"rotation":90,"texture":"#5"},"south":{"uv":[7.75,8.5,3.25,11.5],"rotation":90,"texture":"#2"},"west":{"uv":[10.5,3.5,16,10.5],"rotation":90,"texture":"#0"}}},{"from":[2.9,-0.1,7],"to":[3.4,6.91,9],"rotation":{"angle":-22.5,"axis":"z","origin":[-3.6,-2.6,7]},"faces":{"north":{"uv":[10,7.25,16,7.75],"rotation":270,"texture":"#5"},"east":{"uv":[10.5,3.5,16,10.5],"rotation":90,"texture":"#0"},"south":{"uv":[10,7.25,16,7.75],"rotation":90,"texture":"#5"}}},{"from":[2.9,6.9,6.7498],"to":[3.4,7.51,9.2502],"rotation":{"angle":-22.5,"axis":"z","origin":[-3.6,-2.6,6.7498]},"faces":{"north":{"uv":[12.25,4.5,12.5,5],"rotation":180,"texture":"#2"},"east":{"uv":[4.5,7.25,6.25,7.75],"rotation":180,"texture":"#2"},"south":{"uv":[12.25,4.5,12.5,5],"rotation":180,"texture":"#2"}}},{"from":[-3.6,-5.25,7.6251],"to":[-3.3,-4.62868,8.3749],"rotation":{"angle":0,"axis":"y","origin":[-2.85,-4.93934,8.0001]},"faces":{"north":{"uv":[10.75,4.5,11.25,5.25],"rotation":270,"texture":"#2"},"east":{"uv":[15.75,15.75,16,16],"rotation":90,"texture":"#5"},"south":{"uv":[10.75,4.5,11.25,5.25],"rotation":90,"texture":"#2"},"west":{"uv":[3,4.25,3.75,4.75],"rotation":180,"texture":"#2"}}},{"from":[-2.4,-5.25,7.6251],"to":[-2.1,-4.62868,8.3749],"rotation":{"angle":0,"axis":"y","origin":[-2.85,-4.93934,8.0001]},"faces":{"north":{"uv":[6.25,4.5,6.75,5.25],"rotation":90,"texture":"#2"},"south":{"uv":[6.25,4.5,6.75,5.25],"rotation":270,"texture":"#2"},"west":{"uv":[15.75,15.75,16,16],"rotation":90,"texture":"#5"}}},{"from":[-3.16066,-4.48934,7.625],"to":[-2.53934,-4.18934,8.375],"rotation":{"angle":45,"axis":"z","origin":[-2.85,-4.93934,8]},"faces":{"north":{"uv":[8.5,4.75,9,5.5],"rotation":180,"texture":"#2"},"south":{"uv":[8.5,4.75,9,5.5],"rotation":180,"texture":"#2"},"up":{"uv":[11,12.75,11.75,13.25],"rotation":270,"texture":"#5"},"down":{"uv":[15.75,15.75,16,16],"rotation":90,"texture":"#5"}}},{"from":[-3.16066,-5.68934,7.625],"to":[-2.53934,-5.38934,8.375],"rotation":{"angle":45,"axis":"z","origin":[-2.85,-4.93934,8]},"faces":{"north":{"uv":[3,4.25,3.5,5],"texture":"#2"},"south":{"uv":[3,4.25,3.5,5],"texture":"#2"},"up":{"uv":[13,11.25,13.25,11.5],"rotation":90,"texture":"#5"},"down":{"uv":[1.5,5.25,2.25,5.75],"rotation":270,"texture":"#5"}}},{"from":[-3.16066,-4.48934,7.6249],"to":[-2.53934,-4.18934,8.3751],"rotation":{"angle":0,"axis":"y","origin":[-2.85,-4.93934,7.9999]},"faces":{"north":{"uv":[8,11.25,8.25,12],"texture":"#2"},"south":{"uv":[8,11.25,8.25,12],"texture":"#2"},"down":{"uv":[15.75,15.75,16,16],"rotation":90,"texture":"#5"}}},{"from":[-3.16066,-5.68934,7.6249],"to":[-2.53934,-5.38934,8.3751],"rotation":{"angle":0,"axis":"y","origin":[-2.85,-4.93934,7.9999]},"faces":{"north":{"uv":[3,4.25,3.5,5],"texture":"#2"},"south":{"uv":[3,4.25,3.5,5],"texture":"#2"},"up":{"uv":[11.5,15.75,11.75,16],"rotation":90,"texture":"#5"},"down":{"uv":[1.25,4.75,2,5.25],"rotation":90,"texture":"#5"}}},{"from":[-2.4,-5.25,7.625],"to":[-1.9,-4.62868,8.375],"rotation":{"angle":45,"axis":"z","origin":[-2.85,-4.93934,8]},"faces":{"north":{"uv":[8,11.25,8.25,12],"rotation":270,"texture":"#2"},"south":{"uv":[8,11.25,8.25,12],"rotation":90,"texture":"#2"},"west":{"uv":[15.75,15.75,16,16],"rotation":90,"texture":"#5"}}},{"from":[-3.6,-5.25,7.625],"to":[-3.3,-4.62868,8.375],"rotation":{"angle":45,"axis":"z","origin":[-2.85,-4.93934,8]},"faces":{"north":{"uv":[3,4.25,3.5,5],"rotation":270,"texture":"#2"},"east":{"uv":[13,11.25,13.25,11.5],"rotation":90,"texture":"#5"},"south":{"uv":[3,4.25,3.5,5],"rotation":90,"texture":"#2"},"west":{"uv":[2.25,4.75,3,5.25],"texture":"#2"}}},{"from":[3.4,-4.4,6.999],"to":[3.9,-2.75,9.001],"rotation":{"angle":0,"axis":"y","origin":[0.15,-3.275,7.599]},"faces":{"north":{"uv":[10,7.25,11.75,7.75],"rotation":270,"texture":"#5"},"east":{"uv":[10.5,3.5,16,10.5],"rotation":90,"texture":"#0"},"south":{"uv":[10,7.25,11.75,7.75],"rotation":90,"texture":"#5"}}},{"from":[1.4,11.5,6.2],"to":[3,12.525,7.9],"rotation":{"angle":0,"axis":"y","origin":[2,12.1,7.1]},"faces":{"north":{"uv":[9,5,10,5.75],"texture":"#2"},"east":{"uv":[8.5,5.25,8.75,6],"texture":"#2"},"west":{"uv":[8.5,5.25,8.75,6],"texture":"#2"},"down":{"uv":[15.75,15.75,16,16],"rotation":90,"texture":"#5"}}},{"from":[1.4,12.51768,6.18232],"to":[3,13.11768,6.58232],"rotation":{"angle":45,"axis":"x","origin":[2.2,12.5,6.2]},"faces":{"north":{"uv":[4,1.75,5,2.25],"rotation":180,"texture":"#2"},"east":{"uv":[8.5,5.25,8.75,5.75],"rotation":180,"texture":"#2"},"west":{"uv":[8.5,5.25,8.75,5.75],"rotation":180,"texture":"#2"},"up":{"uv":[5.5,5,6.5,5.5],"texture":"#2"}}},{"from":[14,4.05,7.5],"to":[14.35,5.65,8.5],"rotation":{"angle":0,"axis":"y","origin":[9.85,7.95,8]},"faces":{"north":{"uv":[7,11.5,7.5,12.75],"texture":"#3"},"east":{"uv":[11.5,4,12.75,5.5],"rotation":180,"texture":"#2"},"south":{"uv":[7,11.5,7.5,12.75],"texture":"#3"},"west":{"uv":[9,8,10,8.25],"texture":"#2"}}},{"from":[14.00587,3.54413,7.499],"to":[14.35587,5.10586,8.501],"rotation":{"angle":-22.5,"axis":"z","origin":[18.15587,4.35,7.999]},"faces":{"north":{"uv":[10,4.75,10.5,6.25],"rotation":180,"texture":"#2"},"east":{"uv":[11.25,4.75,12.5,6.25],"rotation":180,"texture":"#2"},"south":{"uv":[10,4.75,10.5,6.25],"rotation":180,"texture":"#2"}}},{"from":[16.5,8.15,7.501],"to":[18.91173,9.35,8.499],"rotation":{"angle":45,"axis":"z","origin":[18.15586,4.35,8.001]},"faces":{"north":{"uv":[10.25,5.5,12.25,6],"rotation":90,"texture":"#5"},"south":{"uv":[10.25,5.5,12.25,6],"rotation":90,"texture":"#5"},"down":{"uv":[9.75,8,11,10.5],"rotation":90,"texture":"#5"}}},{"from":[16.9,8.15,7.5],"to":[18.91173,9.25,8.5],"rotation":{"angle":22.5,"axis":"z","origin":[18.15586,4.35,8]},"faces":{"north":{"uv":[10,5.5,12,6.25],"rotation":90,"texture":"#5"},"south":{"uv":[10,5.5,12,6.25],"rotation":90,"texture":"#5"},"down":{"uv":[9.75,8,10.25,8.25],"rotation":90,"texture":"#5"}}},{"from":[13.65,3.65,7.5],"to":[14.35,4.05,8.5],"rotation":{"angle":0,"axis":"y","origin":[9.85,7.95,8]},"faces":{"north":{"uv":[3.25,2,4,2.5],"texture":"#5"},"east":{"uv":[3.5,4.5,4.75,5],"texture":"#2"},"south":{"uv":[3.5,2,4.25,2.5],"texture":"#5"},"down":{"uv":[3,3.5,4.25,4.25],"rotation":270,"texture":"#5"}}},{"from":[7.4,3.1,7.502],"to":[8.05,3.35,8.498],"rotation":{"angle":0,"axis":"y","origin":[9.93761,5.1,8.002]},"faces":{"north":{"uv":[4.75,2.25,6.75,2.5],"texture":"#5"},"south":{"uv":[4.75,2.25,6.75,2.5],"texture":"#5"},"down":{"uv":[10,8,10.5,8.5],"rotation":90,"texture":"#5"}}},{"from":[9,2.7,7.5],"to":[11.4,2.95,8.5],"rotation":{"angle":0,"axis":"y","origin":[10.2,2.825,8]},"faces":{"north":{"uv":[1,2,3,2.5],"texture":"#5"},"south":{"uv":[1,2,3,2.5],"texture":"#5"},"up":{"uv":[11.5,1.25,12.5,2.25],"rotation":90,"texture":"#2"},"down":{"uv":[9.5,10.5,10.75,12.25],"rotation":270,"texture":"#5"}}},{"from":[11.4,2.7,7.5],"to":[13.95,2.95,8.5],"rotation":{"angle":22.5,"axis":"z","origin":[11.4,2.7,7.5]},"faces":{"north":{"uv":[3.5,2,5.5,2.5],"texture":"#5"},"south":{"uv":[3.5,2,5.5,2.5],"texture":"#5"},"up":{"uv":[9.25,4.5,10.25,5.75],"rotation":270,"texture":"#2"},"down":{"uv":[10,3.25,11.25,5],"rotation":90,"texture":"#5"}}},{"from":[7.6,2.7,7.5],"to":[9,2.95,8.5],"rotation":{"angle":-22.5,"axis":"z","origin":[9,2.7,7.5]},"faces":{"north":{"uv":[4.5,2,6.5,2.5],"texture":"#5"},"south":{"uv":[4.5,2,6.5,2.5],"texture":"#5"},"up":{"uv":[3.5,3.5,4.5,4.25],"rotation":270,"texture":"#2"},"down":{"uv":[10,7.75,11.25,9],"rotation":270,"texture":"#5"}}},{"from":[10.58408,3.59535,7.65],"to":[11.48408,3.94535,8.35],"rotation":{"angle":-22.5,"axis":"z","origin":[11.99408,3.59535,7.65]},"faces":{"north":{"uv":[8.25,12,7.75,11.5],"rotation":270,"texture":"#5"},"east":{"uv":[10.75,5,10.25,4.5],"rotation":180,"texture":"#5"},"south":{"uv":[8.25,11.5,7.75,12],"rotation":270,"texture":"#5"},"up":{"uv":[7.75,12.5,7.25,11.5],"rotation":90,"texture":"#5"},"down":{"uv":[9.5,8.5,9,8],"rotation":270,"texture":"#5"}}},{"from":[5.88761,4.06239,6.75],"to":[6.73761,5.73761,9.25],"rotation":{"angle":0,"axis":"y","origin":[8.93761,5.1,7.25]},"faces":{"north":{"uv":[5,11.25,5.25,12.75],"texture":"#2"},"east":{"uv":[5,11.25,7.25,12.75],"texture":"#2"},"south":{"uv":[5,11.25,5.25,12.75],"texture":"#2"}}},{"from":[6.73761,4.66239,7.5],"to":[6.98761,5.53761,8.5],"rotation":{"angle":0,"axis":"y","origin":[8.93761,5.1,8]},"faces":{"north":{"uv":[7.5,7.75,7.75,8.25],"rotation":180,"texture":"#2"},"east":{"uv":[7.25,4.25,8.25,5],"rotation":180,"texture":"#5"},"south":{"uv":[7.5,7.75,7.75,8.25],"rotation":180,"texture":"#2"}}},{"from":[13.98761,4.76239,7.501],"to":[14.33761,5.63761,8.499],"rotation":{"angle":-22.5,"axis":"z","origin":[12.08761,5.2,8.001]},"faces":{"north":{"uv":[9,11.75,9.5,12.25],"rotation":180,"texture":"#3"},"south":{"uv":[9,11.75,9.5,12.25],"rotation":180,"texture":"#3"},"west":{"uv":[9,8,10,8.75],"texture":"#2"}}},{"from":[6.28761,4.66239,6.75],"to":[6.73761,5.53761,9.25],"rotation":{"angle":-22.5,"axis":"z","origin":[8.93761,5.1,7.25]},"faces":{"north":{"uv":[4.75,10.5,5,11.5],"texture":"#2"},"east":{"uv":[4.75,10.5,7,11.5],"texture":"#2"},"south":{"uv":[4.75,10.5,5,11.5],"texture":"#2"}}},{"from":[6.08761,4.86239,6.499],"to":[6.53761,5.73761,9.499],"rotation":{"angle":-22.5,"axis":"z","origin":[8.73761,5.3,7]},"faces":{"north":{"uv":[0.5,10,1,10.5],"texture":"#3"},"east":{"uv":[10.25,5.5,10.5,6],"rotation":180,"texture":"#5"},"south":{"uv":[0.5,10,1,10.5],"texture":"#3"}}},{"from":[6.73761,4.66239,7.5],"to":[6.98761,5.53761,8.5],"rotation":{"angle":-22.5,"axis":"z","origin":[8.93761,5.1,8]},"faces":{"north":{"uv":[7.5,8,7.75,8.25],"rotation":180,"texture":"#2"},"east":{"uv":[4.75,11.75,5.75,12.5],"texture":"#5"},"south":{"uv":[7.5,8,7.75,8.25],"rotation":180,"texture":"#2"}}},{"from":[13.98761,5.06239,7.501],"to":[14.23761,5.63761,8.499],"rotation":{"angle":-45,"axis":"z","origin":[12.08761,5.2,8.001]},"faces":{"north":{"uv":[3.25,2,3.75,2.25],"rotation":90,"texture":"#5"},"south":{"uv":[3.5,2,4,2.25],"rotation":90,"texture":"#5"},"west":{"uv":[9.25,5.5,10.25,6],"rotation":180,"texture":"#2"}}},{"from":[6.28761,4.46239,6.751],"to":[6.73761,5.53761,8.001],"rotation":{"angle":-45,"axis":"z","origin":[8.93761,5.1,7.25]},"faces":{"north":{"uv":[4.25,8,4.5,9],"texture":"#2"},"east":{"uv":[4.25,8,5.25,9],"texture":"#2"}}},{"from":[6.38761,4.46239,7.999],"to":[6.73761,5.48761,9.249],"rotation":{"angle":-45,"axis":"z","origin":[8.93761,5.1,8.75]},"faces":{"east":{"uv":[4.25,8,5.25,9],"texture":"#2"},"south":{"uv":[4.25,8,4.5,9],"texture":"#2"}}},{"from":[5.58761,4.66239,6.501],"to":[6.53761,5.73761,7.751],"rotation":{"angle":-45,"axis":"z","origin":[8.73761,5.3,7]},"faces":{"north":{"uv":[2,8,2.5,8.5],"texture":"#3"},"east":{"uv":[8.5,7.75,8.75,8.25],"rotation":180,"texture":"#5"}}},{"from":[6.13761,4.66239,8.25],"to":[6.53761,5.43761,9.5],"rotation":{"angle":-45,"axis":"z","origin":[8.73761,5.3,9]},"faces":{"east":{"uv":[8.5,7.75,8.75,8.25],"rotation":180,"texture":"#5"},"south":{"uv":[2,8,2.5,8.5],"texture":"#3"}}},{"from":[6.73761,4.66239,7.5],"to":[6.98761,5.53761,8.5],"rotation":{"angle":-45,"axis":"z","origin":[8.93761,5.1,8]},"faces":{"north":{"uv":[7.5,8,7.75,8.25],"rotation":180,"texture":"#2"},"east":{"uv":[1.75,11.25,2.75,12],"texture":"#5"},"south":{"uv":[7.5,8,7.75,8.25],"rotation":180,"texture":"#2"}}},{"from":[7.33761,6.46239,7.65],"to":[8.68761,7.83761,8.35],"rotation":{"angle":-45,"axis":"z","origin":[8.93761,5.2,8.15]},"faces":{"north":{"uv":[6.25,8,7.25,9],"rotation":90,"texture":"#5"},"east":{"uv":[15.75,15.75,16,16],"rotation":270,"texture":"#5"},"south":{"uv":[6.25,8,7.25,9],"rotation":270,"texture":"#5"},"down":{"uv":[15.75,15.75,16,16],"rotation":270,"texture":"#5"}}},{"from":[5.23761,0.66239,7.5],"to":[5.63761,1.53761,8.5],"rotation":{"angle":-45,"axis":"z","origin":[7.43761,1.1,8]},"faces":{"north":{"uv":[7.5,6.75,8.75,7],"rotation":270,"texture":"#2"},"east":{"uv":[10,4.25,11.25,5.25],"rotation":180,"texture":"#5"},"south":{"uv":[7.5,6.75,8.75,7],"rotation":270,"texture":"#2"}}},{"from":[13.98761,4.76239,7.498],"to":[14.38761,5.73761,8.502],"rotation":{"angle":22.5,"axis":"z","origin":[12.08761,5.2,7.998]},"faces":{"north":{"uv":[9.5,5.25,10,6.25],"rotation":180,"texture":"#2"},"south":{"uv":[9.5,5.25,10,6.25],"rotation":180,"texture":"#2"},"west":{"uv":[9,8,10,8.25],"texture":"#2"}}},{"from":[4.48761,3.96239,6.999],"to":[6.73761,5.53761,9.001],"rotation":{"angle":22.5,"axis":"z","origin":[8.93761,5.1,7.499]},"faces":{"north":{"uv":[8,4.5,9.25,5.75],"rotation":180,"texture":"#2"},"east":{"uv":[8,4,9.25,5.25],"rotation":180,"texture":"#2"},"south":{"uv":[8,4.5,9.25,5.75],"rotation":180,"texture":"#2"},"down":{"uv":[0,12.25,2.5,15.75],"rotation":180,"texture":"#5"}}},{"from":[4.78761,3.16239,6.499],"to":[6.53761,6.03761,9.501],"rotation":{"angle":0,"axis":"y","origin":[8.93761,5.1,6.999]},"faces":{"north":{"uv":[7.75,4.75,10,6.25],"rotation":270,"texture":"#2"},"east":{"uv":[11.75,4.25,12,6.25],"rotation":180,"texture":"#2"},"south":{"uv":[8.5,4.75,10.75,6.25],"rotation":90,"texture":"#2"},"down":{"uv":[4.25,7.75,4.75,8.5],"rotation":180,"texture":"#5"}}},{"from":[9.73761,5.73739,7.65],"to":[10.03761,6.53761,8.35],"rotation":{"angle":22.5,"axis":"z","origin":[11.93761,6,8.15]},"faces":{"north":{"uv":[7,11.25,7.5,11.5],"texture":"#5"},"east":{"uv":[9.5,8.75,9,8.25],"rotation":180,"texture":"#5"},"south":{"uv":[7,11.25,7.5,11.5],"texture":"#5"}}},{"from":[11.45,7.1,7.5],"to":[12.57521,8,8.5],"rotation":{"angle":-45,"axis":"z","origin":[12.08761,5.2,8]},"faces":{"north":{"uv":[10.25,5.25,10.75,6],"rotation":270,"texture":"#5"},"south":{"uv":[10.25,5.25,10.75,6],"rotation":90,"texture":"#5"},"down":{"uv":[15.75,15.75,16,16],"texture":"#2"}}},{"from":[11.35,7.1,7.499],"to":[12.52521,7.5,8.501],"rotation":{"angle":-22.5,"axis":"z","origin":[12.08761,5.2,7.999]},"faces":{"north":{"uv":[10.25,5.75,10.5,6.25],"rotation":270,"texture":"#5"},"south":{"uv":[10.25,5.75,10.5,6.25],"rotation":270,"texture":"#5"},"down":{"uv":[15.75,15.75,16,16],"texture":"#2"}}},{"from":[8.5,2.85,7.501],"to":[9.37521,3.15,8.499],"rotation":{"angle":-45,"axis":"z","origin":[8.93761,5.1,8.001]},"faces":{"north":{"uv":[5,2,7,2.5],"texture":"#5"},"south":{"uv":[5,2,7,2.5],"texture":"#5"},"up":{"uv":[8.75,4,9.75,4.75],"rotation":90,"texture":"#2"}}},{"from":[10.5,3.8,7.65],"to":[12.37521,4.15,8.35],"rotation":{"angle":-45,"axis":"z","origin":[11.93761,6,8.15]},"faces":{"north":{"uv":[7,11.25,7.5,11.75],"rotation":180,"texture":"#5"},"south":{"uv":[7,11.25,7.5,11.75],"rotation":270,"texture":"#5"},"up":{"uv":[7.75,11.75,7.25,10.75],"rotation":90,"texture":"#5"},"down":{"uv":[9.5,8.75,9,8.25],"rotation":270,"texture":"#5"}}},{"from":[8.3,7.3,6.7495],"to":[9.17521,7.65,7.9995],"rotation":{"angle":22.5,"axis":"z","origin":[8.93761,5.1,7.25]},"faces":{"north":{"uv":[7,7.5,7.25,8.25],"rotation":270,"texture":"#5"},"down":{"uv":[8.25,8,8.5,8.25],"rotation":180,"texture":"#5"}}},{"from":[8.1,7.5,6.502],"to":[9.17521,8.05,7.752],"rotation":{"angle":22.5,"axis":"z","origin":[8.73761,5.3,7]},"faces":{"north":{"uv":[8.5,8,9,8.5],"rotation":270,"texture":"#2"},"down":{"uv":[10,8,10.25,8.5],"rotation":90,"texture":"#5"}}},{"from":[6.7,6.9,8.001],"to":[7.97521,7.25,9.501],"rotation":{"angle":0,"axis":"y","origin":[8.73761,5.3,9]},"faces":{"east":{"uv":[1.5,7.75,0,8.25],"rotation":180,"texture":"#5"},"south":{"uv":[8.5,8,9,8.5],"rotation":90,"texture":"#2"},"up":{"uv":[8.5,7.25,9.5,9.75],"rotation":180,"texture":"#2"},"down":{"uv":[15.75,15.75,16,16],"rotation":270,"texture":"#5"}}},{"from":[8.5,7.05,7.5],"to":[9.77521,7.3,8.5],"rotation":{"angle":22.5,"axis":"z","origin":[8.93761,5.1,8]},"faces":{"north":{"uv":[15.75,15.75,16,16],"rotation":180,"texture":"#2"},"south":{"uv":[15.75,15.75,16,16],"rotation":180,"texture":"#2"},"down":{"uv":[3.5,8,4.5,8.75],"rotation":90,"texture":"#5"}}},{"from":[7,2.9,7.5],"to":[8.4,4.7,8.5],"rotation":{"angle":22.5,"axis":"z","origin":[7.43761,1.1,8]},"faces":{"north":{"uv":[7.5,6.75,8.75,8],"rotation":180,"texture":"#2"},"east":{"uv":[5.75,3.75,6.75,4.5],"rotation":180,"texture":"#5"},"south":{"uv":[7.5,6.75,8.75,8],"rotation":180,"texture":"#2"},"down":{"uv":[10,5,11.25,6.5],"rotation":270,"texture":"#5"}}},{"from":[1.593,6.374,6.099],"to":[6.703,8.837,9.901],"rotation":{"angle":0,"axis":"y","origin":[8,8,7.599]},"faces":{"north":{"uv":[14.5,1,4,4],"texture":"#1"},"east":{"uv":[2.25,4.5,5.75,6],"texture":"#5"},"south":{"uv":[4,1,14.5,4],"texture":"#1"},"west":{"uv":[2.25,4.5,5.75,6],"texture":"#5"},"up":{"uv":[8.25,5.5,11.75,6.75],"rotation":90,"texture":"#2"}}},{"from":[6.393,7.474,9.099],"to":[8.153,8.537,9.401],"rotation":{"angle":0,"axis":"y","origin":[8,8,7.599]},"faces":{"south":{"uv":[10.25,5.75,14,6.75],"rotation":180,"texture":"#5"},"up":{"uv":[10.25,4.25,13.25,4.5],"rotation":180,"texture":"#5"},"down":{"uv":[15.75,15.75,16,16],"rotation":180,"texture":"#5"}}},{"from":[8.49114,8.26631,9.099],"to":[10.60114,9.32931,9.401],"rotation":{"angle":0,"axis":"y","origin":[7.99814,7.99231,7.6]},"faces":{"east":{"uv":[10.25,4.25,10.5,5.25],"texture":"#5"},"south":{"uv":[10.25,5.75,13.5,6.75],"rotation":180,"texture":"#5"},"up":{"uv":[7.25,4,10.5,4.25],"rotation":180,"texture":"#5"},"down":{"uv":[15.75,15.75,16,16],"rotation":180,"texture":"#5"}}},{"from":[4.793,8.574,6.349],"to":[10.303,9.537,6.651],"rotation":{"angle":0,"axis":"y","origin":[8,8,8.401]},"faces":{"north":{"uv":[10.25,5.75,15.5,6.75],"rotation":180,"texture":"#5"},"east":{"uv":[10.75,6,11,7],"rotation":180,"texture":"#5"},"west":{"uv":[10,7.75,10.25,8.75],"rotation":180,"texture":"#5"},"up":{"uv":[10.25,4.25,15.5,4.5],"rotation":180,"texture":"#5"}}},{"from":[11.793,8.274,6.6],"to":[13.303,9.737,6.902],"rotation":{"angle":0,"axis":"y","origin":[14,8.2,8.651]},"faces":{"north":{"uv":[7.5,10.75,9,12],"rotation":180,"texture":"#5"},"east":{"uv":[8,4.75,8.25,6],"rotation":180,"texture":"#5"},"west":{"uv":[7.75,7.75,8,9],"texture":"#5"},"up":{"uv":[15.75,15.75,16,16],"rotation":90,"texture":"#5"},"down":{"uv":[15.75,15.75,16,16],"rotation":90,"texture":"#5"}}},{"from":[7.74114,7.51631,9.1],"to":[9.30114,8.57931,9.402],"rotation":{"angle":45,"axis":"z","origin":[7.99814,7.99231,7.6]},"faces":{"south":{"uv":[10.25,5.75,13.25,6.75],"rotation":180,"texture":"#5"},"up":{"uv":[10,4.5,12,4.75],"rotation":180,"texture":"#5"},"down":{"uv":[15.75,15.75,16,16],"rotation":180,"texture":"#5"}}},{"from":[0.993,1.674,6.099],"to":[3.993,4.674,9.901],"rotation":{"angle":-22.5,"axis":"z","origin":[2.293,3.174,8]},"faces":{"north":{"uv":[0,7,9,16],"texture":"#0"},"south":{"uv":[0,7,9,16],"texture":"#0"}}},{"from":[-0.25,8.2,6.3],"to":[4.55,9.8001,9.7],"rotation":{"angle":0,"axis":"y","origin":[8,8,7.8]},"faces":{"north":{"uv":[12,0,1.5,2.5],"texture":"#1"},"east":{"uv":[8,5,8.25,6.25],"texture":"#5"},"south":{"uv":[1.5,0,12,2.5],"texture":"#1"},"west":{"uv":[9.75,3.75,13.25,5],"texture":"#5"},"up":{"uv":[10.5,4.25,11,7],"rotation":270,"texture":"#5"}}},{"from":[-0.25005,3.40005,6.301],"to":[1.35005,8.20005,9.699],"rotation":{"angle":22.5,"axis":"z","origin":[-0.25,8.20005,6.301]},"faces":{"north":{"uv":[2,0,5.5,2.5],"rotation":180,"texture":"#1"},"south":{"uv":[5.5,0,2,2.5],"rotation":180,"texture":"#1"},"west":{"uv":[7.5,10.75,11,12.75],"rotation":180,"texture":"#5"}}},{"from":[-3,-4.25,6.099],"to":[2.3,-2.65,9.901],"rotation":{"angle":0,"axis":"y","origin":[7.45,6.6,7.599]},"faces":{"north":{"uv":[1.5,1.5,13,3.5],"rotation":180,"texture":"#1"},"south":{"uv":[13,1.5,1.5,3.5],"rotation":180,"texture":"#1"},"west":{"uv":[2.25,4.5,3.5,7.5],"rotation":270,"texture":"#5"},"down":{"uv":[6.5,9.25,9.75,10.75],"rotation":270,"texture":"#5"}}},{"from":[-3,-2.65,6.1],"to":[-0.59,9.35,9.9],"rotation":{"angle":-22.5,"axis":"z","origin":[-3,-2.65,5.4]},"faces":{"north":{"uv":[1.5,3,7,15.5],"rotation":180,"texture":"#1"},"south":{"uv":[1.5,3,7,15.5],"texture":"#1"},"west":{"uv":[2.25,4.5,13,7.5],"rotation":270,"texture":"#5"}}},{"from":[-0.8,-4.25,6.1],"to":[2.3,7.25,9.9],"rotation":{"angle":-22.5,"axis":"z","origin":[2.3,-4.25,6.7]},"faces":{"north":{"uv":[8,3.5,14.5,16],"rotation":180,"texture":"#1"},"east":{"uv":[2.75,8.25,13.5,11.25],"rotation":270,"texture":"#5"},"south":{"uv":[8,3.5,14.5,16],"texture":"#1"}}},{"from":[1.9,11.9,6.6253],"to":[2.31421,12.9,9.7003],"rotation":{"angle":22.5,"axis":"z","origin":[2.10711,12.4,9.2]},"faces":{"south":{"uv":[9.25,7.5,10,9],"texture":"#3"},"up":{"uv":[8.75,7.5,12.5,8.25],"rotation":90,"texture":"#4"}}},{"from":[1.9,11.5,9.601],"to":[2.61421,12.35,9.701],"rotation":{"angle":0,"axis":"y","origin":[2.10711,12.4,9.2]},"faces":{"east":{"uv":[8.5,5.25,8.75,6],"texture":"#2"},"south":{"uv":[7.75,4.75,9,5.75],"texture":"#5"},"west":{"uv":[8.5,5.25,8.75,6],"texture":"#2"},"down":{"uv":[15.75,15.75,16,16],"rotation":90,"texture":"#5"}}},{"from":[1.9,11.9,6.625],"to":[2.31421,12.9,9.7],"rotation":{"angle":-22.5,"axis":"z","origin":[2.10711,12.4,9.2]},"faces":{"south":{"uv":[8.75,8,9.5,9],"rotation":180,"texture":"#3"},"up":{"uv":[8.75,7.5,12.5,8.25],"rotation":270,"texture":"#4"},"down":{"uv":[15.75,15.75,16,16],"texture":"#5"}}},{"from":[1.60711,12.19289,6.6005],"to":[2.60711,12.60711,9.7005],"rotation":{"angle":22.5,"axis":"z","origin":[2.10711,12.4,9.2]},"faces":{"east":{"uv":[8.75,7.5,12.5,8.25],"texture":"#5"},"south":{"uv":[9,8,9.75,8.75],"rotation":180,"texture":"#3"},"west":{"uv":[6.25,8,10,8.25],"texture":"#5"}}},{"from":[1.60711,12.19289,6.6],"to":[2.60711,12.60711,9.7],"rotation":{"angle":-22.5,"axis":"z","origin":[2.10711,12.4,9.2]},"faces":{"east":{"uv":[6.25,8,10,8.25],"texture":"#5"},"south":{"uv":[8.75,8,9.5,9],"rotation":90,"texture":"#3"},"west":{"uv":[8.75,7.5,12.5,8.25],"texture":"#5"}}},{"from":[-0.05,-2.9,6],"to":[0.95,-1.9,10],"rotation":{"angle":0,"axis":"y","origin":[7.45,6.6,7.5625]},"faces":{"north":{"uv":[4.5,4.5,7,7],"texture":"#0"},"east":{"uv":[8.75,3.75,9.75,5.25],"texture":"#2"},"south":{"uv":[4.5,4.5,7,7],"texture":"#0"},"west":{"uv":[8.25,4,9.25,5.5],"texture":"#2"},"up":{"uv":[5.75,0.75,6.75,2.25],"rotation":90,"texture":"#2"},"down":{"uv":[8.25,7.5,9.25,9],"rotation":90,"texture":"#2"}}},{"from":[3.2,7.1,6],"to":[4.2,8.1,7],"rotation":{"angle":0,"axis":"y","origin":[7.45,6.6,7.5625]},"faces":{"north":{"uv":[1.5,4.5,4,7],"texture":"#0"},"east":{"uv":[8.75,3.75,9.75,5.25],"texture":"#2"},"west":{"uv":[8.25,4,9.25,5.5],"texture":"#2"},"up":{"uv":[5.75,0.75,6.75,2.25],"rotation":90,"texture":"#2"},"down":{"uv":[8.25,7.5,9.25,9],"rotation":90,"texture":"#2"}}},{"from":[2.5,5.4,9],"to":[3.5,6.4,10],"rotation":{"angle":0,"axis":"y","origin":[7.45,6.6,8.4375]},"faces":{"south":{"uv":[1.5,4.5,4,7],"texture":"#0"}}},{"from":[5.1412,3.49344,6.0875],"to":[6.1412,4.49344,9.9125],"rotation":{"angle":0,"axis":"y","origin":[6.0412,3.69344,7.65]},"faces":{"north":{"uv":[8,4.5,10,6.5],"texture":"#0"},"east":{"uv":[6.25,4.5,9,5.5],"texture":"#5"},"south":{"uv":[8,4.5,10,6.5],"texture":"#0"},"west":{"uv":[15.75,15.75,16,16],"texture":"#5"},"up":{"uv":[9.75,4.75,12.5,5.75],"rotation":90,"texture":"#5"},"down":{"uv":[6.75,5.5,9.5,6.5],"rotation":90,"texture":"#5"}}},{"from":[3.4,-5.3,7],"to":[3.9,-4.4,9],"rotation":{"angle":0,"axis":"y","origin":[0.15,-3.275,7.6]},"faces":{"north":{"uv":[5,7,5.5,7.75],"texture":"#5"},"east":{"uv":[5,7,6.75,7.75],"texture":"#5"},"south":{"uv":[5,7,5.5,7.75],"texture":"#5"},"down":{"uv":[5.5,12.25,7,12.75],"rotation":270,"texture":"#5"}}},{"from":[-2.1,-5.3,6.499],"to":[3.4,-4.4,9.501],"rotation":{"angle":0,"axis":"y","origin":[0.15,-3.275,8.099]},"faces":{"north":{"uv":[5,7,9.25,7.75],"texture":"#5"},"east":{"uv":[5,7,7.75,7.75],"texture":"#5"},"south":{"uv":[5,7,9.25,7.75],"texture":"#5"},"west":{"uv":[0,7,2.75,7.75],"texture":"#5"},"down":{"uv":[5.5,9.25,7.5,12.25],"rotation":270,"texture":"#5"}}}]}