{"credit":"thebradqq's guns","textures":{"0":"mgs:gun/mac10details","1":"mgs:gun/metal","2":"mgs:gun/metal_bright","4":"mgs:gun/brass","5":"mgs:gun/copper","particle":"mgs:gun/metal_brighter"},"gui_light":"front","display":{"thirdperson_righthand":{"rotation":[25,111,-23],"translation":[-1,-2,0],"scale":[0.25,0.25,0.25]},"thirdperson_lefthand":{"rotation":[69,-71,65],"translation":[-1,-2,0],"scale":[0.25,0.25,0.25]},"firstperson_righthand":{"rotation":[-87,65,68],"translation":[1,-1.25,4.25],"scale":[0.44,0.44,0.44]},"firstperson_lefthand":{"rotation":[-40,-110,-33],"translation":[-0.25,-1.5,3],"scale":[0.44,0.44,0.44]},"ground":{"translation":[0,5,0],"scale":[0.25,0.25,0.25]},"gui":{"rotation":[0,180,32],"translation":[-0.5,1.75,0],"scale":[0.6,0.6,0.6]},"head":{"scale":[0.5,0.5,0.5]},"fixed":{"rotation":[0,180,0],"translation":[0,0,-2],"scale":[0.5,0.5,0.5]}},"elements":[{"from":[3.14919,-15.5,9.54507],"to":[8.64419,23.25,9.75507],"rotation":{"angle":0,"axis":"z","origin":[8.13247,1.5,7.8]},"faces":{"north":{"uv":[7.5,10.75,8,11.25],"texture":"#2"},"east":{"uv":[6,7.25,6.5,7.75],"rotation":270,"texture":"#2"},"south":{"uv":[2,6,4.5,16],"texture":"#0"},"up":{"uv":[7,1.75,7.5,2.25],"rotation":180,"texture":"#2"},"down":{"uv":[10,9.75,11.25,10],"texture":"#2"}}},{"from":[3.14919,-15.5,6.24507],"to":[8.64419,23.25,6.45507],"rotation":{"angle":0,"axis":"z","origin":[8.13247,1.5,8.2]},"faces":{"north":{"uv":[2,6,4.5,16],"texture":"#0"},"east":{"uv":[6,7.25,6.5,7.75],"rotation":90,"texture":"#2"},"south":{"uv":[7.5,10.75,8,11.25],"texture":"#2"},"up":{"uv":[7,1.75,7.5,2.25],"texture":"#2"},"down":{"uv":[10,9.75,11.25,10],"texture":"#2"}}},{"from":[3.14919,-15.5,6.24507],"to":[3.34419,23.25,9.75507],"rotation":{"angle":0,"axis":"z","origin":[8.13247,1.5,8]},"faces":{"east":{"uv":[7.5,10.75,8,11.25],"texture":"#2"},"west":{"uv":[0,6,2,16],"texture":"#0"},"up":{"uv":[7,1.75,7.5,2.25],"rotation":270,"texture":"#2"}}},{"from":[2.94919,20.9,7.145],"to":[3.14919,23.25,8.855],"rotation":{"angle":0,"axis":"z","origin":[8.13247,1.5,7.69992]},"faces":{"north":{"uv":[7.5,11,7.75,12.25],"rotation":180,"texture":"#2"},"south":{"uv":[7.5,11,7.75,12.25],"rotation":180,"texture":"#2"},"west":{"uv":[5.75,14.75,6.75,16],"rotation":180,"texture":"#2"},"up":{"uv":[11.75,2.25,12.75,2.75],"rotation":270,"texture":"#2"},"down":{"uv":[6.75,9.75,7.25,10.25],"rotation":180,"texture":"#1"}}},{"from":[2.948,21.8,7.65],"to":[3.148,22.5,8.35],"rotation":{"angle":0,"axis":"z","origin":[8.13247,1.5,7.70492]},"faces":{"north":{"uv":[7.5,11,7.75,12.25],"rotation":180,"texture":"#2"},"south":{"uv":[7.5,11,7.75,12.25],"rotation":180,"texture":"#2"},"west":{"uv":[13.5,13.5,15,15],"texture":"#0"},"up":{"uv":[11.75,2.25,12.75,2.75],"rotation":270,"texture":"#2"},"down":{"uv":[6.75,9.75,7.25,10.25],"rotation":180,"texture":"#1"}}},{"from":[7.05339,-15.5,6.3144],"to":[8.07339,22.35,6.5444],"rotation":{"angle":-45,"axis":"y","origin":[7.93247,1.5,8.2]},"faces":{"north":{"uv":[5.5,6,4.5,16],"texture":"#0"},"south":{"uv":[7.5,10.75,8,11.25],"texture":"#2"},"up":{"uv":[7,1.75,7.5,2.25],"texture":"#2"}}},{"from":[9.14419,-15.5,6.96747],"to":[9.36669,22.35,9.03247],"rotation":{"angle":0,"axis":"y","origin":[7.93247,1.5,8]},"faces":{"east":{"uv":[6.5,6,5.5,16],"texture":"#0"},"west":{"uv":[7.5,10.75,8,11.25],"texture":"#2"},"up":{"uv":[7,1.75,7.5,2.25],"rotation":90,"texture":"#2"}}},{"from":[7.05343,-15.5,9.45556],"to":[8.07343,22.35,9.68556],"rotation":{"angle":45,"axis":"y","origin":[7.93247,1.5,7.8]},"faces":{"north":{"uv":[7.5,10.75,8,11.25],"texture":"#2"},"south":{"uv":[7.5,6,6.5,16],"texture":"#0"},"up":{"uv":[7,1.75,7.5,2.25],"rotation":180,"texture":"#2"}}},{"from":[3.15,23.25,9.55],"to":[7.55,24.45,9.75],"rotation":{"angle":-45,"axis":"x","origin":[6,23.25,9.75]},"faces":{"north":{"uv":[9.25,9.5,9.75,10],"texture":"#2"},"east":{"uv":[6,7.25,6.5,7.75],"rotation":270,"texture":"#2"},"south":{"uv":[4.5,14.5,7,15.5],"texture":"#0"},"west":{"uv":[7,1.75,7.5,2.25],"rotation":90,"texture":"#2"},"up":{"uv":[11.5,1.5,12,2],"texture":"#2"}}},{"from":[3.15,23.25,6.25],"to":[7.55,24.45,6.45],"rotation":{"angle":45,"axis":"x","origin":[6,23.25,6.25]},"faces":{"north":{"uv":[4.5,14.5,7,15.5],"texture":"#0"},"east":{"uv":[6,7.25,6.5,7.75],"rotation":90,"texture":"#2"},"south":{"uv":[9.25,9.5,9.75,10],"texture":"#2"},"west":{"uv":[7,1.75,7.5,2.25],"rotation":270,"texture":"#2"},"up":{"uv":[11.5,1.5,12,2],"texture":"#2"}}},{"from":[3.57827,22.02344,7.41072],"to":[3.74151,23.92656,7.78928],"rotation":{"angle":0,"axis":"y","origin":[6.25465,23.375,8]},"faces":{"east":{"uv":[12.5,7.5,13,8],"texture":"#4"},"west":{"uv":[8.25,4,8.75,6],"texture":"#4"},"up":{"uv":[3.5,3.75,4,4.25],"rotation":180,"texture":"#4"},"down":{"uv":[6.25,8,6.75,8.25],"rotation":180,"texture":"#4"}}},{"from":[3.55011,22.54,7.51348],"to":[3.65886,23.41,7.68653],"rotation":{"angle":0,"axis":"y","origin":[6.25465,23.375,8]},"faces":{"west":{"uv":[6.25,4.5,6.75,5.25],"texture":"#2"},"up":{"uv":[3.25,4,3.5,4.5],"texture":"#2"},"down":{"uv":[9.5,8,9.75,8.25],"texture":"#2"}}},{"from":[4.14921,22.02344,7.41072],"to":[7.37046,23.92656,7.78928],"rotation":{"angle":0,"axis":"y","origin":[6.25465,23.375,8]},"faces":{"east":{"uv":[5.25,10.5,5.75,11],"texture":"#4"},"west":{"uv":[12.5,7.5,13,8],"texture":"#4"},"up":{"uv":[2,3.25,4,3.75],"texture":"#4"},"down":{"uv":[5.5,7.75,7.5,8.25],"rotation":180,"texture":"#4"}}},{"from":[4.14921,21.90082,7.59424],"to":[7.37046,23.80394,7.97281],"rotation":{"angle":22.5,"axis":"x","origin":[6.25465,23.375,8]},"faces":{"east":{"uv":[5.25,10.5,5.75,11],"texture":"#4"},"west":{"uv":[12.5,7.5,13,8],"texture":"#4"},"up":{"uv":[2,3.75,4,4.25],"texture":"#4"},"down":{"uv":[3,9,5,9.5],"rotation":180,"texture":"#4"}}},{"from":[4.14921,22.20696,7.28809],"to":[7.37046,24.11009,7.66665],"rotation":{"angle":-22.5,"axis":"x","origin":[6.25465,23.375,8]},"faces":{"east":{"uv":[5.25,10.5,5.75,11],"texture":"#4"},"west":{"uv":[12.5,7.5,13,8],"texture":"#4"},"up":{"uv":[0,3.25,2,3.75],"texture":"#4"},"down":{"uv":[3.5,8,5.5,8.5],"rotation":180,"texture":"#4"}}},{"from":[4.14921,21.85775,7.81072],"to":[7.37046,23.76088,8.18929],"rotation":{"angle":45,"axis":"x","origin":[6.25465,23.375,8]},"faces":{"east":{"uv":[5.25,10.5,5.75,11],"texture":"#4"},"west":{"uv":[12.5,7.5,13,8],"texture":"#4"},"up":{"uv":[5.25,4.25,7.25,4.75],"texture":"#4"},"down":{"uv":[5.75,5.5,7.75,6],"rotation":180,"texture":"#4"}}},{"from":[4.14921,22.42344,7.24503],"to":[7.37046,24.32656,7.62359],"rotation":{"angle":-45,"axis":"x","origin":[6.25465,23.375,8]},"faces":{"east":{"uv":[5.25,10.5,5.75,11],"texture":"#4"},"west":{"uv":[12.5,7.5,13,8],"texture":"#4"},"up":{"uv":[1.25,4.25,3.25,4.75],"rotation":180,"texture":"#4"},"down":{"uv":[4.5,5.5,6.5,6],"texture":"#4"}}},{"from":[4.14921,22.96925,6.52581],"to":[7.37046,23.34781,8.42894],"rotation":{"angle":-22.5,"axis":"x","origin":[6.25465,23.375,8]},"faces":{"north":{"uv":[6.25,5,8.25,5.5],"texture":"#4"},"east":{"uv":[5.25,10.5,5.75,11],"texture":"#4"},"south":{"uv":[5.25,4.75,7.25,5.25],"texture":"#4"},"west":{"uv":[12.5,7.5,13,8],"rotation":90,"texture":"#4"}}},{"from":[4.14921,22.6631,6.83196],"to":[7.37046,23.04166,8.73508],"rotation":{"angle":22.5,"axis":"x","origin":[6.25465,23.375,8]},"faces":{"north":{"uv":[5.25,4.75,7.25,5.25],"texture":"#4"},"east":{"uv":[5.25,10.5,5.75,11],"texture":"#4"},"south":{"uv":[6.25,5,8.25,5.5],"texture":"#4"},"west":{"uv":[12.5,7.5,13,8],"rotation":270,"texture":"#4"}}},{"from":[4.14921,22.78572,6.64844],"to":[7.37046,23.16428,8.55156],"rotation":{"angle":0,"axis":"y","origin":[6.25465,23.375,8]},"faces":{"north":{"uv":[3,12.25,5,12.75],"texture":"#4"},"east":{"uv":[5.25,10.5,5.75,11],"texture":"#4"},"south":{"uv":[0,12,2,12.5],"texture":"#4"},"west":{"uv":[12.5,7.5,13,8],"texture":"#4"}}},{"from":[7.26171,22.105,7.42694],"to":[7.80546,23.845,7.77305],"rotation":{"angle":0,"axis":"y","origin":[6.25465,23.375,8]},"faces":{"east":{"uv":[11,7.5,11.5,8],"texture":"#5"},"up":{"uv":[3.25,4,3.75,4.25],"texture":"#5"},"down":{"uv":[7.75,8,8.25,8.25],"rotation":180,"texture":"#5"}}},{"from":[7.26171,22.28853,7.30432],"to":[7.80546,24.02853,7.65042],"rotation":{"angle":-22.5,"axis":"x","origin":[6.25465,23.375,8]},"faces":{"east":{"uv":[11,7.5,11.5,8],"texture":"#5"},"up":{"uv":[7.5,4.25,8,4.5],"texture":"#5"},"down":{"uv":[4.25,8,4.75,8.25],"rotation":180,"texture":"#5"}}},{"from":[7.26171,21.98238,7.61047],"to":[7.80546,23.72238,7.95658],"rotation":{"angle":22.5,"axis":"x","origin":[6.25465,23.375,8]},"faces":{"east":{"uv":[11,7.5,11.5,8],"texture":"#5"},"up":{"uv":[5.5,4.25,6,4.5],"texture":"#5"},"down":{"uv":[4.25,8,4.75,8.25],"texture":"#5"}}},{"from":[7.26171,22.505,7.26126],"to":[7.80546,24.245,7.60737],"rotation":{"angle":-45,"axis":"x","origin":[6.25465,23.375,8]},"faces":{"east":{"uv":[11,7.5,11.5,8],"texture":"#5"},"up":{"uv":[6.5,4.75,7,5],"rotation":180,"texture":"#5"},"down":{"uv":[2.75,9.25,3.25,9.5],"rotation":180,"texture":"#5"}}},{"from":[7.26171,21.93932,7.82695],"to":[7.80546,23.67932,8.17306],"rotation":{"angle":45,"axis":"x","origin":[6.25465,23.375,8]},"faces":{"east":{"uv":[11,7.5,11.5,8],"texture":"#5"},"up":{"uv":[8.5,4.75,9,5],"texture":"#5"},"down":{"uv":[2.75,9.25,3.25,9.75],"rotation":180,"texture":"#5"}}},{"from":[7.26171,22.67933,6.91352],"to":[7.80546,23.02543,8.65352],"rotation":{"angle":22.5,"axis":"x","origin":[6.25465,23.375,8]},"faces":{"north":{"uv":[5.5,11.5,6,11.75],"rotation":180,"texture":"#5"},"east":{"uv":[11,7.5,11.5,8],"rotation":90,"texture":"#5"},"south":{"uv":[1.25,9.75,1.75,10],"rotation":180,"texture":"#5"}}},{"from":[7.26171,22.98548,6.60737],"to":[7.80546,23.33158,8.34737],"rotation":{"angle":-22.5,"axis":"x","origin":[6.25465,23.375,8]},"faces":{"north":{"uv":[2.5,10,3,10.5],"rotation":180,"texture":"#5"},"east":{"uv":[11,7.5,11.5,8],"rotation":270,"texture":"#5"},"south":{"uv":[5.5,11.5,6,11.75],"rotation":180,"texture":"#5"}}},{"from":[7.26171,22.80195,6.73],"to":[7.80546,23.14806,8.47],"rotation":{"angle":0,"axis":"y","origin":[6.25465,23.375,8]},"faces":{"north":{"uv":[5.5,11,6,11.25],"rotation":180,"texture":"#5"},"east":{"uv":[11,7.5,11.5,8],"texture":"#5"},"south":{"uv":[5.5,11,6,11.25],"rotation":180,"texture":"#5"}}},{"from":[7.74921,22.15938,7.43777],"to":[8.07546,23.79063,7.76223],"rotation":{"angle":0,"axis":"y","origin":[6.25465,23.375,8]},"faces":{"east":{"uv":[11,7.5,11.5,8],"texture":"#5"},"up":{"uv":[3.25,4,3.75,4.25],"texture":"#5"},"down":{"uv":[7.75,8,8.25,8.25],"rotation":180,"texture":"#5"}}},{"from":[7.74921,22.03675,7.62129],"to":[8.07546,23.668,7.94575],"rotation":{"angle":22.5,"axis":"x","origin":[6.25465,23.375,8]},"faces":{"east":{"uv":[11,7.5,11.5,8],"texture":"#5"},"up":{"uv":[12.75,2.25,13.25,2.5],"texture":"#5"},"down":{"uv":[4.25,8,4.75,8.25],"texture":"#5"}}},{"from":[7.74921,22.3429,7.31514],"to":[8.07546,23.97415,7.63961],"rotation":{"angle":-22.5,"axis":"x","origin":[6.25465,23.375,8]},"faces":{"east":{"uv":[11,7.5,11.5,8],"texture":"#5"},"up":{"uv":[8.5,4.25,9,4.5],"texture":"#5"},"down":{"uv":[4.25,8,4.75,8.25],"rotation":180,"texture":"#5"}}},{"from":[7.74921,21.99369,7.83777],"to":[8.07546,23.62494,8.16223],"rotation":{"angle":45,"axis":"x","origin":[6.25465,23.375,8]},"faces":{"east":{"uv":[11,7.5,11.5,8],"texture":"#5"},"up":{"uv":[9.25,4.75,9.75,5],"texture":"#5"},"down":{"uv":[2.75,9.25,3.25,9.75],"rotation":180,"texture":"#5"}}},{"from":[7.74921,22.55938,7.27208],"to":[8.07546,24.19063,7.59655],"rotation":{"angle":-45,"axis":"x","origin":[6.25465,23.375,8]},"faces":{"east":{"uv":[11,7.5,11.5,8],"texture":"#5"},"up":{"uv":[5.75,4.75,6.25,5],"rotation":180,"texture":"#5"},"down":{"uv":[2.75,9.25,3.25,9.5],"rotation":180,"texture":"#5"}}},{"from":[7.74921,22.99629,6.66175],"to":[8.07546,23.32077,8.293],"rotation":{"angle":-22.5,"axis":"x","origin":[6.25465,23.375,8]},"faces":{"north":{"uv":[2.5,10,3,10.5],"rotation":180,"texture":"#5"},"east":{"uv":[11,7.5,11.5,8],"rotation":270,"texture":"#5"},"south":{"uv":[6.25,11.5,6.75,11.75],"rotation":180,"texture":"#5"}}},{"from":[7.74921,22.69015,6.9679],"to":[8.07546,23.01462,8.59915],"rotation":{"angle":22.5,"axis":"x","origin":[6.25465,23.375,8]},"faces":{"north":{"uv":[4.75,11.5,5.25,11.75],"rotation":180,"texture":"#5"},"east":{"uv":[11,7.5,11.5,8],"rotation":90,"texture":"#5"},"south":{"uv":[1.25,9.75,1.75,10],"rotation":180,"texture":"#5"}}},{"from":[7.74921,22.81277,6.78437],"to":[8.07546,23.13723,8.41562],"rotation":{"angle":0,"axis":"y","origin":[6.25465,23.375,8]},"faces":{"north":{"uv":[5.5,11,6,11.25],"rotation":180,"texture":"#5"},"east":{"uv":[11,7.5,11.5,8],"texture":"#5"},"south":{"uv":[5.5,11,6,11.25],"rotation":180,"texture":"#5"}}},{"from":[8.00046,22.21375,7.44857],"to":[8.27234,23.73625,7.75142],"rotation":{"angle":0,"axis":"y","origin":[6.25465,23.375,8]},"faces":{"east":{"uv":[11,7.5,11.5,8],"texture":"#5"},"up":{"uv":[3.25,4,3.75,4.25],"texture":"#5"},"down":{"uv":[7.75,8,8.25,8.25],"rotation":180,"texture":"#5"}}},{"from":[8.00046,22.39728,7.32595],"to":[8.27234,23.91978,7.62879],"rotation":{"angle":-22.5,"axis":"x","origin":[6.25465,23.375,8]},"faces":{"east":{"uv":[11,7.5,11.5,8],"texture":"#5"},"up":{"uv":[8.75,4.25,9.25,4.5],"texture":"#5"},"down":{"uv":[4.25,8,4.75,8.25],"rotation":180,"texture":"#5"}}},{"from":[8.00046,22.09113,7.6321],"to":[8.27234,23.61363,7.93495],"rotation":{"angle":22.5,"axis":"x","origin":[6.25465,23.375,8]},"faces":{"east":{"uv":[11,7.5,11.5,8],"texture":"#5"},"up":{"uv":[10.5,2.75,11,3],"texture":"#5"},"down":{"uv":[4.25,8,4.75,8.25],"texture":"#5"}}},{"from":[8.00046,22.61375,7.28289],"to":[8.27234,24.13625,7.58574],"rotation":{"angle":-45,"axis":"x","origin":[6.25465,23.375,8]},"faces":{"east":{"uv":[11,7.5,11.5,8],"texture":"#5"},"up":{"uv":[5.75,4.75,6.25,5],"rotation":180,"texture":"#5"},"down":{"uv":[2.75,9.25,3.25,9.5],"rotation":180,"texture":"#5"}}},{"from":[8.00046,22.70096,7.02227],"to":[8.27234,23.0038,8.54477],"rotation":{"angle":22.5,"axis":"x","origin":[6.25465,23.375,8]},"faces":{"north":{"uv":[6.75,11.5,7.25,11.75],"rotation":180,"texture":"#5"},"east":{"uv":[11,7.5,11.5,8],"rotation":90,"texture":"#5"},"south":{"uv":[1.25,9.75,1.75,10],"rotation":180,"texture":"#5"}}},{"from":[8.00046,22.04807,7.84858],"to":[8.27234,23.57057,8.15143],"rotation":{"angle":45,"axis":"x","origin":[6.25465,23.375,8]},"faces":{"east":{"uv":[11,7.5,11.5,8],"texture":"#5"},"up":{"uv":[9,4.75,9.5,5],"texture":"#5"},"down":{"uv":[2.75,9.25,3.25,9.75],"rotation":180,"texture":"#5"}}},{"from":[8.00046,23.00711,6.71612],"to":[8.27234,23.30995,8.23862],"rotation":{"angle":-22.5,"axis":"x","origin":[6.25465,23.375,8]},"faces":{"north":{"uv":[2.5,10,3,10.5],"rotation":180,"texture":"#5"},"east":{"uv":[11,7.5,11.5,8],"rotation":270,"texture":"#5"},"south":{"uv":[6.25,11.5,6.75,11.75],"rotation":180,"texture":"#5"}}},{"from":[8.00046,22.82358,6.83875],"to":[8.27234,23.12643,8.36125],"rotation":{"angle":0,"axis":"y","origin":[6.25465,23.375,8]},"faces":{"north":{"uv":[5.5,11,6,11.25],"rotation":180,"texture":"#5"},"east":{"uv":[11,7.5,11.5,8],"texture":"#5"},"south":{"uv":[5.5,11,6,11.25],"rotation":180,"texture":"#5"}}},{"from":[8.19734,22.26813,7.4594],"to":[8.36046,23.68188,7.7406],"rotation":{"angle":0,"axis":"y","origin":[6.25465,23.375,8]},"faces":{"east":{"uv":[11,7.5,11.5,8],"texture":"#5"},"up":{"uv":[3.25,4,3.75,4.25],"texture":"#5"},"down":{"uv":[7.75,8,8.25,8.25],"rotation":180,"texture":"#5"}}},{"from":[8.19734,22.1455,7.64292],"to":[8.36046,23.55925,7.92412],"rotation":{"angle":22.5,"axis":"x","origin":[6.25465,23.375,8]},"faces":{"east":{"uv":[11,7.5,11.5,8],"texture":"#5"},"up":{"uv":[11.25,3.25,11.75,3.5],"texture":"#5"},"down":{"uv":[4.25,8,4.75,8.25],"texture":"#5"}}},{"from":[8.19734,22.45165,7.33677],"to":[8.36046,23.8654,7.61798],"rotation":{"angle":-22.5,"axis":"x","origin":[6.25465,23.375,8]},"faces":{"east":{"uv":[11,7.5,11.5,8],"texture":"#5"},"up":{"uv":[11,3,11.5,3.25],"texture":"#5"},"down":{"uv":[4.25,8,4.75,8.25],"rotation":180,"texture":"#5"}}},{"from":[8.19734,22.10244,7.8594],"to":[8.36046,23.51619,8.1406],"rotation":{"angle":45,"axis":"x","origin":[6.25465,23.375,8]},"faces":{"east":{"uv":[11,7.5,11.5,8],"texture":"#5"},"up":{"uv":[6.5,4.75,7,5],"texture":"#5"},"down":{"uv":[2.75,9.25,3.25,9.75],"rotation":180,"texture":"#5"}}},{"from":[8.19734,22.66813,7.29371],"to":[8.36046,24.08188,7.57492],"rotation":{"angle":-45,"axis":"x","origin":[6.25465,23.375,8]},"faces":{"east":{"uv":[11,7.5,11.5,8],"texture":"#5"},"up":{"uv":[8,4.75,8.5,5],"rotation":180,"texture":"#5"},"down":{"uv":[2.75,9.25,3.25,9.5],"rotation":180,"texture":"#5"}}},{"from":[8.19734,23.01792,6.7705],"to":[8.36046,23.29913,8.18425],"rotation":{"angle":-22.5,"axis":"x","origin":[6.25465,23.375,8]},"faces":{"north":{"uv":[2.5,10,3,10.5],"rotation":180,"texture":"#5"},"east":{"uv":[11,7.5,11.5,8],"rotation":270,"texture":"#5"},"south":{"uv":[7.5,11.5,8,11.75],"rotation":180,"texture":"#5"}}},{"from":[8.19734,22.71178,7.07665],"to":[8.36046,22.99298,8.4904],"rotation":{"angle":22.5,"axis":"x","origin":[6.25465,23.375,8]},"faces":{"north":{"uv":[7,11.5,7.5,11.75],"rotation":180,"texture":"#5"},"east":{"uv":[11,7.5,11.5,8],"rotation":90,"texture":"#5"},"south":{"uv":[1.25,9.75,1.75,10],"rotation":180,"texture":"#5"}}},{"from":[8.19734,22.8344,6.89312],"to":[8.36046,23.1156,8.30687],"rotation":{"angle":0,"axis":"y","origin":[6.25465,23.375,8]},"faces":{"north":{"uv":[5.5,11,6,11.25],"rotation":180,"texture":"#5"},"east":{"uv":[11,7.5,11.5,8],"texture":"#5"},"south":{"uv":[5.5,11,6,11.25],"rotation":180,"texture":"#5"}}},{"from":[8.10354,23.87039,7.3825],"to":[8.59292,24.41414,7.8175],"rotation":{"angle":-22.5,"axis":"z","origin":[6.25465,23.375,8]},"faces":{"north":{"uv":[6,4.5,6.5,5],"texture":"#5"},"east":{"uv":[7.5,2,8,2.5],"texture":"#5"},"south":{"uv":[5.75,4.5,6.25,5],"texture":"#5"},"up":{"uv":[4,4,4.5,4.5],"texture":"#5"}}},{"from":[7.79739,21.59676,7.3825],"to":[8.28677,22.14051,7.8175],"rotation":{"angle":22.5,"axis":"z","origin":[6.25465,23.375,8]},"faces":{"north":{"uv":[5,8,5.5,8.5],"rotation":180,"texture":"#5"},"east":{"uv":[7.5,2,8,2.5],"texture":"#5"},"south":{"uv":[5,8,5.5,8.5],"rotation":180,"texture":"#5"},"down":{"uv":[15,8,15.5,8.5],"rotation":180,"texture":"#5"}}},{"from":[8.10355,22.7575,8.44101],"to":[8.59292,23.1925,9.03914],"rotation":{"angle":22.5,"axis":"y","origin":[6.25465,23.375,8]},"faces":{"east":{"uv":[7.5,2,8,2.5],"texture":"#5"},"south":{"uv":[4.75,11.25,5.25,11.75],"rotation":180,"texture":"#5"},"up":{"uv":[6.5,4.75,7,5.25],"texture":"#5"},"down":{"uv":[9,10.25,9.5,10.75],"rotation":180,"texture":"#5"}}},{"from":[7.7974,22.7575,6.22176],"to":[8.28677,23.1925,6.81988],"rotation":{"angle":-22.5,"axis":"y","origin":[6.25465,23.375,8]},"faces":{"north":{"uv":[4.75,11.25,5.25,11.75],"rotation":180,"texture":"#5"},"east":{"uv":[7.5,2,8,2.5],"texture":"#5"},"up":{"uv":[6.5,4.75,7,5.25],"rotation":180,"texture":"#5"},"down":{"uv":[9,10.25,9.5,10.75],"rotation":180,"texture":"#5"}}},{"from":[3.57839,21.90082,7.59424],"to":[3.74162,23.80394,7.97281],"rotation":{"angle":22.5,"axis":"x","origin":[6.25465,23.375,8]},"faces":{"east":{"uv":[12.5,7.5,13,8],"texture":"#4"},"west":{"uv":[7.25,4,7.75,6],"texture":"#4"},"up":{"uv":[3.5,4.25,4,4.75],"texture":"#4"},"down":{"uv":[6.25,8,6.75,8.25],"rotation":180,"texture":"#4"}}},{"from":[3.57839,22.20696,7.28809],"to":[3.74162,24.11009,7.66665],"rotation":{"angle":-22.5,"axis":"x","origin":[6.25465,23.375,8]},"faces":{"east":{"uv":[12.5,7.5,13,8],"texture":"#4"},"west":{"uv":[7.25,4,7.75,6],"texture":"#4"},"up":{"uv":[3.5,4.25,4,4.75],"rotation":180,"texture":"#4"},"down":{"uv":[6.25,8,6.75,8.25],"rotation":180,"texture":"#4"}}},{"from":[3.57827,21.85775,7.81072],"to":[3.74151,23.76088,8.18929],"rotation":{"angle":45,"axis":"x","origin":[6.25465,23.375,8]},"faces":{"east":{"uv":[12.5,7.5,13,8],"texture":"#4"},"west":{"uv":[10.75,4.5,11.25,6.5],"texture":"#4"},"up":{"uv":[3.75,4.75,4.25,5.25],"texture":"#4"},"down":{"uv":[6.25,8,6.75,8.25],"rotation":180,"texture":"#4"}}},{"from":[3.57827,22.42344,7.24503],"to":[3.74151,24.32656,7.62359],"rotation":{"angle":-45,"axis":"x","origin":[6.25465,23.375,8]},"faces":{"east":{"uv":[12.5,7.5,13,8],"texture":"#4"},"west":{"uv":[6.75,4.5,7.25,6.5],"texture":"#4"},"up":{"uv":[7.75,4.75,8.25,5.25],"rotation":180,"texture":"#4"},"down":{"uv":[6.25,8,6.75,8.25],"rotation":180,"texture":"#4"}}},{"from":[3.57839,22.96925,6.52581],"to":[3.74162,23.34781,8.42894],"rotation":{"angle":-22.5,"axis":"x","origin":[6.25465,23.375,8]},"faces":{"north":{"uv":[6.75,8,7.25,8.5],"rotation":180,"texture":"#4"},"east":{"uv":[12.5,7.5,13,8],"rotation":270,"texture":"#4"},"south":{"uv":[5.25,5.5,5.75,6],"texture":"#4"},"west":{"uv":[0.5,4.75,1,6.75],"rotation":90,"texture":"#4"}}},{"from":[3.57839,22.6631,6.83196],"to":[3.74162,23.04166,8.73508],"rotation":{"angle":22.5,"axis":"x","origin":[6.25465,23.375,8]},"faces":{"north":{"uv":[6.75,5.5,7.25,6],"texture":"#4"},"east":{"uv":[12.5,7.5,13,8],"rotation":90,"texture":"#4"},"south":{"uv":[6,8,6.5,8.5],"rotation":180,"texture":"#4"},"west":{"uv":[0.75,4.75,1.25,6.75],"rotation":270,"texture":"#4"}}},{"from":[3.57827,22.78572,6.64844],"to":[3.74151,23.16428,8.55156],"rotation":{"angle":0,"axis":"y","origin":[6.25465,23.375,8]},"faces":{"north":{"uv":[4.25,8.25,4.75,8.75],"rotation":180,"texture":"#4"},"east":{"uv":[12.5,7.5,13,8],"texture":"#4"},"south":{"uv":[6.25,8.25,6.75,8.75],"rotation":180,"texture":"#4"},"west":{"uv":[7.25,9.5,7.75,11.5],"rotation":90,"texture":"#4"}}},{"from":[3.55,22.72353,7.39085],"to":[3.65875,23.59353,7.5639],"rotation":{"angle":-22.5,"axis":"x","origin":[6.25465,23.375,8]},"faces":{"west":{"uv":[5.25,4.5,5.75,5.25],"texture":"#2"},"up":{"uv":[7.25,4.25,7.5,4.75],"rotation":180,"texture":"#2"},"down":{"uv":[9,8,9.25,8.5],"rotation":180,"texture":"#2"}}},{"from":[3.55,22.41738,7.697],"to":[3.65875,23.28738,7.87006],"rotation":{"angle":22.5,"axis":"x","origin":[6.25465,23.375,8]},"faces":{"west":{"uv":[5.25,4.5,5.75,5.25],"texture":"#2"},"up":{"uv":[3.25,4,3.5,4.5],"texture":"#2"},"down":{"uv":[9,8,9.25,8.5],"texture":"#2"}}},{"from":[3.55011,22.94,7.34779],"to":[3.65886,23.81,7.52084],"rotation":{"angle":-45,"axis":"x","origin":[6.25465,23.375,8]},"faces":{"west":{"uv":[6.25,4.5,6.75,5.25],"texture":"#2"},"up":{"uv":[7.25,4.25,7.5,4.75],"rotation":180,"texture":"#2"},"down":{"uv":[6,5.5,6.25,6],"texture":"#2"}}},{"from":[3.55011,22.37432,7.91348],"to":[3.65886,23.24432,8.08654],"rotation":{"angle":45,"axis":"x","origin":[6.25465,23.375,8]},"faces":{"west":{"uv":[6.25,4.5,6.75,5.25],"texture":"#2"},"up":{"uv":[3.75,4,4,4.5],"texture":"#2"},"down":{"uv":[6,5.5,6.25,6],"texture":"#2"}}},{"from":[3.55,22.76586,7.34852],"to":[3.65875,22.93891,8.21852],"rotation":{"angle":22.5,"axis":"x","origin":[6.25465,23.375,8]},"faces":{"north":{"uv":[7.25,4.25,7.5,4.75],"texture":"#2"},"south":{"uv":[6.25,5,6.5,5.5],"texture":"#2"},"west":{"uv":[9.25,4.5,9.75,5.25],"rotation":270,"texture":"#2"}}},{"from":[3.55,23.07201,7.04237],"to":[3.65875,23.24506,7.91237],"rotation":{"angle":-22.5,"axis":"x","origin":[6.25465,23.375,8]},"faces":{"north":{"uv":[6.25,5,6.5,5.5],"texture":"#2"},"south":{"uv":[7.25,4.25,7.5,4.75],"texture":"#2"},"west":{"uv":[9,4.5,9.5,5.25],"rotation":90,"texture":"#2"}}},{"from":[3.55011,22.88848,7.165],"to":[3.65886,23.06154,8.035],"rotation":{"angle":0,"axis":"y","origin":[6.25465,23.375,8]},"faces":{"north":{"uv":[6.25,4.5,6.5,5],"texture":"#2"},"south":{"uv":[6.25,4.5,6.5,5],"texture":"#2"},"west":{"uv":[6.25,4.5,6.75,5],"texture":"#2"}}},{"from":[3.71421,22.13219,7.43235],"to":[4.36671,23.81781,7.76765],"rotation":{"angle":0,"axis":"y","origin":[6.25465,23.375,8]},"faces":{"up":{"uv":[8.5,4,9,4.5],"rotation":180,"texture":"#4"},"down":{"uv":[5.75,8,6.25,8.25],"texture":"#4"}}},{"from":[3.71421,22.00957,7.61587],"to":[4.36671,23.69519,7.95118],"rotation":{"angle":22.5,"axis":"x","origin":[6.25465,23.375,8]},"faces":{"up":{"uv":[11,2.5,11.5,3],"rotation":180,"texture":"#4"},"down":{"uv":[5.75,8,6.25,8.25],"texture":"#4"}}},{"from":[3.71421,22.31571,7.30972],"to":[4.36671,24.00134,7.64502],"rotation":{"angle":-22.5,"axis":"x","origin":[6.25465,23.375,8]},"faces":{"up":{"uv":[8.5,4,9,4.5],"rotation":180,"texture":"#4"},"down":{"uv":[5.75,8,6.25,8.25],"texture":"#4"}}},{"from":[3.71421,21.9665,7.83235],"to":[4.36671,23.65213,8.16765],"rotation":{"angle":45,"axis":"x","origin":[6.25465,23.375,8]},"faces":{"up":{"uv":[3.25,4.25,3.75,4.75],"texture":"#4"},"down":{"uv":[5.75,8,6.25,8.25],"texture":"#4"}}},{"from":[3.71421,22.53219,7.26667],"to":[4.36671,24.21781,7.60196],"rotation":{"angle":-45,"axis":"x","origin":[6.25465,23.375,8]},"faces":{"up":{"uv":[3.25,4.25,3.75,4.75],"rotation":180,"texture":"#4"},"down":{"uv":[5.75,8,6.25,8.25],"texture":"#4"}}},{"from":[3.71421,22.99088,6.63456],"to":[4.36671,23.32618,8.32019],"rotation":{"angle":-22.5,"axis":"x","origin":[6.25465,23.375,8]},"faces":{"north":{"uv":[3,8,3.5,8.5],"rotation":180,"texture":"#4"},"south":{"uv":[3.25,4.75,3.75,5.25],"texture":"#4"}}},{"from":[3.71421,22.68473,6.94071],"to":[4.36671,23.02003,8.62633],"rotation":{"angle":22.5,"axis":"x","origin":[6.25465,23.375,8]},"faces":{"north":{"uv":[3.25,4.75,3.75,5.25],"texture":"#4"},"south":{"uv":[3,8,3.5,8.5],"rotation":180,"texture":"#4"}}},{"from":[3.71421,22.80735,6.75719],"to":[4.36671,23.14265,8.44281],"rotation":{"angle":0,"axis":"y","origin":[6.25465,23.375,8]},"faces":{"north":{"uv":[3.25,5.25,3.75,5.75],"texture":"#4"},"south":{"uv":[3.25,5.25,3.75,5.75],"texture":"#4"}}},{"from":[3.57827,20.37344,8.38572],"to":[3.74151,22.27656,8.76428],"rotation":{"angle":0,"axis":"y","origin":[6.25465,23.375,8]},"faces":{"east":{"uv":[12.5,7.5,13,8],"texture":"#4"},"west":{"uv":[8.25,4,8.75,6],"texture":"#4"},"up":{"uv":[3.5,3.75,4,4.25],"rotation":180,"texture":"#4"},"down":{"uv":[6.25,8,6.75,8.25],"rotation":180,"texture":"#4"}}},{"from":[3.55011,20.89,8.48848],"to":[3.65886,21.76,8.66153],"rotation":{"angle":0,"axis":"y","origin":[6.25465,23.375,8]},"faces":{"west":{"uv":[6.25,4.5,6.75,5.25],"texture":"#2"},"up":{"uv":[3.25,4,3.5,4.5],"texture":"#2"},"down":{"uv":[9.5,8,9.75,8.25],"texture":"#2"}}},{"from":[4.14921,20.37344,8.38572],"to":[7.37046,22.27656,8.76428],"rotation":{"angle":0,"axis":"y","origin":[6.25465,23.375,8]},"faces":{"east":{"uv":[5.25,10.5,5.75,11],"texture":"#4"},"west":{"uv":[12.5,7.5,13,8],"texture":"#4"},"up":{"uv":[2,3.25,4,3.75],"texture":"#4"},"down":{"uv":[5.5,7.75,7.5,8.25],"rotation":180,"texture":"#4"}}},{"from":[4.14921,20.74953,9.12645],"to":[7.37046,22.65266,9.50502],"rotation":{"angle":22.5,"axis":"x","origin":[6.25465,23.375,8]},"faces":{"east":{"uv":[5.25,10.5,5.75,11],"texture":"#4"},"west":{"uv":[12.5,7.5,13,8],"texture":"#4"},"up":{"uv":[2,3.75,4,4.25],"texture":"#4"},"down":{"uv":[3,9,5,9.5],"rotation":180,"texture":"#4"}}},{"from":[4.14921,20.30945,7.55744],"to":[7.37046,22.21257,7.93601],"rotation":{"angle":-22.5,"axis":"x","origin":[6.25465,23.375,8]},"faces":{"east":{"uv":[5.25,10.5,5.75,11],"texture":"#4"},"west":{"uv":[12.5,7.5,13,8],"texture":"#4"},"up":{"uv":[0,3.25,2,3.75],"texture":"#4"},"down":{"uv":[3.5,8,5.5,8.5],"rotation":180,"texture":"#4"}}},{"from":[4.14921,21.38046,9.66688],"to":[7.37046,23.28358,10.04544],"rotation":{"angle":45,"axis":"x","origin":[6.25465,23.375,8]},"faces":{"east":{"uv":[5.25,10.5,5.75,11],"texture":"#4"},"west":{"uv":[12.5,7.5,13,8],"texture":"#4"},"up":{"uv":[5.25,4.25,7.25,4.75],"texture":"#4"},"down":{"uv":[5.75,5.5,7.75,6],"rotation":180,"texture":"#4"}}},{"from":[4.14921,20.56728,6.76773],"to":[7.37046,22.47041,7.14629],"rotation":{"angle":-45,"axis":"x","origin":[6.25465,23.375,8]},"faces":{"east":{"uv":[5.25,10.5,5.75,11],"texture":"#4"},"west":{"uv":[12.5,7.5,13,8],"texture":"#4"},"up":{"uv":[1.25,4.25,3.25,4.75],"rotation":180,"texture":"#4"},"down":{"uv":[4.5,5.5,6.5,6],"texture":"#4"}}},{"from":[4.14921,21.07173,6.79517],"to":[7.37046,21.45029,8.69829],"rotation":{"angle":-22.5,"axis":"x","origin":[6.25465,23.375,8]},"faces":{"north":{"uv":[6.25,5,8.25,5.5],"texture":"#4"},"east":{"uv":[5.25,10.5,5.75,11],"texture":"#4"},"south":{"uv":[5.25,4.75,7.25,5.25],"texture":"#4"},"west":{"uv":[12.5,7.5,13,8],"rotation":90,"texture":"#4"}}},{"from":[4.14921,21.51182,8.36417],"to":[7.37046,21.89038,10.26729],"rotation":{"angle":22.5,"axis":"x","origin":[6.25465,23.375,8]},"faces":{"north":{"uv":[5.25,4.75,7.25,5.25],"texture":"#4"},"east":{"uv":[5.25,10.5,5.75,11],"texture":"#4"},"south":{"uv":[6.25,5,8.25,5.5],"texture":"#4"},"west":{"uv":[12.5,7.5,13,8],"rotation":270,"texture":"#4"}}},{"from":[4.14921,21.13572,7.62344],"to":[7.37046,21.51428,9.52656],"rotation":{"angle":0,"axis":"y","origin":[6.25465,23.375,8]},"faces":{"north":{"uv":[3,12.25,5,12.75],"texture":"#4"},"east":{"uv":[5.25,10.5,5.75,11],"texture":"#4"},"south":{"uv":[0,12,2,12.5],"texture":"#4"},"west":{"uv":[12.5,7.5,13,8],"texture":"#4"}}},{"from":[7.26171,20.455,8.40194],"to":[7.80546,22.195,8.74805],"rotation":{"angle":0,"axis":"y","origin":[6.25465,23.375,8]},"faces":{"east":{"uv":[11,7.5,11.5,8],"texture":"#5"},"up":{"uv":[3.25,4,3.75,4.25],"texture":"#5"},"down":{"uv":[7.75,8,8.25,8.25],"rotation":180,"texture":"#5"}}},{"from":[7.26171,20.39101,7.57367],"to":[7.80546,22.13101,7.91978],"rotation":{"angle":-22.5,"axis":"x","origin":[6.25465,23.375,8]},"faces":{"east":{"uv":[11,7.5,11.5,8],"texture":"#5"},"up":{"uv":[7.5,4.25,8,4.5],"texture":"#5"},"down":{"uv":[4.25,8,4.75,8.25],"rotation":180,"texture":"#5"}}},{"from":[7.26171,20.83109,9.14268],"to":[7.80546,22.57109,9.48879],"rotation":{"angle":22.5,"axis":"x","origin":[6.25465,23.375,8]},"faces":{"east":{"uv":[11,7.5,11.5,8],"texture":"#5"},"up":{"uv":[5.5,4.25,6,4.5],"texture":"#5"},"down":{"uv":[4.25,8,4.75,8.25],"texture":"#5"}}},{"from":[7.26171,20.64885,6.78396],"to":[7.80546,22.38885,7.13007],"rotation":{"angle":-45,"axis":"x","origin":[6.25465,23.375,8]},"faces":{"east":{"uv":[11,7.5,11.5,8],"texture":"#5"},"up":{"uv":[6.5,4.75,7,5],"rotation":180,"texture":"#5"},"down":{"uv":[2.75,9.25,3.25,9.5],"rotation":180,"texture":"#5"}}},{"from":[7.26171,21.46202,9.6831],"to":[7.80546,23.20202,10.02921],"rotation":{"angle":45,"axis":"x","origin":[6.25465,23.375,8]},"faces":{"east":{"uv":[11,7.5,11.5,8],"texture":"#5"},"up":{"uv":[8.5,4.75,9,5],"texture":"#5"},"down":{"uv":[2.75,9.25,3.25,9.75],"rotation":180,"texture":"#5"}}},{"from":[7.26171,21.52805,8.44573],"to":[7.80546,21.87415,10.18573],"rotation":{"angle":22.5,"axis":"x","origin":[6.25465,23.375,8]},"faces":{"north":{"uv":[5.5,11.5,6,11.75],"rotation":180,"texture":"#5"},"east":{"uv":[11,7.5,11.5,8],"rotation":90,"texture":"#5"},"south":{"uv":[1.25,9.75,1.75,10],"rotation":180,"texture":"#5"}}},{"from":[7.26171,21.08796,6.87673],"to":[7.80546,21.43406,8.61673],"rotation":{"angle":-22.5,"axis":"x","origin":[6.25465,23.375,8]},"faces":{"north":{"uv":[2.5,10,3,10.5],"rotation":180,"texture":"#5"},"east":{"uv":[11,7.5,11.5,8],"rotation":270,"texture":"#5"},"south":{"uv":[5.5,11.5,6,11.75],"rotation":180,"texture":"#5"}}},{"from":[7.26171,21.15195,7.705],"to":[7.80546,21.49806,9.445],"rotation":{"angle":0,"axis":"y","origin":[6.25465,23.375,8]},"faces":{"north":{"uv":[5.5,11,6,11.25],"rotation":180,"texture":"#5"},"east":{"uv":[11,7.5,11.5,8],"texture":"#5"},"south":{"uv":[5.5,11,6,11.25],"rotation":180,"texture":"#5"}}},{"from":[7.74921,20.50938,8.41277],"to":[8.07546,22.14063,8.73723],"rotation":{"angle":0,"axis":"y","origin":[6.25465,23.375,8]},"faces":{"east":{"uv":[11,7.5,11.5,8],"texture":"#5"},"up":{"uv":[3.25,4,3.75,4.25],"texture":"#5"},"down":{"uv":[7.75,8,8.25,8.25],"rotation":180,"texture":"#5"}}},{"from":[7.74921,20.88547,9.1535],"to":[8.07546,22.51672,9.47796],"rotation":{"angle":22.5,"axis":"x","origin":[6.25465,23.375,8]},"faces":{"east":{"uv":[11,7.5,11.5,8],"texture":"#5"},"up":{"uv":[12.75,2.25,13.25,2.5],"texture":"#5"},"down":{"uv":[4.25,8,4.75,8.25],"texture":"#5"}}},{"from":[7.74921,20.44538,7.5845],"to":[8.07546,22.07663,7.90896],"rotation":{"angle":-22.5,"axis":"x","origin":[6.25465,23.375,8]},"faces":{"east":{"uv":[11,7.5,11.5,8],"texture":"#5"},"up":{"uv":[8.5,4.25,9,4.5],"texture":"#5"},"down":{"uv":[4.25,8,4.75,8.25],"rotation":180,"texture":"#5"}}},{"from":[7.74921,21.51639,9.69392],"to":[8.07546,23.14764,10.01839],"rotation":{"angle":45,"axis":"x","origin":[6.25465,23.375,8]},"faces":{"east":{"uv":[11,7.5,11.5,8],"texture":"#5"},"up":{"uv":[9.25,4.75,9.75,5],"texture":"#5"},"down":{"uv":[2.75,9.25,3.25,9.75],"rotation":180,"texture":"#5"}}},{"from":[7.74921,20.70322,6.79478],"to":[8.07546,22.33447,7.11925],"rotation":{"angle":-45,"axis":"x","origin":[6.25465,23.375,8]},"faces":{"east":{"uv":[11,7.5,11.5,8],"texture":"#5"},"up":{"uv":[5.75,4.75,6.25,5],"rotation":180,"texture":"#5"},"down":{"uv":[2.75,9.25,3.25,9.5],"rotation":180,"texture":"#5"}}},{"from":[7.74921,21.09878,6.9311],"to":[8.07546,21.42325,8.56235],"rotation":{"angle":-22.5,"axis":"x","origin":[6.25465,23.375,8]},"faces":{"north":{"uv":[2.5,10,3,10.5],"rotation":180,"texture":"#5"},"east":{"uv":[11,7.5,11.5,8],"rotation":270,"texture":"#5"},"south":{"uv":[6.25,11.5,6.75,11.75],"rotation":180,"texture":"#5"}}},{"from":[7.74921,21.53886,8.50011],"to":[8.07546,21.86333,10.13136],"rotation":{"angle":22.5,"axis":"x","origin":[6.25465,23.375,8]},"faces":{"north":{"uv":[4.75,11.5,5.25,11.75],"rotation":180,"texture":"#5"},"east":{"uv":[11,7.5,11.5,8],"rotation":90,"texture":"#5"},"south":{"uv":[1.25,9.75,1.75,10],"rotation":180,"texture":"#5"}}},{"from":[7.74921,21.16277,7.75937],"to":[8.07546,21.48723,9.39062],"rotation":{"angle":0,"axis":"y","origin":[6.25465,23.375,8]},"faces":{"north":{"uv":[5.5,11,6,11.25],"rotation":180,"texture":"#5"},"east":{"uv":[11,7.5,11.5,8],"texture":"#5"},"south":{"uv":[5.5,11,6,11.25],"rotation":180,"texture":"#5"}}},{"from":[8.00046,20.56375,8.42357],"to":[8.27234,22.08625,8.72642],"rotation":{"angle":0,"axis":"y","origin":[6.25465,23.375,8]},"faces":{"east":{"uv":[11,7.5,11.5,8],"texture":"#5"},"up":{"uv":[3.25,4,3.75,4.25],"texture":"#5"},"down":{"uv":[7.75,8,8.25,8.25],"rotation":180,"texture":"#5"}}},{"from":[8.00046,20.49976,7.5953],"to":[8.27234,22.02226,7.89815],"rotation":{"angle":-22.5,"axis":"x","origin":[6.25465,23.375,8]},"faces":{"east":{"uv":[11,7.5,11.5,8],"texture":"#5"},"up":{"uv":[8.75,4.25,9.25,4.5],"texture":"#5"},"down":{"uv":[4.25,8,4.75,8.25],"rotation":180,"texture":"#5"}}},{"from":[8.00046,20.93984,9.16431],"to":[8.27234,22.46234,9.46716],"rotation":{"angle":22.5,"axis":"x","origin":[6.25465,23.375,8]},"faces":{"east":{"uv":[11,7.5,11.5,8],"texture":"#5"},"up":{"uv":[10.5,2.75,11,3],"texture":"#5"},"down":{"uv":[4.25,8,4.75,8.25],"texture":"#5"}}},{"from":[8.00046,20.7576,6.80559],"to":[8.27234,22.2801,7.10844],"rotation":{"angle":-45,"axis":"x","origin":[6.25465,23.375,8]},"faces":{"east":{"uv":[11,7.5,11.5,8],"texture":"#5"},"up":{"uv":[5.75,4.75,6.25,5],"rotation":180,"texture":"#5"},"down":{"uv":[2.75,9.25,3.25,9.5],"rotation":180,"texture":"#5"}}},{"from":[8.00046,21.54968,8.55448],"to":[8.27234,21.85252,10.07698],"rotation":{"angle":22.5,"axis":"x","origin":[6.25465,23.375,8]},"faces":{"north":{"uv":[6.75,11.5,7.25,11.75],"rotation":180,"texture":"#5"},"east":{"uv":[11,7.5,11.5,8],"rotation":90,"texture":"#5"},"south":{"uv":[1.25,9.75,1.75,10],"rotation":180,"texture":"#5"}}},{"from":[8.00046,21.57077,9.70473],"to":[8.27234,23.09327,10.00758],"rotation":{"angle":45,"axis":"x","origin":[6.25465,23.375,8]},"faces":{"east":{"uv":[11,7.5,11.5,8],"texture":"#5"},"up":{"uv":[9,4.75,9.5,5],"texture":"#5"},"down":{"uv":[2.75,9.25,3.25,9.75],"rotation":180,"texture":"#5"}}},{"from":[8.00046,21.10959,6.98548],"to":[8.27234,21.41243,8.50798],"rotation":{"angle":-22.5,"axis":"x","origin":[6.25465,23.375,8]},"faces":{"north":{"uv":[2.5,10,3,10.5],"rotation":180,"texture":"#5"},"east":{"uv":[11,7.5,11.5,8],"rotation":270,"texture":"#5"},"south":{"uv":[6.25,11.5,6.75,11.75],"rotation":180,"texture":"#5"}}},{"from":[8.00046,21.17358,7.81375],"to":[8.27234,21.47643,9.33625],"rotation":{"angle":0,"axis":"y","origin":[6.25465,23.375,8]},"faces":{"north":{"uv":[5.5,11,6,11.25],"rotation":180,"texture":"#5"},"east":{"uv":[11,7.5,11.5,8],"texture":"#5"},"south":{"uv":[5.5,11,6,11.25],"rotation":180,"texture":"#5"}}},{"from":[8.19734,20.61813,8.4344],"to":[8.36046,22.03188,8.7156],"rotation":{"angle":0,"axis":"y","origin":[6.25465,23.375,8]},"faces":{"east":{"uv":[11,7.5,11.5,8],"texture":"#5"},"up":{"uv":[3.25,4,3.75,4.25],"texture":"#5"},"down":{"uv":[7.75,8,8.25,8.25],"rotation":180,"texture":"#5"}}},{"from":[8.19734,20.99422,9.17513],"to":[8.36046,22.40797,9.45633],"rotation":{"angle":22.5,"axis":"x","origin":[6.25465,23.375,8]},"faces":{"east":{"uv":[11,7.5,11.5,8],"texture":"#5"},"up":{"uv":[11.25,3.25,11.75,3.5],"texture":"#5"},"down":{"uv":[4.25,8,4.75,8.25],"texture":"#5"}}},{"from":[8.19734,20.55413,7.60613],"to":[8.36046,21.96788,7.88733],"rotation":{"angle":-22.5,"axis":"x","origin":[6.25465,23.375,8]},"faces":{"east":{"uv":[11,7.5,11.5,8],"texture":"#5"},"up":{"uv":[11,3,11.5,3.25],"texture":"#5"},"down":{"uv":[4.25,8,4.75,8.25],"rotation":180,"texture":"#5"}}},{"from":[8.19734,21.62514,9.71555],"to":[8.36046,23.03889,9.99676],"rotation":{"angle":45,"axis":"x","origin":[6.25465,23.375,8]},"faces":{"east":{"uv":[11,7.5,11.5,8],"texture":"#5"},"up":{"uv":[6.5,4.75,7,5],"texture":"#5"},"down":{"uv":[2.75,9.25,3.25,9.75],"rotation":180,"texture":"#5"}}},{"from":[8.19734,20.81197,6.81641],"to":[8.36046,22.22572,7.09762],"rotation":{"angle":-45,"axis":"x","origin":[6.25465,23.375,8]},"faces":{"east":{"uv":[11,7.5,11.5,8],"texture":"#5"},"up":{"uv":[8,4.75,8.5,5],"rotation":180,"texture":"#5"},"down":{"uv":[2.75,9.25,3.25,9.5],"rotation":180,"texture":"#5"}}},{"from":[8.19734,21.12041,7.03985],"to":[8.36046,21.40161,8.4536],"rotation":{"angle":-22.5,"axis":"x","origin":[6.25465,23.375,8]},"faces":{"north":{"uv":[2.5,10,3,10.5],"rotation":180,"texture":"#5"},"east":{"uv":[11,7.5,11.5,8],"rotation":270,"texture":"#5"},"south":{"uv":[7.5,11.5,8,11.75],"rotation":180,"texture":"#5"}}},{"from":[8.19734,21.56049,8.60886],"to":[8.36046,21.8417,10.02261],"rotation":{"angle":22.5,"axis":"x","origin":[6.25465,23.375,8]},"faces":{"north":{"uv":[7,11.5,7.5,11.75],"rotation":180,"texture":"#5"},"east":{"uv":[11,7.5,11.5,8],"rotation":90,"texture":"#5"},"south":{"uv":[1.25,9.75,1.75,10],"rotation":180,"texture":"#5"}}},{"from":[8.19734,21.1844,7.86812],"to":[8.36046,21.4656,9.28187],"rotation":{"angle":0,"axis":"y","origin":[6.25465,23.375,8]},"faces":{"north":{"uv":[5.5,11,6,11.25],"rotation":180,"texture":"#5"},"east":{"uv":[11,7.5,11.5,8],"texture":"#5"},"south":{"uv":[5.5,11,6,11.25],"rotation":180,"texture":"#5"}}},{"from":[8.73497,22.34599,8.3575],"to":[9.22435,22.88974,8.7925],"rotation":{"angle":-22.5,"axis":"z","origin":[6.25465,23.375,8]},"faces":{"north":{"uv":[6,4.5,6.5,5],"texture":"#5"},"east":{"uv":[7.5,2,8,2.5],"texture":"#5"},"south":{"uv":[5.75,4.5,6.25,5],"texture":"#5"},"up":{"uv":[4,4,4.5,4.5],"texture":"#5"}}},{"from":[7.16596,20.07236,8.3575],"to":[7.65534,20.61611,8.7925],"rotation":{"angle":22.5,"axis":"z","origin":[6.25465,23.375,8]},"faces":{"north":{"uv":[5,8,5.5,8.5],"rotation":180,"texture":"#5"},"east":{"uv":[7.5,2,8,2.5],"texture":"#5"},"south":{"uv":[5,8,5.5,8.5],"rotation":180,"texture":"#5"},"down":{"uv":[15,8,15.5,8.5],"rotation":180,"texture":"#5"}}},{"from":[7.73043,21.1075,9.3418],"to":[8.2198,21.5425,9.93992],"rotation":{"angle":22.5,"axis":"y","origin":[6.25465,23.375,8]},"faces":{"east":{"uv":[7.5,2,8,2.5],"texture":"#5"},"south":{"uv":[4.75,11.25,5.25,11.75],"rotation":180,"texture":"#5"},"up":{"uv":[6.5,4.75,7,5.25],"texture":"#5"},"down":{"uv":[9,10.25,9.5,10.75],"rotation":180,"texture":"#5"}}},{"from":[8.17051,21.1075,7.12254],"to":[8.65989,21.5425,7.72067],"rotation":{"angle":-22.5,"axis":"y","origin":[6.25465,23.375,8]},"faces":{"north":{"uv":[4.75,11.25,5.25,11.75],"rotation":180,"texture":"#5"},"east":{"uv":[7.5,2,8,2.5],"texture":"#5"},"up":{"uv":[6.5,4.75,7,5.25],"rotation":180,"texture":"#5"},"down":{"uv":[9,10.25,9.5,10.75],"rotation":180,"texture":"#5"}}},{"from":[3.57839,20.74953,9.12645],"to":[3.74162,22.65266,9.50502],"rotation":{"angle":22.5,"axis":"x","origin":[6.25465,23.375,8]},"faces":{"east":{"uv":[12.5,7.5,13,8],"texture":"#4"},"west":{"uv":[7.25,4,7.75,6],"texture":"#4"},"up":{"uv":[3.5,4.25,4,4.75],"texture":"#4"},"down":{"uv":[6.25,8,6.75,8.25],"rotation":180,"texture":"#4"}}},{"from":[3.57839,20.30945,7.55744],"to":[3.74162,22.21257,7.93601],"rotation":{"angle":-22.5,"axis":"x","origin":[6.25465,23.375,8]},"faces":{"east":{"uv":[12.5,7.5,13,8],"texture":"#4"},"west":{"uv":[7.25,4,7.75,6],"texture":"#4"},"up":{"uv":[3.5,4.25,4,4.75],"rotation":180,"texture":"#4"},"down":{"uv":[6.25,8,6.75,8.25],"rotation":180,"texture":"#4"}}},{"from":[3.57827,21.38046,9.66688],"to":[3.74151,23.28358,10.04544],"rotation":{"angle":45,"axis":"x","origin":[6.25465,23.375,8]},"faces":{"east":{"uv":[12.5,7.5,13,8],"texture":"#4"},"west":{"uv":[10.75,4.5,11.25,6.5],"texture":"#4"},"up":{"uv":[3.75,4.75,4.25,5.25],"texture":"#4"},"down":{"uv":[6.25,8,6.75,8.25],"rotation":180,"texture":"#4"}}},{"from":[3.57827,20.56728,6.76773],"to":[3.74151,22.47041,7.14629],"rotation":{"angle":-45,"axis":"x","origin":[6.25465,23.375,8]},"faces":{"east":{"uv":[12.5,7.5,13,8],"texture":"#4"},"west":{"uv":[6.75,4.5,7.25,6.5],"texture":"#4"},"up":{"uv":[7.75,4.75,8.25,5.25],"rotation":180,"texture":"#4"},"down":{"uv":[6.25,8,6.75,8.25],"rotation":180,"texture":"#4"}}},{"from":[3.57839,21.07173,6.79517],"to":[3.74162,21.45029,8.69829],"rotation":{"angle":-22.5,"axis":"x","origin":[6.25465,23.375,8]},"faces":{"north":{"uv":[6.75,8,7.25,8.5],"rotation":180,"texture":"#4"},"east":{"uv":[12.5,7.5,13,8],"rotation":270,"texture":"#4"},"south":{"uv":[5.25,5.5,5.75,6],"texture":"#4"},"west":{"uv":[0.5,4.75,1,6.75],"rotation":90,"texture":"#4"}}},{"from":[3.57839,21.51182,8.36417],"to":[3.74162,21.89038,10.26729],"rotation":{"angle":22.5,"axis":"x","origin":[6.25465,23.375,8]},"faces":{"north":{"uv":[6.75,5.5,7.25,6],"texture":"#4"},"east":{"uv":[12.5,7.5,13,8],"rotation":90,"texture":"#4"},"south":{"uv":[6,8,6.5,8.5],"rotation":180,"texture":"#4"},"west":{"uv":[0.75,4.75,1.25,6.75],"rotation":270,"texture":"#4"}}},{"from":[3.57827,21.13572,7.62344],"to":[3.74151,21.51428,9.52656],"rotation":{"angle":0,"axis":"y","origin":[6.25465,23.375,8]},"faces":{"north":{"uv":[4.25,8.25,4.75,8.75],"rotation":180,"texture":"#4"},"east":{"uv":[12.5,7.5,13,8],"texture":"#4"},"south":{"uv":[6.25,8.25,6.75,8.75],"rotation":180,"texture":"#4"},"west":{"uv":[7.25,9.5,7.75,11.5],"rotation":90,"texture":"#4"}}},{"from":[3.55,20.82601,7.6602],"to":[3.65875,21.69601,7.83326],"rotation":{"angle":-22.5,"axis":"x","origin":[6.25465,23.375,8]},"faces":{"west":{"uv":[5.25,4.5,5.75,5.25],"texture":"#2"},"up":{"uv":[7.25,4.25,7.5,4.75],"rotation":180,"texture":"#2"},"down":{"uv":[9,8,9.25,8.5],"rotation":180,"texture":"#2"}}},{"from":[3.55,21.26609,9.22921],"to":[3.65875,22.13609,9.40227],"rotation":{"angle":22.5,"axis":"x","origin":[6.25465,23.375,8]},"faces":{"west":{"uv":[5.25,4.5,5.75,5.25],"texture":"#2"},"up":{"uv":[3.25,4,3.5,4.5],"texture":"#2"},"down":{"uv":[9,8,9.25,8.5],"texture":"#2"}}},{"from":[3.55011,21.08385,6.8705],"to":[3.65886,21.95385,7.04354],"rotation":{"angle":-45,"axis":"x","origin":[6.25465,23.375,8]},"faces":{"west":{"uv":[6.25,4.5,6.75,5.25],"texture":"#2"},"up":{"uv":[7.25,4.25,7.5,4.75],"rotation":180,"texture":"#2"},"down":{"uv":[6,5.5,6.25,6],"texture":"#2"}}},{"from":[3.55011,21.89702,9.76964],"to":[3.65886,22.76702,9.94269],"rotation":{"angle":45,"axis":"x","origin":[6.25465,23.375,8]},"faces":{"west":{"uv":[6.25,4.5,6.75,5.25],"texture":"#2"},"up":{"uv":[3.75,4,4,4.5],"texture":"#2"},"down":{"uv":[6,5.5,6.25,6],"texture":"#2"}}},{"from":[3.55,21.61457,8.88073],"to":[3.65875,21.78763,9.75073],"rotation":{"angle":22.5,"axis":"x","origin":[6.25465,23.375,8]},"faces":{"north":{"uv":[7.25,4.25,7.5,4.75],"texture":"#2"},"south":{"uv":[6.25,5,6.5,5.5],"texture":"#2"},"west":{"uv":[9.25,4.5,9.75,5.25],"rotation":270,"texture":"#2"}}},{"from":[3.55,21.17449,7.31173],"to":[3.65875,21.34754,8.18173],"rotation":{"angle":-22.5,"axis":"x","origin":[6.25465,23.375,8]},"faces":{"north":{"uv":[6.25,5,6.5,5.5],"texture":"#2"},"south":{"uv":[7.25,4.25,7.5,4.75],"texture":"#2"},"west":{"uv":[9,4.5,9.5,5.25],"rotation":90,"texture":"#2"}}},{"from":[3.55011,21.23848,8.14],"to":[3.65886,21.41154,9.01],"rotation":{"angle":0,"axis":"y","origin":[6.25465,23.375,8]},"faces":{"north":{"uv":[6.25,4.5,6.5,5],"texture":"#2"},"south":{"uv":[6.25,4.5,6.5,5],"texture":"#2"},"west":{"uv":[6.25,4.5,6.75,5],"texture":"#2"}}},{"from":[3.71421,20.48219,8.40735],"to":[4.36671,22.16781,8.74265],"rotation":{"angle":0,"axis":"y","origin":[6.25465,23.375,8]},"faces":{"up":{"uv":[8.5,4,9,4.5],"rotation":180,"texture":"#4"},"down":{"uv":[5.75,8,6.25,8.25],"texture":"#4"}}},{"from":[3.71421,20.85828,9.14808],"to":[4.36671,22.54391,9.48339],"rotation":{"angle":22.5,"axis":"x","origin":[6.25465,23.375,8]},"faces":{"up":{"uv":[11,2.5,11.5,3],"rotation":180,"texture":"#4"},"down":{"uv":[5.75,8,6.25,8.25],"texture":"#4"}}},{"from":[3.71421,20.4182,7.57907],"to":[4.36671,22.10382,7.91438],"rotation":{"angle":-22.5,"axis":"x","origin":[6.25465,23.375,8]},"faces":{"up":{"uv":[8.5,4,9,4.5],"rotation":180,"texture":"#4"},"down":{"uv":[5.75,8,6.25,8.25],"texture":"#4"}}},{"from":[3.71421,21.48921,9.68851],"to":[4.36671,23.17483,10.0238],"rotation":{"angle":45,"axis":"x","origin":[6.25465,23.375,8]},"faces":{"up":{"uv":[3.25,4.25,3.75,4.75],"texture":"#4"},"down":{"uv":[5.75,8,6.25,8.25],"texture":"#4"}}},{"from":[3.71421,20.67603,6.78937],"to":[4.36671,22.36166,7.12466],"rotation":{"angle":-45,"axis":"x","origin":[6.25465,23.375,8]},"faces":{"up":{"uv":[3.25,4.25,3.75,4.75],"rotation":180,"texture":"#4"},"down":{"uv":[5.75,8,6.25,8.25],"texture":"#4"}}},{"from":[3.71421,21.09336,6.90392],"to":[4.36671,21.42866,8.58954],"rotation":{"angle":-22.5,"axis":"x","origin":[6.25465,23.375,8]},"faces":{"north":{"uv":[3,8,3.5,8.5],"rotation":180,"texture":"#4"},"south":{"uv":[3.25,4.75,3.75,5.25],"texture":"#4"}}},{"from":[3.71421,21.53345,8.47292],"to":[4.36671,21.86875,10.15854],"rotation":{"angle":22.5,"axis":"x","origin":[6.25465,23.375,8]},"faces":{"north":{"uv":[3.25,4.75,3.75,5.25],"texture":"#4"},"south":{"uv":[3,8,3.5,8.5],"rotation":180,"texture":"#4"}}},{"from":[3.71421,21.15735,7.73219],"to":[4.36671,21.49265,9.41781],"rotation":{"angle":0,"axis":"y","origin":[6.25465,23.375,8]},"faces":{"north":{"uv":[3.25,5.25,3.75,5.75],"texture":"#4"},"south":{"uv":[3.25,5.25,3.75,5.75],"texture":"#4"}}},{"from":[3.56919,-15.5,6.46747],"to":[7.36669,20.751,8.23247],"rotation":{"angle":0,"axis":"y","origin":[7.93247,1.5,8]},"faces":{"up":{"uv":[10,4.25,12,5.5],"rotation":180,"texture":"#4"}}},{"from":[7.34419,-15.5,6.66747],"to":[8.79169,20.751,7.93247],"rotation":{"angle":0,"axis":"y","origin":[7.93247,1.5,8]},"faces":{"up":{"uv":[10,4.25,11,5.5],"rotation":180,"texture":"#5"}}},{"from":[3.14919,-15.5,6.24507],"to":[8.64419,20.75,9.75507],"rotation":{"angle":0,"axis":"z","origin":[8.13247,1.5,8]},"faces":{"up":{"uv":[5,9.75,5.5,10.25],"texture":"#1"},"down":{"uv":[10,9.75,11.25,10.75],"texture":"#2"}}},{"from":[8.04419,-15.5,6.96747],"to":[9.36669,20.75,9.03247],"rotation":{"angle":0,"axis":"y","origin":[7.93247,1.5,8]},"faces":{"up":{"uv":[5,9.75,5.5,10.25],"texture":"#1"},"down":{"uv":[10,9.75,10.5,10],"texture":"#2"}}},{"from":[7.05343,-15.5,8.75556],"to":[8.07343,20.75,9.68556],"rotation":{"angle":45,"axis":"y","origin":[7.93247,1.5,7.8]},"faces":{"up":{"uv":[5,9.75,5.5,10.25],"texture":"#1"},"down":{"uv":[10,9.75,10.25,10],"texture":"#2"}}},{"from":[7.05339,-15.5,6.3144],"to":[8.07339,20.75,7.3444],"rotation":{"angle":-45,"axis":"y","origin":[7.93247,1.5,8.2]},"faces":{"up":{"uv":[5,9.75,5.5,10.25],"texture":"#1"},"down":{"uv":[10,9.75,10.25,10],"texture":"#2"}}}]}