{"credit":"thebradqq's guns","textures":{"1":"mgs:gun/brass","2":"mgs:gun/copper","3":"mgs:gun/metal","4":"mgs:gun/metal_dark"},"gui_light":"front","display":{"thirdperson_righthand":{"rotation":[25,111,-23],"translation":[-0.5,1.25,0],"scale":[0.2,0.2,0.2]},"thirdperson_lefthand":{"rotation":[69,-71,65],"translation":[-0.25,0.5,0],"scale":[0.2,0.2,0.2]},"firstperson_righthand":{"rotation":[-87,65,68],"translation":[2,2.25,0],"scale":[0.4,0.4,0.4]},"firstperson_lefthand":{"rotation":[-40,-110,-27],"translation":[3.25,2,0],"scale":[0.4,0.4,0.4]},"ground":{"translation":[0,2.75,0],"scale":[0.2,0.2,0.2]},"gui":{"rotation":[0,180,30],"translation":[2.75,5.25,0],"scale":[0.73,0.73,0.73]},"head":{"scale":[0.4,0.4,0.4]},"fixed":{"rotation":[0,180,0],"translation":[0,2.25,-1],"scale":[0.4,0.4,0.4]}},"elements":[{"from":[5.3303,-9.9892,6.48566],"to":[11.5455,-9.0314,9.51434],"rotation":{"angle":0,"axis":"z","origin":[5.9039,-8.3933,6.2554]},"faces":{"north":{"uv":[1.5,11.5,4.75,12],"rotation":180,"texture":"#4"},"east":{"uv":[14.5,7.25,16,7.75],"texture":"#4"},"south":{"uv":[1.5,11.5,4.75,12],"rotation":180,"texture":"#4"},"west":{"uv":[0,7.5,1.5,8],"texture":"#4"},"up":{"uv":[8.5,9.5,10,12.5],"rotation":270,"texture":"#4"},"down":{"uv":[8.75,9.25,10.25,9.75],"texture":"#4"}}},{"from":[5.4211,-9.3041,6.95],"to":[5.6211,8.3959,9.05],"rotation":{"angle":0,"axis":"z","origin":[6.9211,-0.6041,6.65]},"faces":{"east":{"uv":[9,8,9.25,8.25],"rotation":180,"texture":"#4"},"west":{"uv":[3.75,10.25,11.75,11],"rotation":90,"texture":"#4"},"up":{"uv":[0.75,16,2.75,15.5],"rotation":90,"texture":"#3"}}},{"from":[5.4211,6.3959,6.95],"to":[10.2211,8.3969,7.05],"rotation":{"angle":0,"axis":"z","origin":[6.9211,-2.1041,9.6]},"faces":{"south":{"uv":[9,8,9.25,8.25],"rotation":180,"texture":"#4"},"up":{"uv":[0.75,16,4.25,15.5],"rotation":180,"texture":"#3"},"down":{"uv":[11,8,11.25,8.25],"texture":"#4"}}},{"from":[10.2211,-9.3041,6.95],"to":[10.3211,8.3959,9.05],"rotation":{"angle":0,"axis":"z","origin":[6.4211,-0.6041,6.65]},"faces":{"east":{"uv":[0.75,11.75,8.75,12.5],"rotation":90,"texture":"#4"},"west":{"uv":[9,8,9.25,8.25],"rotation":180,"texture":"#4"},"up":{"uv":[0.75,16,2.75,15.5],"rotation":90,"texture":"#3"}}},{"from":[5.4211,6.3959,8.95],"to":[10.2211,8.3969,9.05],"rotation":{"angle":0,"axis":"z","origin":[6.9211,-0.6041,6.4]},"faces":{"north":{"uv":[9,8,9.25,8.25],"rotation":180,"texture":"#4"},"up":{"uv":[0.75,16,4.25,15.5],"rotation":180,"texture":"#3"},"down":{"uv":[11,8,11.25,8.25],"texture":"#4"}}},{"from":[5.4211,6.3959,6.95],"to":[10.3211,8.3959,9.05],"rotation":{"angle":0,"axis":"z","origin":[7.8711,7.3959,8]},"faces":{"north":{"uv":[5,10,6,12],"rotation":90,"texture":"#4"},"south":{"uv":[5,10,6,12],"rotation":270,"texture":"#4"}}},{"from":[5.4211,-9.6041,6.95],"to":[10.3211,-6.6041,9.05],"rotation":{"angle":0,"axis":"z","origin":[13.9211,-19.1041,-2.35]},"faces":{"north":{"uv":[5,10,6,12],"rotation":90,"texture":"#4"},"south":{"uv":[5,10,6,12],"rotation":270,"texture":"#4"},"up":{"uv":[10,8,10.25,8.25],"texture":"#4"}}},{"from":[5.4211,-6.6041,6.95],"to":[6.8211,6.3959,7.05],"rotation":{"angle":0,"axis":"z","origin":[13.9211,-16.1041,-2.35]},"faces":{"north":{"uv":[4.25,8.25,12.25,9],"rotation":90,"texture":"#4"},"east":{"uv":[7.75,12,8,12.25],"texture":"#4"},"south":{"uv":[9,8,9.25,8.25],"rotation":180,"texture":"#4"}}},{"from":[5.4211,-6.6041,8.95],"to":[6.8211,6.3959,9.05],"rotation":{"angle":0,"axis":"z","origin":[13.9211,-16.1041,18.35]},"faces":{"north":{"uv":[9,8,9.25,8.25],"rotation":180,"texture":"#4"},"east":{"uv":[7.75,12,8,12.25],"texture":"#4"},"south":{"uv":[4.25,8.25,12.25,9],"rotation":270,"texture":"#4"}}},{"from":[9.1211,-6.6041,6.95],"to":[10.3211,6.3959,7.05],"rotation":{"angle":0,"axis":"z","origin":[13.9211,-16.1041,-2.35]},"faces":{"north":{"uv":[3.25,11.5,11.25,12],"rotation":90,"texture":"#4"},"south":{"uv":[9,8,9.25,8.25],"rotation":180,"texture":"#4"},"west":{"uv":[10.5,9.25,10.75,9.5],"texture":"#4"}}},{"from":[9.1211,-6.6041,8.95],"to":[10.3211,6.3959,9.05],"rotation":{"angle":0,"axis":"z","origin":[13.9211,-16.1041,18.35]},"faces":{"north":{"uv":[9,8,9.25,8.25],"rotation":180,"texture":"#4"},"south":{"uv":[3.25,11.5,11.25,12],"rotation":270,"texture":"#4"},"west":{"uv":[10.5,9.25,10.75,9.5],"texture":"#4"}}},{"from":[5.4201,8.3959,6.95],"to":[8.8201,9.0959,7.025],"rotation":{"angle":22.5,"axis":"x","origin":[7.1711,8.3959,6.95]},"faces":{"north":{"uv":[4.25,11.25,5.75,12],"rotation":180,"texture":"#4"},"east":{"uv":[0,15.5,0.5,16],"rotation":90,"texture":"#4"},"south":{"uv":[9,8,9.25,8.25],"rotation":180,"texture":"#4"},"west":{"uv":[3.75,10.25,4.25,10.75],"rotation":90,"texture":"#4"},"up":{"uv":[3.75,3.75,4.25,4.25],"rotation":90,"texture":"#4"}}},{"from":[5.4201,8.3959,8.975],"to":[8.8201,9.0959,9.05],"rotation":{"angle":-22.5,"axis":"x","origin":[6.9711,8.3959,9.05]},"faces":{"north":{"uv":[9,8,9.25,8.25],"rotation":180,"texture":"#4"},"east":{"uv":[0,15.5,0.5,16],"rotation":90,"texture":"#4"},"south":{"uv":[4.25,11.25,5.75,12],"rotation":180,"texture":"#4"},"west":{"uv":[3.75,10.25,4.25,10.75],"rotation":90,"texture":"#4"},"up":{"uv":[3.75,3.75,4.25,4.25],"rotation":90,"texture":"#4"}}},{"from":[5.4201,8.3959,8.45],"to":[5.6211,8.5959,9.05],"rotation":{"angle":-22.5,"axis":"x","origin":[6.9711,8.3959,9.05]},"faces":{"east":{"uv":[5.5,10.25,6,10.75],"rotation":180,"texture":"#4"},"west":{"uv":[3.75,10.25,4.25,10.75],"rotation":90,"texture":"#4"},"up":{"uv":[0,12.25,1,11.75],"rotation":90,"texture":"#3"}}},{"from":[5.4201,8.3959,6.95],"to":[5.6211,8.5959,7.55],"rotation":{"angle":22.5,"axis":"x","origin":[6.9711,8.3959,6.95]},"faces":{"east":{"uv":[5.5,10.25,6,10.75],"rotation":180,"texture":"#4"},"west":{"uv":[3.75,10.25,4.25,10.75],"rotation":90,"texture":"#4"},"up":{"uv":[0,12.25,1,11.75],"rotation":90,"texture":"#3"}}},{"from":[5.5211,7.1459,7.05],"to":[10.2211,8.1459,8.95],"rotation":{"angle":0,"axis":"z","origin":[13.9211,-11.9541,-2.35]},"faces":{"north":{"uv":[0.25,11,4.5,12.01],"rotation":180,"texture":"#4"},"south":{"uv":[0.25,11,4.5,12.01],"rotation":180,"texture":"#4"},"up":{"uv":[0,14.25,4.25,15.26],"rotation":180,"texture":"#4"},"down":{"uv":[6,9.75,10.25,10.76],"rotation":180,"texture":"#4"}}},{"from":[5.5211,6.7459,7.15],"to":[10.2211,7.1459,8.85],"rotation":{"angle":0,"axis":"z","origin":[7.8711,-0.6541,8]},"faces":{"north":{"uv":[0,2,3.5,2.51],"texture":"#3"},"south":{"uv":[0,2,3.5,2.51],"texture":"#3"}}},{"from":[8.19988,4.71306,7.15],"to":[12.89988,5.11306,8.85],"rotation":{"angle":22.5,"axis":"z","origin":[7.8711,-1.5541,8]},"faces":{"north":{"uv":[1.25,2,4.75,2.51],"texture":"#3"},"south":{"uv":[1.5,2,5,2.51],"texture":"#3"}}},{"from":[7.77893,2.69679,7.15],"to":[12.47893,3.09679,8.85],"rotation":{"angle":22.5,"axis":"z","origin":[7.8711,-2.5541,8]},"faces":{"north":{"uv":[1.75,2,5.25,2.51],"texture":"#3"},"south":{"uv":[3.5,2,7,2.51],"texture":"#3"}}},{"from":[7.35798,0.68052,7.15],"to":[12.05798,1.08052,8.85],"rotation":{"angle":22.5,"axis":"z","origin":[7.8711,-3.5541,8]},"faces":{"north":{"uv":[5,2,8.5,2.51],"texture":"#3"},"south":{"uv":[0.5,2,4,2.51],"texture":"#3"}}},{"from":[6.93703,-1.33575,7.15],"to":[11.63703,-0.93575,8.85],"rotation":{"angle":22.5,"axis":"z","origin":[7.8711,-4.5541,8]},"faces":{"north":{"uv":[0.5,2,4,2.51],"texture":"#3"},"south":{"uv":[4.5,2,8,2.51],"texture":"#3"}}},{"from":[6.51608,-3.35201,7.15],"to":[11.21608,-2.95201,8.85],"rotation":{"angle":22.5,"axis":"z","origin":[7.8711,-5.5541,8]},"faces":{"north":{"uv":[0,2,3.5,2.51],"texture":"#3"},"south":{"uv":[0.5,2,4,2.51],"texture":"#3"}}},{"from":[6.09513,-5.36828,7.15],"to":[10.79513,-4.96828,8.85],"rotation":{"angle":22.5,"axis":"z","origin":[7.8711,-6.5541,8]},"faces":{"north":{"uv":[2.25,2,5.75,2.51],"texture":"#3"},"south":{"uv":[2.5,2,6,2.51],"texture":"#3"}}}]}