{"credit":"thebradqq's guns","textures":{"0":"mgs:gun/mp5details","1":"mgs:gun/mp5details2","2":"mgs:gun/rubber_cross","3":"mgs:gun/metal","4":"mgs:gun/metal_brighter","5":"mgs:gun/metal_dark","6":"mgs:gun/holodetails","7":"mgs:gun/kobradetails","8":"mgs:gun/acogdetails","9":"mgs:gun/mk4details","b":"mgs:misc/reticles","particle":"mgs:misc/reticle_mk4","a":"mgs:misc/reticle_mk4"},"gui_light":"front","display":{"thirdperson_righthand":{"rotation":[0,90,0],"translation":[-1,2,0],"scale":[0.6,0.6,0.6]},"thirdperson_lefthand":{"rotation":[-90,90,81],"translation":[-1.5,-4.5,7.5],"scale":[0.6,0.6,0.6]},"firstperson_righthand":{"rotation":[0,90,0],"translation":[-3.25,3.75,1]},"firstperson_lefthand":{"scale":[0.001,0.001,0.001]},"ground":{"translation":[0,5,0],"scale":[0.6,0.6,0.6]},"gui":{"rotation":[0,0,45],"translation":[0,1.5,0],"scale":[0.7,0.7,0.7]},"head":{"scale":[1.2,1.2,1.2]},"fixed":{"translation":[-2.5,5,-2.25],"scale":[-1.2,1.2,-1.2]}},"elements":[{"from":[1.37403,5.89146,7.54903],"to":[2.79903,8.84146,8.45097],"rotation":{"angle":0,"axis":"y","origin":[7.99903,7.89146,7.97403]},"faces":{"east":{"uv":[5,11.25,5.5,11.75],"rotation":180,"texture":"#5"},"up":{"uv":[10.75,11.5,12.25,13],"texture":"#3"}}},{"from":[0.91804,6.37266,7.54903],"to":[1.41804,7.87266,8.45097],"rotation":{"angle":-22.5,"axis":"z","origin":[3.58128,7.21086,8]},"faces":{"north":{"uv":[9,10,10.5,12.5],"rotation":180,"texture":"#5"},"south":{"uv":[8.75,10,10.25,12.5],"rotation":180,"texture":"#5"},"west":{"uv":[9,10.5,10.5,13],"rotation":180,"texture":"#5"}}},{"from":[1.3,6,7.80109],"to":[12.5,8,8.19891],"faces":{"east":{"uv":[4.5,10.5,4.75,10.75],"rotation":180,"texture":"#5"},"down":{"uv":[15.75,15.75,16,16],"texture":"#5"}}},{"from":[1.3999,7.8,7.90054],"to":[18.2999,8.8,8.09946],"faces":{"east":{"uv":[4.5,10.5,4.75,10.75],"rotation":180,"texture":"#5"},"up":{"uv":[0,3.75,16,4.25],"rotation":180,"texture":"#3"}}},{"from":[12.5,6.65,7.93038],"to":[21.9,6.775,8.06962],"faces":{"east":{"uv":[9.25,5.25,9.5,5.75],"rotation":180,"texture":"#5"},"up":{"uv":[10,3,15.5,3.5],"texture":"#5"},"down":{"uv":[15.75,15.75,16,16],"rotation":180,"texture":"#5"}}},{"from":[19.5,7.125,7.85],"to":[20.1999,8.025,8.15],"faces":{"north":{"uv":[0,4.5,1,6],"rotation":180,"texture":"#5"},"east":{"uv":[11.25,3.75,12.25,5.25],"rotation":180,"texture":"#5"},"south":{"uv":[0,4.5,1,6],"rotation":180,"texture":"#5"},"west":{"uv":[15.75,15.75,16,16],"rotation":180,"texture":"#5"}}},{"from":[3.7,4,7.35],"to":[9.8,6.25,8.65],"faces":{"north":{"uv":[0,9,5.25,12],"texture":"#5"},"south":{"uv":[5.25,9,0,12],"texture":"#5"},"west":{"uv":[10,9.75,11,12],"texture":"#5"},"down":{"uv":[7.25,9.5,12.5,10.5],"texture":"#5"}}},{"from":[4,4.3,7.3495],"to":[8.4,6.15,8.6505],"rotation":{"angle":0,"axis":"y","origin":[8,8,7.9995]},"faces":{"north":{"uv":[0,0,16,8.75],"texture":"#1"},"south":{"uv":[16,0,0,8.75],"texture":"#1"}}},{"from":[5.14672,-0.03212,7.5],"to":[7.24672,4.96788,8.5],"rotation":{"angle":-22.5,"axis":"z","origin":[4.5,7.5,3]},"faces":{"north":{"uv":[5,10,8.25,11.75],"rotation":270,"texture":"#5"},"east":{"uv":[4.5,7.75,7.75,8.5],"rotation":270,"texture":"#5"},"south":{"uv":[5,11.75,8.25,10],"rotation":270,"texture":"#5"},"west":{"uv":[4.75,11.5,8,12.25],"rotation":270,"texture":"#5"},"down":{"uv":[9.25,8,10,9.75],"rotation":90,"texture":"#5"}}},{"from":[-8,6.7,8.7],"to":[1.5,7.2,9],"faces":{"north":{"uv":[0,7.5,7.25,8.25],"texture":"#5"},"south":{"uv":[0,7.25,7.25,8],"texture":"#5"},"up":{"uv":[0,1.75,7.25,2.25],"rotation":180,"texture":"#5"},"down":{"uv":[0,8,7.25,8.5],"rotation":180,"texture":"#5"}}},{"from":[1.3,7.75,7.80109],"to":[8.65,8,8.19891],"rotation":{"angle":22.5,"axis":"x","origin":[6.75,7,8]},"faces":{"east":{"uv":[5.5,5.5,6,6],"rotation":270,"texture":"#5"},"up":{"uv":[5,5.25,8.25,5.75],"rotation":180,"texture":"#5"}}},{"from":[1.3,6,7.80109],"to":[12.5,8,8.19891],"rotation":{"angle":-22.5,"axis":"x","origin":[6.75,7,8]},"faces":{"east":{"uv":[4.5,10.5,4.75,10.75],"rotation":180,"texture":"#5"},"up":{"uv":[5,5.25,10.25,5.75],"texture":"#5"},"down":{"uv":[15.75,15.75,16,16],"texture":"#5"}}},{"from":[1.3,7.75,7.80109],"to":[8.65,8,8.19891],"rotation":{"angle":45,"axis":"x","origin":[6.75,7,8]},"faces":{"east":{"uv":[5.5,5,6,5.5],"rotation":270,"texture":"#5"},"up":{"uv":[5.75,4.75,9,5.25],"rotation":180,"texture":"#5"}}},{"from":[1.3,6,7.80109],"to":[12.5,8,8.19891],"rotation":{"angle":-45,"axis":"x","origin":[6.75,7,8]},"faces":{"east":{"uv":[4.5,10.5,4.75,10.75],"rotation":180,"texture":"#5"},"up":{"uv":[5.75,4.75,11,5.25],"texture":"#5"},"down":{"uv":[3.75,8,9,8.25],"rotation":180,"texture":"#5"}}},{"from":[1.3,6.80109,7],"to":[12.5,7.19891,9],"rotation":{"angle":-22.5,"axis":"x","origin":[6.75,7,8]},"faces":{"north":{"uv":[3.75,7.75,9,8.25],"texture":"#5"},"east":{"uv":[4.5,10.5,4.75,10.75],"rotation":180,"texture":"#5"},"south":{"uv":[4.5,11.5,9.75,12],"rotation":180,"texture":"#5"},"up":{"uv":[4,12.25,9.25,12.5],"texture":"#5"},"down":{"uv":[15.75,15.75,16,16],"texture":"#5"}}},{"from":[1.3,6.80109,7],"to":[12.5,7.19891,9],"rotation":{"angle":22.5,"axis":"x","origin":[6.75,7,8]},"faces":{"north":{"uv":[4.5,11.5,9.75,12],"rotation":180,"texture":"#5"},"east":{"uv":[4.5,10.5,4.75,10.75],"rotation":180,"texture":"#5"},"south":{"uv":[3.75,7.75,9,8.25],"texture":"#5"},"up":{"uv":[4,12.25,9.25,12.5],"texture":"#5"},"down":{"uv":[15.75,15.75,16,16],"texture":"#5"}}},{"from":[1.5,7.8,7.90054],"to":[18.3,8.8,8.09946],"rotation":{"angle":22.5,"axis":"x","origin":[10.55,8.3,8]},"faces":{"east":{"uv":[4.5,10.5,4.75,10.75],"rotation":180,"texture":"#5"},"up":{"uv":[0,4.5,16,5],"texture":"#3"},"down":{"uv":[15.75,15.75,16,16],"rotation":180,"texture":"#5"}}},{"from":[1.4,7.8,7.90054],"to":[18.3,8.8,8.09946],"rotation":{"angle":-22.5,"axis":"x","origin":[10.55,8.3,8]},"faces":{"north":{"uv":[4.75,8,5.25,8.25],"rotation":90,"texture":"#5"},"east":{"uv":[4.5,10.5,4.75,10.75],"rotation":180,"texture":"#5"},"up":{"uv":[0,4.5,16,5],"rotation":180,"texture":"#3"},"down":{"uv":[15.75,15.75,16,16],"rotation":180,"texture":"#5"}}},{"from":[1.5001,7.8,7.90054],"to":[18.3001,8.8,8.09946],"rotation":{"angle":45,"axis":"x","origin":[10.55,8.3,8]},"faces":{"east":{"uv":[4.5,10.5,4.75,10.75],"rotation":180,"texture":"#5"},"up":{"uv":[0,4.75,16,5.25],"texture":"#5"},"down":{"uv":[0,8,16,8.5],"texture":"#5"}}},{"from":[1.0999,7.8,7.90054],"to":[8.6499,8.1,8.09946],"rotation":{"angle":-45,"axis":"x","origin":[10.55,8.3,8]},"faces":{"east":{"uv":[6.75,10,7,10.25],"rotation":90,"texture":"#5"},"down":{"uv":[0,8,6.25,8.5],"rotation":180,"texture":"#5"}}},{"from":[1.4,8.20054,7.5],"to":[18.3,8.39946,8.5],"rotation":{"angle":-22.5,"axis":"x","origin":[10.55,8.3,8]},"faces":{"north":{"uv":[0,8.75,16,9.25],"texture":"#5"},"east":{"uv":[4.5,10.5,4.75,10.75],"rotation":180,"texture":"#5"},"south":{"uv":[0,5.25,16,5.75],"texture":"#5"},"down":{"uv":[15.75,15.75,16,16],"rotation":90,"texture":"#5"}}},{"from":[1.3999,8.20054,8.15],"to":[8.6499,8.39946,8.5],"faces":{"east":{"uv":[7.5,8,7.75,8.25],"rotation":90,"texture":"#5"},"south":{"uv":[0,11,6.25,11.5],"rotation":180,"texture":"#5"}}},{"from":[1.4,8.20054,8.1],"to":[8.65,8.39946,8.5],"rotation":{"angle":22.5,"axis":"x","origin":[10.55,8.3,8]},"faces":{"east":{"uv":[6.75,10,7,10.25],"rotation":90,"texture":"#5"},"south":{"uv":[0,9,6.25,9.5],"texture":"#5"}}},{"from":[1.274,5.275,7.4],"to":[2.9,6.375,8.6],"faces":{"north":{"uv":[9.75,5,11.25,6.25],"rotation":180,"texture":"#5"},"south":{"uv":[9.75,5,11.25,6.25],"rotation":180,"texture":"#5"},"west":{"uv":[7,10.5,8.5,11.75],"texture":"#5"},"down":{"uv":[8.5,7.5,10,8.75],"rotation":180,"texture":"#5"}}},{"from":[1.275,5.9,7.54436],"to":[2.9,8.1,8.45564],"rotation":{"angle":45,"axis":"x","origin":[1.75,7,8]},"faces":{"east":{"uv":[3,10.5,4.5,11.75],"rotation":180,"texture":"#5"},"west":{"uv":[7.25,9,8.75,12],"rotation":180,"texture":"#5"},"up":{"uv":[9.75,4.75,11.25,6],"rotation":180,"texture":"#5"},"down":{"uv":[9,7.75,10.5,9],"texture":"#5"}}},{"from":[0.8,6.54436,6.9],"to":[2.9005,7.45564,9.1],"faces":{"north":{"uv":[9.75,4.75,11.75,6],"texture":"#5"},"east":{"uv":[3.25,10.5,4.75,11.75],"rotation":180,"texture":"#5"},"south":{"uv":[9.75,4.75,11.75,6],"texture":"#5"},"west":{"uv":[8.5,8,11.75,9.25],"rotation":180,"texture":"#5"},"up":{"uv":[3.25,4.5,4.75,7],"rotation":180,"texture":"#5"},"down":{"uv":[15.75,15.75,16,16],"texture":"#5"}}},{"from":[1.275,5.9,7.54436],"to":[2.9,8.1,8.45564],"rotation":{"angle":-45,"axis":"x","origin":[1.75,7,8]},"faces":{"east":{"uv":[3.5,10.5,5,11.75],"rotation":180,"texture":"#5"},"west":{"uv":[7.25,9,8.75,12],"rotation":180,"texture":"#5"},"up":{"uv":[9.75,4.75,11.25,6],"texture":"#5"},"down":{"uv":[9,7.75,10.5,9],"rotation":180,"texture":"#5"}}},{"from":[1.37403,7.48348,8.72639],"to":[2.79903,8.98348,9.02639],"rotation":{"angle":-22.5,"axis":"x","origin":[2.04903,7.46606,9.09568]},"faces":{"east":{"uv":[3.5,10.5,4,11.75],"rotation":180,"texture":"#5"},"south":{"uv":[9.75,4.75,11.25,7.25],"rotation":180,"texture":"#5"},"west":{"uv":[6.25,11.75,7.75,12.25],"rotation":270,"texture":"#5"}}},{"from":[1.37403,7.48348,6.97361],"to":[2.79903,8.98348,7.27361],"rotation":{"angle":22.5,"axis":"x","origin":[2.04903,7.46606,6.90432]},"faces":{"north":{"uv":[9.75,4.5,11.25,7],"rotation":180,"texture":"#5"},"east":{"uv":[3.5,10.5,4,11.75],"rotation":180,"texture":"#5"},"west":{"uv":[6.25,11.75,7.75,12.25],"rotation":90,"texture":"#5"}}},{"from":[12.5,6.65,7.93038],"to":[21.9,6.775,8.06962],"rotation":{"angle":22.5,"axis":"x","origin":[17.5,7,8]},"faces":{"east":{"uv":[9.25,5.25,9.5,5.75],"rotation":180,"texture":"#5"},"up":{"uv":[2.25,1.75,7.75,2.25],"texture":"#5"},"down":{"uv":[15.75,15.75,16,16],"rotation":180,"texture":"#5"}}},{"from":[12.5,6.65,7.93038],"to":[21.9,6.775,8.06962],"rotation":{"angle":45,"axis":"x","origin":[17.5,7,8]},"faces":{"east":{"uv":[4.5,5,4.75,5.5],"rotation":180,"texture":"#5"},"up":{"uv":[2.75,2.5,8.25,3],"texture":"#5"},"down":{"uv":[0,8,16,8.25],"rotation":180,"texture":"#5"}}},{"from":[12.5,6.65,7.93038],"to":[21.9,6.775,8.06962],"rotation":{"angle":-22.5,"axis":"x","origin":[17.5,7,8]},"faces":{"east":{"uv":[9.25,5.25,9.5,5.75],"rotation":180,"texture":"#5"},"up":{"uv":[2.25,1.75,7.75,2.25],"rotation":180,"texture":"#5"},"down":{"uv":[15.75,15.75,16,16],"rotation":180,"texture":"#5"}}},{"from":[12.5,6.65,7.93038],"to":[21.9,6.775,8.06962],"rotation":{"angle":-45,"axis":"x","origin":[17.5,7,8]},"faces":{"east":{"uv":[4.5,5,4.75,5.5],"rotation":180,"texture":"#5"},"up":{"uv":[2.75,2.5,8.25,3],"rotation":180,"texture":"#5"},"down":{"uv":[0,8,16,8.25],"rotation":180,"texture":"#5"}}},{"from":[12.5,6.93038,7.65],"to":[21.9,7.06962,7.775],"rotation":{"angle":22.5,"axis":"x","origin":[17.5,7,8]},"faces":{"north":{"uv":[0,5,16,5.5],"texture":"#5"},"east":{"uv":[8.5,2,8.75,2.5],"rotation":90,"texture":"#5"},"south":{"uv":[4,6.75,9.5,7.25],"texture":"#5"}}},{"from":[12.5,6.93038,7.65],"to":[21.9,7.06962,7.775],"faces":{"north":{"uv":[0,5.5,16,6],"texture":"#5"},"east":{"uv":[3.25,2,3.5,2.5],"rotation":90,"texture":"#5"},"south":{"uv":[6.75,4.5,12.25,5],"texture":"#5"}}},{"from":[12.5,6.93038,7.65],"to":[21.9,7.06962,7.775],"rotation":{"angle":-22.5,"axis":"x","origin":[17.5,7,8]},"faces":{"north":{"uv":[0,8,16,8.5],"rotation":180,"texture":"#5"},"east":{"uv":[2.75,4.75,3,5.25],"rotation":90,"texture":"#5"},"south":{"uv":[6.75,4.25,12.25,4.75],"texture":"#5"}}},{"from":[-8,6.7,7],"to":[1.5,7.2,7.3],"faces":{"north":{"uv":[0,7.25,7.25,8],"texture":"#5"},"south":{"uv":[0,7.5,7.25,8.25],"texture":"#5"},"up":{"uv":[0,1.75,7.25,2.25],"texture":"#5"},"down":{"uv":[0,8,7.25,8.5],"texture":"#5"}}},{"from":[-8.501,3.95,7.4],"to":[-7.501,7.9,8.6],"faces":{"north":{"uv":[3.75,6.5,5,10],"texture":"#5"},"east":{"uv":[3,8,3.5,8.25],"rotation":90,"texture":"#5"},"south":{"uv":[3.75,6.5,5,10],"texture":"#5"},"west":{"uv":[0,0,16,4.49],"rotation":90,"texture":"#0"}}},{"from":[-8.5,5.9,7.54436],"to":[-6.5,8.1,8.45564],"rotation":{"angle":-45,"axis":"x","origin":[-7.75,7,8]},"faces":{"east":{"uv":[6,9.5,7,12],"rotation":180,"texture":"#5"},"west":{"uv":[0,10.75,1.5,9.25],"rotation":90,"texture":"#5"},"up":{"uv":[4.75,11,6.75,12],"texture":"#5"},"down":{"uv":[3.75,8,5.75,9],"rotation":180,"texture":"#5"}}},{"from":[-8.499,6.54436,6.9],"to":[-6.499,7.45564,9.1],"faces":{"north":{"uv":[4,10.5,6,11.5],"texture":"#5"},"east":{"uv":[6.25,10.5,7.25,11.5],"rotation":180,"texture":"#5"},"south":{"uv":[12.25,10.5,14.25,11.5],"texture":"#5"},"west":{"uv":[0,10.75,1.5,9.25],"rotation":90,"texture":"#5"}}},{"from":[-8.5,5.9,7.54436],"to":[-6.5,8.1,8.45567],"rotation":{"angle":45,"axis":"x","origin":[-7.75,7,8]},"faces":{"east":{"uv":[6,9.5,7,12],"rotation":180,"texture":"#5"},"west":{"uv":[0,10.75,1.5,9.25],"rotation":90,"texture":"#5"},"up":{"uv":[4.75,11,6.75,12],"rotation":180,"texture":"#5"},"down":{"uv":[3.75,8,5.75,9],"texture":"#5"}}},{"from":[-8.499,5.9,7.54435],"to":[-6.499,8.1,8.45565],"faces":{"east":{"uv":[6,9.5,7,12],"rotation":180,"texture":"#5"},"west":{"uv":[0,10.75,1.5,9.25],"rotation":90,"texture":"#5"},"up":{"uv":[0,15,2,16],"texture":"#5"},"down":{"uv":[5.75,8,7.75,8.25],"texture":"#5"}}},{"from":[-8.49339,2.53827,7.4],"to":[-7.49339,3.98827,8.6],"rotation":{"angle":-22.5,"axis":"z","origin":[-7.59339,3.98827,7.9]},"faces":{"north":{"uv":[1.5,9.25,2.75,10.25],"texture":"#5"},"east":{"uv":[3,8,3.5,8.25],"rotation":90,"texture":"#5"},"south":{"uv":[1.5,9.25,2.75,10.25],"texture":"#5"},"west":{"uv":[9.5,0,16,4.49],"rotation":270,"texture":"#0"},"down":{"uv":[3,8,4.25,9],"rotation":90,"texture":"#5"}}},{"from":[2.7,8.15,7.45],"to":[8.45,8.45,8.55],"faces":{"north":{"uv":[6.75,7.25,10.25,7.75],"texture":"#5"},"east":{"uv":[3.5,7.5,3.75,8],"texture":"#5"},"south":{"uv":[6.75,7.25,10.25,7.75],"texture":"#5"},"up":{"uv":[9.25,4.5,12.75,4.75],"texture":"#5"},"down":{"uv":[9,8,9.25,8.25],"texture":"#5"}}},{"from":[10.3,8.15,7.45],"to":[11.7,8.45,8.55],"faces":{"north":{"uv":[6.75,7.25,10.25,7.75],"texture":"#5"},"east":{"uv":[3.5,7.5,3.75,8],"texture":"#5"},"south":{"uv":[0,7.25,1.25,7.75],"texture":"#5"},"west":{"uv":[3.5,7.5,3.75,8],"texture":"#5"},"up":{"uv":[8.25,4.5,11.75,4.75],"texture":"#5"},"down":{"uv":[9,8,9.25,8.25],"texture":"#5"}}},{"from":[8.45,8.15,7.45],"to":[10.3,8.45,7.65],"faces":{"north":{"uv":[3,7.25,4.5,7.75],"texture":"#5"},"up":{"uv":[8.25,4.5,9.75,4.75],"texture":"#5"},"down":{"uv":[9,8,9.25,8.25],"texture":"#5"}}},{"from":[8,8.21646,7.58],"to":[20.04,8.38354,8.42],"rotation":{"angle":-22.5,"axis":"x","origin":[15.02,8.3,8]},"faces":{"north":{"uv":[0,9.5,11.25,10],"texture":"#5"},"south":{"uv":[0,5,11.25,5.5],"texture":"#5"}}},{"from":[8,8.21646,7.58],"to":[20.04,8.38354,8.42],"rotation":{"angle":0,"axis":"y","origin":[15.02,8.3,8]},"faces":{"north":{"uv":[0,5.25,11.25,5.75],"texture":"#5"},"south":{"uv":[0,5.25,11.25,5.75],"texture":"#5"}}},{"from":[8,8.21646,7.58],"to":[20.04,8.38354,8.42],"rotation":{"angle":22.5,"axis":"x","origin":[15.02,8.3,8]},"faces":{"north":{"uv":[0,5,11.25,5.5],"texture":"#5"},"south":{"uv":[0,9,11.25,9.5],"texture":"#5"}}},{"from":[8,7.88,7.91646],"to":[20.04,8.72,8.08354],"rotation":{"angle":-45,"axis":"x","origin":[15.02,8.3,8]},"faces":{"up":{"uv":[0,4.5,11.25,5],"rotation":180,"texture":"#5"},"down":{"uv":[0,10.25,11.25,10.75],"texture":"#5"}}},{"from":[8,7.88,7.91646],"to":[20.04,8.72,8.08354],"rotation":{"angle":-22.5,"axis":"x","origin":[15.02,8.3,8]},"faces":{"up":{"uv":[0,4.25,11.25,4.75],"rotation":180,"texture":"#3"},"down":{"uv":[0,8,11.25,8.5],"rotation":180,"texture":"#5"}}},{"from":[8,7.88,7.91646],"to":[20.04,8.72,8.08354],"rotation":{"angle":0,"axis":"y","origin":[15.02,8.3,8]},"faces":{"up":{"uv":[0,3.25,11.25,3.75],"rotation":180,"texture":"#3"},"down":{"uv":[0,8,11.25,8.25],"rotation":180,"texture":"#5"}}},{"from":[8,7.88,7.91646],"to":[20.04,8.72,8.08354],"rotation":{"angle":22.5,"axis":"x","origin":[15.02,8.3,8]},"faces":{"up":{"uv":[0,4.25,11.25,4.75],"texture":"#3"},"down":{"uv":[0,8,11.25,8.5],"texture":"#5"}}},{"from":[8,7.88,7.91646],"to":[20.04,8.72,8.08354],"rotation":{"angle":45,"axis":"x","origin":[15.02,8.3,8]},"faces":{"up":{"uv":[0,4.5,11.25,5],"texture":"#5"},"down":{"uv":[0,5.75,11.25,6.25],"rotation":180,"texture":"#5"}}},{"from":[19.5,8.20054,7.5],"to":[20.3,8.39946,8.5],"faces":{"north":{"uv":[0,5.5,1,6],"texture":"#5"},"east":{"uv":[6,4.5,6.5,5],"texture":"#5"},"south":{"uv":[0,5.5,1,6],"texture":"#5"},"west":{"uv":[4.5,10.5,4.75,10.75],"rotation":180,"texture":"#5"}}},{"from":[20.201,8.00054,7.7],"to":[20.301,8.59946,8.3],"faces":{"east":{"uv":[7,13,10,16],"texture":"#0"}}},{"from":[19.5,7.8,7.90054],"to":[20.3,8.8,8.09946],"rotation":{"angle":22.5,"axis":"x","origin":[10.55,8.3,8]},"faces":{"east":{"uv":[6,4.25,6.5,5.25],"texture":"#5"},"west":{"uv":[4.5,10.5,4.75,10.75],"rotation":180,"texture":"#5"},"up":{"uv":[0,4.5,1,5],"rotation":180,"texture":"#5"},"down":{"uv":[15.75,15.75,16,16],"rotation":180,"texture":"#5"}}},{"from":[19.5,7.8,7.90054],"to":[20.3,8.8,8.09946],"rotation":{"angle":45,"axis":"x","origin":[10.55,8.3,8]},"faces":{"east":{"uv":[6,4.25,6.5,5.25],"texture":"#5"},"west":{"uv":[4.5,10.5,4.75,10.75],"rotation":180,"texture":"#5"},"up":{"uv":[0,4.25,1,4.75],"texture":"#5"},"down":{"uv":[0,8,1,8.25],"rotation":180,"texture":"#5"}}},{"from":[19.5,8.20054,7.5],"to":[20.3,8.39946,8.5],"rotation":{"angle":-22.5,"axis":"x","origin":[10.55,8.3,8]},"faces":{"north":{"uv":[0,8,1,8.5],"rotation":180,"texture":"#5"},"east":{"uv":[6,4.25,6.5,5.25],"rotation":270,"texture":"#5"},"south":{"uv":[0,4.75,1,5.25],"texture":"#5"},"west":{"uv":[4.5,10.5,4.75,10.75],"rotation":180,"texture":"#5"}}},{"from":[19.5,8.20054,7.5],"to":[20.3,8.39946,8.5],"rotation":{"angle":22.5,"axis":"x","origin":[10.55,8.3,8]},"faces":{"north":{"uv":[0,4.75,1,5.25],"texture":"#5"},"east":{"uv":[6,4.25,6.5,5.25],"rotation":90,"texture":"#5"},"south":{"uv":[0,8,1,8.5],"rotation":180,"texture":"#5"},"west":{"uv":[4.5,10.5,4.75,10.75],"rotation":180,"texture":"#5"}}},{"from":[19.5,7.8,7.90054],"to":[20.3,8.8,8.09946],"rotation":{"angle":-45,"axis":"x","origin":[10.55,8.3,8]},"faces":{"east":{"uv":[6,4.25,6.5,5.25],"texture":"#5"},"west":{"uv":[4.5,10.5,4.75,10.75],"rotation":180,"texture":"#5"},"up":{"uv":[0,4.25,1,4.75],"rotation":180,"texture":"#5"},"down":{"uv":[0,8,1,8.25],"rotation":180,"texture":"#5"}}},{"from":[19.5,7.8,7.90054],"to":[20.3,8.8,8.09946],"rotation":{"angle":-22.5,"axis":"x","origin":[10.55,8.3,8]},"faces":{"east":{"uv":[6,4.25,6.5,5.25],"texture":"#5"},"west":{"uv":[4.5,10.5,4.75,10.75],"rotation":180,"texture":"#5"},"up":{"uv":[0,4.5,1,5],"texture":"#5"},"down":{"uv":[15.75,15.75,16,16],"rotation":180,"texture":"#5"}}},{"from":[19.5,7.8,7.90054],"to":[20.3,8.8,8.09946],"faces":{"east":{"uv":[6,4.25,6.5,5.25],"texture":"#5"},"up":{"uv":[0,4.75,1,5],"rotation":180,"texture":"#5"},"down":{"uv":[15.75,15.75,16,16],"rotation":180,"texture":"#5"}}},{"from":[19.5,6.90054,7.5],"to":[20.2,7.09946,8.5],"rotation":{"angle":22.5,"axis":"x","origin":[10.55,7,8]},"faces":{"north":{"uv":[0,5,1,5.5],"texture":"#5"},"east":{"uv":[6,4.25,6.5,5.25],"rotation":90,"texture":"#5"},"south":{"uv":[0,8,1,8.5],"rotation":180,"texture":"#5"},"west":{"uv":[15.75,15.75,16,16],"rotation":180,"texture":"#5"}}},{"from":[19.5,6.90054,7.5],"to":[20.2,7.09946,8.5],"faces":{"north":{"uv":[0,5.5,1,6],"texture":"#5"},"east":{"uv":[6,4.5,6.5,5],"texture":"#5"},"south":{"uv":[0,5.5,1,6],"texture":"#5"},"west":{"uv":[15.75,15.75,16,16],"rotation":180,"texture":"#5"}}},{"from":[19.5,6.90054,7.5],"to":[20.2,7.09946,8.5],"rotation":{"angle":-22.5,"axis":"x","origin":[10.55,7,8]},"faces":{"north":{"uv":[0,8,1,8.5],"rotation":180,"texture":"#5"},"east":{"uv":[6,4.25,6.5,5.25],"rotation":270,"texture":"#5"},"south":{"uv":[0,5,1,5.5],"texture":"#5"},"west":{"uv":[15.75,15.75,16,16],"rotation":180,"texture":"#5"}}},{"from":[19.5,6.5,7.90054],"to":[20.2,7.5,8.09946],"rotation":{"angle":45,"axis":"x","origin":[10.55,7,8]},"faces":{"east":{"uv":[6,4.25,6.5,5.25],"texture":"#5"},"west":{"uv":[15.75,15.75,16,16],"rotation":180,"texture":"#5"},"up":{"uv":[0,4.5,1,5],"texture":"#5"},"down":{"uv":[0,8,1,8.25],"rotation":180,"texture":"#5"}}},{"from":[19.5,6.5,7.90054],"to":[20.2,7.5,8.09946],"rotation":{"angle":22.5,"axis":"x","origin":[10.55,7,8]},"faces":{"east":{"uv":[6,4.25,6.5,5.25],"texture":"#5"},"west":{"uv":[15.75,15.75,16,16],"rotation":180,"texture":"#5"},"up":{"uv":[0,4.75,1,5.25],"rotation":180,"texture":"#5"},"down":{"uv":[15.75,15.75,16,16],"rotation":180,"texture":"#5"}}},{"from":[19.5,6.5,7.90054],"to":[20.2,7.5,8.09946],"rotation":{"angle":-45,"axis":"x","origin":[10.55,7,8]},"faces":{"east":{"uv":[6,4.25,6.5,5.25],"texture":"#5"},"west":{"uv":[15.75,15.75,16,16],"rotation":180,"texture":"#5"},"up":{"uv":[0,4.5,1,5],"rotation":180,"texture":"#5"},"down":{"uv":[0,8,1,8.25],"rotation":180,"texture":"#5"}}},{"from":[19.5,6.5,7.90054],"to":[20.2,7.5,8.09946],"rotation":{"angle":-22.5,"axis":"x","origin":[10.55,7,8]},"faces":{"east":{"uv":[6,4.25,6.5,5.25],"texture":"#5"},"west":{"uv":[15.75,15.75,16,16],"rotation":180,"texture":"#5"},"up":{"uv":[0,4.75,1,5.25],"texture":"#5"},"down":{"uv":[15.75,15.75,16,16],"rotation":180,"texture":"#5"}}},{"from":[19.5,6.5,7.90054],"to":[20.2,7.5,8.09946],"faces":{"east":{"uv":[6,4.25,6.5,5.25],"texture":"#5"},"west":{"uv":[15.75,15.75,16,16],"rotation":180,"texture":"#5"},"down":{"uv":[15.75,15.75,16,16],"rotation":180,"texture":"#5"}}},{"from":[19.5,9.50054,7.5],"to":[20.1,9.69946,7.6],"rotation":{"angle":22.5,"axis":"x","origin":[10.55,9.6,8]},"faces":{"north":{"uv":[0,4.75,1,5.25],"texture":"#5"},"east":{"uv":[8.5,2,8.75,2.5],"rotation":90,"texture":"#5"},"south":{"uv":[8.75,8,9.75,8.5],"texture":"#5"},"west":{"uv":[8.5,2,8.75,2.5],"rotation":270,"texture":"#5"}}},{"from":[19.5,9.50054,7.5],"to":[20.1,9.69946,7.6],"faces":{"north":{"uv":[0,5.5,1,6],"texture":"#5"},"east":{"uv":[3.25,2,3.5,2.5],"rotation":90,"texture":"#5"},"south":{"uv":[8.75,5.75,9.75,6.25],"texture":"#5"},"west":{"uv":[3.25,2,3.5,2.5],"rotation":270,"texture":"#5"}}},{"from":[19.5,9.50054,7.5],"to":[20.1,9.69946,7.6],"rotation":{"angle":-22.5,"axis":"x","origin":[10.55,9.6,8]},"faces":{"north":{"uv":[0,8,1,8.5],"rotation":180,"texture":"#5"},"east":{"uv":[2.75,4.75,3,5.25],"rotation":90,"texture":"#5"},"south":{"uv":[8.75,5.25,9.75,5.75],"rotation":180,"texture":"#5"},"west":{"uv":[2.75,4.75,3,5.25],"rotation":270,"texture":"#5"}}},{"from":[19.5,9.1,7.90054],"to":[20.1,9.2,8.09946],"rotation":{"angle":45,"axis":"x","origin":[10.55,9.6,8]},"faces":{"east":{"uv":[4.5,5,4.75,5.5],"rotation":180,"texture":"#5"},"west":{"uv":[4.5,5,4.75,5.5],"rotation":180,"texture":"#5"},"up":{"uv":[9,4.75,10,5.25],"rotation":180,"texture":"#5"},"down":{"uv":[0,8,1,8.25],"rotation":180,"texture":"#5"}}},{"from":[19.5,9.1,7.90054],"to":[20.1,9.2,8.12446],"rotation":{"angle":22.5,"axis":"x","origin":[10.55,9.6,8]},"faces":{"east":{"uv":[9.25,5.25,9.5,5.75],"rotation":180,"texture":"#5"},"west":{"uv":[9.25,5.25,9.5,5.75],"rotation":180,"texture":"#5"},"up":{"uv":[9,4.5,10,5],"texture":"#5"},"down":{"uv":[15.75,15.75,16,16],"rotation":180,"texture":"#5"}}},{"from":[19.5,9.1,7.90054],"to":[20.1,9.2,8.09946],"rotation":{"angle":-45,"axis":"x","origin":[10.55,9.6,8]},"faces":{"east":{"uv":[4.5,5,4.75,5.5],"rotation":180,"texture":"#5"},"west":{"uv":[4.5,5,4.75,5.5],"rotation":180,"texture":"#5"},"up":{"uv":[9,4.75,10,5.25],"texture":"#5"},"down":{"uv":[0,8,1,8.25],"rotation":180,"texture":"#5"}}},{"from":[19.5,9.1,7.87554],"to":[20.1,9.2,8.09946],"rotation":{"angle":-22.5,"axis":"x","origin":[10.55,9.6,8]},"faces":{"east":{"uv":[9.25,5.25,9.5,5.75],"rotation":180,"texture":"#5"},"west":{"uv":[9.25,5.25,9.5,5.75],"rotation":180,"texture":"#5"},"up":{"uv":[9,4.5,10,5],"rotation":180,"texture":"#5"},"down":{"uv":[15.75,15.75,16,16],"rotation":180,"texture":"#5"}}},{"from":[19.5,9.1,7.92554],"to":[20.1,9.625,8.07446],"faces":{"north":{"uv":[7.5,9.5,8.5,10.25],"texture":"#5"},"east":{"uv":[4,4.5,4.5,5.25],"rotation":180,"texture":"#5"},"south":{"uv":[7.5,9.5,8.5,10.25],"texture":"#5"},"west":{"uv":[7.5,9.5,8,10.25],"texture":"#5"},"up":{"uv":[7.5,4.5,8,5.25],"rotation":90,"texture":"#5"}}},{"from":[19.5,9.50054,8.4],"to":[20.1,9.69946,8.5],"rotation":{"angle":-22.5,"axis":"x","origin":[10.55,9.6,8]},"faces":{"north":{"uv":[8.75,8,9.75,8.5],"texture":"#5"},"east":{"uv":[8.5,2,8.75,2.5],"rotation":270,"texture":"#5"},"south":{"uv":[0,4.75,1,5.25],"texture":"#5"},"west":{"uv":[8.5,2,8.75,2.5],"rotation":90,"texture":"#5"}}},{"from":[19.5,9.50054,8.4],"to":[20.1,9.69946,8.5],"faces":{"north":{"uv":[8.75,5.75,9.75,6.25],"texture":"#5"},"east":{"uv":[3.25,2,3.5,2.5],"rotation":270,"texture":"#5"},"south":{"uv":[0,5.5,1,6],"texture":"#5"},"west":{"uv":[3.25,2,3.5,2.5],"rotation":90,"texture":"#5"}}},{"from":[19.5,9.50054,8.4],"to":[20.1,9.69946,8.5],"rotation":{"angle":22.5,"axis":"x","origin":[10.55,9.6,8]},"faces":{"north":{"uv":[8.75,5.25,9.75,5.75],"rotation":180,"texture":"#5"},"east":{"uv":[2.75,4.75,3,5.25],"rotation":270,"texture":"#5"},"south":{"uv":[0,8,1,8.5],"rotation":180,"texture":"#5"},"west":{"uv":[2.75,4.75,3,5.25],"rotation":90,"texture":"#5"}}},{"from":[19.5,10,7.90054],"to":[20.1,10.1,8.09946],"rotation":{"angle":45,"axis":"x","origin":[10.55,9.6,8]},"faces":{"east":{"uv":[1,1.75,1.25,2.25],"texture":"#5"},"west":{"uv":[1,1.75,1.25,2.25],"texture":"#5"},"up":{"uv":[0,4.25,1,4.75],"texture":"#5"},"down":{"uv":[8.75,8,9.75,8.25],"texture":"#5"}}},{"from":[19.5,10,7.90054],"to":[20.1,10.1,8.09946],"rotation":{"angle":22.5,"axis":"x","origin":[10.55,9.6,8]},"faces":{"east":{"uv":[6,1.75,6.25,2.25],"texture":"#5"},"west":{"uv":[6,1.75,6.25,2.25],"texture":"#5"},"up":{"uv":[4,4.25,5,4.75],"texture":"#3"},"down":{"uv":[15.75,15.75,16,16],"texture":"#5"}}},{"from":[19.5,10,7.90054],"to":[20.1,10.1,8.09946],"faces":{"east":{"uv":[6,1.75,6.25,2.25],"texture":"#5"},"west":{"uv":[6,1.75,6.25,2.25],"texture":"#5"},"up":{"uv":[3,4,4,4.5],"texture":"#3"},"down":{"uv":[15.75,15.75,16,16],"texture":"#5"}}},{"from":[19.5,10,7.90054],"to":[20.1,10.1,8.09946],"rotation":{"angle":-22.5,"axis":"x","origin":[10.55,9.6,8]},"faces":{"east":{"uv":[6,1.75,6.25,2.25],"texture":"#5"},"west":{"uv":[6,1.75,6.25,2.25],"texture":"#5"},"up":{"uv":[4,4.25,5,4.75],"rotation":180,"texture":"#3"},"down":{"uv":[15.75,15.75,16,16],"texture":"#5"}}},{"from":[19.5,10,7.90054],"to":[20.1,10.1,8.09946],"rotation":{"angle":-45,"axis":"x","origin":[10.55,9.6,8]},"faces":{"east":{"uv":[1,1.75,1.25,2.25],"texture":"#5"},"west":{"uv":[1,1.75,1.25,2.25],"texture":"#5"},"up":{"uv":[0,4.25,1,4.75],"rotation":180,"texture":"#5"},"down":{"uv":[8.75,8,9.75,8.25],"texture":"#5"}}},{"from":[19.5,8.125,7.85],"to":[20.1,9.125,8.15],"faces":{"north":{"uv":[0,3.25,1,5.75],"rotation":180,"texture":"#5"},"south":{"uv":[0,3.25,1,5.75],"rotation":180,"texture":"#5"},"west":{"uv":[8,5.25,8.5,6.25],"texture":"#5"}}},{"from":[19.9,8.725,7.85],"to":[20.1,9.225,8.15],"rotation":{"angle":22.5,"axis":"z","origin":[20.1,9.225,8]},"faces":{"north":{"uv":[0,4.75,0.5,5.75],"rotation":180,"texture":"#5"},"east":{"uv":[8,4,8.5,5],"texture":"#5"},"south":{"uv":[0,4.75,0.5,5.75],"rotation":180,"texture":"#5"}}},{"from":[10.1,8.20054,8.25],"to":[18.3,8.39946,8.5],"faces":{"east":{"uv":[4.5,10.5,4.75,10.75],"rotation":180,"texture":"#5"},"south":{"uv":[0,11,8.25,11.5],"rotation":180,"texture":"#5"},"west":{"uv":[7.5,8,7.75,8.25],"rotation":90,"texture":"#5"}}},{"from":[10.1,8.20054,8.25],"to":[18.3,8.39946,8.5],"rotation":{"angle":22.5,"axis":"x","origin":[10.55,8.3,8]},"faces":{"east":{"uv":[4.5,10.5,4.75,10.75],"rotation":180,"texture":"#5"},"south":{"uv":[0,9,8.25,9.5],"texture":"#5"},"west":{"uv":[6.75,10,7,10.25],"rotation":90,"texture":"#5"}}},{"from":[1.3999,8.20054,7.5],"to":[18.2999,8.39946,7.85],"faces":{"north":{"uv":[0,11,16,11.5],"rotation":180,"texture":"#5"},"east":{"uv":[4.5,10.5,4.75,10.75],"rotation":180,"texture":"#5"},"up":{"uv":[0,11.75,16,12.25],"rotation":180,"texture":"#5"}}},{"from":[15.8,8.20054,7.5],"to":[18.3,8.39946,7.9],"rotation":{"angle":22.5,"axis":"x","origin":[10.55,8.3,8]},"faces":{"north":{"uv":[0,5.25,2.5,5.75],"texture":"#5"},"east":{"uv":[4.5,10.5,4.75,10.75],"rotation":180,"texture":"#5"}}},{"from":[13.2,8.55,7.90054],"to":[18.3,8.8,8.09946],"rotation":{"angle":-45,"axis":"x","origin":[10.55,8.3,8]},"faces":{"north":{"uv":[4.75,8,5.25,8.25],"rotation":90,"texture":"#5"},"east":{"uv":[4.5,10.5,4.75,10.75],"rotation":180,"texture":"#5"},"west":{"uv":[5.5,11.25,5.75,11.5],"rotation":90,"texture":"#5"},"up":{"uv":[0,4.75,5,5.25],"rotation":180,"texture":"#5"}}},{"from":[10.1,7.8,7.90054],"to":[18.3,8.1,8.09946],"rotation":{"angle":-45,"axis":"x","origin":[10.55,8.3,8]},"faces":{"east":{"uv":[4.5,10.5,4.75,10.75],"rotation":180,"texture":"#5"},"west":{"uv":[6.75,10,7,10.25],"rotation":90,"texture":"#5"},"down":{"uv":[0,8,8.25,8.5],"rotation":180,"texture":"#5"}}},{"from":[1,6.80109,7.15],"to":[12.5,7.19891,8.85],"faces":{"north":{"uv":[3.5,8.25,8.75,8.75],"texture":"#5"},"south":{"uv":[15.75,15.75,16,16],"texture":"#5"}}},{"from":[10.1,6.80109,7],"to":[12.5,7.19891,9],"faces":{"north":{"uv":[5.25,11.25,6.5,11.75],"rotation":180,"texture":"#5"},"east":{"uv":[4.5,10.5,4.75,10.75],"rotation":180,"texture":"#5"},"south":{"uv":[5.25,11.25,6.5,11.75],"rotation":180,"texture":"#5"},"west":{"uv":[3.5,8.25,3.75,8.75],"texture":"#5"}}},{"from":[1.3,6,7.80109],"to":[12.5,6.25,8.19891],"rotation":{"angle":45,"axis":"x","origin":[6.75,7,8]},"faces":{"north":{"uv":[3.75,7.5,9,8],"texture":"#5"},"east":{"uv":[4.5,10.5,4.75,10.75],"rotation":180,"texture":"#5"},"down":{"uv":[3.75,8,9,8.25],"rotation":180,"texture":"#5"}}},{"from":[1.3,6,7.80109],"to":[12.5,6.25,8.19891],"rotation":{"angle":22.5,"axis":"x","origin":[6.75,7,8]},"faces":{"east":{"uv":[4.5,10.5,4.75,10.75],"rotation":180,"texture":"#5"},"down":{"uv":[15.75,15.75,16,16],"texture":"#5"}}},{"from":[10.1,7.75,7.80109],"to":[12.5,8,8.19891],"rotation":{"angle":45,"axis":"x","origin":[15.45,7,8]},"faces":{"east":{"uv":[4.5,10.5,4.75,10.75],"rotation":180,"texture":"#5"},"west":{"uv":[5.5,5,6,5.5],"rotation":90,"texture":"#5"},"up":{"uv":[5.75,4.75,7,5.25],"rotation":180,"texture":"#5"}}},{"from":[10.1,7.75,7.80109],"to":[12.5,8,8.19891],"rotation":{"angle":22.5,"axis":"x","origin":[15.45,7,8]},"faces":{"west":{"uv":[5.25,5.5,5.75,6],"rotation":90,"texture":"#5"},"up":{"uv":[5,5.25,6.25,5.75],"rotation":180,"texture":"#5"}}},{"from":[8.65,7.77683,8.10355],"to":[10.125,7.91607,9.10355],"rotation":{"angle":45,"axis":"x","origin":[8.95,7.94645,8.35355]},"faces":{"up":{"uv":[7,4.5,8.25,6.25],"rotation":180,"texture":"#5"}}},{"from":[18.6,8.20054,7.5],"to":[19.4,8.39946,8.5],"faces":{"north":{"uv":[0,11,1,11.5],"rotation":180,"texture":"#5"},"east":{"uv":[4.5,10.5,4.75,10.75],"rotation":180,"texture":"#5"},"south":{"uv":[0,11,1,11.5],"rotation":180,"texture":"#5"},"west":{"uv":[4.5,10.5,4.75,10.75],"rotation":180,"texture":"#5"}}},{"from":[18.6,7.8,7.90054],"to":[19.4,8.8,8.09946],"rotation":{"angle":45,"axis":"x","origin":[9.65,8.3,8]},"faces":{"east":{"uv":[4.5,10.5,4.75,10.75],"rotation":180,"texture":"#5"},"west":{"uv":[4.5,10.5,4.75,10.75],"rotation":180,"texture":"#5"},"up":{"uv":[0,4.75,1,5.25],"texture":"#5"}}},{"from":[18.6,8.20054,7.5],"to":[19.4,8.39946,7.8],"rotation":{"angle":22.5,"axis":"x","origin":[9.65,8.3,8]},"faces":{"north":{"uv":[0,5.25,1,5.75],"texture":"#5"},"east":{"uv":[4.5,10.5,4.75,10.75],"rotation":180,"texture":"#5"},"west":{"uv":[4.5,10.5,4.75,10.75],"rotation":180,"texture":"#5"}}},{"from":[18.6,7.8,7.90054],"to":[19.4,8.8,8.09946],"rotation":{"angle":-45,"axis":"x","origin":[9.65,8.3,8]},"faces":{"east":{"uv":[4.5,10.5,4.75,10.75],"rotation":180,"texture":"#5"},"west":{"uv":[15.75,15.75,16,16],"rotation":180,"texture":"#5"},"up":{"uv":[0,4.75,1,5.25],"rotation":180,"texture":"#5"}}},{"from":[18.6,7.8,7.90054],"to":[19.4,8.8,8.09946],"rotation":{"angle":-22.5,"axis":"x","origin":[9.65,8.3,8]},"faces":{"east":{"uv":[4.5,10.5,4.75,10.75],"rotation":180,"texture":"#5"},"west":{"uv":[4.5,10.5,4.75,10.75],"rotation":180,"texture":"#5"},"up":{"uv":[0,4.5,1,5],"rotation":180,"texture":"#3"}}},{"from":[18.6,7.8,7.90054],"to":[19.4,8.8,8.09946],"faces":{"east":{"uv":[4.5,10.5,4.75,10.75],"rotation":180,"texture":"#5"},"west":{"uv":[4.5,10.5,4.75,10.75],"rotation":180,"texture":"#5"},"up":{"uv":[0,3.75,1,4.25],"rotation":180,"texture":"#3"}}},{"from":[18.6,7.8,7.90054],"to":[19.4,8.8,8.09946],"rotation":{"angle":22.5,"axis":"x","origin":[9.65,8.3,8]},"faces":{"east":{"uv":[4.5,10.5,4.75,10.75],"rotation":180,"texture":"#5"},"west":{"uv":[4.5,10.5,4.75,10.75],"rotation":180,"texture":"#5"},"up":{"uv":[0,4.5,1,5],"texture":"#3"}}},{"from":[1.4,8.20054,7.5],"to":[12.6,8.39946,7.9],"rotation":{"angle":22.5,"axis":"x","origin":[10.55,8.3,8]},"faces":{"north":{"uv":[0,5.25,10,5.75],"texture":"#5"},"east":{"uv":[5,11.25,5.25,11.75],"texture":"#5"}}},{"from":[1.3999,8.55,7.90054],"to":[12.5999,8.8,8.09946],"rotation":{"angle":-45,"axis":"x","origin":[10.55,8.3,8]},"faces":{"east":{"uv":[5.5,11.25,5.75,11.5],"rotation":90,"texture":"#5"},"up":{"uv":[0,4.75,10,5.25],"rotation":180,"texture":"#5"}}},{"from":[15.4,8.0113,5.85],"to":[16.1,8.43869,6.95],"rotation":{"angle":22.5,"axis":"x","origin":[12.1,7,8]},"faces":{"north":{"uv":[3.25,11.5,4,12.25],"rotation":180,"texture":"#5"},"east":{"uv":[3.25,11.25,4.75,12],"rotation":180,"texture":"#5"},"south":{"uv":[3.25,10.5,4,11.25],"rotation":180,"texture":"#5"},"west":{"uv":[3.25,11.25,4.75,12],"rotation":180,"texture":"#5"},"up":{"uv":[4.25,12.25,5.75,13],"rotation":270,"texture":"#3"},"down":{"uv":[5.5,8,7,8.75],"rotation":270,"texture":"#5"}}},{"from":[15.45,8.1113,6.8],"to":[15.9,8.28869,7.5],"rotation":{"angle":22.5,"axis":"x","origin":[12.1,7,8]},"faces":{"east":{"uv":[3.5,8,4,8.5],"rotation":180,"texture":"#5"},"west":{"uv":[3.5,8,4,8.5],"rotation":180,"texture":"#5"},"up":{"uv":[4.5,10,5,10.5],"rotation":180,"texture":"#5"},"down":{"uv":[15.75,15.75,16,16],"rotation":180,"texture":"#5"}}},{"from":[8.72716,3.68519,7.3125],"to":[10.42716,6.38519,8.6875],"rotation":{"angle":22.5,"axis":"z","origin":[8.5,6.5,7.3375]},"faces":{"north":{"uv":[1.5,8,5.25,9.75],"rotation":90,"texture":"#5"},"east":{"uv":[10.25,10,11.25,12.25],"texture":"#5"},"south":{"uv":[1.5,8,5.25,9.75],"rotation":270,"texture":"#5"},"west":{"uv":[12.25,9.5,12.75,10],"texture":"#5"},"down":{"uv":[4.5,8,4.75,8.25],"rotation":270,"texture":"#5"}}},{"from":[9.52567,3.34816,7.75],"to":[9.62567,4.09816,8.25],"rotation":{"angle":0,"axis":"z","origin":[9.47567,3.72316,8]},"faces":{"north":{"uv":[7.25,12,7,10.75],"rotation":180,"texture":"#5"},"east":{"uv":[7,10.5,6,9.25],"rotation":180,"texture":"#5"},"south":{"uv":[7.25,12,7,10.75],"rotation":180,"texture":"#5"},"west":{"uv":[6.25,11.75,5.25,10.5],"rotation":180,"texture":"#5"},"down":{"uv":[7.75,8,8,8.25],"rotation":180,"texture":"#5"}}},{"from":[2.9,5.1,7.35],"to":[3.7,6.3,8.65],"faces":{"north":{"uv":[0.5,9.25,1.25,10.75],"texture":"#5"},"south":{"uv":[0.5,9.25,1.25,10.75],"texture":"#5"},"west":{"uv":[11,8,12,8.75],"texture":"#5"},"down":{"uv":[15.75,15.75,16,16],"texture":"#5"}}},{"from":[9,4.85,7.25],"to":[10.1,5.45,7.35],"faces":{"north":{"uv":[0,9.5,5,12],"texture":"#0"},"east":{"uv":[0,9.5,0.5,12],"texture":"#0"},"south":{"uv":[0.5,9.25,1.25,10.75],"texture":"#5"},"west":{"uv":[0,9.5,0.5,12],"texture":"#0"},"up":{"uv":[9,4.5,9.25,4.75],"texture":"#5"},"down":{"uv":[15.75,15.75,16,16],"texture":"#5"}}},{"from":[3.66976,3.79797,7.3505],"to":[4.01976,4.11623,8.6495],"rotation":{"angle":22.5,"axis":"z","origin":[2,4.20913,8.0005]},"faces":{"north":{"uv":[1.5,11.25,2.75,11.75],"texture":"#5"},"south":{"uv":[1.5,11.25,2.75,11.75],"texture":"#5"},"west":{"uv":[10,11.25,11,11.75],"texture":"#5"}}},{"from":[3.50711,3.38431,7.3505],"to":[3.85711,3.90257,8.6495],"rotation":{"angle":45,"axis":"z","origin":[2,4.20913,8.0005]},"faces":{"north":{"uv":[2,9.5,3.25,10.75],"texture":"#5"},"south":{"uv":[2,9.5,3.25,10.75],"texture":"#5"},"west":{"uv":[9.5,8,10.5,8.5],"texture":"#5"}}},{"from":[2.63409,5.44593,7.3505],"to":[2.95235,5.79593,8.6495],"rotation":{"angle":-22.5,"axis":"z","origin":[2,4.20913,8.0005]},"faces":{"north":{"uv":[2,9.5,3.25,10.75],"texture":"#5"},"south":{"uv":[2,9.5,3.25,10.75],"texture":"#5"},"down":{"uv":[9.5,8,10.5,8.25],"texture":"#5"}}},{"from":[0.84861,4.90253,7.75],"to":[1.49861,6.40253,8.25],"rotation":{"angle":-22.5,"axis":"z","origin":[1.5,5.5,8.15]},"faces":{"north":{"uv":[14.5,1.5,12,4.5],"rotation":180,"texture":"#0"},"east":{"uv":[7.75,8,8.75,8.25],"texture":"#5"},"south":{"uv":[12,1.5,14.5,4.5],"rotation":180,"texture":"#0"},"west":{"uv":[8,10.5,9,12],"texture":"#5"},"down":{"uv":[6.75,8,7.75,9.25],"rotation":90,"texture":"#5"}}},{"from":[12.5,6.93038,8.225],"to":[21.9,7.06962,8.35],"rotation":{"angle":-22.5,"axis":"x","origin":[17.5,7,8]},"faces":{"north":{"uv":[4,6.75,9.5,7.25],"texture":"#5"},"east":{"uv":[8.5,2,8.75,2.5],"rotation":270,"texture":"#5"},"south":{"uv":[0,5,16,5.5],"texture":"#5"}}},{"from":[12.5,6.93038,8.225],"to":[21.9,7.06962,8.35],"faces":{"north":{"uv":[6.75,4.5,12.25,5],"texture":"#5"},"east":{"uv":[3.25,2,3.5,2.5],"rotation":270,"texture":"#5"},"south":{"uv":[0,5.5,16,6],"texture":"#5"}}},{"from":[12.5,6.93038,8.225],"to":[21.9,7.06962,8.35],"rotation":{"angle":22.5,"axis":"x","origin":[17.5,7,8]},"faces":{"north":{"uv":[6.75,4.25,12.25,4.75],"texture":"#5"},"east":{"uv":[2.75,4.75,3,5.25],"rotation":270,"texture":"#5"},"south":{"uv":[0,8,16,8.5],"rotation":180,"texture":"#5"}}},{"from":[12.5,7.225,7.93038],"to":[21.9,7.35,8.06962],"rotation":{"angle":45,"axis":"x","origin":[17.5,7,8]},"faces":{"east":{"uv":[1,1.75,1.25,2.25],"texture":"#5"},"up":{"uv":[0,4.5,16,5],"texture":"#5"},"down":{"uv":[4.75,7.75,10.25,8.25],"texture":"#5"}}},{"from":[12.5,7.225,7.93038],"to":[21.9,7.35,8.06962],"rotation":{"angle":22.5,"axis":"x","origin":[17.5,7,8]},"faces":{"east":{"uv":[6,1.75,6.25,2.25],"texture":"#5"},"up":{"uv":[0,4.5,16,5],"texture":"#3"},"down":{"uv":[4.75,8,10.25,8.25],"texture":"#5"}}},{"from":[12.5,7.225,7.93038],"to":[21.9,7.35,8.06962],"faces":{"east":{"uv":[6,1.75,6.25,2.25],"texture":"#5"},"up":{"uv":[0,3.5,16,4],"rotation":180,"texture":"#3"},"down":{"uv":[15.75,15.75,16,16],"texture":"#5"}}},{"from":[12.5,7.225,7.93038],"to":[21.9,7.35,8.06962],"rotation":{"angle":-22.5,"axis":"x","origin":[17.5,7,8]},"faces":{"east":{"uv":[6,1.75,6.25,2.25],"texture":"#5"},"up":{"uv":[0,4.5,16,5],"rotation":180,"texture":"#3"},"down":{"uv":[4.75,8,10.25,8.25],"texture":"#5"}}},{"from":[12.5,7.225,7.93038],"to":[21.9,7.35,8.06962],"rotation":{"angle":-45,"axis":"x","origin":[17.5,7,8]},"faces":{"east":{"uv":[1,1.75,1.25,2.25],"texture":"#5"},"up":{"uv":[0,4.5,16,5],"rotation":180,"texture":"#5"},"down":{"uv":[4.75,7.75,10.25,8.25],"rotation":180,"texture":"#5"}}},{"from":[18.6,7.80054,8.1],"to":[19.4,8.39946,8.5],"rotation":{"angle":22.5,"axis":"x","origin":[9.65,8.3,8]},"faces":{"east":{"uv":[4.5,10.5,4.75,10.75],"rotation":180,"texture":"#5"},"south":{"uv":[0,9,1,10.25],"texture":"#5"},"west":{"uv":[4.5,10.5,4.75,10.75],"rotation":180,"texture":"#5"}}},{"from":[18.6,7.80054,7.5],"to":[19.4,8.39946,7.9],"rotation":{"angle":-22.5,"axis":"x","origin":[9.65,8.3,8]},"faces":{"north":{"uv":[0,8.75,1,10],"texture":"#5"},"east":{"uv":[4.5,10.5,4.75,10.75],"rotation":180,"texture":"#5"},"west":{"uv":[4.5,10.5,4.75,10.75],"rotation":180,"texture":"#5"}}},{"from":[18.6,8.20054,8.2],"to":[19.4,8.39946,8.5],"rotation":{"angle":-22.5,"axis":"x","origin":[9.65,8.3,8]},"faces":{"east":{"uv":[4.5,10.5,4.75,10.75],"rotation":180,"texture":"#5"},"south":{"uv":[0,5.25,1,5.75],"texture":"#5"},"west":{"uv":[4.5,10.5,4.75,10.75],"rotation":180,"texture":"#5"}}},{"from":[2.2,5.4,7.399],"to":[2.7,5.9,8.601],"faces":{"north":{"uv":[0,13,3,16],"texture":"#0"},"south":{"uv":[3,13,0,16],"texture":"#0"}}},{"from":[9.2,4.2,7.349],"to":[9.5,4.5,8.651],"faces":{"north":{"uv":[14,13.5,15.5,15],"texture":"#0"},"south":{"uv":[14,13.5,15.5,15],"rotation":90,"texture":"#0"}}},{"from":[9.1,4.95,8.449],"to":[9.6,5.45,8.751],"faces":{"east":{"uv":[14.5,13.5,14,15.5],"texture":"#0"},"south":{"uv":[0,9.5,2.5,12],"texture":"#0"},"west":{"uv":[15,14,14.5,16],"texture":"#0"},"up":{"uv":[16,11,14,11.5],"texture":"#0"},"down":{"uv":[14.5,15.5,12.5,16],"texture":"#0"}}},{"from":[19.499,9.5,7.95],"to":[19.699,9.6,8.05],"rotation":{"angle":0,"axis":"y","origin":[8,8,8.04946]},"faces":{"west":{"uv":[3.5,15,4.5,16],"rotation":90,"texture":"#0"}}},{"from":[19.499,9.075,7.95],"to":[19.699,9.175,8.05],"rotation":{"angle":0,"axis":"y","origin":[8,8,8.04946]},"faces":{"west":{"uv":[5,15,6,16],"rotation":90,"texture":"#0"}}},{"from":[11.64869,6.04844,7.351],"to":[12.36695,6.39844,8.649],"rotation":{"angle":22.5,"axis":"z","origin":[11.4,5.30913,8.001]},"faces":{"north":{"uv":[2.75,8,3.75,8.5],"rotation":270,"texture":"#5"},"south":{"uv":[2.75,8,3.75,8.5],"rotation":180,"texture":"#5"},"down":{"uv":[9.5,8,10.5,8.25],"texture":"#5"}}},{"from":[9.96213,5.10355,7.3505],"to":[10.81213,5.92181,8.6495],"rotation":{"angle":-45,"axis":"z","origin":[11.4,5.30913,8.0005]},"faces":{"north":{"uv":[5,8,6.5,9.5],"rotation":270,"texture":"#5"},"east":{"uv":[9.5,8,10.5,9],"texture":"#5"},"south":{"uv":[5,8,6.5,9.5],"rotation":90,"texture":"#5"}}},{"from":[10.58129,5.09546,7.35],"to":[10.93129,5.71372,8.65],"rotation":{"angle":-22.5,"axis":"z","origin":[11.4,5.30913,8]},"faces":{"north":{"uv":[2.75,8,3.75,8.5],"rotation":270,"texture":"#5"},"east":{"uv":[9.75,11,10.75,12],"texture":"#5"},"south":{"uv":[2.75,8,3.75,8.5],"rotation":90,"texture":"#5"}}},{"from":[3.24365,8.88277,7.54775],"to":[3.96725,8.99966,8.45225],"rotation":{"angle":0,"axis":"y","origin":[7.28234,8.59888,8]},"faces":{"north":{"uv":[2,4.5,2.5,7.5],"rotation":90,"texture":"#5"},"east":{"uv":[15.75,15.75,16,16],"texture":"#5"},"south":{"uv":[5.5,4.5,6,7.5],"rotation":270,"texture":"#5"},"west":{"uv":[9.25,5,10.75,5.5],"texture":"#5"},"up":{"uv":[7,10.75,8.25,12.25],"rotation":90,"texture":"#5"}}},{"from":[3.37865,8.86482,7.6625],"to":[3.78365,8.99982,8.0675],"rotation":{"angle":0,"axis":"y","origin":[7.28234,8.04077,8.24975]},"faces":{"up":{"uv":[7,13,10,16],"rotation":90,"texture":"#0"}}},{"from":[3.24365,8.3853,7.54775],"to":[4.7813,8.88277,8.45225],"rotation":{"angle":0,"axis":"y","origin":[7.25,8.586,8]},"faces":{"north":{"uv":[7,11.25,9,12],"rotation":180,"texture":"#5"},"east":{"uv":[7,11.25,8,12],"rotation":180,"texture":"#5"},"south":{"uv":[7,11.25,9,12],"rotation":180,"texture":"#5"},"west":{"uv":[7,11.25,8,12],"rotation":180,"texture":"#5"},"up":{"uv":[9.25,4.5,12,7.5],"texture":"#5"}}},{"from":[3.83158,8.91652,7.91003],"to":[3.8768,9.42615,8.08997],"rotation":{"angle":0,"axis":"y","origin":[7.25,8.586,8]},"faces":{"east":{"uv":[4,15.75,4.25,16],"texture":"#5"},"west":{"uv":[1.5,5.5,0,9.4],"texture":"#0"},"up":{"uv":[3,1,2.5,1.4],"rotation":90,"texture":"#0"}}},{"from":[3.83158,9.42615,7.91003],"to":[3.8768,9.48015,7.96403],"rotation":{"angle":0,"axis":"y","origin":[7.25,8.48813,8]},"faces":{"east":{"uv":[4,15.75,4.25,16],"texture":"#5"},"south":{"uv":[15.5,0,16,0.4],"rotation":90,"texture":"#0"},"west":{"uv":[3.5,4.5,3,4.9],"texture":"#0"},"up":{"uv":[3,1,2.5,1.4],"rotation":90,"texture":"#0"}}},{"from":[3.83158,9.42615,8.03597],"to":[3.8768,9.48015,8.08997],"rotation":{"angle":0,"axis":"y","origin":[7.25,7.81313,8.12592]},"faces":{"north":{"uv":[15.5,0,16,0.4],"rotation":90,"texture":"#0"},"east":{"uv":[4,15.75,4.25,16],"texture":"#5"},"west":{"uv":[3.5,4.5,3,4.9],"texture":"#0"},"up":{"uv":[3,1,2.5,1.4],"rotation":90,"texture":"#0"}}},{"from":[3.77164,8.88277,8.2114],"to":[3.81686,9.56115,8.39132],"rotation":{"angle":22.5,"axis":"y","origin":[3.49633,9.78447,8]},"faces":{"north":{"uv":[15.5,0,16,0.4],"rotation":90,"texture":"#0"},"east":{"uv":[4,15.75,4.25,16],"texture":"#5"},"south":{"uv":[15.5,0,16,0.4],"rotation":90,"texture":"#0"},"west":{"uv":[3,4.5,1.5,9.4],"texture":"#0"},"up":{"uv":[11.5,1,13,1.4],"rotation":90,"texture":"#0"}}},{"from":[3.77164,8.88277,7.60868],"to":[3.81686,9.56115,7.7886],"rotation":{"angle":-22.5,"axis":"y","origin":[3.49633,9.78447,8]},"faces":{"north":{"uv":[15.5,0,16,0.4],"rotation":90,"texture":"#0"},"east":{"uv":[4,15.75,4.25,16],"texture":"#5"},"south":{"uv":[15.5,0,16,0.4],"rotation":90,"texture":"#0"},"west":{"uv":[3,4.5,1.5,9.4],"texture":"#0"},"up":{"uv":[11.5,1,13,1.4],"rotation":270,"texture":"#0"}}},{"from":[3.60092,8.88277,7.3532],"to":[3.64614,9.5274,7.53313],"rotation":{"angle":-45,"axis":"y","origin":[3.49633,9.78447,8]},"faces":{"east":{"uv":[4,15.75,4.25,16],"texture":"#5"},"west":{"uv":[4,4.5,2.5,9.4],"texture":"#0"},"up":{"uv":[3,1,2.5,1.4],"rotation":90,"texture":"#0"}}},{"from":[4.13392,8.88277,7.84912],"to":[4.31384,9.5274,7.89434],"rotation":{"angle":22.5,"axis":"y","origin":[3.49633,9.78447,8]},"faces":{"north":{"uv":[16,4.5,14.5,9.4],"texture":"#0"},"east":{"uv":[15.5,0,16,0.4],"rotation":90,"texture":"#0"},"south":{"uv":[4,15.75,4.25,16],"texture":"#5"},"up":{"uv":[3,1,2.5,1.4],"rotation":90,"texture":"#0"}}},{"from":[3.60092,8.88277,8.46687],"to":[3.64614,9.5274,8.6468],"rotation":{"angle":45,"axis":"y","origin":[3.49633,9.78447,8]},"faces":{"east":{"uv":[4,15.75,4.25,16],"texture":"#5"},"west":{"uv":[3.5,4.5,2,9.4],"texture":"#0"},"up":{"uv":[3,1,2.5,1.4],"rotation":90,"texture":"#0"}}},{"from":[4.19386,8.88277,7.54775],"to":[4.3738,9.49365,7.59298],"rotation":{"angle":0,"axis":"y","origin":[7.25,8.586,8]},"faces":{"north":{"uv":[13.5,4.5,15,9.4],"texture":"#0"},"south":{"uv":[6.25,12.25,6.5,12.5],"texture":"#5"},"up":{"uv":[3,1,2.5,1.4],"rotation":90,"texture":"#0"}}},{"from":[4.13392,8.88277,7.24638],"to":[4.31384,9.49365,7.29161],"rotation":{"angle":-22.5,"axis":"y","origin":[3.49633,9.78447,8]},"faces":{"north":{"uv":[13.5,4.5,12,9.4],"texture":"#0"},"east":{"uv":[15.5,0,16,0.4],"rotation":90,"texture":"#0"},"south":{"uv":[6.25,11.75,6.5,12],"texture":"#5"},"up":{"uv":[3,1,2.5,1.4],"rotation":90,"texture":"#0"}}},{"from":[4.13392,8.88277,8.10566],"to":[4.31384,9.5274,8.15088],"rotation":{"angle":-22.5,"axis":"y","origin":[3.49633,9.78447,8]},"faces":{"north":{"uv":[4,15.75,4.25,16],"texture":"#5"},"east":{"uv":[15.5,0,16,0.4],"rotation":90,"texture":"#0"},"south":{"uv":[2.5,4.5,4,9.4],"texture":"#0"},"up":{"uv":[3,1,2.5,1.4],"rotation":90,"texture":"#0"}}},{"from":[4.19386,8.88277,8.40703],"to":[4.3738,9.49365,8.45225],"rotation":{"angle":0,"axis":"y","origin":[7.25,8.586,8]},"faces":{"north":{"uv":[6.25,12.25,6.5,12.5],"texture":"#5"},"south":{"uv":[4.5,4.5,6,9.4],"texture":"#0"},"up":{"uv":[3,1,2.5,1.4],"rotation":90,"texture":"#0"}}},{"from":[4.13392,8.88277,8.70839],"to":[4.31384,9.49365,8.75362],"rotation":{"angle":22.5,"axis":"y","origin":[3.49633,9.78447,8]},"faces":{"north":{"uv":[6.25,11.75,6.5,12],"texture":"#5"},"east":{"uv":[15.5,0,16,0.4],"rotation":90,"texture":"#0"},"south":{"uv":[6,4.5,7.5,9.4],"texture":"#0"},"up":{"uv":[3,1,2.5,1.4],"rotation":90,"texture":"#0"}}},{"from":[4.46019,8.88277,8.46687],"to":[4.50542,9.4599,8.6468],"rotation":{"angle":45,"axis":"y","origin":[3.49633,9.78447,8]},"faces":{"east":{"uv":[12.5,4.5,11,9.4],"texture":"#0"},"west":{"uv":[6.25,11.5,6.5,11.75],"texture":"#5"},"up":{"uv":[3,1,2.5,1.4],"rotation":90,"texture":"#0"}}},{"from":[4.63091,8.88277,8.2114],"to":[4.67614,9.4599,8.39132],"rotation":{"angle":22.5,"axis":"y","origin":[3.49633,9.78447,8]},"faces":{"east":{"uv":[12,4.5,10.5,9.4],"texture":"#0"},"south":{"uv":[15.5,0,16,0.4],"rotation":90,"texture":"#0"},"west":{"uv":[5.75,8.5,6,8.75],"texture":"#5"},"up":{"uv":[12.5,0.5,14,0.9],"rotation":90,"texture":"#0"}}},{"from":[4.69085,8.88277,7.91003],"to":[4.73608,9.42615,8.08997],"rotation":{"angle":0,"axis":"y","origin":[7.25,8.586,8]},"faces":{"east":{"uv":[9,4.5,10.5,9.4],"texture":"#0"},"west":{"uv":[6,8,6.25,8.25],"texture":"#5"},"up":{"uv":[0,0.5,1.5,0.9],"rotation":90,"texture":"#0"}}},{"from":[4.63091,8.88277,7.60868],"to":[4.67614,9.4599,7.7886],"rotation":{"angle":-22.5,"axis":"y","origin":[3.49633,9.78447,8]},"faces":{"north":{"uv":[15.5,0,16,0.4],"rotation":90,"texture":"#0"},"east":{"uv":[8,4.5,9.5,9.4],"texture":"#0"},"west":{"uv":[5.75,8.5,6,8.75],"texture":"#5"},"up":{"uv":[12.5,0.5,14,0.9],"rotation":90,"texture":"#0"}}},{"from":[4.46019,8.88277,7.3532],"to":[4.50542,9.4599,7.53313],"rotation":{"angle":-45,"axis":"y","origin":[3.49633,9.78447,8]},"faces":{"east":{"uv":[6.5,4.5,8,9.4],"texture":"#0"},"west":{"uv":[6.25,11.5,6.5,11.75],"texture":"#5"},"up":{"uv":[3,1,2.5,1.4],"rotation":90,"texture":"#0"}}},{"from":[3.45063,9.10223,8.3618],"to":[3.81243,9.35411,8.45225],"rotation":{"angle":-22.5,"axis":"z","origin":[3.0893,9.57122,8]},"faces":{"north":{"uv":[10.25,9.75,10.75,10.25],"texture":"#5"},"south":{"uv":[7.5,4.5,8,6],"rotation":270,"texture":"#5"},"west":{"uv":[0,1,1.5,2.5],"rotation":90,"texture":"#0"}}},{"from":[3.027,8.65684,8.3618],"to":[3.27888,9.15432,8.45225],"rotation":{"angle":45,"axis":"z","origin":[3.0893,9.57122,8]},"faces":{"north":{"uv":[10.25,9.75,10.75,10.25],"texture":"#5"},"south":{"uv":[8,4.5,8.5,6.5],"texture":"#5"},"up":{"uv":[9,1,10.5,2.5],"rotation":180,"texture":"#0"}}},{"from":[3.42399,8.80634,8.3618],"to":[3.67588,9.25859,8.45225],"rotation":{"angle":22.5,"axis":"z","origin":[3.0893,9.57122,8]},"faces":{"north":{"uv":[10.25,9.75,10.75,10.25],"texture":"#5"},"south":{"uv":[7,4.5,7.5,6.25],"texture":"#5"},"up":{"uv":[14.5,1,13,2.5],"rotation":180,"texture":"#0"}}},{"from":[3.75086,8.87304,8.3618],"to":[4.00274,9.50686,8.45234],"rotation":{"angle":0,"axis":"y","origin":[7.28234,8.59888,8]},"faces":{"north":{"uv":[10.25,9.75,10.75,10.25],"texture":"#5"},"east":{"uv":[8.5,9.75,8.75,12],"rotation":180,"texture":"#5"},"south":{"uv":[8.5,4.5,9,6.75],"texture":"#5"},"up":{"uv":[15.5,1,14,2.5],"rotation":180,"texture":"#0"}}},{"from":[3.13002,8.64806,7.54685],"to":[3.31092,8.82896,8.45315],"rotation":{"angle":22.5,"axis":"z","origin":[2.85029,9.59383,8]},"faces":{"north":{"uv":[12.25,4,13,4.75],"texture":"#5"},"south":{"uv":[8.5,11,10,12.5],"rotation":90,"texture":"#0"}}},{"from":[3.45063,9.10223,7.54775],"to":[3.81243,9.35411,7.6382],"rotation":{"angle":-22.5,"axis":"z","origin":[3.0893,9.57122,8]},"faces":{"north":{"uv":[10.25,4.5,10.75,6],"rotation":90,"texture":"#5"},"south":{"uv":[10.25,9.75,10.75,10.25],"texture":"#5"},"west":{"uv":[0,2.5,1.5,1],"rotation":90,"texture":"#0"}}},{"from":[3.027,8.65684,7.54775],"to":[3.27888,9.15432,7.6382],"rotation":{"angle":45,"axis":"z","origin":[3.0893,9.57122,8]},"faces":{"north":{"uv":[9.25,4.5,9.75,6.5],"texture":"#5"},"south":{"uv":[10.25,9.75,10.75,10.25],"texture":"#5"},"up":{"uv":[9,2.5,10.5,1],"rotation":180,"texture":"#0"}}},{"from":[3.42399,8.80634,7.54775],"to":[3.67588,9.25859,7.6382],"rotation":{"angle":22.5,"axis":"z","origin":[3.0893,9.57122,8]},"faces":{"north":{"uv":[9,4.5,9.5,6.25],"texture":"#5"},"south":{"uv":[10.25,9.75,10.75,10.25],"texture":"#5"},"up":{"uv":[14.5,2.5,13,1],"rotation":180,"texture":"#0"}}},{"from":[3.75086,8.87304,7.54766],"to":[4.00274,9.50686,7.6382],"rotation":{"angle":0,"axis":"y","origin":[7.28234,8.59888,8]},"faces":{"north":{"uv":[8.5,4.5,9,6.75],"texture":"#5"},"east":{"uv":[8.5,9.75,8.75,12],"rotation":180,"texture":"#5"},"south":{"uv":[10.25,9.75,10.75,10.25],"texture":"#5"},"up":{"uv":[15.5,2.5,14,1],"rotation":180,"texture":"#0"}}},{"from":[6.4645,3.5675,7.74838],"to":[6.791,4.02,8.25163],"rotation":{"angle":0,"axis":"y","origin":[8,8.04,7.99963]},"faces":{"north":{"uv":[15,11.5,14,12.5],"rotation":90,"texture":"#0"},"east":{"uv":[13.5,15,12.5,16],"rotation":90,"texture":"#0"},"south":{"uv":[15,11.5,14,12.5],"texture":"#0"}}},{"from":[6.44382,2.38339,7.74875],"to":[6.74532,3.89089,8.25125],"rotation":{"angle":22.5,"axis":"z","origin":[5.8895,3.5175,8.15075]},"faces":{"north":{"uv":[15,11.5,13,12.5],"rotation":90,"texture":"#0"},"east":{"uv":[15,14.5,13,15.5],"rotation":90,"texture":"#0"},"south":{"uv":[13,11.5,15,12.5],"rotation":270,"texture":"#0"},"west":{"uv":[16,15,15,16],"rotation":90,"texture":"#0"},"down":{"uv":[12,15,11,16],"rotation":90,"texture":"#0"}}},{"from":[5.08708,2.54111,7.598],"to":[6.44383,2.74211,8.402],"rotation":{"angle":-22.5,"axis":"z","origin":[5.8895,2.3115,8.1005]},"faces":{"north":{"uv":[4.75,5,6.75,5.5],"texture":"#5"},"south":{"uv":[4.5,5,6.5,5.5],"texture":"#5"},"up":{"uv":[10.25,10.25,11.25,13],"rotation":270,"texture":"#5"},"down":{"uv":[8,8,9,8.5],"rotation":270,"texture":"#5"}}},{"from":[7.85083,2.74211,7.598],"to":[8.05183,4.60136,8.402],"rotation":{"angle":-22.5,"axis":"z","origin":[6.995,2.412,8.1005]},"faces":{"north":{"uv":[11.25,5,14.5,5.5],"rotation":90,"texture":"#5"},"east":{"uv":[7.25,8,8.25,11.25],"texture":"#5"},"south":{"uv":[2.75,5,6,5.5],"rotation":270,"texture":"#5"},"west":{"uv":[10,9.25,11,12],"texture":"#5"}}},{"from":[6.4895,2.3115,7.59763],"to":[8.0975,2.5125,8.40237],"rotation":{"angle":0,"axis":"y","origin":[8,8.04,7.99963]},"faces":{"north":{"uv":[7.5,5,10.25,5.5],"texture":"#5"},"south":{"uv":[7.5,5,10.25,5.5],"texture":"#5"},"up":{"uv":[2.25,15,5,16],"rotation":180,"texture":"#5"},"down":{"uv":[6.75,9.25,7.75,12],"rotation":270,"texture":"#5"}}},{"from":[5.78337,4.41399,7.05],"to":[6.08337,5.21249,8.95],"rotation":{"angle":22.5,"axis":"z","origin":[5.9613,5.2405,8]},"faces":{"north":{"uv":[9.25,5,11,5.5],"rotation":270,"texture":"#5"},"east":{"uv":[9.25,4.25,11,5],"rotation":270,"texture":"#3"},"south":{"uv":[9.25,5,11,5.5],"rotation":90,"texture":"#5"},"west":{"uv":[7.75,9.25,9.5,10],"rotation":270,"texture":"#3"},"up":{"uv":[9.25,4.25,9.5,4.75],"rotation":90,"texture":"#3"},"down":{"uv":[9.25,5,9.5,5.5],"rotation":90,"texture":"#3"}}},{"from":[5.61134,4.89054,7.15],"to":[6.31134,5.59054,8.85],"rotation":{"angle":22.5,"axis":"z","origin":[5.9613,5.2405,8]},"faces":{"north":{"uv":[10.75,10.5,12,11.75],"rotation":90,"texture":"#5"},"east":{"uv":[10.75,4,11,5.25],"texture":"#3"},"south":{"uv":[10.75,10.5,12,11.75],"rotation":270,"texture":"#5"},"west":{"uv":[7.75,8,8,9.25],"rotation":180,"texture":"#3"},"up":{"uv":[10.75,4.25,11,5.5],"rotation":90,"texture":"#3"},"down":{"uv":[9.25,5.5,9.75,6],"rotation":90,"texture":"#3"}}},{"from":[5.91134,5.39054,7.149],"to":[6.01134,5.59054,8.851],"rotation":{"angle":22.5,"axis":"z","origin":[5.9613,5.2405,7.999]},"faces":{"north":{"uv":[3.5,15,4,16],"rotation":90,"texture":"#0"},"south":{"uv":[3.5,15,4,16],"rotation":90,"texture":"#0"}}},{"from":[12.5,6.5057,9.53148],"to":[18.55,7.3807,10.05088],"rotation":{"angle":-22.5,"axis":"x","origin":[8.40393,4.09439,7.71067]},"faces":{"south":{"uv":[2,3,6,16],"rotation":90,"texture":"#2"},"west":{"uv":[13,2.5,14,4.5],"rotation":90,"texture":"#2"},"up":{"uv":[3.5,3,2,16],"rotation":90,"texture":"#2"}}},{"from":[12.5,6.5057,5.94912],"to":[18.55,7.3807,6.46852],"rotation":{"angle":22.5,"axis":"x","origin":[8.40393,4.09439,8.28933]},"faces":{"north":{"uv":[2,3,6,16],"rotation":90,"texture":"#2"},"west":{"uv":[13,2.5,14,4.5],"rotation":90,"texture":"#2"},"up":{"uv":[2,3,3.5,16],"rotation":90,"texture":"#2"}}},{"from":[18.825,7.445,7.05],"to":[19.2,7.82,8.95],"rotation":{"angle":0,"axis":"y","origin":[8,4.55224,8.69652]},"faces":{"north":{"uv":[0,9.5,2.5,11.99],"rotation":270,"texture":"#0"},"east":{"uv":[0,9.5,0.5,11.99],"texture":"#0"},"south":{"uv":[0,9.5,2.5,11.99],"texture":"#0"},"west":{"uv":[0,9.5,0.5,11.99],"texture":"#0"},"up":{"uv":[0,9.5,2.5,10],"texture":"#0"},"down":{"uv":[0.5,10.5,1,11],"texture":"#0"}}},{"from":[18.725,7.2177,7.2],"to":[19.5,8.0261,8.8],"rotation":{"angle":0,"axis":"y","origin":[8.27388,4.80555,7.80224]},"faces":{"north":{"uv":[3.5,0,6,2.5],"rotation":90,"texture":"#2"},"east":{"uv":[0,0.5,5.5,2.5],"texture":"#2"},"south":{"uv":[3.5,0,6,2.5],"rotation":90,"texture":"#2"},"up":{"uv":[0,0,4.5,2.5],"rotation":270,"texture":"#2"}}},{"from":[12.5,6.59786,7.17713],"to":[19.499,6.97579,7.73385],"rotation":{"angle":22.5,"axis":"x","origin":[7.03637,3.85075,8]},"faces":{"east":{"uv":[10,0,10.5,0.5],"rotation":270,"texture":"#2"},"south":{"uv":[5,0.5,3,16],"rotation":90,"texture":"#2"}}},{"from":[12.5,5.14793,10.05821],"to":[19.5,5.68393,10.43615],"rotation":{"angle":-45,"axis":"x","origin":[7.03637,3.85075,8]},"faces":{"east":{"uv":[12.5,0,13,0.5],"rotation":270,"texture":"#2"},"down":{"uv":[11,0.5,9,16],"rotation":90,"texture":"#2"}}},{"from":[12.5,6.26855,6.85675],"to":[19.499,6.80288,7.23469],"rotation":{"angle":-22.5,"axis":"x","origin":[5.264,9.52239,8]},"faces":{"east":{"uv":[15.5,0,16,0.5],"rotation":270,"texture":"#2"},"down":{"uv":[15.5,0.5,13.5,16],"rotation":90,"texture":"#2"}}},{"from":[12.5,6.07873,7.81103],"to":[19.5,6.63545,8.18897],"rotation":{"angle":0,"axis":"y","origin":[8.22388,4.80075,8]},"faces":{"east":{"uv":[15.5,0,16,0.5],"rotation":270,"texture":"#2"},"down":{"uv":[13,0.5,11,16],"rotation":90,"texture":"#2"}}},{"from":[12.5,5.83682,6.59488],"to":[19.499,6.37283,6.9728],"rotation":{"angle":22.5,"axis":"x","origin":[7.03637,3.85075,8]},"faces":{"east":{"uv":[15.5,0,16,0.5],"rotation":270,"texture":"#2"},"down":{"uv":[13.5,0.5,15.5,16],"rotation":90,"texture":"#2"}}},{"from":[12.5,5.14793,5.56385],"to":[19.5,5.68393,5.94179],"rotation":{"angle":45,"axis":"x","origin":[7.03637,3.85075,8]},"faces":{"east":{"uv":[12.5,0,13,0.5],"rotation":270,"texture":"#2"},"down":{"uv":[11,0.5,9,16],"rotation":90,"texture":"#2"}}},{"from":[12.5,6.59786,8.26615],"to":[19.499,6.97579,8.82287],"rotation":{"angle":-22.5,"axis":"x","origin":[7.03637,3.85075,8]},"faces":{"north":{"uv":[5,0.5,3,16],"rotation":270,"texture":"#2"},"east":{"uv":[10,0,10.5,0.5],"rotation":270,"texture":"#2"}}},{"from":[18.475,7.2177,7.05],"to":[18.725,8.0261,8.95],"rotation":{"angle":0,"axis":"y","origin":[8.27388,4.80555,7.55224]},"faces":{"north":{"uv":[2,2.5,3,5],"texture":"#2"},"east":{"uv":[0,0,6.5,2.5],"rotation":90,"texture":"#2"},"south":{"uv":[3,2.5,2,5],"texture":"#2"},"west":{"uv":[13,2.5,14,4.5],"rotation":90,"texture":"#2"},"up":{"uv":[0,0,6.5,1],"rotation":270,"texture":"#2"}}},{"from":[12.5,6.83976,7.05],"to":[19.5,7.2177,8.95],"rotation":{"angle":0,"axis":"y","origin":[8.22388,4.80075,8]},"faces":{"north":{"uv":[1.5,16,3,0.5],"rotation":90,"texture":"#2"},"east":{"uv":[3,2,8.5,3],"texture":"#2"},"south":{"uv":[1.5,0.5,3,16],"rotation":90,"texture":"#2"},"up":{"uv":[0,0,4.5,2.5],"rotation":270,"texture":"#2"}}},{"from":[8.77716,-4.61481,7.375],"to":[10.37716,6.38519,8.625],"rotation":{"angle":22.5,"axis":"z","origin":[8.5,6.5,7.375]},"faces":{"north":{"uv":[0,7.75,8.25,9.25],"rotation":270,"texture":"#5"},"east":{"uv":[0,11.25,8.25,12.25],"rotation":90,"texture":"#5"},"south":{"uv":[0,7.75,8.25,9.25],"rotation":90,"texture":"#5"},"west":{"uv":[0,8,8.25,8.5],"rotation":270,"texture":"#5"},"down":{"uv":[4,9.5,5,11],"rotation":270,"texture":"#5"}}},{"from":[5.8,9.4,7.199],"to":[11.35,10.45,8.801],"rotation":{"angle":0,"axis":"y","origin":[6.9,8.3,8]},"faces":{"north":{"uv":[7.5,7.75,8.75,11.5],"rotation":90,"texture":"#5"},"south":{"uv":[7.5,7.75,8.75,11.5],"rotation":270,"texture":"#5"},"west":{"uv":[0,10,3,12],"texture":"#5"},"up":{"uv":[11.5,6.5,13.5,12.25],"rotation":270,"texture":"#5"},"down":{"uv":[15.75,15.75,16,16],"texture":"#5"}}},{"from":[7.841,10.942,7.8375],"to":[7.991,11.267,8.1625],"rotation":{"angle":0,"axis":"x","origin":[6.465,10.35,8.0125]},"faces":{"west":{"uv":[8,0,16,8],"rotation":90,"texture":"#b"}}},{"from":[7.8,10.351,7.86022],"to":[8.85,10.451,8.13978],"rotation":{"angle":0,"axis":"x","origin":[5.425,5.96022,8.6]},"faces":{"up":{"uv":[0,6.5,1,8],"texture":"#5"}}},{"from":[10.74991,10.3211,7.1995],"to":[10.99991,10.8711,8.8005],"rotation":{"angle":-22.5,"axis":"z","origin":[9.99143,9.15211,8.0005]},"faces":{"north":{"uv":[10.5,11,11,11.5],"rotation":180,"texture":"#5"},"south":{"uv":[10.5,11,11,11.5],"rotation":180,"texture":"#5"},"up":{"uv":[8.5,11.75,10.5,12],"rotation":270,"texture":"#5"}}},{"from":[10.44739,10.79961,7.2],"to":[10.69739,11.34961,8.8],"rotation":{"angle":-45,"axis":"z","origin":[9.81277,9.48362,8.001]},"faces":{"north":{"uv":[10.5,11,11,11.5],"rotation":180,"texture":"#5"},"south":{"uv":[10.5,11,11,11.5],"rotation":180,"texture":"#5"},"up":{"uv":[11.75,11.5,13.75,11.75],"rotation":270,"texture":"#5"}}},{"from":[11.16614,9.15514,7.1995],"to":[11.71614,9.40514,8.8005],"rotation":{"angle":22.5,"axis":"z","origin":[9.79537,9.89593,8.0005]},"faces":{"north":{"uv":[10.5,11,11,11.5],"rotation":90,"texture":"#5"},"east":{"uv":[11.75,11.5,13.75,11.75],"rotation":180,"texture":"#5"},"south":{"uv":[10.5,11,11,11.5],"rotation":270,"texture":"#5"}}},{"from":[11.32842,9.3996,7.2],"to":[11.85342,9.9466,8.802],"rotation":{"angle":0,"axis":"z","origin":[9.62842,9.92158,8.001]},"faces":{"north":{"uv":[10,11.25,10.5,11.75],"rotation":90,"texture":"#5"},"east":{"uv":[10.75,11.25,12.75,11.75],"rotation":180,"texture":"#5"},"south":{"uv":[10,11.25,10.5,11.75],"rotation":270,"texture":"#5"},"down":{"uv":[15.75,15.75,16,16],"texture":"#5"}}},{"from":[9.2,9.05,7.249],"to":[11.4,9.4,8.751],"rotation":{"angle":0,"axis":"y","origin":[6.9,8.1,7.95]},"faces":{"north":{"uv":[10.75,8,11,8.75],"texture":"#5"},"east":{"uv":[15.75,15.75,16,16],"texture":"#5"},"south":{"uv":[10.75,8,11,8.75],"texture":"#5"},"west":{"uv":[15.75,15.75,16,16],"texture":"#5"},"down":{"uv":[15.75,15.75,16,16],"texture":"#5"}}},{"from":[6.2,9.05,7.249],"to":[8.4,9.4,8.751],"rotation":{"angle":0,"axis":"y","origin":[6.9,8.1,7.95]},"faces":{"north":{"uv":[10.75,8,11,8.75],"texture":"#5"},"east":{"uv":[15.75,15.75,16,16],"texture":"#5"},"south":{"uv":[10.75,8,11,8.75],"texture":"#5"},"west":{"uv":[15.75,15.75,16,16],"texture":"#5"},"down":{"uv":[15.75,15.75,16,16],"texture":"#5"}}},{"from":[5.775,9.375,7.074],"to":[7.85,10.45,7.174],"rotation":{"angle":0,"axis":"y","origin":[7,7.425,7.875]},"faces":{"north":{"uv":[0,9.25,2,10.25],"rotation":180,"texture":"#5"},"south":{"uv":[15.75,15.75,16,16],"texture":"#5"},"west":{"uv":[15.75,15.75,16,16],"texture":"#5"},"down":{"uv":[15.75,15.75,16,16],"texture":"#5"}}},{"from":[6.45,9.7,7.073],"to":[6.7,9.95,8.927],"rotation":{"angle":0,"axis":"y","origin":[7.8,8.3,7.999]},"faces":{"north":{"uv":[13.5,13.5,16,16],"texture":"#6"},"east":{"uv":[15.75,15.75,16,16],"texture":"#5"},"south":{"uv":[16,13.5,13.5,16],"texture":"#6"},"west":{"uv":[15.75,15.75,16,16],"texture":"#5"},"up":{"uv":[15.75,15.75,16,16],"texture":"#5"},"down":{"uv":[15.75,15.75,16,16],"texture":"#5"}}},{"from":[7.55,9.5,6.973],"to":[8,9.95,7.927],"rotation":{"angle":0,"axis":"y","origin":[7.8,8.3,7.999]},"faces":{"north":{"uv":[16,13,13,16],"rotation":270,"texture":"#6"},"east":{"uv":[10.5,4.75,10.75,6.25],"texture":"#5"},"west":{"uv":[11,9.25,11.25,10.25],"texture":"#5"},"up":{"uv":[10.5,4,10.75,5.5],"rotation":90,"texture":"#5"},"down":{"uv":[15.75,15.75,16,16],"texture":"#5"}}},{"from":[5.674,9.7,7.449],"to":[5.928,9.95,7.799],"rotation":{"angle":0,"axis":"y","origin":[7.75,8.3,7.999]},"faces":{"north":{"uv":[6.75,4.75,7.25,5.75],"texture":"#5"},"south":{"uv":[6.75,4.75,7.25,5.75],"texture":"#5"},"west":{"uv":[7,0,0.5,5.5],"texture":"#6"},"up":{"uv":[3,4.75,4.75,5.75],"rotation":270,"texture":"#5"},"down":{"uv":[9.5,9,10,9.5],"texture":"#5"}}},{"from":[5.674,9.7,8.201],"to":[5.928,9.95,8.551],"rotation":{"angle":0,"axis":"y","origin":[7.75,8.3,8.001]},"faces":{"north":{"uv":[6.75,4.75,7.25,5.75],"texture":"#5"},"south":{"uv":[6.75,4.75,7.25,5.75],"texture":"#5"},"west":{"uv":[14,0,7.5,5.5],"texture":"#6"},"up":{"uv":[3,4.75,4.75,5.75],"rotation":270,"texture":"#5"},"down":{"uv":[9.5,9,10,9.5],"texture":"#5"}}},{"from":[5.7176,10,7.92544],"to":[6.0224,10.36,8.07456],"rotation":{"angle":0,"axis":"y","origin":[4.4212,9.38,8]},"faces":{"west":{"uv":[3,9.5,3.5,10],"rotation":270,"texture":"#6"},"up":{"uv":[4,6,4.5,6.5],"rotation":270,"texture":"#6"},"down":{"uv":[13,15.5,13.5,16],"rotation":270,"texture":"#6"}}},{"from":[5.717,10.05,7.87],"to":[6.0218,10.31,8.13],"rotation":{"angle":0,"axis":"y","origin":[4.4212,9.38,7.99456]},"faces":{"west":{"uv":[0.5,6,5.5,10],"texture":"#6"}}},{"from":[5.7188,10.10544,7.82],"to":[6.0236,10.25456,8.18],"rotation":{"angle":0,"axis":"x","origin":[4.4212,9.38,8]},"faces":{"north":{"uv":[3,9.5,3.5,10],"rotation":270,"texture":"#6"},"south":{"uv":[3,9.5,3.5,10],"rotation":270,"texture":"#6"},"west":{"uv":[3,9.5,3.5,10],"rotation":270,"texture":"#6"}}},{"from":[5.7188,9.76569,8.49113],"to":[6.0236,10.12569,8.64025],"rotation":{"angle":-45,"axis":"x","origin":[4.4212,9.38,8]},"faces":{"west":{"uv":[3,9.5,3.5,10],"rotation":270,"texture":"#6"},"up":{"uv":[4,6,4.5,6.5],"rotation":270,"texture":"#6"},"down":{"uv":[15.5,15.5,16,16],"rotation":270,"texture":"#6"}}},{"from":[5.7188,9.76569,7.35975],"to":[6.0236,10.12569,7.50887],"rotation":{"angle":45,"axis":"x","origin":[4.4212,9.38,8]},"faces":{"west":{"uv":[3,9.5,3.5,10],"rotation":270,"texture":"#6"},"up":{"uv":[4,6,4.5,6.5],"rotation":270,"texture":"#6"},"down":{"uv":[3,9.5,3.5,10],"rotation":270,"texture":"#6"}}},{"from":[8.55,9.7,7.073],"to":[8.8,9.95,8.927],"rotation":{"angle":0,"axis":"y","origin":[7.8,8.3,7.999]},"faces":{"north":{"uv":[13.5,13.5,16,16],"texture":"#6"},"east":{"uv":[15.75,15.75,16,16],"texture":"#5"},"south":{"uv":[16,13.5,13.5,16],"texture":"#6"},"west":{"uv":[15.75,15.75,16,16],"texture":"#5"},"up":{"uv":[15.75,15.75,16,16],"texture":"#5"},"down":{"uv":[15.75,15.75,16,16],"texture":"#5"}}},{"from":[7.86129,8.2328,7.075],"to":[8.36129,9.7124,7.173],"rotation":{"angle":45,"axis":"z","origin":[6.5953,9.83222,7.124]},"faces":{"north":{"uv":[11.25,10,11.5,10.25],"rotation":180,"texture":"#5"},"east":{"uv":[8.75,4.25,9,5.5],"texture":"#5"},"south":{"uv":[15.75,15.75,16,16],"texture":"#5"}}},{"from":[7.78901,9.21134,7.0745],"to":[8.31401,10.64094,7.1735],"rotation":{"angle":22.5,"axis":"z","origin":[6.39324,9.76693,7.124]},"faces":{"north":{"uv":[11.25,10,11.5,10.25],"rotation":180,"texture":"#5"},"east":{"uv":[11.25,3.75,11.5,5],"rotation":180,"texture":"#5"},"south":{"uv":[15.75,15.75,16,16],"texture":"#5"}}},{"from":[6.2,10.45,7.074],"to":[7.85,11.6296,7.174],"rotation":{"angle":0,"axis":"y","origin":[7,8.4,7.875]},"faces":{"north":{"uv":[0.25,9.25,1.75,10.25],"rotation":180,"texture":"#5"},"east":{"uv":[11,5.25,11.25,5.5],"rotation":180,"texture":"#5"},"south":{"uv":[15.75,15.75,16,16],"texture":"#5"},"west":{"uv":[11.75,8.5,12,8.75],"texture":"#5"}}},{"from":[5.35669,10.75538,7.0745],"to":[5.75669,11.88498,7.1735],"rotation":{"angle":-22.5,"axis":"z","origin":[4.79821,9.55119,7.124]},"faces":{"north":{"uv":[0,9.25,0.5,10.25],"rotation":180,"texture":"#5"},"south":{"uv":[15.75,15.75,16,16],"texture":"#5"},"west":{"uv":[10.75,6.75,11,7.5],"rotation":180,"texture":"#5"}}},{"from":[7.85,9.375,7.074],"to":[8.975,9.95,7.174],"rotation":{"angle":0,"axis":"y","origin":[7,7.425,7.875]},"faces":{"north":{"uv":[2.25,9.25,3,9.75],"rotation":180,"texture":"#5"},"east":{"uv":[7.5,7.5,7.75,8.25],"texture":"#5"},"south":{"uv":[15.75,15.75,16,16],"texture":"#5"},"down":{"uv":[15.75,15.75,16,16],"texture":"#5"}}},{"from":[5.775,9.375,8.826],"to":[7.85,10.45,8.926],"rotation":{"angle":0,"axis":"y","origin":[7,7.425,8.125]},"faces":{"north":{"uv":[15.75,15.75,16,16],"texture":"#5"},"south":{"uv":[2,9.25,0,10.25],"rotation":180,"texture":"#5"},"west":{"uv":[15.75,15.75,16,16],"texture":"#5"},"down":{"uv":[15.75,15.75,16,16],"texture":"#5"}}},{"from":[7.85,9.375,8.826],"to":[8.975,9.95,8.926],"rotation":{"angle":0,"axis":"y","origin":[7,7.425,8.125]},"faces":{"north":{"uv":[15.75,15.75,16,16],"texture":"#5"},"east":{"uv":[7.5,7.5,7.75,8.25],"texture":"#5"},"south":{"uv":[2.25,9.25,3,9.75],"rotation":180,"texture":"#5"},"down":{"uv":[15.75,15.75,16,16],"texture":"#5"}}},{"from":[7.86129,8.2328,8.827],"to":[8.36129,9.7124,8.925],"rotation":{"angle":45,"axis":"z","origin":[6.5953,9.83222,8.876]},"faces":{"north":{"uv":[15.75,15.75,16,16],"texture":"#5"},"east":{"uv":[8.75,4.25,9,5.5],"texture":"#5"},"south":{"uv":[11.25,10,11.5,10.25],"rotation":180,"texture":"#5"}}},{"from":[7.78901,9.21134,8.8265],"to":[8.31401,10.64094,8.9255],"rotation":{"angle":22.5,"axis":"z","origin":[6.39324,9.76693,8.876]},"faces":{"north":{"uv":[15.75,15.75,16,16],"texture":"#5"},"east":{"uv":[11.25,3.75,11.5,5],"rotation":180,"texture":"#5"},"south":{"uv":[11.25,10,11.5,10.25],"rotation":180,"texture":"#5"}}},{"from":[6.2,10.45,8.826],"to":[7.85,11.6296,8.926],"rotation":{"angle":0,"axis":"y","origin":[7,8.4,8.125]},"faces":{"north":{"uv":[15.75,15.75,16,16],"texture":"#5"},"east":{"uv":[11,5.25,11.25,5.5],"rotation":180,"texture":"#5"},"south":{"uv":[0.25,9.25,1.75,10.25],"rotation":180,"texture":"#5"},"west":{"uv":[11.75,8.5,12,8.75],"texture":"#5"}}},{"from":[5.35669,10.75538,8.8265],"to":[5.75669,11.88498,8.9255],"rotation":{"angle":-22.5,"axis":"z","origin":[4.79821,9.55119,8.876]},"faces":{"north":{"uv":[15.75,15.75,16,16],"texture":"#5"},"south":{"uv":[0,9.25,0.5,10.25],"texture":"#5"},"west":{"uv":[10.75,6.75,11,7.5],"rotation":180,"texture":"#5"}}},{"from":[6.2,11.4891,9.13215],"to":[7.85,11.56866,9.23215],"rotation":{"angle":-22.5,"axis":"x","origin":[5.425,10.78978,8.726]},"faces":{"north":{"uv":[15.75,15.75,16,16],"texture":"#5"},"east":{"uv":[11,5.25,11.25,5.5],"rotation":180,"texture":"#5"},"south":{"uv":[5.75,5.5,6.5,5.75],"texture":"#5"},"west":{"uv":[11.75,8.5,12,8.75],"texture":"#5"}}},{"from":[6.2002,11.62888,8.38007],"to":[7.8502,11.72888,8.45963],"rotation":{"angle":22.5,"axis":"x","origin":[5.425,10.78978,8.726]},"faces":{"east":{"uv":[11,5.25,11.25,5.5],"rotation":180,"texture":"#5"},"west":{"uv":[11.75,5,12,5.25],"texture":"#5"},"up":{"uv":[8.5,5,9.25,5.25],"texture":"#5"},"down":{"uv":[15.75,15.75,16,16],"texture":"#5"}}},{"from":[6.2,11.31569,9.39169],"to":[7.85,11.39525,9.49169],"rotation":{"angle":-45,"axis":"x","origin":[5.425,10.78978,8.726]},"faces":{"north":{"uv":[15.75,15.75,16,16],"texture":"#5"},"east":{"uv":[11,5.25,11.25,5.5],"rotation":180,"texture":"#5"},"south":{"uv":[5.75,5,6.5,5.25],"texture":"#5"},"west":{"uv":[11.75,8.5,12,8.75],"texture":"#5"}}},{"from":[6.2,11.68978,7.23422],"to":[7.85,11.78978,8.76922],"rotation":{"angle":0,"axis":"x","origin":[5.56988,10.93553,8.01108]},"faces":{"east":{"uv":[11,5.25,11.25,5.5],"rotation":180,"texture":"#5"},"west":{"uv":[11,7,11.25,8.25],"rotation":90,"texture":"#5"},"up":{"uv":[5.5,12.5,8,10.25],"rotation":180,"texture":"#5"},"down":{"uv":[15.75,15.75,16,16],"texture":"#5"}}},{"from":[6.2002,11.62888,7.54037],"to":[7.8502,11.72888,7.61993],"rotation":{"angle":-22.5,"axis":"x","origin":[5.425,10.78978,7.274]},"faces":{"east":{"uv":[11,5.25,11.25,5.5],"rotation":180,"texture":"#5"},"west":{"uv":[11.75,8.5,12,8.75],"texture":"#5"},"up":{"uv":[6,5.5,6.75,5.75],"texture":"#5"},"down":{"uv":[15.75,15.75,16,16],"texture":"#5"}}},{"from":[6.2,11.31569,6.50831],"to":[7.85,11.39525,6.60831],"rotation":{"angle":45,"axis":"x","origin":[5.425,10.78978,7.274]},"faces":{"north":{"uv":[5.5,5.25,6.25,5.5],"texture":"#5"},"east":{"uv":[11,5.25,11.25,5.5],"rotation":180,"texture":"#5"},"south":{"uv":[15.75,15.75,16,16],"texture":"#5"},"west":{"uv":[11.75,8.5,12,8.75],"texture":"#5"}}},{"from":[6.2,11.4891,6.76785],"to":[7.85,11.56866,6.86785],"rotation":{"angle":22.5,"axis":"x","origin":[5.425,10.78978,7.274]},"faces":{"north":{"uv":[5.5,6,6.25,6.25],"texture":"#5"},"east":{"uv":[11,5.25,11.25,5.5],"rotation":180,"texture":"#5"},"south":{"uv":[15.75,15.75,16,16],"texture":"#5"},"west":{"uv":[11.75,8.5,12,8.75],"texture":"#5"}}},{"from":[5.9,10.45,8.701],"to":[7.85,10.6296,8.801],"rotation":{"angle":0,"axis":"y","origin":[7,8.3,8]},"faces":{"north":{"uv":[15.75,15.75,16,16],"texture":"#5"},"east":{"uv":[11,5.25,11.25,5.5],"rotation":180,"texture":"#5"},"south":{"uv":[15.75,15.75,16,16],"texture":"#5"},"west":{"uv":[15.75,15.75,16,16],"texture":"#5"}}},{"from":[5.9,10.20547,9.12691],"to":[7.85,10.30547,9.20647],"rotation":{"angle":-45,"axis":"x","origin":[5.425,9.83978,8.601]},"faces":{"east":{"uv":[11,5.25,11.25,5.5],"rotation":180,"texture":"#5"},"west":{"uv":[15.75,15.75,16,16],"texture":"#5"},"up":{"uv":[12.25,8,12.5,8.25],"texture":"#5"}}},{"from":[5.9,10.5391,8.39485],"to":[7.85,10.61866,8.49485],"rotation":{"angle":22.5,"axis":"x","origin":[5.425,9.83978,8.601]},"faces":{"north":{"uv":[15.75,15.75,16,16],"texture":"#5"},"east":{"uv":[11,5.25,11.25,5.5],"rotation":180,"texture":"#5"},"west":{"uv":[15.75,15.75,16,16],"texture":"#5"}}},{"from":[5.9,10.35388,8.76737],"to":[7.85,10.47888,8.94693],"rotation":{"angle":-22.5,"axis":"x","origin":[5.425,9.83978,8.601]},"faces":{"east":{"uv":[11,5.25,11.25,5.5],"rotation":180,"texture":"#5"},"west":{"uv":[15.75,15.75,16,16],"texture":"#5"},"up":{"uv":[12.25,8.5,12.5,8.75],"texture":"#5"}}},{"from":[5.9,10.43522,7.36122],"to":[7.85,10.53522,8.64078],"rotation":{"angle":0,"axis":"x","origin":[5.425,5.96022,8.601]},"faces":{"east":{"uv":[11,5.25,11.25,5.5],"rotation":180,"texture":"#5"},"west":{"uv":[15.75,15.75,16,16],"texture":"#5"},"up":{"uv":[9.75,8.5,10,8.75],"texture":"#5"}}},{"from":[5.9,10.20547,6.79353],"to":[7.85,10.30547,6.87309],"rotation":{"angle":45,"axis":"x","origin":[5.425,9.83978,7.399]},"faces":{"east":{"uv":[11,5.25,11.25,5.5],"rotation":180,"texture":"#5"},"west":{"uv":[15.75,15.75,16,16],"texture":"#5"},"up":{"uv":[12.25,8,12.5,8.25],"texture":"#5"}}},{"from":[5.9,10.35388,7.05307],"to":[7.85,10.47888,7.23263],"rotation":{"angle":22.5,"axis":"x","origin":[5.425,9.83978,7.399]},"faces":{"east":{"uv":[11,5.25,11.25,5.5],"rotation":180,"texture":"#5"},"west":{"uv":[15.75,15.75,16,16],"texture":"#5"},"up":{"uv":[12.25,8.5,12.5,8.75],"texture":"#5"}}},{"from":[5.9,10.5391,7.50515],"to":[7.85,10.61866,7.60515],"rotation":{"angle":-22.5,"axis":"x","origin":[5.425,9.83978,7.399]},"faces":{"east":{"uv":[11,5.25,11.25,5.5],"rotation":180,"texture":"#5"},"south":{"uv":[15.75,15.75,16,16],"texture":"#5"},"west":{"uv":[15.75,15.75,16,16],"texture":"#5"}}},{"from":[5.48169,10.93498,7.199],"to":[5.78169,11.73958,7.298],"rotation":{"angle":-22.5,"axis":"z","origin":[4.92321,9.73079,7.249]},"faces":{"north":{"uv":[15.75,15.75,16,16],"texture":"#5"},"south":{"uv":[15.75,15.75,16,16],"texture":"#5"},"west":{"uv":[6.75,8,7,9],"rotation":180,"texture":"#5"}}},{"from":[5.9,10.45,7.199],"to":[7.85,10.6296,7.299],"rotation":{"angle":0,"axis":"y","origin":[7,8.3,8]},"faces":{"north":{"uv":[15.75,15.75,16,16],"texture":"#5"},"east":{"uv":[11,5.25,11.25,5.5],"rotation":180,"texture":"#5"},"south":{"uv":[15.75,15.75,16,16],"texture":"#5"},"west":{"uv":[15.75,15.75,16,16],"texture":"#5"}}},{"from":[5.48169,10.93498,8.702],"to":[5.78169,11.73958,8.801],"rotation":{"angle":-22.5,"axis":"z","origin":[4.92321,9.73079,8.751]},"faces":{"north":{"uv":[15.75,15.75,16,16],"texture":"#5"},"south":{"uv":[15.75,15.75,16,16],"texture":"#5"},"west":{"uv":[6.75,8,7,9],"rotation":180,"texture":"#5"}}},{"from":[6.2,10.625,7.199],"to":[7.85,11.5296,7.299],"rotation":{"angle":0,"axis":"y","origin":[7,8.3,8]},"faces":{"north":{"uv":[15.75,15.75,16,16],"texture":"#5"},"east":{"uv":[11,5.25,11.25,5.5],"rotation":180,"texture":"#5"},"south":{"uv":[15.75,15.75,16,16],"texture":"#5"},"west":{"uv":[15.75,15.75,16,16],"texture":"#5"}}},{"from":[6.2,10.625,8.701],"to":[7.85,11.5296,8.801],"rotation":{"angle":0,"axis":"y","origin":[7,8.3,8]},"faces":{"north":{"uv":[15.75,15.75,16,16],"texture":"#5"},"east":{"uv":[11,5.25,11.25,5.5],"rotation":180,"texture":"#5"},"south":{"uv":[15.75,15.75,16,16],"texture":"#5"},"west":{"uv":[15.75,15.75,16,16],"texture":"#5"}}},{"from":[6.2,11.3891,9.00715],"to":[7.85,11.46866,9.10715],"rotation":{"angle":-22.5,"axis":"x","origin":[5.425,10.68978,8.601]},"faces":{"north":{"uv":[15.75,15.75,16,16],"texture":"#5"},"east":{"uv":[11,5.25,11.25,5.5],"rotation":180,"texture":"#5"},"south":{"uv":[15.75,15.75,16,16],"texture":"#5"},"west":{"uv":[15.75,15.75,16,16],"texture":"#5"}}},{"from":[6.2,11.21569,9.26669],"to":[7.85,11.29525,9.36669],"rotation":{"angle":-45,"axis":"x","origin":[5.425,10.68978,8.601]},"faces":{"north":{"uv":[15.75,15.75,16,16],"texture":"#5"},"east":{"uv":[11,5.25,11.25,5.5],"rotation":180,"texture":"#5"},"south":{"uv":[15.75,15.75,16,16],"texture":"#5"},"west":{"uv":[15.75,15.75,16,16],"texture":"#5"}}},{"from":[6.2,11.52888,8.25507],"to":[7.85,11.62888,8.33463],"rotation":{"angle":22.5,"axis":"x","origin":[5.425,10.68978,8.601]},"faces":{"east":{"uv":[11,5.25,11.25,5.5],"rotation":180,"texture":"#5"},"west":{"uv":[15.75,15.75,16,16],"texture":"#5"},"up":{"uv":[15.75,15.75,16,16],"texture":"#5"},"down":{"uv":[15.75,15.75,16,16],"texture":"#5"}}},{"from":[6.2,11.58978,7.36122],"to":[7.85,11.68978,8.64078],"rotation":{"angle":0,"axis":"x","origin":[5.425,10.68978,8.601]},"faces":{"east":{"uv":[11,5.25,11.25,5.5],"rotation":180,"texture":"#5"},"west":{"uv":[15.75,15.75,16,16],"texture":"#5"},"down":{"uv":[15.75,15.75,16,16],"texture":"#5"}}},{"from":[6.2,11.52888,7.66537],"to":[7.85,11.62888,7.74493],"rotation":{"angle":-22.5,"axis":"x","origin":[5.425,10.68978,7.399]},"faces":{"east":{"uv":[11,5.25,11.25,5.5],"rotation":180,"texture":"#5"},"west":{"uv":[15.75,15.75,16,16],"texture":"#5"},"up":{"uv":[15.75,15.75,16,16],"texture":"#5"},"down":{"uv":[15.75,15.75,16,16],"texture":"#5"}}},{"from":[6.2,11.21569,6.63331],"to":[7.85,11.29525,6.73331],"rotation":{"angle":45,"axis":"x","origin":[5.425,10.68978,7.399]},"faces":{"north":{"uv":[15.75,15.75,16,16],"texture":"#5"},"east":{"uv":[11,5.25,11.25,5.5],"rotation":180,"texture":"#5"},"south":{"uv":[15.75,15.75,16,16],"texture":"#5"},"west":{"uv":[15.75,15.75,16,16],"texture":"#5"}}},{"from":[6.2,11.3891,6.89285],"to":[7.85,11.46866,6.99285],"rotation":{"angle":22.5,"axis":"x","origin":[5.425,10.68978,7.399]},"faces":{"north":{"uv":[15.75,15.75,16,16],"texture":"#5"},"east":{"uv":[11,5.25,11.25,5.5],"rotation":180,"texture":"#5"},"south":{"uv":[15.75,15.75,16,16],"texture":"#5"},"west":{"uv":[15.75,15.75,16,16],"texture":"#5"}}},{"from":[5.1,9.2,7.5],"to":[11.45,9.35,8.5],"rotation":{"angle":0,"axis":"y","origin":[8,8.9,7.95]},"faces":{"north":{"uv":[1.25,4.25,12,4.75],"texture":"#5"},"east":{"uv":[4.25,12.5,5.25,13],"rotation":180,"texture":"#5"},"south":{"uv":[1.25,4.25,12,4.75],"texture":"#5"},"west":{"uv":[4.25,12.5,5.25,13],"rotation":180,"texture":"#5"},"up":{"uv":[0,6.75,8.5,7.75],"texture":"#5"},"down":{"uv":[15.75,15.75,16,16],"texture":"#5"}}},{"from":[5.1,8.85,7.6],"to":[11.45,9.2,8.4],"rotation":{"angle":0,"axis":"y","origin":[8,8.75,7.95]},"faces":{"north":{"uv":[2.25,7,13,7.75],"rotation":180,"texture":"#5"},"east":{"uv":[1.5,7.25,2.5,8],"rotation":180,"texture":"#5"},"south":{"uv":[2.25,7,13,7.75],"rotation":180,"texture":"#5"},"west":{"uv":[1.5,7.25,2.5,8],"rotation":180,"texture":"#5"},"down":{"uv":[15.75,15.75,16,16],"texture":"#5"}}},{"from":[5.2,8.1,7.35],"to":[8.225,8.85,8.65],"faces":{"north":{"uv":[3.25,7.25,7.5,8.25],"texture":"#5"},"east":{"uv":[3.75,9.5,4.75,10.5],"texture":"#5"},"south":{"uv":[3.25,7.25,7.5,8.25],"texture":"#5"},"west":{"uv":[4,11.25,5,12.25],"rotation":180,"texture":"#5"},"up":{"uv":[3,1.75,7.25,3],"texture":"#5"}}},{"from":[10.5,8.1,7.35],"to":[11.35,8.85,8.65],"rotation":{"angle":0,"axis":"y","origin":[11,8,8]},"faces":{"north":{"uv":[4.5,7.25,5.5,8.25],"texture":"#5"},"east":{"uv":[3.5,11.25,4.5,12.25],"rotation":180,"texture":"#5"},"south":{"uv":[4.5,7.25,5.5,8.25],"texture":"#5"},"west":{"uv":[3.75,9.5,4.75,10.5],"texture":"#5"},"up":{"uv":[7,1.75,8,3],"texture":"#5"}}}]}