{"credit":"thebradqq's guns","textures":{"0":"mgs:gun/metal_dark","1":"mgs:gun/brass","2":"mgs:gun/copper"},"gui_light":"front","display":{"thirdperson_righthand":{"rotation":[25,111,-23],"translation":[-0.5,-2,0],"scale":[0.2,0.2,0.2]},"thirdperson_lefthand":{"rotation":[69,-71,65],"translation":[-0.25,-2.5,0],"scale":[0.2,0.2,0.2]},"firstperson_righthand":{"rotation":[-87,65,68],"translation":[5.5,-3,0],"scale":[0.4,0.4,0.4]},"firstperson_lefthand":{"rotation":[-40,-110,-27],"translation":[4.25,-3,0],"scale":[0.4,0.4,0.4]},"ground":{"translation":[0,3.5,0],"scale":[0.2,0.2,0.2]},"gui":{"rotation":[0,180,33],"translation":[-0.25,-0.75,0],"scale":[0.55,0.55,0.55]},"head":{"scale":[0.5,0.5,0.5]},"fixed":{"rotation":[0,180,0],"translation":[0,-0.5,-2],"scale":[0.4,0.4,0.4]}},"elements":[{"from":[5.45,-9.5,6.1],"to":[10.55,25.5,9.9],"rotation":{"angle":0,"axis":"z","origin":[6.95,16.5,6.4]},"faces":{"north":{"uv":[0,7.75,8.25,9.25],"rotation":270,"texture":"#0"},"east":{"uv":[0,11.25,8.25,12.25],"rotation":90,"texture":"#0"},"south":{"uv":[0,7.75,8.25,9.25],"rotation":90,"texture":"#0"},"west":{"uv":[0,8,8.25,8.5],"rotation":270,"texture":"#0"},"down":{"uv":[4,9.5,5,11],"rotation":270,"texture":"#0"}}},{"from":[5.45,-9.5,9.6],"to":[10.55,25.501,9.9],"rotation":{"angle":0,"axis":"z","origin":[6.95,16.5,6.4]},"faces":{"north":{"uv":[7.5,10,8,9.5],"texture":"#0"},"up":{"uv":[4.75,11.5,5.5,12],"texture":"#0"}}},{"from":[5.45,-9.5,6.1],"to":[10.55,25.501,6.4],"rotation":{"angle":0,"axis":"z","origin":[6.95,16.5,9.6]},"faces":{"south":{"uv":[7.5,10,8,9.5],"texture":"#0"},"up":{"uv":[4.75,11.5,5.5,12],"rotation":180,"texture":"#0"}}},{"from":[5.45,-9.5,6.1],"to":[5.55,25.5,9.9],"rotation":{"angle":0,"axis":"z","origin":[6.95,16.5,6.4]},"faces":{"east":{"uv":[7.5,10,8,9.5],"texture":"#0"},"up":{"uv":[4.75,10.75,5,11],"texture":"#0"}}},{"from":[10.45,-9.5,6.1],"to":[10.55,25.5,9.9],"rotation":{"angle":0,"axis":"z","origin":[6.95,16.5,6.4]},"faces":{"west":{"uv":[7.5,10,8,9.5],"texture":"#0"},"up":{"uv":[4.75,10.75,5,11],"texture":"#0"}}},{"from":[5.45,25.53827,6.09239],"to":[8.85,27.03827,6.29239],"rotation":{"angle":22.5,"axis":"x","origin":[7,25.5,6]},"faces":{"north":{"uv":[0,8.25,0.75,9.25],"rotation":270,"texture":"#0"},"east":{"uv":[7.5,10,8,9.5],"texture":"#0"},"south":{"uv":[7,8,8,8.5],"texture":"#0"},"west":{"uv":[5.5,8,5.75,8.25],"texture":"#0"},"up":{"uv":[1,11.5,2,12],"rotation":180,"texture":"#0"}}},{"from":[5.5,22.25,6.099],"to":[7,23.65,9.901],"rotation":{"angle":0,"axis":"z","origin":[7,25.5,6]},"faces":{"north":{"uv":[4.25,11.25,5.5,12.25],"texture":"#0"},"south":{"uv":[4.25,11.25,5.5,12.25],"texture":"#0"}}},{"from":[5.45,25.53827,9.70761],"to":[8.85,27.03827,9.90761],"rotation":{"angle":-22.5,"axis":"x","origin":[7,25.5,10]},"faces":{"north":{"uv":[7,8,8,8.5],"texture":"#0"},"east":{"uv":[7.5,10,8,9.5],"texture":"#0"},"south":{"uv":[0,8.25,0.75,9.25],"rotation":90,"texture":"#0"},"west":{"uv":[5.5,8,5.75,8.25],"texture":"#0"},"up":{"uv":[1,11.5,2,12],"texture":"#0"}}},{"from":[5.67301,25.20063,7.19597],"to":[5.80585,26.74938,7.50404],"rotation":{"angle":0,"axis":"y","origin":[0.08943,9.08,8]},"faces":{"east":{"uv":[12.5,7.5,13,8],"texture":"#1"},"west":{"uv":[8.25,4,8.75,6],"texture":"#1"},"up":{"uv":[3.5,3.75,4,4.25],"rotation":180,"texture":"#1"},"down":{"uv":[6.25,8,6.75,8.25],"rotation":180,"texture":"#1"}}},{"from":[5.65009,25.621,7.27959],"to":[5.73859,26.329,7.42042],"rotation":{"angle":0,"axis":"y","origin":[2.32654,-3.31,8]},"faces":{"west":{"uv":[6.25,4.5,6.75,5.25],"texture":"#1"},"up":{"uv":[3.25,4,3.5,4.5],"texture":"#1"},"down":{"uv":[9.5,8,9.75,8.25],"texture":"#1"}}},{"from":[6.04914,25.20063,7.19597],"to":[8.95014,26.74938,7.50404],"rotation":{"angle":0,"axis":"y","origin":[1.79554,-3.31,8]},"faces":{"east":{"uv":[5.25,10.5,5.75,11],"texture":"#1"},"west":{"uv":[12.5,7.5,13,8],"texture":"#1"},"up":{"uv":[2,3.25,4,3.75],"texture":"#1"},"down":{"uv":[5.5,7.75,7.5,8.25],"rotation":180,"texture":"#1"}}},{"from":[6.04914,23.09321,-2.09873],"to":[8.95014,24.64196,-1.79066],"rotation":{"angle":22.5,"axis":"x","origin":[1.81514,1.5575,8]},"faces":{"east":{"uv":[5.25,10.5,5.75,11],"texture":"#1"},"west":{"uv":[12.5,7.5,13,8],"texture":"#1"},"up":{"uv":[2,3.75,4,4.25],"texture":"#1"},"down":{"uv":[3,9,5,9.5],"rotation":180,"texture":"#1"}}},{"from":[6.04914,23.5907,16.58962],"to":[8.95014,25.13945,16.89769],"rotation":{"angle":-22.5,"axis":"x","origin":[1.81514,1.5575,8]},"faces":{"east":{"uv":[5.25,10.5,5.75,11],"texture":"#1"},"west":{"uv":[12.5,7.5,13,8],"texture":"#1"},"up":{"uv":[0,3.25,2,3.75],"texture":"#1"},"down":{"uv":[3.5,8,5.5,8.5],"rotation":180,"texture":"#1"}}},{"from":[6.04914,17.58929,-9.87944],"to":[8.95014,19.13804,-9.57137],"rotation":{"angle":45,"axis":"x","origin":[1.81514,1.5575,8]},"faces":{"east":{"uv":[5.25,10.5,5.75,11],"texture":"#1"},"west":{"uv":[12.5,7.5,13,8],"texture":"#1"},"up":{"uv":[5.25,4.25,7.25,4.75],"texture":"#1"},"down":{"uv":[5.75,5.5,7.75,6],"rotation":180,"texture":"#1"}}},{"from":[6.04914,18.50853,24.65213],"to":[8.95014,20.05728,24.9602],"rotation":{"angle":-45,"axis":"x","origin":[1.81514,1.5575,8]},"faces":{"east":{"uv":[5.25,10.5,5.75,11],"texture":"#1"},"west":{"uv":[12.5,7.5,13,8],"texture":"#1"},"up":{"uv":[1.25,4.25,3.25,4.75],"rotation":180,"texture":"#1"},"down":{"uv":[4.5,5.5,6.5,6],"texture":"#1"}}},{"from":[6.04914,24.21104,15.96928],"to":[8.95014,24.51911,17.51803],"rotation":{"angle":-22.5,"axis":"x","origin":[1.81514,1.5575,8]},"faces":{"north":{"uv":[6.25,5,8.25,5.5],"texture":"#1"},"east":{"uv":[5.25,10.5,5.75,11],"texture":"#1"},"south":{"uv":[5.25,4.75,7.25,5.25],"texture":"#1"},"west":{"uv":[12.5,7.5,13,8],"rotation":90,"texture":"#1"}}},{"from":[6.04914,23.71355,-2.71907],"to":[8.95014,24.02162,-1.17032],"rotation":{"angle":22.5,"axis":"x","origin":[1.81514,1.5575,8]},"faces":{"north":{"uv":[5.25,4.75,7.25,5.25],"texture":"#1"},"east":{"uv":[5.25,10.5,5.75,11],"texture":"#1"},"south":{"uv":[6.25,5,8.25,5.5],"texture":"#1"},"west":{"uv":[12.5,7.5,13,8],"rotation":270,"texture":"#1"}}},{"from":[6.04914,25.82097,6.57563],"to":[8.95014,26.12904,8.12438],"rotation":{"angle":0,"axis":"y","origin":[1.79554,-3.31,8]},"faces":{"north":{"uv":[3,12.25,5,12.75],"texture":"#1"},"east":{"uv":[5.25,10.5,5.75,11],"texture":"#1"},"south":{"uv":[0,12,2,12.5],"texture":"#1"},"west":{"uv":[12.5,7.5,13,8],"texture":"#1"}}},{"from":[8.63664,25.267,7.20917],"to":[9.45414,26.683,7.49083],"rotation":{"angle":0,"axis":"y","origin":[1.79554,-3.31,8]},"faces":{"east":{"uv":[11,7.5,11.5,8],"texture":"#2"},"up":{"uv":[3.25,4,3.75,4.25],"texture":"#2"},"down":{"uv":[7.75,8,8.25,8.25],"rotation":180,"texture":"#2"}}},{"from":[8.63663,23.65708,16.60282],"to":[9.45414,25.07308,16.88448],"rotation":{"angle":-22.5,"axis":"x","origin":[3.07626,1.5575,8]},"faces":{"east":{"uv":[11,7.5,11.5,8],"texture":"#2"},"up":{"uv":[7.5,4.25,8,4.5],"texture":"#2"},"down":{"uv":[4.25,8,4.75,8.25],"rotation":180,"texture":"#2"}}},{"from":[8.63663,23.15959,-2.08552],"to":[9.45414,24.57559,-1.80387],"rotation":{"angle":22.5,"axis":"x","origin":[3.07626,1.5575,8]},"faces":{"east":{"uv":[11,7.5,11.5,8],"texture":"#2"},"up":{"uv":[5.5,4.25,6,4.5],"texture":"#2"},"down":{"uv":[4.25,8,4.75,8.25],"texture":"#2"}}},{"from":[8.63664,18.5749,24.66533],"to":[9.45414,19.9909,24.94699],"rotation":{"angle":-45,"axis":"x","origin":[3.07626,1.5575,8]},"faces":{"east":{"uv":[11,7.5,11.5,8],"texture":"#2"},"up":{"uv":[6.5,4.75,7,5],"rotation":180,"texture":"#2"},"down":{"uv":[2.75,9.25,3.25,9.5],"rotation":180,"texture":"#2"}}},{"from":[8.63664,17.65566,-9.86623],"to":[9.45414,19.07166,-9.58457],"rotation":{"angle":45,"axis":"x","origin":[3.07626,1.5575,8]},"faces":{"east":{"uv":[11,7.5,11.5,8],"texture":"#2"},"up":{"uv":[8.5,4.75,9,5],"texture":"#2"},"down":{"uv":[2.75,9.25,3.25,9.75],"rotation":180,"texture":"#2"}}},{"from":[8.63663,23.72676,-2.65269],"to":[9.45414,24.00842,-1.23669],"rotation":{"angle":22.5,"axis":"x","origin":[3.07626,1.5575,8]},"faces":{"north":{"uv":[5.5,11.5,6,11.75],"rotation":180,"texture":"#2"},"east":{"uv":[11,7.5,11.5,8],"rotation":90,"texture":"#2"},"south":{"uv":[1.25,9.75,1.75,10],"rotation":180,"texture":"#2"}}},{"from":[8.63663,24.22425,16.03565],"to":[9.45414,24.5059,17.45165],"rotation":{"angle":-22.5,"axis":"x","origin":[3.07626,1.5575,8]},"faces":{"north":{"uv":[2.5,10,3,10.5],"rotation":180,"texture":"#2"},"east":{"uv":[11,7.5,11.5,8],"rotation":270,"texture":"#2"},"south":{"uv":[5.5,11.5,6,11.75],"rotation":180,"texture":"#2"}}},{"from":[8.63664,25.83417,6.642],"to":[9.45414,26.11583,8.058],"rotation":{"angle":0,"axis":"y","origin":[1.79554,-3.31,8]},"faces":{"north":{"uv":[5.5,11,6,11.25],"rotation":180,"texture":"#2"},"east":{"uv":[11,7.5,11.5,8],"texture":"#2"},"south":{"uv":[5.5,11,6,11.25],"rotation":180,"texture":"#2"}}},{"from":[9.45414,25.31125,7.21798],"to":[9.71964,26.63875,7.48202],"rotation":{"angle":0,"axis":"y","origin":[1.79554,-3.31,8]},"faces":{"east":{"uv":[11,7.5,11.5,8],"texture":"#2"},"up":{"uv":[3.25,4,3.75,4.25],"texture":"#2"},"down":{"uv":[7.75,8,8.25,8.25],"rotation":180,"texture":"#2"}}},{"from":[9.45414,23.20384,-2.07672],"to":[9.71964,24.53134,-1.81267],"rotation":{"angle":22.5,"axis":"x","origin":[3.71789,1.5575,8]},"faces":{"east":{"uv":[11,7.5,11.5,8],"texture":"#2"},"up":{"uv":[12.75,2.25,13.25,2.5],"texture":"#2"},"down":{"uv":[4.25,8,4.75,8.25],"texture":"#2"}}},{"from":[9.45414,23.70133,16.61163],"to":[9.71964,25.02883,16.87567],"rotation":{"angle":-22.5,"axis":"x","origin":[3.71789,1.5575,8]},"faces":{"east":{"uv":[11,7.5,11.5,8],"texture":"#2"},"up":{"uv":[8.5,4.25,9,4.5],"texture":"#2"},"down":{"uv":[4.25,8,4.75,8.25],"rotation":180,"texture":"#2"}}},{"from":[9.45414,17.69991,-9.85742],"to":[9.71964,19.02741,-9.59337],"rotation":{"angle":45,"axis":"x","origin":[3.71789,1.5575,8]},"faces":{"east":{"uv":[11,7.5,11.5,8],"texture":"#2"},"up":{"uv":[9.25,4.75,9.75,5],"texture":"#2"},"down":{"uv":[2.75,9.25,3.25,9.75],"rotation":180,"texture":"#2"}}},{"from":[9.45414,18.61915,24.67413],"to":[9.71964,19.94665,24.93818],"rotation":{"angle":-45,"axis":"x","origin":[3.71789,1.5575,8]},"faces":{"east":{"uv":[11,7.5,11.5,8],"texture":"#2"},"up":{"uv":[5.75,4.75,6.25,5],"rotation":180,"texture":"#2"},"down":{"uv":[2.75,9.25,3.25,9.5],"rotation":180,"texture":"#2"}}},{"from":[9.45414,24.23305,16.0799],"to":[9.71964,24.4971,17.4074],"rotation":{"angle":-22.5,"axis":"x","origin":[3.71789,1.5575,8]},"faces":{"north":{"uv":[2.5,10,3,10.5],"rotation":180,"texture":"#2"},"east":{"uv":[11,7.5,11.5,8],"rotation":270,"texture":"#2"},"south":{"uv":[6.25,11.5,6.75,11.75],"rotation":180,"texture":"#2"}}},{"from":[9.45414,23.73557,-2.60844],"to":[9.71964,23.99961,-1.28094],"rotation":{"angle":22.5,"axis":"x","origin":[3.71789,1.5575,8]},"faces":{"north":{"uv":[4.75,11.5,5.25,11.75],"rotation":180,"texture":"#2"},"east":{"uv":[11,7.5,11.5,8],"rotation":90,"texture":"#2"},"south":{"uv":[1.25,9.75,1.75,10],"rotation":180,"texture":"#2"}}},{"from":[9.45414,25.84298,6.68625],"to":[9.71964,26.10702,8.01375],"rotation":{"angle":0,"axis":"y","origin":[1.79554,-3.31,8]},"faces":{"north":{"uv":[5.5,11,6,11.25],"rotation":180,"texture":"#2"},"east":{"uv":[11,7.5,11.5,8],"texture":"#2"},"south":{"uv":[5.5,11,6,11.25],"rotation":180,"texture":"#2"}}},{"from":[9.71964,25.3555,7.22678],"to":[9.94089,26.5945,7.47323],"rotation":{"angle":0,"axis":"y","origin":[1.79554,-3.31,8]},"faces":{"east":{"uv":[11,7.5,11.5,8],"texture":"#2"},"up":{"uv":[3.25,4,3.75,4.25],"texture":"#2"},"down":{"uv":[7.75,8,8.25,8.25],"rotation":180,"texture":"#2"}}},{"from":[9.71964,23.74558,16.62043],"to":[9.94088,24.98458,16.86688],"rotation":{"angle":-22.5,"axis":"x","origin":[4.07189,1.5575,8]},"faces":{"east":{"uv":[11,7.5,11.5,8],"texture":"#2"},"up":{"uv":[8.75,4.25,9.25,4.5],"texture":"#2"},"down":{"uv":[4.25,8,4.75,8.25],"rotation":180,"texture":"#2"}}},{"from":[9.71964,23.24809,-2.06792],"to":[9.94088,24.48709,-1.82147],"rotation":{"angle":22.5,"axis":"x","origin":[4.07189,1.5575,8]},"faces":{"east":{"uv":[11,7.5,11.5,8],"texture":"#2"},"up":{"uv":[10.5,2.75,11,3],"texture":"#2"},"down":{"uv":[4.25,8,4.75,8.25],"texture":"#2"}}},{"from":[9.71964,18.6634,24.68293],"to":[9.94089,19.9024,24.92939],"rotation":{"angle":-45,"axis":"x","origin":[4.07189,1.5575,8]},"faces":{"east":{"uv":[11,7.5,11.5,8],"texture":"#2"},"up":{"uv":[5.75,4.75,6.25,5],"rotation":180,"texture":"#2"},"down":{"uv":[2.75,9.25,3.25,9.5],"rotation":180,"texture":"#2"}}},{"from":[9.71964,23.74436,-2.56419],"to":[9.94088,23.99081,-1.32519],"rotation":{"angle":22.5,"axis":"x","origin":[4.07189,1.5575,8]},"faces":{"north":{"uv":[6.75,11.5,7.25,11.75],"rotation":180,"texture":"#2"},"east":{"uv":[11,7.5,11.5,8],"rotation":90,"texture":"#2"},"south":{"uv":[1.25,9.75,1.75,10],"rotation":180,"texture":"#2"}}},{"from":[9.71964,17.74416,-9.84863],"to":[9.94089,18.98316,-9.60217],"rotation":{"angle":45,"axis":"x","origin":[4.07189,1.5575,8]},"faces":{"east":{"uv":[11,7.5,11.5,8],"texture":"#2"},"up":{"uv":[9,4.75,9.5,5],"texture":"#2"},"down":{"uv":[2.75,9.25,3.25,9.75],"rotation":180,"texture":"#2"}}},{"from":[9.71964,24.24185,16.12415],"to":[9.94088,24.4883,17.36315],"rotation":{"angle":-22.5,"axis":"x","origin":[4.07189,1.5575,8]},"faces":{"north":{"uv":[2.5,10,3,10.5],"rotation":180,"texture":"#2"},"east":{"uv":[11,7.5,11.5,8],"rotation":270,"texture":"#2"},"south":{"uv":[6.25,11.5,6.75,11.75],"rotation":180,"texture":"#2"}}},{"from":[9.71964,25.85178,6.7305],"to":[9.94089,26.09823,7.9695],"rotation":{"angle":0,"axis":"y","origin":[1.79554,-3.31,8]},"faces":{"north":{"uv":[5.5,11,6,11.25],"rotation":180,"texture":"#2"},"east":{"uv":[11,7.5,11.5,8],"texture":"#2"},"south":{"uv":[5.5,11,6,11.25],"rotation":180,"texture":"#2"}}},{"from":[9.94089,25.39975,7.23558],"to":[10.07364,26.55025,7.46442],"rotation":{"angle":0,"axis":"y","origin":[1.79554,-3.31,8]},"faces":{"east":{"uv":[11,7.5,11.5,8],"texture":"#2"},"up":{"uv":[3.25,4,3.75,4.25],"texture":"#2"},"down":{"uv":[7.75,8,8.25,8.25],"rotation":180,"texture":"#2"}}},{"from":[9.94088,23.29234,-2.05911],"to":[10.07364,24.44284,-1.83027],"rotation":{"angle":22.5,"axis":"x","origin":[3.65151,1.5575,8]},"faces":{"east":{"uv":[11,7.5,11.5,8],"texture":"#2"},"up":{"uv":[11.25,3.25,11.75,3.5],"texture":"#2"},"down":{"uv":[4.25,8,4.75,8.25],"texture":"#2"}}},{"from":[9.94088,23.78983,16.62923],"to":[10.07364,24.94033,16.85807],"rotation":{"angle":-22.5,"axis":"x","origin":[3.65151,1.5575,8]},"faces":{"east":{"uv":[11,7.5,11.5,8],"texture":"#2"},"up":{"uv":[11,3,11.5,3.25],"texture":"#2"},"down":{"uv":[4.25,8,4.75,8.25],"rotation":180,"texture":"#2"}}},{"from":[9.94089,17.78841,-9.83982],"to":[10.07364,18.93891,-9.61097],"rotation":{"angle":45,"axis":"x","origin":[3.65151,1.5575,8]},"faces":{"east":{"uv":[11,7.5,11.5,8],"texture":"#2"},"up":{"uv":[6.5,4.75,7,5],"texture":"#2"},"down":{"uv":[2.75,9.25,3.25,9.75],"rotation":180,"texture":"#2"}}},{"from":[9.94089,18.70765,24.69173],"to":[10.07364,19.85815,24.92058],"rotation":{"angle":-45,"axis":"x","origin":[3.65151,1.5575,8]},"faces":{"east":{"uv":[11,7.5,11.5,8],"texture":"#2"},"up":{"uv":[8,4.75,8.5,5],"rotation":180,"texture":"#2"},"down":{"uv":[2.75,9.25,3.25,9.5],"rotation":180,"texture":"#2"}}},{"from":[9.94088,24.25066,16.1684],"to":[10.07364,24.4795,17.3189],"rotation":{"angle":-22.5,"axis":"x","origin":[3.65151,1.5575,8]},"faces":{"north":{"uv":[2.5,10,3,10.5],"rotation":180,"texture":"#2"},"east":{"uv":[11,7.5,11.5,8],"rotation":270,"texture":"#2"},"south":{"uv":[7.5,11.5,8,11.75],"rotation":180,"texture":"#2"}}},{"from":[9.94088,23.75317,-2.51994],"to":[10.07364,23.98201,-1.36944],"rotation":{"angle":22.5,"axis":"x","origin":[3.65151,1.5575,8]},"faces":{"north":{"uv":[7,11.5,7.5,11.75],"rotation":180,"texture":"#2"},"east":{"uv":[11,7.5,11.5,8],"rotation":90,"texture":"#2"},"south":{"uv":[1.25,9.75,1.75,10],"rotation":180,"texture":"#2"}}},{"from":[9.94089,25.86058,6.77475],"to":[10.07364,26.08942,7.92525],"rotation":{"angle":0,"axis":"y","origin":[1.79554,-3.31,8]},"faces":{"north":{"uv":[5.5,11,6,11.25],"rotation":180,"texture":"#2"},"east":{"uv":[11,7.5,11.5,8],"texture":"#2"},"south":{"uv":[5.5,11,6,11.25],"rotation":180,"texture":"#2"}}},{"from":[0.24229,26.654,7.173],"to":[0.64054,27.0965,7.527],"rotation":{"angle":-22.5,"axis":"z","origin":[3.67364,2.0885,7.92862]},"faces":{"north":{"uv":[6,4.5,6.5,5],"texture":"#2"},"east":{"uv":[7.5,2,8,2.5],"texture":"#2"},"south":{"uv":[5.75,4.5,6.25,5],"texture":"#2"},"up":{"uv":[4,4,4.5,4.5],"texture":"#2"}}},{"from":[18.93064,21.13616,7.173],"to":[19.32889,21.57866,7.527],"rotation":{"angle":22.5,"axis":"z","origin":[3.67364,1.0265,7.92862]},"faces":{"north":{"uv":[5,8,5.5,8.5],"rotation":180,"texture":"#2"},"east":{"uv":[7.5,2,8,2.5],"texture":"#2"},"south":{"uv":[5,8,5.5,8.5],"rotation":180,"texture":"#2"},"down":{"uv":[15,8,15.5,8.5],"rotation":180,"texture":"#2"}}},{"from":[9.83521,25.798,9.8929],"to":[10.23346,26.152,10.37965],"rotation":{"angle":22.5,"axis":"y","origin":[3.67364,1.5575,8.531]},"faces":{"east":{"uv":[7.5,2,8,2.5],"texture":"#2"},"south":{"uv":[4.75,11.25,5.25,11.75],"rotation":180,"texture":"#2"},"up":{"uv":[6.5,4.75,7,5.25],"texture":"#2"},"down":{"uv":[9,10.25,9.5,10.75],"rotation":180,"texture":"#2"}}},{"from":[9.33772,25.798,4.41931],"to":[9.73597,26.152,4.90606],"rotation":{"angle":-22.5,"axis":"y","origin":[3.67364,1.5575,7.469]},"faces":{"north":{"uv":[4.75,11.25,5.25,11.75],"rotation":180,"texture":"#2"},"east":{"uv":[7.5,2,8,2.5],"texture":"#2"},"up":{"uv":[6.5,4.75,7,5.25],"rotation":180,"texture":"#2"},"down":{"uv":[9,10.25,9.5,10.75],"rotation":180,"texture":"#2"}}},{"from":[5.6731,23.09321,-2.09873],"to":[5.80594,24.64196,-1.79066],"rotation":{"angle":22.5,"axis":"x","origin":[0.13359,1.5575,8]},"faces":{"east":{"uv":[12.5,7.5,13,8],"texture":"#1"},"west":{"uv":[7.25,4,7.75,6],"texture":"#1"},"up":{"uv":[3.5,4.25,4,4.75],"texture":"#1"},"down":{"uv":[6.25,8,6.75,8.25],"rotation":180,"texture":"#1"}}},{"from":[5.6731,23.5907,16.58962],"to":[5.80594,25.13945,16.89769],"rotation":{"angle":-22.5,"axis":"x","origin":[0.13359,1.5575,8]},"faces":{"east":{"uv":[12.5,7.5,13,8],"texture":"#1"},"west":{"uv":[7.25,4,7.75,6],"texture":"#1"},"up":{"uv":[3.5,4.25,4,4.75],"rotation":180,"texture":"#1"},"down":{"uv":[6.25,8,6.75,8.25],"rotation":180,"texture":"#1"}}},{"from":[5.67301,17.58929,-9.87944],"to":[5.80585,19.13804,-9.57137],"rotation":{"angle":45,"axis":"x","origin":[0.13359,1.5575,8]},"faces":{"east":{"uv":[12.5,7.5,13,8],"texture":"#1"},"west":{"uv":[10.75,4.5,11.25,6.5],"texture":"#1"},"up":{"uv":[3.75,4.75,4.25,5.25],"texture":"#1"},"down":{"uv":[6.25,8,6.75,8.25],"rotation":180,"texture":"#1"}}},{"from":[5.67301,18.50853,24.65213],"to":[5.80585,20.05728,24.9602],"rotation":{"angle":-45,"axis":"x","origin":[0.13359,1.5575,8]},"faces":{"east":{"uv":[12.5,7.5,13,8],"texture":"#1"},"west":{"uv":[6.75,4.5,7.25,6.5],"texture":"#1"},"up":{"uv":[7.75,4.75,8.25,5.25],"rotation":180,"texture":"#1"},"down":{"uv":[6.25,8,6.75,8.25],"rotation":180,"texture":"#1"}}},{"from":[5.6731,24.21104,15.96928],"to":[5.80594,24.51911,17.51803],"rotation":{"angle":-22.5,"axis":"x","origin":[0.13359,1.5575,8]},"faces":{"north":{"uv":[6.75,8,7.25,8.5],"rotation":180,"texture":"#1"},"east":{"uv":[12.5,7.5,13,8],"rotation":270,"texture":"#1"},"south":{"uv":[5.25,5.5,5.75,6],"texture":"#1"},"west":{"uv":[0.5,4.75,1,6.75],"rotation":90,"texture":"#1"}}},{"from":[5.6731,23.71355,-2.71907],"to":[5.80594,24.02162,-1.17032],"rotation":{"angle":22.5,"axis":"x","origin":[0.13359,1.5575,8]},"faces":{"north":{"uv":[6.75,5.5,7.25,6],"texture":"#1"},"east":{"uv":[12.5,7.5,13,8],"rotation":90,"texture":"#1"},"south":{"uv":[6,8,6.5,8.5],"rotation":180,"texture":"#1"},"west":{"uv":[0.75,4.75,1.25,6.75],"rotation":270,"texture":"#1"}}},{"from":[5.67301,25.82097,6.57563],"to":[5.80585,26.12904,8.12438],"rotation":{"angle":0,"axis":"y","origin":[2.32654,-3.31,8]},"faces":{"north":{"uv":[4.25,8.25,4.75,8.75],"rotation":180,"texture":"#1"},"east":{"uv":[12.5,7.5,13,8],"texture":"#1"},"south":{"uv":[6.25,8.25,6.75,8.75],"rotation":180,"texture":"#1"},"west":{"uv":[7.25,9.5,7.75,11.5],"rotation":90,"texture":"#1"}}},{"from":[5.65,24.01108,16.67324],"to":[5.7385,24.71908,16.81407],"rotation":{"angle":-22.5,"axis":"x","origin":[0.04513,1.5575,8]},"faces":{"west":{"uv":[5.25,4.5,5.75,5.25],"texture":"#1"},"up":{"uv":[7.25,4.25,7.5,4.75],"rotation":180,"texture":"#1"},"down":{"uv":[9,8,9.25,8.5],"rotation":180,"texture":"#1"}}},{"from":[5.65,23.51359,-2.0151],"to":[5.7385,24.22159,-1.87428],"rotation":{"angle":22.5,"axis":"x","origin":[0.04513,1.5575,8]},"faces":{"west":{"uv":[5.25,4.5,5.75,5.25],"texture":"#1"},"up":{"uv":[3.25,4,3.5,4.5],"texture":"#1"},"down":{"uv":[9,8,9.25,8.5],"texture":"#1"}}},{"from":[5.65009,18.9289,24.73575],"to":[5.73859,19.6369,24.87658],"rotation":{"angle":-45,"axis":"x","origin":[0.04513,1.5575,8]},"faces":{"west":{"uv":[6.25,4.5,6.75,5.25],"texture":"#1"},"up":{"uv":[7.25,4.25,7.5,4.75],"rotation":180,"texture":"#1"},"down":{"uv":[6,5.5,6.25,6],"texture":"#1"}}},{"from":[5.65009,18.00966,-9.79581],"to":[5.73859,18.71766,-9.65498],"rotation":{"angle":45,"axis":"x","origin":[0.04513,1.5575,8]},"faces":{"west":{"uv":[6.25,4.5,6.75,5.25],"texture":"#1"},"up":{"uv":[3.75,4,4,4.5],"texture":"#1"},"down":{"uv":[6,5.5,6.25,6],"texture":"#1"}}},{"from":[5.65,23.79718,-2.29869],"to":[5.7385,23.93801,-1.59069],"rotation":{"angle":22.5,"axis":"x","origin":[0.04513,1.5575,8]},"faces":{"north":{"uv":[7.25,4.25,7.5,4.75],"texture":"#1"},"south":{"uv":[6.25,5,6.5,5.5],"texture":"#1"},"west":{"uv":[9.25,4.5,9.75,5.25],"rotation":270,"texture":"#1"}}},{"from":[5.65,24.29467,16.38965],"to":[5.7385,24.43549,17.09765],"rotation":{"angle":-22.5,"axis":"x","origin":[0.04513,1.5575,8]},"faces":{"north":{"uv":[6.25,5,6.5,5.5],"texture":"#1"},"south":{"uv":[7.25,4.25,7.5,4.75],"texture":"#1"},"west":{"uv":[9,4.5,9.5,5.25],"rotation":90,"texture":"#1"}}},{"from":[5.65009,25.90459,6.996],"to":[5.73859,26.04542,7.704],"rotation":{"angle":0,"axis":"y","origin":[2.32654,-3.31,8]},"faces":{"north":{"uv":[6.25,4.5,6.5,5],"texture":"#1"},"south":{"uv":[6.25,4.5,6.5,5],"texture":"#1"},"west":{"uv":[6.25,4.5,6.75,5],"texture":"#1"}}},{"from":[5.78364,25.28913,7.21357],"to":[6.31464,26.66088,7.48643],"rotation":{"angle":0,"axis":"y","origin":[0.39914,9.08,8]},"faces":{"up":{"uv":[8.5,4,9,4.5],"rotation":180,"texture":"#1"},"down":{"uv":[5.75,8,6.25,8.25],"texture":"#1"}}},{"from":[5.78364,23.18171,-2.08113],"to":[6.31464,24.55346,-1.80826],"rotation":{"angle":22.5,"axis":"x","origin":[0.39914,1.5575,8]},"faces":{"up":{"uv":[11,2.5,11.5,3],"rotation":180,"texture":"#1"},"down":{"uv":[5.75,8,6.25,8.25],"texture":"#1"}}},{"from":[5.78364,23.6792,16.60722],"to":[6.31464,25.05095,16.88008],"rotation":{"angle":-22.5,"axis":"x","origin":[0.39914,1.5575,8]},"faces":{"up":{"uv":[8.5,4,9,4.5],"rotation":180,"texture":"#1"},"down":{"uv":[5.75,8,6.25,8.25],"texture":"#1"}}},{"from":[5.78364,17.67779,-9.86183],"to":[6.31464,19.04954,-9.58897],"rotation":{"angle":45,"axis":"x","origin":[0.39914,1.5575,8]},"faces":{"up":{"uv":[3.25,4.25,3.75,4.75],"texture":"#1"},"down":{"uv":[5.75,8,6.25,8.25],"texture":"#1"}}},{"from":[5.78364,18.59703,24.66973],"to":[6.31464,19.96878,24.94259],"rotation":{"angle":-45,"axis":"x","origin":[0.39914,1.5575,8]},"faces":{"up":{"uv":[3.25,4.25,3.75,4.75],"rotation":180,"texture":"#1"},"down":{"uv":[5.75,8,6.25,8.25],"texture":"#1"}}},{"from":[5.78364,24.22864,16.05778],"to":[6.31464,24.50151,17.42953],"rotation":{"angle":-22.5,"axis":"x","origin":[0.39914,1.5575,8]},"faces":{"north":{"uv":[3,8,3.5,8.5],"rotation":180,"texture":"#1"},"south":{"uv":[3.25,4.75,3.75,5.25],"texture":"#1"}}},{"from":[5.78364,23.73116,-2.63057],"to":[6.31464,24.00402,-1.25882],"rotation":{"angle":22.5,"axis":"x","origin":[0.39914,1.5575,8]},"faces":{"north":{"uv":[3.25,4.75,3.75,5.25],"texture":"#1"},"south":{"uv":[3,8,3.5,8.5],"rotation":180,"texture":"#1"}}},{"from":[5.78364,25.83857,6.66413],"to":[6.31464,26.11143,8.03588],"rotation":{"angle":0,"axis":"y","origin":[2.32654,-3.31,8]},"faces":{"north":{"uv":[3.25,5.25,3.75,5.75],"texture":"#1"},"south":{"uv":[3.25,5.25,3.75,5.75],"texture":"#1"}}},{"from":[5.67301,24.50062,8.57096],"to":[5.80585,26.04937,8.87904],"rotation":{"angle":0,"axis":"y","origin":[0.08943,9.08,8]},"faces":{"east":{"uv":[12.5,7.5,13,8],"texture":"#1"},"west":{"uv":[8.25,4,8.75,6],"texture":"#1"},"up":{"uv":[3.5,3.75,4,4.25],"rotation":180,"texture":"#1"},"down":{"uv":[6.25,8,6.75,8.25],"rotation":180,"texture":"#1"}}},{"from":[5.65009,24.921,8.65459],"to":[5.73859,25.629,8.79542],"rotation":{"angle":0,"axis":"y","origin":[2.32654,-3.31,8]},"faces":{"west":{"uv":[6.25,4.5,6.75,5.25],"texture":"#1"},"up":{"uv":[3.25,4,3.5,4.5],"texture":"#1"},"down":{"uv":[9.5,8,9.75,8.25],"texture":"#1"}}},{"from":[6.04914,24.50062,8.57096],"to":[8.95014,26.04937,8.87904],"rotation":{"angle":0,"axis":"y","origin":[1.79554,-3.31,8]},"faces":{"east":{"uv":[5.25,10.5,5.75,11],"texture":"#1"},"west":{"uv":[12.5,7.5,13,8],"texture":"#1"},"up":{"uv":[2,3.25,4,3.75],"texture":"#1"},"down":{"uv":[5.5,7.75,7.5,8.25],"rotation":180,"texture":"#1"}}},{"from":[6.04914,22.97269,-0.56052],"to":[8.95014,24.52144,-0.25245],"rotation":{"angle":22.5,"axis":"x","origin":[1.81514,1.5575,8]},"faces":{"east":{"uv":[5.25,10.5,5.75,11],"texture":"#1"},"west":{"uv":[12.5,7.5,13,8],"texture":"#1"},"up":{"uv":[2,3.75,4,4.25],"texture":"#1"},"down":{"uv":[3,9,5,9.5],"rotation":180,"texture":"#1"}}},{"from":[6.04914,22.4178,17.59207],"to":[8.95014,23.96655,17.90014],"rotation":{"angle":-22.5,"axis":"x","origin":[1.81514,1.5575,8]},"faces":{"east":{"uv":[5.25,10.5,5.75,11],"texture":"#1"},"west":{"uv":[12.5,7.5,13,8],"texture":"#1"},"up":{"uv":[0,3.25,2,3.75],"texture":"#1"},"down":{"uv":[3.5,8,5.5,8.5],"rotation":180,"texture":"#1"}}},{"from":[6.04914,18.06658,-8.41219],"to":[8.95014,19.61533,-8.10412],"rotation":{"angle":45,"axis":"x","origin":[1.81514,1.5575,8]},"faces":{"east":{"uv":[5.25,10.5,5.75,11],"texture":"#1"},"west":{"uv":[12.5,7.5,13,8],"texture":"#1"},"up":{"uv":[5.25,4.25,7.25,4.75],"texture":"#1"},"down":{"uv":[5.75,5.5,7.75,6],"rotation":180,"texture":"#1"}}},{"from":[6.04914,17.04128,25.12942],"to":[8.95014,18.59003,25.43749],"rotation":{"angle":-45,"axis":"x","origin":[1.81514,1.5575,8]},"faces":{"east":{"uv":[5.25,10.5,5.75,11],"texture":"#1"},"west":{"uv":[12.5,7.5,13,8],"texture":"#1"},"up":{"uv":[1.25,4.25,3.25,4.75],"rotation":180,"texture":"#1"},"down":{"uv":[4.5,5.5,6.5,6],"texture":"#1"}}},{"from":[6.04914,23.03814,16.97173],"to":[8.95014,23.34621,18.52048],"rotation":{"angle":-22.5,"axis":"x","origin":[1.81514,1.5575,8]},"faces":{"north":{"uv":[6.25,5,8.25,5.5],"texture":"#1"},"east":{"uv":[5.25,10.5,5.75,11],"texture":"#1"},"south":{"uv":[5.25,4.75,7.25,5.25],"texture":"#1"},"west":{"uv":[12.5,7.5,13,8],"rotation":90,"texture":"#1"}}},{"from":[6.04914,23.59303,-1.18086],"to":[8.95014,23.9011,0.36789],"rotation":{"angle":22.5,"axis":"x","origin":[1.81514,1.5575,8]},"faces":{"north":{"uv":[5.25,4.75,7.25,5.25],"texture":"#1"},"east":{"uv":[5.25,10.5,5.75,11],"texture":"#1"},"south":{"uv":[6.25,5,8.25,5.5],"texture":"#1"},"west":{"uv":[12.5,7.5,13,8],"rotation":270,"texture":"#1"}}},{"from":[6.04914,25.12096,7.95062],"to":[8.95014,25.42903,9.49937],"rotation":{"angle":0,"axis":"y","origin":[1.79554,-3.31,8]},"faces":{"north":{"uv":[3,12.25,5,12.75],"texture":"#1"},"east":{"uv":[5.25,10.5,5.75,11],"texture":"#1"},"south":{"uv":[0,12,2,12.5],"texture":"#1"},"west":{"uv":[12.5,7.5,13,8],"texture":"#1"}}},{"from":[8.63664,24.567,8.58417],"to":[9.45414,25.983,8.86583],"rotation":{"angle":0,"axis":"y","origin":[1.79554,-3.31,8]},"faces":{"east":{"uv":[11,7.5,11.5,8],"texture":"#2"},"up":{"uv":[3.25,4,3.75,4.25],"texture":"#2"},"down":{"uv":[7.75,8,8.25,8.25],"rotation":180,"texture":"#2"}}},{"from":[8.63663,22.48417,17.60528],"to":[9.45414,23.90017,17.88693],"rotation":{"angle":-22.5,"axis":"x","origin":[3.07626,1.5575,8]},"faces":{"east":{"uv":[11,7.5,11.5,8],"texture":"#2"},"up":{"uv":[7.5,4.25,8,4.5],"texture":"#2"},"down":{"uv":[4.25,8,4.75,8.25],"rotation":180,"texture":"#2"}}},{"from":[8.63663,23.03906,-0.54731],"to":[9.45414,24.45506,-0.26565],"rotation":{"angle":22.5,"axis":"x","origin":[3.07626,1.5575,8]},"faces":{"east":{"uv":[11,7.5,11.5,8],"texture":"#2"},"up":{"uv":[5.5,4.25,6,4.5],"texture":"#2"},"down":{"uv":[4.25,8,4.75,8.25],"texture":"#2"}}},{"from":[8.63664,17.10765,25.14262],"to":[9.45414,18.52365,25.42429],"rotation":{"angle":-45,"axis":"x","origin":[3.07626,1.5575,8]},"faces":{"east":{"uv":[11,7.5,11.5,8],"texture":"#2"},"up":{"uv":[6.5,4.75,7,5],"rotation":180,"texture":"#2"},"down":{"uv":[2.75,9.25,3.25,9.5],"rotation":180,"texture":"#2"}}},{"from":[8.63664,18.13296,-8.39898],"to":[9.45414,19.54896,-8.11732],"rotation":{"angle":45,"axis":"x","origin":[3.07626,1.5575,8]},"faces":{"east":{"uv":[11,7.5,11.5,8],"texture":"#2"},"up":{"uv":[8.5,4.75,9,5],"texture":"#2"},"down":{"uv":[2.75,9.25,3.25,9.75],"rotation":180,"texture":"#2"}}},{"from":[8.63663,23.60623,-1.11448],"to":[9.45414,23.88789,0.30152],"rotation":{"angle":22.5,"axis":"x","origin":[3.07626,1.5575,8]},"faces":{"north":{"uv":[5.5,11.5,6,11.75],"rotation":180,"texture":"#2"},"east":{"uv":[11,7.5,11.5,8],"rotation":90,"texture":"#2"},"south":{"uv":[1.25,9.75,1.75,10],"rotation":180,"texture":"#2"}}},{"from":[8.63663,23.05134,17.03811],"to":[9.45414,23.333,18.45411],"rotation":{"angle":-22.5,"axis":"x","origin":[3.07626,1.5575,8]},"faces":{"north":{"uv":[2.5,10,3,10.5],"rotation":180,"texture":"#2"},"east":{"uv":[11,7.5,11.5,8],"rotation":270,"texture":"#2"},"south":{"uv":[5.5,11.5,6,11.75],"rotation":180,"texture":"#2"}}},{"from":[8.63664,25.13417,8.017],"to":[9.45414,25.41583,9.433],"rotation":{"angle":0,"axis":"y","origin":[1.79554,-3.31,8]},"faces":{"north":{"uv":[5.5,11,6,11.25],"rotation":180,"texture":"#2"},"east":{"uv":[11,7.5,11.5,8],"texture":"#2"},"south":{"uv":[5.5,11,6,11.25],"rotation":180,"texture":"#2"}}},{"from":[9.45414,24.61125,8.59298],"to":[9.71964,25.93875,8.85702],"rotation":{"angle":0,"axis":"y","origin":[1.79554,-3.31,8]},"faces":{"east":{"uv":[11,7.5,11.5,8],"texture":"#2"},"up":{"uv":[3.25,4,3.75,4.25],"texture":"#2"},"down":{"uv":[7.75,8,8.25,8.25],"rotation":180,"texture":"#2"}}},{"from":[9.45414,23.08331,-0.5385],"to":[9.71964,24.41081,-0.27446],"rotation":{"angle":22.5,"axis":"x","origin":[3.71789,1.5575,8]},"faces":{"east":{"uv":[11,7.5,11.5,8],"texture":"#2"},"up":{"uv":[12.75,2.25,13.25,2.5],"texture":"#2"},"down":{"uv":[4.25,8,4.75,8.25],"texture":"#2"}}},{"from":[9.45414,22.52842,17.61408],"to":[9.71964,23.85592,17.87813],"rotation":{"angle":-22.5,"axis":"x","origin":[3.71789,1.5575,8]},"faces":{"east":{"uv":[11,7.5,11.5,8],"texture":"#2"},"up":{"uv":[8.5,4.25,9,4.5],"texture":"#2"},"down":{"uv":[4.25,8,4.75,8.25],"rotation":180,"texture":"#2"}}},{"from":[9.45414,18.17721,-8.39018],"to":[9.71964,19.50471,-8.12612],"rotation":{"angle":45,"axis":"x","origin":[3.71789,1.5575,8]},"faces":{"east":{"uv":[11,7.5,11.5,8],"texture":"#2"},"up":{"uv":[9.25,4.75,9.75,5],"texture":"#2"},"down":{"uv":[2.75,9.25,3.25,9.75],"rotation":180,"texture":"#2"}}},{"from":[9.45414,17.1519,25.15143],"to":[9.71964,18.4794,25.41548],"rotation":{"angle":-45,"axis":"x","origin":[3.71789,1.5575,8]},"faces":{"east":{"uv":[11,7.5,11.5,8],"texture":"#2"},"up":{"uv":[5.75,4.75,6.25,5],"rotation":180,"texture":"#2"},"down":{"uv":[2.75,9.25,3.25,9.5],"rotation":180,"texture":"#2"}}},{"from":[9.45414,23.06015,17.08236],"to":[9.71964,23.32419,18.40986],"rotation":{"angle":-22.5,"axis":"x","origin":[3.71789,1.5575,8]},"faces":{"north":{"uv":[2.5,10,3,10.5],"rotation":180,"texture":"#2"},"east":{"uv":[11,7.5,11.5,8],"rotation":270,"texture":"#2"},"south":{"uv":[6.25,11.5,6.75,11.75],"rotation":180,"texture":"#2"}}},{"from":[9.45414,23.61504,-1.07023],"to":[9.71964,23.87908,0.25727],"rotation":{"angle":22.5,"axis":"x","origin":[3.71789,1.5575,8]},"faces":{"north":{"uv":[4.75,11.5,5.25,11.75],"rotation":180,"texture":"#2"},"east":{"uv":[11,7.5,11.5,8],"rotation":90,"texture":"#2"},"south":{"uv":[1.25,9.75,1.75,10],"rotation":180,"texture":"#2"}}},{"from":[9.45414,25.14298,8.06125],"to":[9.71964,25.40702,9.38875],"rotation":{"angle":0,"axis":"y","origin":[1.79554,-3.31,8]},"faces":{"north":{"uv":[5.5,11,6,11.25],"rotation":180,"texture":"#2"},"east":{"uv":[11,7.5,11.5,8],"texture":"#2"},"south":{"uv":[5.5,11,6,11.25],"rotation":180,"texture":"#2"}}},{"from":[9.71964,24.6555,8.60178],"to":[9.94089,25.8945,8.84823],"rotation":{"angle":0,"axis":"y","origin":[1.79554,-3.31,8]},"faces":{"east":{"uv":[11,7.5,11.5,8],"texture":"#2"},"up":{"uv":[3.25,4,3.75,4.25],"texture":"#2"},"down":{"uv":[7.75,8,8.25,8.25],"rotation":180,"texture":"#2"}}},{"from":[9.71964,22.57267,17.62288],"to":[9.94088,23.81167,17.86933],"rotation":{"angle":-22.5,"axis":"x","origin":[4.07189,1.5575,8]},"faces":{"east":{"uv":[11,7.5,11.5,8],"texture":"#2"},"up":{"uv":[8.75,4.25,9.25,4.5],"texture":"#2"},"down":{"uv":[4.25,8,4.75,8.25],"rotation":180,"texture":"#2"}}},{"from":[9.71964,23.12756,-0.52971],"to":[9.94088,24.36656,-0.28326],"rotation":{"angle":22.5,"axis":"x","origin":[4.07189,1.5575,8]},"faces":{"east":{"uv":[11,7.5,11.5,8],"texture":"#2"},"up":{"uv":[10.5,2.75,11,3],"texture":"#2"},"down":{"uv":[4.25,8,4.75,8.25],"texture":"#2"}}},{"from":[9.71964,17.19615,25.16023],"to":[9.94089,18.43515,25.40668],"rotation":{"angle":-45,"axis":"x","origin":[4.07189,1.5575,8]},"faces":{"east":{"uv":[11,7.5,11.5,8],"texture":"#2"},"up":{"uv":[5.75,4.75,6.25,5],"rotation":180,"texture":"#2"},"down":{"uv":[2.75,9.25,3.25,9.5],"rotation":180,"texture":"#2"}}},{"from":[9.71964,23.62384,-1.02598],"to":[9.94088,23.87029,0.21302],"rotation":{"angle":22.5,"axis":"x","origin":[4.07189,1.5575,8]},"faces":{"north":{"uv":[6.75,11.5,7.25,11.75],"rotation":180,"texture":"#2"},"east":{"uv":[11,7.5,11.5,8],"rotation":90,"texture":"#2"},"south":{"uv":[1.25,9.75,1.75,10],"rotation":180,"texture":"#2"}}},{"from":[9.71964,18.22146,-8.38138],"to":[9.94089,19.46046,-8.13492],"rotation":{"angle":45,"axis":"x","origin":[4.07189,1.5575,8]},"faces":{"east":{"uv":[11,7.5,11.5,8],"texture":"#2"},"up":{"uv":[9,4.75,9.5,5],"texture":"#2"},"down":{"uv":[2.75,9.25,3.25,9.75],"rotation":180,"texture":"#2"}}},{"from":[9.71964,23.06895,17.12661],"to":[9.94088,23.3154,18.36561],"rotation":{"angle":-22.5,"axis":"x","origin":[4.07189,1.5575,8]},"faces":{"north":{"uv":[2.5,10,3,10.5],"rotation":180,"texture":"#2"},"east":{"uv":[11,7.5,11.5,8],"rotation":270,"texture":"#2"},"south":{"uv":[6.25,11.5,6.75,11.75],"rotation":180,"texture":"#2"}}},{"from":[9.71964,25.15177,8.1055],"to":[9.94089,25.39822,9.3445],"rotation":{"angle":0,"axis":"y","origin":[1.79554,-3.31,8]},"faces":{"north":{"uv":[5.5,11,6,11.25],"rotation":180,"texture":"#2"},"east":{"uv":[11,7.5,11.5,8],"texture":"#2"},"south":{"uv":[5.5,11,6,11.25],"rotation":180,"texture":"#2"}}},{"from":[9.94089,24.69975,8.61058],"to":[10.07364,25.85025,8.83942],"rotation":{"angle":0,"axis":"y","origin":[1.79554,-3.31,8]},"faces":{"east":{"uv":[11,7.5,11.5,8],"texture":"#2"},"up":{"uv":[3.25,4,3.75,4.25],"texture":"#2"},"down":{"uv":[7.75,8,8.25,8.25],"rotation":180,"texture":"#2"}}},{"from":[9.94088,23.17181,-0.5209],"to":[10.07364,24.32231,-0.29206],"rotation":{"angle":22.5,"axis":"x","origin":[3.65151,1.5575,8]},"faces":{"east":{"uv":[11,7.5,11.5,8],"texture":"#2"},"up":{"uv":[11.25,3.25,11.75,3.5],"texture":"#2"},"down":{"uv":[4.25,8,4.75,8.25],"texture":"#2"}}},{"from":[9.94088,22.61692,17.63169],"to":[10.07364,23.76742,17.86053],"rotation":{"angle":-22.5,"axis":"x","origin":[3.65151,1.5575,8]},"faces":{"east":{"uv":[11,7.5,11.5,8],"texture":"#2"},"up":{"uv":[11,3,11.5,3.25],"texture":"#2"},"down":{"uv":[4.25,8,4.75,8.25],"rotation":180,"texture":"#2"}}},{"from":[9.94089,18.26571,-8.37257],"to":[10.07364,19.41621,-8.14373],"rotation":{"angle":45,"axis":"x","origin":[3.65151,1.5575,8]},"faces":{"east":{"uv":[11,7.5,11.5,8],"texture":"#2"},"up":{"uv":[6.5,4.75,7,5],"texture":"#2"},"down":{"uv":[2.75,9.25,3.25,9.75],"rotation":180,"texture":"#2"}}},{"from":[9.94089,17.2404,25.16903],"to":[10.07364,18.3909,25.39788],"rotation":{"angle":-45,"axis":"x","origin":[3.65151,1.5575,8]},"faces":{"east":{"uv":[11,7.5,11.5,8],"texture":"#2"},"up":{"uv":[8,4.75,8.5,5],"rotation":180,"texture":"#2"},"down":{"uv":[2.75,9.25,3.25,9.5],"rotation":180,"texture":"#2"}}},{"from":[9.94088,23.07775,17.17086],"to":[10.07364,23.30659,18.32136],"rotation":{"angle":-22.5,"axis":"x","origin":[3.65151,1.5575,8]},"faces":{"north":{"uv":[2.5,10,3,10.5],"rotation":180,"texture":"#2"},"east":{"uv":[11,7.5,11.5,8],"rotation":270,"texture":"#2"},"south":{"uv":[7.5,11.5,8,11.75],"rotation":180,"texture":"#2"}}},{"from":[9.94088,23.63264,-0.98173],"to":[10.07364,23.86148,0.16877],"rotation":{"angle":22.5,"axis":"x","origin":[3.65151,1.5575,8]},"faces":{"north":{"uv":[7,11.5,7.5,11.75],"rotation":180,"texture":"#2"},"east":{"uv":[11,7.5,11.5,8],"rotation":90,"texture":"#2"},"south":{"uv":[1.25,9.75,1.75,10],"rotation":180,"texture":"#2"}}},{"from":[9.94089,25.16058,8.14975],"to":[10.07364,25.38942,9.30025],"rotation":{"angle":0,"axis":"y","origin":[1.79554,-3.31,8]},"faces":{"north":{"uv":[5.5,11,6,11.25],"rotation":180,"texture":"#2"},"east":{"uv":[11,7.5,11.5,8],"texture":"#2"},"south":{"uv":[5.5,11,6,11.25],"rotation":180,"texture":"#2"}}},{"from":[0.51017,26.00729,8.548],"to":[0.90842,26.44979,8.902],"rotation":{"angle":-22.5,"axis":"z","origin":[3.67364,2.0885,7.92862]},"faces":{"north":{"uv":[6,4.5,6.5,5],"texture":"#2"},"east":{"uv":[7.5,2,8,2.5],"texture":"#2"},"south":{"uv":[5.75,4.5,6.25,5],"texture":"#2"},"up":{"uv":[4,4,4.5,4.5],"texture":"#2"}}},{"from":[18.66276,20.48945,8.548],"to":[19.06101,20.93195,8.902],"rotation":{"angle":22.5,"axis":"z","origin":[3.67364,1.0265,7.92862]},"faces":{"north":{"uv":[5,8,5.5,8.5],"rotation":180,"texture":"#2"},"east":{"uv":[7.5,2,8,2.5],"texture":"#2"},"south":{"uv":[5,8,5.5,8.5],"rotation":180,"texture":"#2"},"down":{"uv":[15,8,15.5,8.5],"rotation":180,"texture":"#2"}}},{"from":[9.30902,25.098,11.16323],"to":[9.70727,25.452,11.64998],"rotation":{"angle":22.5,"axis":"y","origin":[3.67364,1.5575,8.531]},"faces":{"east":{"uv":[7.5,2,8,2.5],"texture":"#2"},"south":{"uv":[4.75,11.25,5.25,11.75],"rotation":180,"texture":"#2"},"up":{"uv":[6.5,4.75,7,5.25],"texture":"#2"},"down":{"uv":[9,10.25,9.5,10.75],"rotation":180,"texture":"#2"}}},{"from":[9.86391,25.098,5.68964],"to":[10.26216,25.452,6.17639],"rotation":{"angle":-22.5,"axis":"y","origin":[3.67364,1.5575,7.469]},"faces":{"north":{"uv":[4.75,11.25,5.25,11.75],"rotation":180,"texture":"#2"},"east":{"uv":[7.5,2,8,2.5],"texture":"#2"},"up":{"uv":[6.5,4.75,7,5.25],"rotation":180,"texture":"#2"},"down":{"uv":[9,10.25,9.5,10.75],"rotation":180,"texture":"#2"}}},{"from":[5.6731,22.97269,-0.56052],"to":[5.80594,24.52144,-0.25245],"rotation":{"angle":22.5,"axis":"x","origin":[0.13359,1.5575,8]},"faces":{"east":{"uv":[12.5,7.5,13,8],"texture":"#1"},"west":{"uv":[7.25,4,7.75,6],"texture":"#1"},"up":{"uv":[3.5,4.25,4,4.75],"texture":"#1"},"down":{"uv":[6.25,8,6.75,8.25],"rotation":180,"texture":"#1"}}},{"from":[5.6731,22.4178,17.59207],"to":[5.80594,23.96655,17.90014],"rotation":{"angle":-22.5,"axis":"x","origin":[0.13359,1.5575,8]},"faces":{"east":{"uv":[12.5,7.5,13,8],"texture":"#1"},"west":{"uv":[7.25,4,7.75,6],"texture":"#1"},"up":{"uv":[3.5,4.25,4,4.75],"rotation":180,"texture":"#1"},"down":{"uv":[6.25,8,6.75,8.25],"rotation":180,"texture":"#1"}}},{"from":[5.67301,18.06658,-8.41219],"to":[5.80585,19.61533,-8.10412],"rotation":{"angle":45,"axis":"x","origin":[0.13359,1.5575,8]},"faces":{"east":{"uv":[12.5,7.5,13,8],"texture":"#1"},"west":{"uv":[10.75,4.5,11.25,6.5],"texture":"#1"},"up":{"uv":[3.75,4.75,4.25,5.25],"texture":"#1"},"down":{"uv":[6.25,8,6.75,8.25],"rotation":180,"texture":"#1"}}},{"from":[5.67301,17.04128,25.12942],"to":[5.80585,18.59003,25.43749],"rotation":{"angle":-45,"axis":"x","origin":[0.13359,1.5575,8]},"faces":{"east":{"uv":[12.5,7.5,13,8],"texture":"#1"},"west":{"uv":[6.75,4.5,7.25,6.5],"texture":"#1"},"up":{"uv":[7.75,4.75,8.25,5.25],"rotation":180,"texture":"#1"},"down":{"uv":[6.25,8,6.75,8.25],"rotation":180,"texture":"#1"}}},{"from":[5.6731,23.03814,16.97173],"to":[5.80594,23.34621,18.52048],"rotation":{"angle":-22.5,"axis":"x","origin":[0.13359,1.5575,8]},"faces":{"north":{"uv":[6.75,8,7.25,8.5],"rotation":180,"texture":"#1"},"east":{"uv":[12.5,7.5,13,8],"rotation":270,"texture":"#1"},"south":{"uv":[5.25,5.5,5.75,6],"texture":"#1"},"west":{"uv":[0.5,4.75,1,6.75],"rotation":90,"texture":"#1"}}},{"from":[5.6731,23.59303,-1.18086],"to":[5.80594,23.9011,0.36789],"rotation":{"angle":22.5,"axis":"x","origin":[0.13359,1.5575,8]},"faces":{"north":{"uv":[6.75,5.5,7.25,6],"texture":"#1"},"east":{"uv":[12.5,7.5,13,8],"rotation":90,"texture":"#1"},"south":{"uv":[6,8,6.5,8.5],"rotation":180,"texture":"#1"},"west":{"uv":[0.75,4.75,1.25,6.75],"rotation":270,"texture":"#1"}}},{"from":[5.67301,25.12096,7.95062],"to":[5.80585,25.42903,9.49937],"rotation":{"angle":0,"axis":"y","origin":[2.32654,-3.31,8]},"faces":{"north":{"uv":[4.25,8.25,4.75,8.75],"rotation":180,"texture":"#1"},"east":{"uv":[12.5,7.5,13,8],"texture":"#1"},"south":{"uv":[6.25,8.25,6.75,8.75],"rotation":180,"texture":"#1"},"west":{"uv":[7.25,9.5,7.75,11.5],"rotation":90,"texture":"#1"}}},{"from":[5.65,22.83817,17.6757],"to":[5.7385,23.54617,17.81652],"rotation":{"angle":-22.5,"axis":"x","origin":[0.04513,1.5575,8]},"faces":{"west":{"uv":[5.25,4.5,5.75,5.25],"texture":"#1"},"up":{"uv":[7.25,4.25,7.5,4.75],"rotation":180,"texture":"#1"},"down":{"uv":[9,8,9.25,8.5],"rotation":180,"texture":"#1"}}},{"from":[5.65,23.39306,-0.47689],"to":[5.7385,24.10106,-0.33606],"rotation":{"angle":22.5,"axis":"x","origin":[0.04513,1.5575,8]},"faces":{"west":{"uv":[5.25,4.5,5.75,5.25],"texture":"#1"},"up":{"uv":[3.25,4,3.5,4.5],"texture":"#1"},"down":{"uv":[9,8,9.25,8.5],"texture":"#1"}}},{"from":[5.65009,17.46165,25.21305],"to":[5.73859,18.16965,25.35388],"rotation":{"angle":-45,"axis":"x","origin":[0.04513,1.5575,8]},"faces":{"west":{"uv":[6.25,4.5,6.75,5.25],"texture":"#1"},"up":{"uv":[7.25,4.25,7.5,4.75],"rotation":180,"texture":"#1"},"down":{"uv":[6,5.5,6.25,6],"texture":"#1"}}},{"from":[5.65009,18.48696,-8.32856],"to":[5.73859,19.19496,-8.18773],"rotation":{"angle":45,"axis":"x","origin":[0.04513,1.5575,8]},"faces":{"west":{"uv":[6.25,4.5,6.75,5.25],"texture":"#1"},"up":{"uv":[3.75,4,4,4.5],"texture":"#1"},"down":{"uv":[6,5.5,6.25,6],"texture":"#1"}}},{"from":[5.65,23.67665,-0.76048],"to":[5.7385,23.81748,-0.05248],"rotation":{"angle":22.5,"axis":"x","origin":[0.04513,1.5575,8]},"faces":{"north":{"uv":[7.25,4.25,7.5,4.75],"texture":"#1"},"south":{"uv":[6.25,5,6.5,5.5],"texture":"#1"},"west":{"uv":[9.25,4.5,9.75,5.25],"rotation":270,"texture":"#1"}}},{"from":[5.65,23.12176,17.39211],"to":[5.7385,23.26259,18.10011],"rotation":{"angle":-22.5,"axis":"x","origin":[0.04513,1.5575,8]},"faces":{"north":{"uv":[6.25,5,6.5,5.5],"texture":"#1"},"south":{"uv":[7.25,4.25,7.5,4.75],"texture":"#1"},"west":{"uv":[9,4.5,9.5,5.25],"rotation":90,"texture":"#1"}}},{"from":[5.65009,25.20459,8.371],"to":[5.73859,25.34542,9.079],"rotation":{"angle":0,"axis":"y","origin":[2.32654,-3.31,8]},"faces":{"north":{"uv":[6.25,4.5,6.5,5],"texture":"#1"},"south":{"uv":[6.25,4.5,6.5,5],"texture":"#1"},"west":{"uv":[6.25,4.5,6.75,5],"texture":"#1"}}},{"from":[5.78364,24.58912,8.58857],"to":[6.31464,25.96087,8.86143],"rotation":{"angle":0,"axis":"y","origin":[0.39914,9.08,8]},"faces":{"up":{"uv":[8.5,4,9,4.5],"rotation":180,"texture":"#1"},"down":{"uv":[5.75,8,6.25,8.25],"texture":"#1"}}},{"from":[5.78364,23.06119,-0.54291],"to":[6.31464,24.43294,-0.27005],"rotation":{"angle":22.5,"axis":"x","origin":[0.39914,1.5575,8]},"faces":{"up":{"uv":[11,2.5,11.5,3],"rotation":180,"texture":"#1"},"down":{"uv":[5.75,8,6.25,8.25],"texture":"#1"}}},{"from":[5.78364,22.5063,17.60967],"to":[6.31464,23.87805,17.88254],"rotation":{"angle":-22.5,"axis":"x","origin":[0.39914,1.5575,8]},"faces":{"up":{"uv":[8.5,4,9,4.5],"rotation":180,"texture":"#1"},"down":{"uv":[5.75,8,6.25,8.25],"texture":"#1"}}},{"from":[5.78364,18.15508,-8.39459],"to":[6.31464,19.52683,-8.12172],"rotation":{"angle":45,"axis":"x","origin":[0.39914,1.5575,8]},"faces":{"up":{"uv":[3.25,4.25,3.75,4.75],"texture":"#1"},"down":{"uv":[5.75,8,6.25,8.25],"texture":"#1"}}},{"from":[5.78364,17.12978,25.14703],"to":[6.31464,18.50153,25.41989],"rotation":{"angle":-45,"axis":"x","origin":[0.39914,1.5575,8]},"faces":{"up":{"uv":[3.25,4.25,3.75,4.75],"rotation":180,"texture":"#1"},"down":{"uv":[5.75,8,6.25,8.25],"texture":"#1"}}},{"from":[5.78364,23.05574,17.06023],"to":[6.31464,23.3286,18.43198],"rotation":{"angle":-22.5,"axis":"x","origin":[0.39914,1.5575,8]},"faces":{"north":{"uv":[3,8,3.5,8.5],"rotation":180,"texture":"#1"},"south":{"uv":[3.25,4.75,3.75,5.25],"texture":"#1"}}},{"from":[5.78364,23.61063,-1.09236],"to":[6.31464,23.88349,0.27939],"rotation":{"angle":22.5,"axis":"x","origin":[0.39914,1.5575,8]},"faces":{"north":{"uv":[3.25,4.75,3.75,5.25],"texture":"#1"},"south":{"uv":[3,8,3.5,8.5],"rotation":180,"texture":"#1"}}},{"from":[5.78364,25.13857,8.03912],"to":[6.31464,25.41143,9.41087],"rotation":{"angle":0,"axis":"y","origin":[2.32654,-3.31,8]},"faces":{"north":{"uv":[3.25,5.25,3.75,5.75],"texture":"#1"},"south":{"uv":[3.25,5.25,3.75,5.75],"texture":"#1"}}},{"from":[8.95,23.5,6.6],"to":[10.35,24.702,8],"rotation":{"angle":0,"axis":"z","origin":[3.45,16.5,8.1]},"faces":{"up":{"uv":[8,5.25,9.25,4],"texture":"#2"}}},{"from":[8.95,23.5,8.1],"to":[10.35,24.702,9.5],"rotation":{"angle":0,"axis":"z","origin":[3.45,16.5,9.6]},"faces":{"up":{"uv":[8,5.25,9.25,4],"rotation":180,"texture":"#2"}}},{"from":[5.95,23.5,6.6],"to":[8.95,24.702,8],"rotation":{"angle":0,"axis":"z","origin":[3.45,16.5,8.1]},"faces":{"up":{"uv":[1.5,5.25,5.5,4],"texture":"#1"}}},{"from":[5.45,23.5,6.3],"to":[10.55,24.701,9.7],"rotation":{"angle":0,"axis":"z","origin":[6.95,16.5,9.6]},"faces":{"up":{"uv":[6.75,10,7.25,9.5],"texture":"#0"}}},{"from":[5.95,23.5,8.1],"to":[8.95,24.702,9.5],"rotation":{"angle":0,"axis":"z","origin":[3.45,16.5,9.6]},"faces":{"up":{"uv":[1.5,5.25,5.5,4],"rotation":180,"texture":"#1"}}}]}