{"credit":"thebradqq's guns","textures":{"0":"mgs:gun/rpkdetails","1":"mgs:gun/rpkwood","2":"mgs:gun/metal","3":"mgs:gun/metal_brighter","4":"mgs:gun/metal_dark","5":"mgs:gun/holodetails","6":"mgs:gun/kobradetails","7":"mgs:gun/acogdetails","8":"mgs:gun/pso1details","9":"mgs:misc/reticle_pso1","particle":"mgs:misc/reticles","a":"mgs:misc/reticles"},"gui_light":"front","display":{"thirdperson_righthand":{"rotation":[0,100,0],"translation":[-0.5,0.5,-1.5]},"thirdperson_lefthand":{"rotation":[0,-90,-170],"translation":[-2,-4.5,7]},"firstperson_righthand":{"rotation":[0,90,0],"translation":[-2.5,1.75,-2.25],"scale":[1.75,1.75,1.75]},"firstperson_lefthand":{"translation":[2,3.75,-0.5],"scale":[0,0,0]},"ground":{"translation":[0,1.5,0]},"gui":{"rotation":[0,0,45],"translation":[-1.2,0,0]},"head":{"scale":[2,2,2]},"fixed":{"translation":[0,3,-2],"scale":[-2,2,-2]}},"elements":[{"from":[24.65,6.94216,7.61361],"to":[25.4,7.84216,8.38639],"rotation":{"angle":0,"axis":"y","origin":[8,8.31716,7.21716]},"faces":{"north":{"uv":[5,10,6.25,12],"rotation":180,"texture":"#4"},"east":{"uv":[11,7.75,12,8.5],"rotation":90,"texture":"#4"},"south":{"uv":[5,10,6.25,12],"rotation":180,"texture":"#4"},"west":{"uv":[11,7.75,12,8.5],"rotation":90,"texture":"#4"},"up":{"uv":[6.25,7.75,6.75,8.5],"rotation":180,"texture":"#4"},"down":{"uv":[15.75,15.75,16,16],"rotation":90,"texture":"#4"}}},{"from":[14.7,7.7257,7.5],"to":[15.15,8.7992,8.5],"rotation":{"angle":0,"axis":"x","origin":[13.775,8.2,8.2]},"faces":{"north":{"uv":[15,4,16,8.5],"texture":"#1"},"east":{"uv":[15.5,15.5,16,16],"texture":"#1"},"south":{"uv":[15,4,16,8.5],"texture":"#1"},"west":{"uv":[7,6.5,10,11],"rotation":180,"texture":"#1"},"up":{"uv":[10.5,0,11.5,4.5],"texture":"#1"}}},{"from":[10.95,7.725,7.5],"to":[12,8.7992,8.5],"rotation":{"angle":0,"axis":"x","origin":[13.775,8.2,8.2]},"faces":{"north":{"uv":[6,3.5,9,8],"texture":"#1"},"east":{"uv":[7,6.5,10,11],"rotation":180,"texture":"#1"},"south":{"uv":[6,3.5,9,8],"texture":"#1"},"up":{"uv":[6.5,5,9.5,8],"rotation":270,"texture":"#1"}}},{"from":[12,7.72574,7.5],"to":[13.1,8.59926,8.5],"rotation":{"angle":0,"axis":"x","origin":[13.775,8.2,8.2]},"faces":{"north":{"uv":[7.5,4.5,10.5,8],"texture":"#1"},"south":{"uv":[7.5,4.5,10.5,8],"texture":"#1"},"up":{"uv":[3,15.5,6,16],"rotation":90,"texture":"#1"}}},{"from":[13.6,7.72574,7.5],"to":[14.7,8.59926,8.5],"rotation":{"angle":0,"axis":"x","origin":[13.775,8.2,8.2]},"faces":{"north":{"uv":[0,4.5,3,8],"texture":"#1"},"south":{"uv":[0,4.5,3,8],"texture":"#1"},"up":{"uv":[3,15.5,6,16],"rotation":90,"texture":"#1"}}},{"from":[13.1,7.72574,7.5],"to":[13.6,8.79926,8.5],"rotation":{"angle":0,"axis":"x","origin":[13.775,8.2,8.2]},"faces":{"north":{"uv":[13,3.5,14,8],"texture":"#1"},"east":{"uv":[7,6.5,10,11],"rotation":180,"texture":"#1"},"south":{"uv":[13,3.5,14,8],"texture":"#1"},"west":{"uv":[7,6.5,10,11],"rotation":180,"texture":"#1"},"up":{"uv":[10.5,0,11.5,4.5],"texture":"#1"}}},{"from":[0.15,7.11,7.6015],"to":[2.7,8.16,8.3985],"faces":{"north":{"uv":[5.5,3,11,6.5],"texture":"#1"},"south":{"uv":[5.5,3,11,6.5],"texture":"#1"},"up":{"uv":[0,1,5.5,4],"texture":"#1"}}},{"from":[0.15,6.785,7.6015],"to":[2,7.11,8.3985],"faces":{"north":{"uv":[4,6.5,8,7.5],"texture":"#1"},"south":{"uv":[4,6.5,8,7.5],"texture":"#1"},"down":{"uv":[2,12.5,6,16],"rotation":180,"texture":"#1"}}},{"from":[1.23663,6.6566,7.60175],"to":[1.88663,6.9816,8.39825],"rotation":{"angle":22.5,"axis":"z","origin":[1.31954,5.79723,8.00025]},"faces":{"north":{"uv":[4.5,7,6,9],"texture":"#1"},"south":{"uv":[4.5,7,6,9],"texture":"#1"},"down":{"uv":[7.5,12.5,11.5,16],"rotation":180,"texture":"#1"}}},{"from":[1.16119,6.01997,7.60175],"to":[1.81119,6.64497,8.39825],"rotation":{"angle":45,"axis":"z","origin":[0.67909,5.36929,8.00025]},"faces":{"north":{"uv":[3.5,7.5,5,9.5],"rotation":270,"texture":"#1"},"south":{"uv":[3.5,7.5,5,9.5],"rotation":90,"texture":"#1"},"down":{"uv":[10,11,14,14.5],"rotation":180,"texture":"#1"}}},{"from":[-0.2506,5.60973,7.60175],"to":[0.0744,6.25973,8.39825],"rotation":{"angle":-22.5,"axis":"z","origin":[0.39257,4.87026,8.00025]},"faces":{"north":{"uv":[0,9.5,1.5,11.5],"texture":"#1"},"east":{"uv":[5,12.5,9,16],"rotation":90,"texture":"#1"},"south":{"uv":[0,9.5,1.5,11.5],"texture":"#1"}}},{"from":[20.95,8.125,7.89645],"to":[21.2,8.625,8.10355],"faces":{"east":{"uv":[15.75,15.75,16,16],"texture":"#2"},"west":{"uv":[15.75,15.75,16,16],"texture":"#2"},"up":{"uv":[5.25,4.25,5.75,4.75],"texture":"#4"},"down":{"uv":[15.75,15.75,16,16],"rotation":90,"texture":"#4"}}},{"from":[17.2,6.975,8.05],"to":[24.85,7.401,8.325],"faces":{"north":{"uv":[15.75,15.75,16,16],"texture":"#4"},"south":{"uv":[8.25,4.25,13,5],"texture":"#4"},"west":{"uv":[2,16,3,15.25],"rotation":180,"texture":"#4"},"up":{"uv":[8.25,4.25,13,4.75],"rotation":180,"texture":"#2"},"down":{"uv":[8,5.25,12.75,5.75],"texture":"#4"}}},{"from":[16.7,7,8.1],"to":[17.275,7.351,8.275],"faces":{"north":{"uv":[15.75,15.75,16,16],"rotation":180,"texture":"#4"},"south":{"uv":[6.25,8.25,7.25,7.5],"rotation":180,"texture":"#4"},"up":{"uv":[6.5,7.75,7.5,7.25],"texture":"#4"},"down":{"uv":[15.75,15.75,16,16],"rotation":180,"texture":"#4"}}},{"from":[16.53149,6.463,7.69258],"to":[16.70649,8.038,8.24358],"rotation":{"angle":-22.5,"axis":"y","origin":[15.7875,7.1505,8.1875]},"faces":{"north":{"uv":[15.75,15.75,16,16],"rotation":180,"texture":"#4"},"east":{"uv":[9.5,7.25,11.5,8],"rotation":270,"texture":"#4"},"south":{"uv":[1.25,7.25,3,7.75],"rotation":90,"texture":"#4"},"west":{"uv":[9,9,9.75,11.5],"rotation":180,"texture":"#4"},"up":{"uv":[12,4,12.5,4.75],"rotation":180,"texture":"#4"},"down":{"uv":[15.75,15.75,16,16],"rotation":180,"texture":"#4"}}},{"from":[16.53149,6.463,7.75642],"to":[16.70649,8.038,8.30742],"rotation":{"angle":22.5,"axis":"y","origin":[15.7875,7.1505,7.8125]},"faces":{"north":{"uv":[1.25,7.25,3,7.75],"rotation":270,"texture":"#4"},"east":{"uv":[9.5,7.25,11.5,8],"rotation":90,"texture":"#4"},"south":{"uv":[15.75,15.75,16,16],"rotation":180,"texture":"#4"},"west":{"uv":[9,9,9.75,11.5],"rotation":180,"texture":"#4"},"up":{"uv":[12,4,12.5,4.75],"texture":"#4"},"down":{"uv":[15.75,15.75,16,16],"rotation":180,"texture":"#4"}}},{"from":[17.2,6.975,7.675],"to":[24.85,7.401,7.95],"faces":{"north":{"uv":[8.25,4.25,13,5],"texture":"#4"},"south":{"uv":[15.75,15.75,16,16],"texture":"#4"},"west":{"uv":[2,16,3,15.25],"rotation":180,"texture":"#4"},"up":{"uv":[8.25,4.25,13,4.75],"texture":"#2"},"down":{"uv":[8,5.25,12.75,5.75],"rotation":180,"texture":"#4"}}},{"from":[16.7,7,7.725],"to":[17.275,7.351,7.9],"faces":{"north":{"uv":[6.25,8.25,7.25,7.5],"rotation":180,"texture":"#4"},"south":{"uv":[15.75,15.75,16,16],"rotation":180,"texture":"#4"},"up":{"uv":[6.5,7.75,7.5,7.25],"rotation":180,"texture":"#4"},"down":{"uv":[15.75,15.75,16,16],"rotation":180,"texture":"#4"}}},{"from":[11.48677,5.84664,7.5005],"to":[12.48677,6.27164,8.4995],"rotation":{"angle":22.5,"axis":"z","origin":[7.98943,8.0141,7.9995]},"faces":{"north":{"uv":[3.5,7.5,6,9.5],"texture":"#1"},"south":{"uv":[3.5,7.5,6,9.5],"texture":"#1"},"down":{"uv":[4.5,13,7.5,16],"texture":"#1"}}},{"from":[-0.15,5.9,7.25],"to":[0.05,6.1,7.55],"rotation":{"angle":0,"axis":"z","origin":[-1.55,5.45,8]},"faces":{"north":{"uv":[13.5,13,15,14.5],"texture":"#0"},"east":{"uv":[10,13.5,11.5,15],"texture":"#0"},"west":{"uv":[11,14,12.5,15.5],"texture":"#0"},"up":{"uv":[12,13,13.5,14.5],"rotation":90,"texture":"#0"},"down":{"uv":[12.5,14.5,14,16],"rotation":90,"texture":"#0"}}},{"from":[-0.1,5.5,7.3],"to":[0,6.4,7.4],"rotation":{"angle":0,"axis":"z","origin":[-1.55,5.45,8]},"faces":{"north":{"uv":[9.5,13.5,12.5,14.5],"rotation":270,"texture":"#0"},"east":{"uv":[8,13,11,14],"rotation":90,"texture":"#0"},"south":{"uv":[13,15.5,13.5,16],"texture":"#0"},"west":{"uv":[11.5,14,14.5,15],"rotation":270,"texture":"#0"},"up":{"uv":[14,13,15,14],"rotation":90,"texture":"#0"},"down":{"uv":[12.5,13.5,13.5,14.5],"rotation":90,"texture":"#0"}}},{"from":[-0.6,5.5,7.3],"to":[-0.5,6.4,7.4],"rotation":{"angle":0,"axis":"z","origin":[-1.55,5.45,8]},"faces":{"north":{"uv":[9.5,13.5,12.5,14.5],"rotation":270,"texture":"#0"},"east":{"uv":[11.5,13.5,14.5,14.5],"rotation":90,"texture":"#0"},"south":{"uv":[13,15.5,13.5,16],"texture":"#0"},"west":{"uv":[11.5,14,14.5,15],"rotation":270,"texture":"#0"},"up":{"uv":[14,13,15,14],"rotation":90,"texture":"#0"},"down":{"uv":[14,13.5,15,14.5],"rotation":180,"texture":"#0"}}},{"from":[-0.5,6.4,7.3],"to":[-0.1,6.5,7.4],"rotation":{"angle":0,"axis":"z","origin":[-1.55,5.45,8]},"faces":{"north":{"uv":[11,13.5,14,14.5],"texture":"#0"},"east":{"uv":[14,13,15,14],"rotation":90,"texture":"#0"},"south":{"uv":[13,15.5,13.5,16],"texture":"#0"},"west":{"uv":[14,13,15,14],"texture":"#0"},"up":{"uv":[10.5,13.5,13.5,14.5],"texture":"#0"},"down":{"uv":[10.5,15,13.5,16],"texture":"#0"}}},{"from":[-0.5,5.4,7.3],"to":[-0.1,5.5,7.4],"rotation":{"angle":0,"axis":"z","origin":[-1.55,5.45,8]},"faces":{"north":{"uv":[11.5,14,14.5,15],"texture":"#0"},"east":{"uv":[14,13.5,15,14.5],"rotation":90,"texture":"#0"},"south":{"uv":[11,15,14,16],"texture":"#0"},"west":{"uv":[14,13.5,15,14.5],"texture":"#0"},"up":{"uv":[11.5,14,14.5,15],"texture":"#0"},"down":{"uv":[9.5,14.5,12.5,15.5],"texture":"#0"}}},{"from":[15.149,7.8525,7.9],"to":[15.649,8.0525,8.1],"rotation":{"angle":0,"axis":"y","origin":[8,8,7.95]},"faces":{"north":{"uv":[10.75,7.5,11.25,8.25],"texture":"#2"},"east":{"uv":[10.75,7.5,11.25,8.25],"texture":"#4"},"south":{"uv":[10.75,7.5,11.25,8.25],"texture":"#2"},"up":{"uv":[11,7.75,11.5,8.5],"texture":"#4"},"down":{"uv":[11.75,9.5,12.25,10.25],"texture":"#4"}}},{"from":[24.85,7.025,7.55],"to":[25.2,7.375,8.45],"rotation":{"angle":0,"axis":"y","origin":[8,7.8,7.95]},"faces":{"north":{"uv":[13,13,15,15],"texture":"#0"},"east":{"uv":[12.5,13.5,13,15.5],"texture":"#0"},"south":{"uv":[13,13,15,15],"rotation":90,"texture":"#0"},"west":{"uv":[15.5,14,16,16],"texture":"#0"},"up":{"uv":[12.5,13,13,15],"rotation":90,"texture":"#0"},"down":{"uv":[11,15.5,12.5,16],"rotation":270,"texture":"#0"}}},{"from":[21,7.913,7.735],"to":[21.15,8.113,8.035],"rotation":{"angle":45,"axis":"x","origin":[9,8,8]},"faces":{"north":{"uv":[1.25,7.25,2,8.25],"rotation":180,"texture":"#4"},"east":{"uv":[6.5,8,6.75,8.25],"rotation":90,"texture":"#4"},"west":{"uv":[6.5,8,6.75,8.25],"rotation":90,"texture":"#4"},"down":{"uv":[10.75,7.5,11.25,8.25],"rotation":180,"texture":"#2"}}},{"from":[21,7.913,7.965],"to":[21.15,8.113,8.265],"rotation":{"angle":-45,"axis":"x","origin":[9,8,8]},"faces":{"east":{"uv":[6.5,8,6.75,8.25],"rotation":90,"texture":"#4"},"south":{"uv":[1.25,7.25,2,8.25],"rotation":180,"texture":"#4"},"west":{"uv":[6.5,8,6.75,8.25],"rotation":90,"texture":"#4"},"down":{"uv":[10.75,7.5,11.25,8.25],"texture":"#2"}}},{"from":[20.95,8.125,7.89645],"to":[21.2,8.625,8.10355],"rotation":{"angle":45,"axis":"x","origin":[19.55,8.375,8]},"faces":{"east":{"uv":[15.75,15.75,16,16],"texture":"#2"},"west":{"uv":[15.75,15.75,16,16],"texture":"#2"},"up":{"uv":[0,4.75,0.5,5.25],"texture":"#4"},"down":{"uv":[10.5,7.5,11.5,8.25],"rotation":180,"texture":"#4"}}},{"from":[20.95,8.125,7.89645],"to":[21.2,8.625,8.10355],"rotation":{"angle":-45,"axis":"x","origin":[19.55,8.375,8]},"faces":{"east":{"uv":[15.75,15.75,16,16],"texture":"#2"},"west":{"uv":[15.75,15.75,16,16],"texture":"#2"},"up":{"uv":[5.75,4.5,6.25,5],"rotation":180,"texture":"#4"},"down":{"uv":[10.5,7.5,11.5,8.25],"texture":"#4"}}},{"from":[20.95,8.27145,7.75],"to":[21.2,8.47855,8.25],"faces":{"north":{"uv":[8.5,4.75,9,5.25],"texture":"#4"},"east":{"uv":[15.75,15.75,16,16],"texture":"#2"},"south":{"uv":[8.5,4.75,10,5.25],"texture":"#4"},"west":{"uv":[15.75,15.75,16,16],"texture":"#2"}}},{"from":[10.81732,8.71677,7.5005],"to":[11.44232,9.14177,8.4995],"rotation":{"angle":-22.5,"axis":"z","origin":[8.01057,8.0141,7.9995]},"faces":{"north":{"uv":[3.5,7.5,5.5,9.5],"texture":"#1"},"south":{"uv":[3.5,7.5,5.5,9.5],"texture":"#1"},"down":{"uv":[4.5,13,6.5,16],"texture":"#1"}}},{"from":[13.99149,10.15415,7.5505],"to":[14.71649,10.57915,8.4495],"rotation":{"angle":-22.5,"axis":"z","origin":[8.01057,8.0141,8.0495]},"faces":{"north":{"uv":[3.5,9.5,5.5,11],"texture":"#1"},"east":{"uv":[4.5,14,6.5,16],"texture":"#1"},"south":{"uv":[3.5,9.5,5.5,11],"texture":"#1"},"down":{"uv":[4.5,13,6.5,16],"texture":"#1"}}},{"from":[11.45,7.35,7.5],"to":[12.05,7.725,8.5],"rotation":{"angle":0,"axis":"z","origin":[7.95085,8.00907,7.999]},"faces":{"north":{"uv":[3.5,8,5,9.5],"texture":"#1"},"south":{"uv":[3.5,8,5,9.5],"texture":"#1"},"down":{"uv":[4.5,13,6.5,16],"texture":"#1"}}},{"from":[25.151,7.34216,7.7864],"to":[25.401,7.74216,8.0935],"rotation":{"angle":-45,"axis":"x","origin":[25.025,7.94572,7.6364]},"faces":{"east":{"uv":[6.5,8.25,7,8.75],"rotation":90,"texture":"#4"},"south":{"uv":[5,11,5.5,12],"texture":"#4"},"west":{"uv":[6.5,8,6.75,8.25],"rotation":90,"texture":"#4"}}},{"from":[25.151,7.34216,7.89645],"to":[25.401,7.74216,8.20355],"rotation":{"angle":45,"axis":"x","origin":[25.025,7.94572,8.35355]},"faces":{"north":{"uv":[5,11,5.5,12],"texture":"#4"},"east":{"uv":[6.5,8.25,7,8.75],"rotation":270,"texture":"#4"},"west":{"uv":[6.5,8,6.75,8.25],"rotation":90,"texture":"#4"}}},{"from":[24.651,7.34216,7.7864],"to":[24.901,7.74216,8.0935],"rotation":{"angle":-45,"axis":"x","origin":[25.025,7.94572,7.6364]},"faces":{"east":{"uv":[6.5,8,6.75,8.25],"rotation":90,"texture":"#4"},"south":{"uv":[5,11,5.5,12],"texture":"#4"},"west":{"uv":[6.5,8.25,7,8.75],"rotation":270,"texture":"#4"}}},{"from":[24.651,7.34216,7.89645],"to":[24.901,7.74216,8.20355],"rotation":{"angle":45,"axis":"x","origin":[25.025,7.94572,8.35355]},"faces":{"north":{"uv":[5,11,5.5,12],"texture":"#4"},"east":{"uv":[6.5,8,6.75,8.25],"rotation":90,"texture":"#4"},"west":{"uv":[6.5,8.25,7,8.75],"rotation":90,"texture":"#4"}}},{"from":[25.15,7.75,7.89645],"to":[25.4,8.125,8.10355],"faces":{"east":{"uv":[6.5,8,6.75,8.25],"rotation":90,"texture":"#4"},"west":{"uv":[6.5,8,6.75,8.25],"rotation":90,"texture":"#4"}}},{"from":[24.65,7.75,7.89645],"to":[24.9,8.125,8.10355],"faces":{"east":{"uv":[6.5,8,6.75,8.25],"rotation":90,"texture":"#4"},"west":{"uv":[6.5,8,6.75,8.25],"rotation":90,"texture":"#4"}}},{"from":[4.34966,8.38396,7.701],"to":[4.84966,9.11396,8.299],"rotation":{"angle":-45,"axis":"z","origin":[4.70447,8.80377,7.8259]},"faces":{"north":{"uv":[8,5,8.25,7],"texture":"#2"},"south":{"uv":[8,5,8.25,7],"texture":"#2"},"west":{"uv":[0,4.25,2,5.5],"texture":"#4"}}},{"from":[7.18,7.569,8.5],"to":[7.515,7.624,8.6],"rotation":{"angle":0,"axis":"z","origin":[5.35,8.375,8.2]},"faces":{"east":{"uv":[6.75,7.75,8,8.25],"texture":"#4"},"south":{"uv":[6.75,7.5,8,8],"texture":"#4"},"west":{"uv":[6.75,7.75,8,8.25],"texture":"#4"},"up":{"uv":[6.5,11.5,7.75,12.5],"texture":"#4"},"down":{"uv":[15.75,15.75,16,16],"texture":"#4"}}},{"from":[6.905,7.569,8.45],"to":[7.765,7.874,8.5],"rotation":{"angle":0,"axis":"z","origin":[5.35,8.375,8.2]},"faces":{"east":{"uv":[7.5,6.75,7.75,8],"texture":"#4"},"south":{"uv":[6.25,8,8,9.25],"rotation":180,"texture":"#4"},"up":{"uv":[7.5,4.5,7.75,5],"rotation":180,"texture":"#4"},"down":{"uv":[15.75,15.75,16,16],"texture":"#4"}}},{"from":[5.85,8.125,8.45],"to":[6.51,8.355,8.5],"rotation":{"angle":0,"axis":"z","origin":[5.35,8.375,8.2]},"faces":{"south":{"uv":[8,5.75,9.25,7],"rotation":180,"texture":"#4"},"up":{"uv":[7.5,4.5,9,5],"rotation":180,"texture":"#4"}}},{"from":[7.225,8.75,8.5],"to":[7.7,8.8,8.6],"rotation":{"angle":-22.5,"axis":"z","origin":[5.35,8.375,8.2]},"faces":{"east":{"uv":[6.75,7.75,8,8.25],"texture":"#4"},"south":{"uv":[6.75,7.5,8,8],"texture":"#4"},"west":{"uv":[6.75,7.25,8,7.75],"texture":"#4"},"up":{"uv":[7.5,3.5,8.75,4.5],"rotation":180,"texture":"#4"},"down":{"uv":[15.75,15.75,16,16],"texture":"#4"}}},{"from":[6.425,8.55,8.45],"to":[7.7,8.8,8.4999],"rotation":{"angle":-22.5,"axis":"z","origin":[5.35,8.375,8.2]},"faces":{"south":{"uv":[8,5.75,9.75,7],"rotation":180,"texture":"#4"},"up":{"uv":[7.5,4.5,10.75,5],"rotation":180,"texture":"#4"}}},{"from":[5.3,8.225,8.45],"to":[7.1,8.55,8.525],"rotation":{"angle":-22.5,"axis":"z","origin":[5.35,8.375,8.2]},"faces":{"east":{"uv":[7.5,6.75,7.75,8],"texture":"#4"},"south":{"uv":[7.25,8,10.75,9.25],"rotation":180,"texture":"#4"},"west":{"uv":[7.5,4.5,8.25,5.25],"rotation":90,"texture":"#4"},"up":{"uv":[7.5,4.5,10,5.25],"rotation":180,"texture":"#4"},"down":{"uv":[15.75,15.75,16,16],"texture":"#4"}}},{"from":[4.675,9.02574,7.7],"to":[10.2,9.27426,8.3],"faces":{"north":{"uv":[8,5.25,16,6],"texture":"#2"},"south":{"uv":[8,5.25,16,6],"texture":"#2"},"down":{"uv":[15.75,15.75,16,16],"texture":"#2"}}},{"from":[4.675,9.225,7.87574],"to":[10.2,9.45,8.12426],"rotation":{"angle":-45,"axis":"x","origin":[7.6,9.15,8]},"faces":{"west":{"uv":[8,4.5,8.25,5.25],"rotation":90,"texture":"#2"},"up":{"uv":[0,4.5,8,5.25],"rotation":180,"texture":"#2"}}},{"from":[4.675,9.225,7.87574],"to":[10.2,9.45,8.12426],"rotation":{"angle":45,"axis":"x","origin":[7.6,9.15,8]},"faces":{"west":{"uv":[8,4.5,8.25,5.25],"rotation":270,"texture":"#2"},"up":{"uv":[8,4.5,16,5.25],"texture":"#2"}}},{"from":[-3.1,8.075,7.78284],"to":[-3,8.35784,8.21716],"rotation":{"angle":0,"axis":"y","origin":[8.0015,7.99375,7.99534]},"faces":{"west":{"uv":[12.5,10.5,14.5,12],"rotation":180,"texture":"#0"},"up":{"uv":[13,13.5,15,14.5],"rotation":270,"texture":"#0"}}},{"from":[-3,8.05159,7.78284],"to":[0.4,8.35784,8.21716],"rotation":{"angle":0,"axis":"y","origin":[8.001,7.99534,7.99534]},"faces":{"east":{"uv":[14,0.5,15.5,2],"texture":"#1"},"up":{"uv":[0,0,10,2],"texture":"#1"}}},{"from":[-3.0995,7.79378,7.93898],"to":[-2.999,8.19378,8.18898],"rotation":{"angle":-45,"axis":"x","origin":[-0.9505,8.30983,8.00503]},"faces":{"south":{"uv":[14,12,15.5,13],"rotation":90,"texture":"#0"},"west":{"uv":[8,11,10,12],"rotation":270,"texture":"#0"}}},{"from":[-2.9995,7.79378,7.93898],"to":[0.4005,8.19378,8.18898],"rotation":{"angle":-45,"axis":"x","origin":[-0.9505,8.30983,8.00503]},"faces":{"east":{"uv":[0,0,1.5,1.5],"texture":"#1"},"south":{"uv":[0,2,10,3.5],"texture":"#1"}}},{"from":[-3.0995,7.79378,7.81102],"to":[-2.999,8.19378,8.06102],"rotation":{"angle":45,"axis":"x","origin":[-0.9505,8.30983,7.99497]},"faces":{"north":{"uv":[7.5,14,9,15],"rotation":90,"texture":"#0"},"west":{"uv":[8,11,10,12],"rotation":90,"texture":"#0"}}},{"from":[-2.9995,7.79378,7.81102],"to":[0.4005,8.19378,8.06102],"rotation":{"angle":45,"axis":"x","origin":[-0.9505,8.30983,7.99497]},"faces":{"north":{"uv":[6,2,16,3.5],"texture":"#1"},"east":{"uv":[0,0,1.5,1.5],"texture":"#1"}}},{"from":[15.3,8.8,7.89645],"to":[15.65,9.3,8.10355],"rotation":{"angle":45,"axis":"x","origin":[15.25,9.05,8]},"faces":{"east":{"uv":[15.75,15.75,16,16],"texture":"#3"},"up":{"uv":[5.25,4.5,6,5],"texture":"#4"},"down":{"uv":[5.25,5,6,5.5],"rotation":180,"texture":"#4"}}},{"from":[16.75,8.8,7.89645],"to":[17.4,9.3,8.10355],"faces":{"east":{"uv":[15.75,15.75,16,16],"texture":"#3"},"west":{"uv":[15.75,15.75,16,16],"texture":"#3"},"up":{"uv":[5.25,4.25,6,4.75],"texture":"#4"},"down":{"uv":[5.25,5.25,6,5.75],"texture":"#4"}}},{"from":[15.3,8.8,7.89645],"to":[15.65,9.3,8.10355],"rotation":{"angle":-45,"axis":"x","origin":[15.25,9.05,8]},"faces":{"east":{"uv":[15.75,15.75,16,16],"texture":"#3"},"up":{"uv":[5.25,4.5,6,5],"rotation":180,"texture":"#4"},"down":{"uv":[5.25,5,6,5.5],"texture":"#4"}}},{"from":[15.3,8.94645,7.75],"to":[15.65,9.15355,8.25],"faces":{"north":{"uv":[5.25,4.75,6,5.25],"texture":"#4"},"east":{"uv":[15.75,15.75,16,16],"texture":"#3"},"south":{"uv":[5.25,4.75,6,5.25],"texture":"#4"}}},{"from":[16.75,8.8,7.89645],"to":[17.4,9.3,8.10355],"rotation":{"angle":45,"axis":"x","origin":[16.6,9.05,8]},"faces":{"east":{"uv":[15.75,15.75,16,16],"texture":"#3"},"west":{"uv":[15.75,15.75,16,16],"texture":"#3"},"up":{"uv":[5.25,4.5,6,5],"texture":"#4"},"down":{"uv":[5.25,5,6,5.5],"rotation":180,"texture":"#4"}}},{"from":[16.75,8.8,7.89645],"to":[17.4,9.3,8.10355],"rotation":{"angle":-45,"axis":"x","origin":[16.6,9.05,8]},"faces":{"east":{"uv":[15.75,15.75,16,16],"texture":"#3"},"west":{"uv":[15.75,15.75,16,16],"texture":"#3"},"up":{"uv":[5.25,4.5,6,5],"rotation":180,"texture":"#4"},"down":{"uv":[5.25,5,6,5.5],"texture":"#4"}}},{"from":[15.3,8.8,7.89645],"to":[15.65,9.3,8.10355],"faces":{"east":{"uv":[15.75,15.75,16,16],"texture":"#3"},"up":{"uv":[5.25,4.25,6,4.75],"texture":"#4"},"down":{"uv":[5.25,5.25,6,5.75],"texture":"#4"}}},{"from":[16.75,8.94645,7.75],"to":[17.4,9.15355,8.25],"faces":{"north":{"uv":[5.25,4.75,6,5.25],"texture":"#4"},"east":{"uv":[15.75,15.75,16,16],"texture":"#3"},"south":{"uv":[5.25,4.75,6,5.25],"texture":"#4"},"west":{"uv":[15.75,15.75,16,16],"texture":"#3"}}},{"from":[15.3,8.125,7.89645],"to":[15.65,8.625,8.10355],"rotation":{"angle":45,"axis":"x","origin":[15.25,8.375,8]},"faces":{"east":{"uv":[15.75,15.75,16,16],"texture":"#3"},"up":{"uv":[5.25,4.5,6,5],"texture":"#4"},"down":{"uv":[5.25,5,6,5.5],"rotation":180,"texture":"#4"}}},{"from":[15.3,8.27145,7.75],"to":[15.65,8.47855,8.25],"faces":{"north":{"uv":[5.25,4.75,6,5.25],"texture":"#4"},"east":{"uv":[15.75,15.75,16,16],"texture":"#3"},"south":{"uv":[5.25,4.75,6,5.25],"texture":"#4"}}},{"from":[15.3,8.125,7.89645],"to":[15.65,8.625,8.10355],"rotation":{"angle":-45,"axis":"x","origin":[15.25,8.375,8]},"faces":{"east":{"uv":[15.75,15.75,16,16],"texture":"#3"},"up":{"uv":[5.25,4.5,6,5],"rotation":180,"texture":"#4"},"down":{"uv":[5.25,5,6,5.5],"texture":"#4"}}},{"from":[15.3,8.125,7.89645],"to":[15.65,8.625,8.10355],"faces":{"east":{"uv":[15.75,15.75,16,16],"texture":"#3"},"up":{"uv":[5.25,5.25,6,5.75],"texture":"#4"},"down":{"uv":[5.25,5.25,6,5.75],"texture":"#4"}}},{"from":[17.2,8.125,7.89645],"to":[18.325,8.625,8.10355],"faces":{"east":{"uv":[15.75,15.75,16,16],"texture":"#3"},"west":{"uv":[15.75,15.75,16,16],"texture":"#3"},"up":{"uv":[5.25,4.25,7,4.75],"texture":"#4"},"down":{"uv":[5.25,5.25,7,5.75],"texture":"#4"}}},{"from":[17.2,8.125,7.89645],"to":[18.325,8.625,8.10355],"rotation":{"angle":45,"axis":"x","origin":[16.75,8.375,8]},"faces":{"east":{"uv":[15.75,15.75,16,16],"texture":"#3"},"west":{"uv":[15.75,15.75,16,16],"texture":"#3"},"up":{"uv":[5.25,4.5,7,5],"texture":"#4"},"down":{"uv":[5.25,5,7,5.5],"rotation":180,"texture":"#4"}}},{"from":[17.2,8.27145,7.75],"to":[18.325,8.47855,8.25],"faces":{"north":{"uv":[5.25,4.75,7,5.25],"texture":"#4"},"east":{"uv":[15.75,15.75,16,16],"texture":"#3"},"south":{"uv":[5.25,4.75,7,5.25],"texture":"#4"},"west":{"uv":[15.75,15.75,16,16],"texture":"#3"}}},{"from":[17.2,8.125,7.89645],"to":[18.325,8.625,8.10355],"rotation":{"angle":-45,"axis":"x","origin":[16.75,8.375,8]},"faces":{"east":{"uv":[15.75,15.75,16,16],"texture":"#3"},"west":{"uv":[15.75,15.75,16,16],"texture":"#3"},"up":{"uv":[5.25,4.5,7,5],"rotation":180,"texture":"#4"},"down":{"uv":[5.25,5,7,5.5],"texture":"#4"}}},{"from":[24.6,8.27145,7.75],"to":[26.2,8.47855,8.25],"faces":{"north":{"uv":[8.5,4.75,10,5.25],"texture":"#4"},"east":{"uv":[15.75,15.75,16,16],"texture":"#3"},"south":{"uv":[8.5,4.75,10,5.25],"texture":"#4"},"west":{"uv":[15.75,15.75,16,16],"texture":"#2"}}},{"from":[24.6,8.125,7.89645],"to":[26.2,8.625,8.10355],"rotation":{"angle":-45,"axis":"x","origin":[19.55,8.375,8]},"faces":{"east":{"uv":[15.75,15.75,16,16],"texture":"#3"},"west":{"uv":[15.75,15.75,16,16],"texture":"#2"},"up":{"uv":[5.75,4.5,7.25,5],"rotation":180,"texture":"#4"},"down":{"uv":[5.75,5,7.25,5.5],"texture":"#4"}}},{"from":[24.6,8.125,7.89645],"to":[26.2,8.625,8.10355],"rotation":{"angle":45,"axis":"x","origin":[19.55,8.375,8]},"faces":{"east":{"uv":[15.75,15.75,16,16],"texture":"#3"},"west":{"uv":[15.75,15.75,16,16],"texture":"#2"},"up":{"uv":[0,4.75,1.5,5.25],"texture":"#4"},"down":{"uv":[5.75,5,7.25,5.5],"rotation":180,"texture":"#4"}}},{"from":[26.325,8.33522,7.8],"to":[26.5125,8.41478,7.85],"rotation":{"angle":22.5,"axis":"x","origin":[22.9,8.375,8]},"faces":{"north":{"uv":[15.75,4.75,16,5.25],"texture":"#3"},"east":{"uv":[9,5.25,9.25,5.75],"rotation":90,"texture":"#3"},"south":{"uv":[6.25,2,6.5,2.5],"texture":"#2"},"west":{"uv":[15.75,15.75,16,16],"texture":"#2"}}},{"from":[26.3,8.525,7.96022],"to":[26.5125,8.575,8.03978],"rotation":{"angle":-22.5,"axis":"x","origin":[22.9,8.375,8]},"faces":{"east":{"uv":[9,5,9.25,5.5],"texture":"#3"},"west":{"uv":[15.75,15.75,16,16],"texture":"#2"},"up":{"uv":[0,3.5,0.25,4],"rotation":180,"texture":"#3"},"down":{"uv":[8.75,7.75,9,8.25],"texture":"#4"}}},{"from":[26.3,8.525,7.96022],"to":[26.5125,8.575,8.03978],"rotation":{"angle":-45,"axis":"x","origin":[22.9,8.375,8]},"faces":{"east":{"uv":[9,5,9.25,5.5],"texture":"#3"},"west":{"uv":[15.75,15.75,16,16],"texture":"#2"},"up":{"uv":[0,4.5,0.25,5],"rotation":180,"texture":"#3"},"down":{"uv":[5.25,7.5,5.5,8],"texture":"#2"}}},{"from":[26.325,8.525,7.96022],"to":[26.5125,8.575,8.03978],"faces":{"east":{"uv":[8.75,5,9,5.5],"texture":"#3"},"west":{"uv":[15.75,15.75,16,16],"texture":"#2"},"up":{"uv":[0,3.75,0.25,4.25],"texture":"#3"},"down":{"uv":[15.75,15.5,16,16],"rotation":180,"texture":"#4"}}},{"from":[26.325,8.525,7.96022],"to":[26.5125,8.575,8.03978],"rotation":{"angle":45,"axis":"x","origin":[22.9,8.375,8]},"faces":{"east":{"uv":[9,5,9.25,5.5],"texture":"#3"},"west":{"uv":[15.75,15.75,16,16],"texture":"#2"},"up":{"uv":[0,4.5,0.25,5],"texture":"#3"},"down":{"uv":[5.25,7.5,5.5,8],"texture":"#2"}}},{"from":[26.325,8.525,7.96022],"to":[26.5125,8.575,8.03978],"rotation":{"angle":22.5,"axis":"x","origin":[22.9,8.375,8]},"faces":{"east":{"uv":[9,5,9.25,5.5],"texture":"#3"},"west":{"uv":[15.75,15.75,16,16],"texture":"#2"},"up":{"uv":[0,4,0.25,4.5],"texture":"#3"},"down":{"uv":[8.75,7.75,9,8.25],"rotation":180,"texture":"#4"}}},{"from":[26.325,8.33522,8.15],"to":[26.5125,8.41478,8.2],"rotation":{"angle":-22.5,"axis":"x","origin":[22.9,8.375,8]},"faces":{"north":{"uv":[6.25,2,6.5,2.5],"rotation":180,"texture":"#2"},"east":{"uv":[9,5.25,9.25,5.75],"rotation":270,"texture":"#3"},"south":{"uv":[14.75,4.75,15,5.25],"texture":"#3"},"west":{"uv":[15.75,15.75,16,16],"texture":"#2"}}},{"from":[26.325,8.33522,8.15],"to":[26.5125,8.41478,8.2],"rotation":{"angle":22.5,"axis":"x","origin":[22.9,8.375,8]},"faces":{"north":{"uv":[7.75,2.5,8,3],"texture":"#2"},"east":{"uv":[8.25,9.25,8.5,9.75],"rotation":270,"texture":"#3"},"south":{"uv":[15.75,5.25,16,5.75],"texture":"#2"},"west":{"uv":[15.75,15.75,16,16],"texture":"#2"}}},{"from":[26.325,8.33522,8.15],"to":[26.5125,8.41478,8.2],"faces":{"north":{"uv":[8.25,13,8.5,13.5],"texture":"#2"},"east":{"uv":[8.25,9.25,8.5,9.75],"rotation":270,"texture":"#3"},"south":{"uv":[0,4.75,0.25,5.25],"texture":"#2"},"west":{"uv":[15.75,15.75,16,16],"texture":"#2"}}},{"from":[26.325,8.175,7.96022],"to":[26.5125,8.225,8.03978],"rotation":{"angle":-45,"axis":"x","origin":[22.9,8.375,8]},"faces":{"east":{"uv":[7.75,5.5,8,6],"texture":"#3"},"west":{"uv":[15.75,15.75,16,16],"texture":"#2"},"up":{"uv":[6,13,6.25,13.5],"rotation":180,"texture":"#3"},"down":{"uv":[0,8,0.25,8.5],"texture":"#2"}}},{"from":[26.325,8.175,7.96022],"to":[26.5125,8.225,8.03978],"rotation":{"angle":-22.5,"axis":"x","origin":[22.9,8.375,8]},"faces":{"east":{"uv":[11.5,5.25,11.75,5.75],"texture":"#3"},"west":{"uv":[15.75,15.75,16,16],"texture":"#2"},"up":{"uv":[8.25,2.5,8.5,3],"rotation":180,"texture":"#3"},"down":{"uv":[0,8,0.25,8.25],"rotation":180,"texture":"#2"}}},{"from":[26.325,8.175,7.96022],"to":[26.5125,8.225,8.03978],"faces":{"east":{"uv":[7,5,7.25,5.5],"texture":"#3"},"west":{"uv":[15.75,15.75,16,16],"texture":"#2"},"up":{"uv":[4.25,2.5,4.5,3],"rotation":180,"texture":"#3"},"down":{"uv":[15.75,15.75,16,16],"texture":"#2"}}},{"from":[26.325,8.175,7.96022],"to":[26.5125,8.225,8.03978],"rotation":{"angle":22.5,"axis":"x","origin":[22.9,8.375,8]},"faces":{"east":{"uv":[11.5,5.25,11.75,5.75],"texture":"#3"},"west":{"uv":[15.75,15.75,16,16],"texture":"#2"},"up":{"uv":[8.25,2.5,8.5,3],"rotation":180,"texture":"#3"},"down":{"uv":[0,8,0.25,8.5],"rotation":180,"texture":"#2"}}},{"from":[26.325,8.175,7.96022],"to":[26.5125,8.225,8.03978],"rotation":{"angle":45,"axis":"x","origin":[22.9,8.375,8]},"faces":{"east":{"uv":[7.75,5.5,8,6],"texture":"#3"},"west":{"uv":[15.75,15.75,16,16],"texture":"#2"},"up":{"uv":[6,13,6.25,13.5],"rotation":180,"texture":"#3"},"down":{"uv":[0.25,5.5,0.25,6],"rotation":180,"texture":"#2"}}},{"from":[26.325,8.33522,7.8],"to":[26.5125,8.41478,7.85],"rotation":{"angle":-22.5,"axis":"x","origin":[22.9,8.375,8]},"faces":{"north":{"uv":[15.75,5,16,5.5],"texture":"#2"},"east":{"uv":[8.25,9.25,8.5,9.75],"rotation":90,"texture":"#3"},"south":{"uv":[7.75,2.5,8,3],"rotation":180,"texture":"#2"},"west":{"uv":[15.75,15.75,16,16],"texture":"#2"}}},{"from":[26.325,8.33522,7.8],"to":[26.5125,8.41478,7.85],"faces":{"north":{"uv":[0,5,0.25,5.5],"texture":"#3"},"east":{"uv":[8.25,9.25,8.5,9.75],"rotation":270,"texture":"#3"},"south":{"uv":[8.25,13,8.5,13.5],"rotation":180,"texture":"#2"},"west":{"uv":[15.75,15.75,16,16],"texture":"#2"}}},{"from":[15.42,8.54,7.95624],"to":[26.3325,8.595,8.04376],"rotation":{"angle":-45,"axis":"x","origin":[18.395,8.375,8]},"faces":{"east":{"uv":[15.75,15.75,16,16],"texture":"#2"},"up":{"uv":[16,4.25,0,4.75],"rotation":180,"texture":"#2"},"down":{"uv":[5.25,7.5,5.5,8],"texture":"#2"}}},{"from":[15.42,8.54,7.95624],"to":[26.3325,8.595,8.04376],"rotation":{"angle":-22.5,"axis":"x","origin":[18.395,8.375,8]},"faces":{"east":{"uv":[15.75,15.75,16,16],"texture":"#2"},"up":{"uv":[0,4.5,16,5],"rotation":180,"texture":"#3"},"down":{"uv":[8.75,7.75,9,8.25],"texture":"#4"}}},{"from":[15.42,8.54,7.95624],"to":[26.3325,8.595,8.04376],"rotation":{"angle":0,"axis":"y","origin":[8,7.9625,8]},"faces":{"east":{"uv":[15.75,15.75,16,16],"texture":"#2"},"up":{"uv":[0,3.75,16,4.25],"texture":"#3"},"down":{"uv":[15.75,15.5,16,16],"rotation":180,"texture":"#4"}}},{"from":[15.42,8.54,7.95624],"to":[26.3325,8.595,8.04376],"rotation":{"angle":22.5,"axis":"x","origin":[18.395,8.375,8]},"faces":{"east":{"uv":[15.75,15.75,16,16],"texture":"#2"},"up":{"uv":[0,4.5,16,5],"texture":"#3"},"down":{"uv":[8.75,7.75,9,8.25],"rotation":180,"texture":"#4"}}},{"from":[15.42,8.54,7.95624],"to":[26.3325,8.595,8.04376],"rotation":{"angle":45,"axis":"x","origin":[18.395,8.375,8]},"faces":{"east":{"uv":[15.75,15.75,16,16],"texture":"#2"},"up":{"uv":[16,4.25,0,4.75],"texture":"#2"},"down":{"uv":[5.25,7.5,5.5,8],"texture":"#2"}}},{"from":[15.42,8.33124,8.165],"to":[26.3325,8.41876,8.22],"rotation":{"angle":0,"axis":"y","origin":[8,7.9625,8]},"faces":{"north":{"uv":[8.25,13,8.5,13.5],"texture":"#2"},"east":{"uv":[15.75,15.75,16,16],"texture":"#2"},"south":{"uv":[0,4.75,16,5.25],"texture":"#4"}}},{"from":[15.42,8.33124,8.165],"to":[26.3325,8.41876,8.22],"rotation":{"angle":-22.5,"axis":"x","origin":[18.395,8.375,8]},"faces":{"north":{"uv":[6.25,2,6.5,2.5],"rotation":180,"texture":"#2"},"east":{"uv":[15.75,15.75,16,16],"texture":"#2"},"south":{"uv":[16,4.75,0,5.25],"texture":"#2"}}},{"from":[15.42,8.33124,8.165],"to":[26.3325,8.41876,8.22],"rotation":{"angle":22.5,"axis":"x","origin":[18.395,8.375,8]},"faces":{"north":{"uv":[7.75,2.5,8,3],"texture":"#2"},"east":{"uv":[15.75,15.75,16,16],"texture":"#2"},"south":{"uv":[16,5.25,0,5.75],"texture":"#4"}}},{"from":[15.42,8.33124,7.78],"to":[26.3325,8.41876,7.835],"rotation":{"angle":-22.5,"axis":"x","origin":[18.395,8.375,8]},"faces":{"north":{"uv":[16,5,0,5.5],"texture":"#4"},"east":{"uv":[15.75,15.75,16,16],"texture":"#2"},"south":{"uv":[7.75,2.5,8,3],"rotation":180,"texture":"#2"}}},{"from":[15.42,8.33124,7.78],"to":[26.3325,8.41876,7.835],"rotation":{"angle":0,"axis":"y","origin":[8,7.9625,8]},"faces":{"north":{"uv":[0,4.75,16,5.25],"texture":"#4"},"east":{"uv":[15.75,15.75,16,16],"texture":"#2"},"south":{"uv":[8.25,13,8.5,13.5],"rotation":180,"texture":"#2"}}},{"from":[15.42,8.33124,7.78],"to":[26.3325,8.41876,7.835],"rotation":{"angle":22.5,"axis":"x","origin":[18.395,8.375,8]},"faces":{"north":{"uv":[16,4.75,0,5.25],"texture":"#2"},"east":{"uv":[15.75,15.75,16,16],"texture":"#2"},"south":{"uv":[6.25,2,6.5,2.5],"texture":"#2"}}},{"from":[15.42,8.155,7.95624],"to":[26.3325,8.21,8.04376],"rotation":{"angle":-45,"axis":"x","origin":[18.395,8.375,8]},"faces":{"east":{"uv":[15.75,15.75,16,16],"texture":"#2"},"up":{"uv":[6,13,6.25,13.5],"rotation":180,"texture":"#3"},"down":{"uv":[0,8,16,8.5],"rotation":180,"texture":"#4"}}},{"from":[15.42,8.155,7.95624],"to":[26.3325,8.21,8.04376],"rotation":{"angle":-22.5,"axis":"x","origin":[18.395,8.375,8]},"faces":{"east":{"uv":[15.75,15.75,16,16],"texture":"#2"},"up":{"uv":[8.25,2.5,8.5,3],"rotation":180,"texture":"#3"},"down":{"uv":[0,8,16,8.25],"rotation":180,"texture":"#4"}}},{"from":[15.42,8.155,7.95624],"to":[26.3325,8.21,8.04376],"rotation":{"angle":45,"axis":"x","origin":[18.395,8.375,8]},"faces":{"east":{"uv":[15.75,15.75,16,16],"texture":"#2"},"up":{"uv":[6,13,6.25,13.5],"rotation":180,"texture":"#3"},"down":{"uv":[0,5.5,16,6],"texture":"#4"}}},{"from":[15.42,8.155,7.95624],"to":[26.3325,8.21,8.04376],"rotation":{"angle":22.5,"axis":"x","origin":[18.395,8.375,8]},"faces":{"east":{"uv":[15.75,15.75,16,16],"texture":"#2"},"up":{"uv":[8.25,2.5,8.5,3],"rotation":180,"texture":"#3"},"down":{"uv":[0,8,16,8.5],"texture":"#4"}}},{"from":[25.7,7.913,7.96323],"to":[25.9,8.113,8.26323],"rotation":{"angle":-45,"axis":"x","origin":[12,8,7.99823]},"faces":{"east":{"uv":[6.5,8,6.75,8.25],"rotation":90,"texture":"#4"},"south":{"uv":[10.5,6.5,11,7.25],"texture":"#2"},"west":{"uv":[6.5,8,6.75,8.25],"rotation":90,"texture":"#4"},"down":{"uv":[10.75,7.5,11.25,8.25],"texture":"#2"}}},{"from":[25.7,7.91373,7.965],"to":[25.9,8.11373,8.035],"rotation":{"angle":0,"axis":"y","origin":[8,7.99973,8]},"faces":{"east":{"uv":[6.5,8,6.75,8.25],"rotation":90,"texture":"#4"},"west":{"uv":[6.5,8,6.75,8.25],"rotation":90,"texture":"#4"},"down":{"uv":[15.75,15.75,16,16],"texture":"#2"}}},{"from":[25.7,7.913,7.73677],"to":[25.9,8.113,8.03677],"rotation":{"angle":45,"axis":"x","origin":[12,8,8.00177]},"faces":{"north":{"uv":[10.5,6.5,11,7.25],"texture":"#2"},"east":{"uv":[6.5,8,6.75,8.25],"rotation":90,"texture":"#4"},"west":{"uv":[6.5,8,6.75,8.25],"rotation":90,"texture":"#4"},"down":{"uv":[10.75,7.5,11.25,8.25],"rotation":180,"texture":"#2"}}},{"from":[17.4,7.913,7.96323],"to":[17.6,8.113,8.26323],"rotation":{"angle":-45,"axis":"x","origin":[9,8,7.99823]},"faces":{"east":{"uv":[6.5,8,6.75,8.25],"rotation":90,"texture":"#4"},"south":{"uv":[10.5,6.5,11,7.25],"texture":"#2"},"west":{"uv":[6.5,8,6.75,8.25],"rotation":90,"texture":"#4"},"down":{"uv":[10.75,7.5,11.25,8.25],"texture":"#2"}}},{"from":[17.4,7.913,7.73677],"to":[17.6,8.113,8.03677],"rotation":{"angle":45,"axis":"x","origin":[9,8,8.00177]},"faces":{"north":{"uv":[10.5,6.5,11,7.25],"texture":"#2"},"east":{"uv":[6.5,8,6.75,8.25],"rotation":90,"texture":"#4"},"west":{"uv":[6.5,8,6.75,8.25],"rotation":90,"texture":"#4"},"down":{"uv":[10.75,7.5,11.25,8.25],"rotation":180,"texture":"#2"}}},{"from":[26.05,9.5,7.985],"to":[26.15,9.7,8.015],"rotation":{"angle":0,"axis":"y","origin":[8,7.8,8]},"faces":{"north":{"uv":[9.75,7.75,10,8],"rotation":90,"texture":"#2"},"east":{"uv":[10,7.5,10.25,8],"rotation":270,"texture":"#2"},"south":{"uv":[9.75,7.75,10,8],"rotation":90,"texture":"#2"},"west":{"uv":[10,7.5,10.25,8],"rotation":90,"texture":"#2"},"up":{"uv":[9.75,7.25,10,7.75],"rotation":180,"texture":"#2"}}},{"from":[25.8005,9.05213,9.51955],"to":[26.2025,9.15213,9.56955],"rotation":{"angle":-45,"axis":"x","origin":[10.001,7.79813,7.99955]},"faces":{"north":{"uv":[11.5,5.25,12,5.75],"texture":"#2"},"east":{"uv":[11.5,4.5,11.75,5],"texture":"#2"},"south":{"uv":[11.5,4.25,12,5],"texture":"#2"},"west":{"uv":[11.5,4.5,11.75,5],"texture":"#2"},"up":{"uv":[11,7.5,11.5,8],"rotation":180,"texture":"#2"}}},{"from":[25.8005,9.05354,6.43103],"to":[26.2025,9.15354,6.48103],"rotation":{"angle":45,"axis":"x","origin":[10.001,7.79954,7.99903]},"faces":{"north":{"uv":[11.5,4.25,12,5],"texture":"#2"},"east":{"uv":[11.5,4.5,11.75,5],"texture":"#2"},"south":{"uv":[11.5,5.25,12,5.75],"texture":"#2"},"west":{"uv":[11.5,4.5,11.75,5],"texture":"#2"},"up":{"uv":[11,7.5,11.5,8],"texture":"#2"}}},{"from":[25.8,9.645,8.173],"to":[26.2,9.795,8.223],"rotation":{"angle":0,"axis":"y","origin":[8,7.8,8]},"faces":{"north":{"uv":[11.5,5.5,12,6.25],"texture":"#2"},"east":{"uv":[11.75,4.75,12,5.5],"texture":"#2"},"south":{"uv":[11.75,4.75,12.25,5.5],"texture":"#2"},"west":{"uv":[11.75,4.75,12,5.5],"texture":"#2"}}},{"from":[25.8,9.645,7.777],"to":[26.2,9.795,7.827],"rotation":{"angle":0,"axis":"y","origin":[8,7.8,8]},"faces":{"north":{"uv":[11.75,4.75,12.25,5.5],"texture":"#2"},"east":{"uv":[11.75,4.75,12,5.5],"texture":"#2"},"south":{"uv":[11.5,5.5,12,6.25],"texture":"#2"},"west":{"uv":[11.75,4.75,12,5.5],"texture":"#2"}}},{"from":[25.801,9.39,8.5],"to":[26.199,9.59,8.55],"rotation":{"angle":-22.5,"axis":"x","origin":[10,7.8,8]},"faces":{"north":{"uv":[14.25,5.25,14.75,6],"texture":"#2"},"east":{"uv":[14.25,5.25,14.5,6],"texture":"#2"},"south":{"uv":[11,8.25,11.5,9],"texture":"#2"},"west":{"uv":[14.25,5.25,14.5,6],"texture":"#2"}}},{"from":[25.801,9.39,7.45],"to":[26.199,9.59,7.5],"rotation":{"angle":22.5,"axis":"x","origin":[10,7.8,8]},"faces":{"north":{"uv":[11,8.25,11.5,9],"texture":"#2"},"east":{"uv":[14.25,5.25,14.5,6],"texture":"#2"},"south":{"uv":[14.25,5.25,14.75,6],"texture":"#2"},"west":{"uv":[14.25,5.25,14.5,6],"texture":"#2"}}},{"from":[25.85,9.15,7.8],"to":[26.1,9.4,8.2],"rotation":{"angle":0,"axis":"y","origin":[8,7.8,8]},"faces":{"north":{"uv":[13,12,15.5,14.5],"rotation":90,"texture":"#0"},"east":{"uv":[14.5,13.5,15,16],"texture":"#0"},"south":{"uv":[13,12,15.5,14.5],"rotation":90,"texture":"#0"},"west":{"uv":[14.5,13.5,15,16],"texture":"#0"},"up":{"uv":[12,12,12.5,14.5],"rotation":90,"texture":"#0"},"down":{"uv":[11.5,15.5,14,16],"texture":"#0"}}},{"from":[25.7,9.075,7.851],"to":[26.2,9.2,8.149],"rotation":{"angle":0,"axis":"y","origin":[8,7.8,8]},"faces":{"north":{"uv":[6.75,6.25,7,7],"rotation":270,"texture":"#2"},"east":{"uv":[0,11.5,0.25,12.25],"rotation":270,"texture":"#2"},"south":{"uv":[9,6.25,9.25,7],"rotation":90,"texture":"#2"},"down":{"uv":[15.75,15.75,16,16],"texture":"#2"}}},{"from":[25.775,9.2,7.851],"to":[26.2,9.53,8.149],"rotation":{"angle":0,"axis":"y","origin":[8,7.8,8]},"faces":{"north":{"uv":[6.75,6.25,7,7],"rotation":270,"texture":"#2"},"east":{"uv":[0,11.5,0.75,12.25],"rotation":270,"texture":"#2"},"south":{"uv":[8,6.25,8.25,7],"rotation":90,"texture":"#2"},"up":{"uv":[10,10,10.5,10.75],"texture":"#2"}}},{"from":[25.5,8.5625,7.8505],"to":[26.1,8.825,8.1495],"rotation":{"angle":0,"axis":"y","origin":[8,8,7.9995]},"faces":{"north":{"uv":[6.75,6.25,7.25,7],"rotation":270,"texture":"#2"},"south":{"uv":[6.75,6.25,7.25,7],"rotation":90,"texture":"#2"},"up":{"uv":[7.25,7.75,7.75,8.5],"texture":"#2"}}},{"from":[23.91189,14.36629,7.85],"to":[24.06189,15.42879,8.15],"rotation":{"angle":-22.5,"axis":"z","origin":[10.01584,7.79615,8]},"faces":{"north":{"uv":[6.75,6.75,7.25,7.25],"rotation":270,"texture":"#2"},"east":{"uv":[15.75,15.75,16,16],"texture":"#3"},"south":{"uv":[6.75,6.75,7.25,7.25],"rotation":90,"texture":"#2"},"west":{"uv":[0,11.5,2.25,12.25],"rotation":90,"texture":"#2"}}},{"from":[15.65,8.925,7.8],"to":[17.15,9.175,8.2],"rotation":{"angle":45,"axis":"x","origin":[15.5,9.05,8]},"faces":{"north":{"uv":[13,4.5,13.25,5.25],"texture":"#2"},"south":{"uv":[8.75,8,9,8.75],"rotation":180,"texture":"#4"},"up":{"uv":[13,4.5,13.25,5.25],"texture":"#2"},"down":{"uv":[11,8,11.25,8.5],"texture":"#4"}}},{"from":[14.95,8.7,7.9],"to":[15.45,9,8.1],"faces":{"north":{"uv":[11.25,15.75,11.5,16],"texture":"#2"},"east":{"uv":[15.75,15.75,16,16],"texture":"#3"},"south":{"uv":[11.25,15.75,11.5,16],"texture":"#2"},"down":{"uv":[15.75,15.75,16,16],"texture":"#3"}}},{"from":[15.149,8.5525,7.95],"to":[15.649,8.8525,8.05],"faces":{"north":{"uv":[11.25,7.5,11.5,8],"rotation":180,"texture":"#2"},"east":{"uv":[15.75,15.75,16,16],"texture":"#3"},"south":{"uv":[11.25,7.5,11.5,8],"rotation":180,"texture":"#2"}}},{"from":[17.21,8.5525,7.8505],"to":[17.71,8.8525,8.1495],"rotation":{"angle":0,"axis":"y","origin":[8,8,7.9995]},"faces":{"north":{"uv":[5.25,14.5,5.75,15.5],"texture":"#4"},"south":{"uv":[5.25,14.5,5.75,15.5],"texture":"#4"},"west":{"uv":[15.75,15.75,16,16],"texture":"#3"}}},{"from":[17.1439,9.5634,7.825],"to":[17.4239,9.8434,8.175],"rotation":{"angle":-45,"axis":"z","origin":[16.5625,9.25,7.899]},"faces":{"north":{"uv":[5.25,4.5,6,5.25],"texture":"#4"},"east":{"uv":[15.75,15.75,16,16],"texture":"#2"},"south":{"uv":[5.25,4.5,6,5.25],"texture":"#4"},"west":{"uv":[11.5,3,12.25,3.75],"texture":"#4"},"up":{"uv":[11.5,3,12.25,3.75],"texture":"#4"},"down":{"uv":[15.75,15.75,16,16],"texture":"#2"}}},{"from":[17.83149,8.94442,7.851],"to":[18.43149,9.31942,8.149],"rotation":{"angle":-22.5,"axis":"z","origin":[16.5625,9.25,7.875]},"faces":{"north":{"uv":[10.25,15.5,10.75,16],"rotation":270,"texture":"#4"},"east":{"uv":[15.75,15.75,16,16],"texture":"#3"},"south":{"uv":[10.25,15.5,10.75,16],"rotation":270,"texture":"#4"},"up":{"uv":[11.5,3,12.75,3.75],"texture":"#4"}}},{"from":[4,7.58,7.55],"to":[10.2,8.78,8.15],"faces":{"north":{"uv":[5,11.5,14.25,7.5],"rotation":180,"texture":"#2"},"west":{"uv":[15.75,15.75,16,16],"texture":"#2"},"up":{"uv":[5,11.25,14.25,9.5],"rotation":180,"texture":"#2"},"down":{"uv":[10.5,9.5,11.25,10.25],"texture":"#4"}}},{"from":[5,7.7,8.22],"to":[7.8,9.19,7.72],"faces":{"east":{"uv":[15.75,15.75,16,16],"texture":"#2"},"south":{"uv":[4.5,8,13.5,8.25],"rotation":180,"texture":"#2"},"west":{"uv":[10.75,9.25,11.75,10.25],"texture":"#2"}}},{"from":[7.6,8.4,8.02],"to":[7.8,8.69,8.22],"faces":{"south":{"uv":[12,4.75,12.5,5.5],"texture":"#2"},"west":{"uv":[12,4.75,12.5,5.5],"texture":"#2"},"up":{"uv":[8.25,11,8.75,11.7],"texture":"#2"}}},{"from":[7.8,8.8231,8.22957],"to":[10.2,9.1731,8.42957],"rotation":{"angle":-22.5,"axis":"x","origin":[9.05,8.8,8.42]},"faces":{"south":{"uv":[8,4.5,16,5.25],"rotation":180,"texture":"#3"}}},{"from":[7.8,8.525,8.22],"to":[10.2,8.825,8.42],"rotation":{"angle":0,"axis":"y","origin":[9.05,8.8,8.42]},"faces":{"south":{"uv":[8,4.75,16,5.5],"texture":"#3"},"west":{"uv":[8.25,5,8.75,5.75],"texture":"#3"}}},{"from":[4,7.58,8.15],"to":[6,8.78,8.45],"faces":{"east":{"uv":[15.75,15.75,16,16],"texture":"#2"},"south":{"uv":[5,11.5,8,7.5],"rotation":180,"texture":"#2"},"west":{"uv":[15.75,15.75,16,16],"texture":"#2"},"up":{"uv":[5,10.25,14,9.5],"rotation":180,"texture":"#2"},"down":{"uv":[7.25,8.75,8,9.5],"texture":"#4"}}},{"from":[14.1,7.548,7.925],"to":[14.25,7.649,8.075],"rotation":{"angle":0,"axis":"x","origin":[7.8,8.1,7.985]},"faces":{"down":{"uv":[14,12.5,15.5,14],"rotation":180,"texture":"#0"}}},{"from":[8.6,8.04,8.351],"to":[8.75,8.19,8.452],"rotation":{"angle":0,"axis":"y","origin":[7.8,8.1,8]},"faces":{"south":{"uv":[13.5,13,15,14.5],"rotation":90,"texture":"#0"}}},{"from":[8.2,8.06,8.351],"to":[8.34,8.2,8.452],"rotation":{"angle":0,"axis":"y","origin":[7.8,8.1,8]},"faces":{"south":{"uv":[13.5,12,15,13.5],"rotation":180,"texture":"#0"}}},{"from":[7.15,6.6,7.85],"to":[7.25,7.4,8.15],"faces":{"north":{"uv":[15.5,10.5,14,12.5],"texture":"#0"},"east":{"uv":[15.5,15.5,16,16],"rotation":180,"texture":"#0"},"south":{"uv":[14,10.5,15.5,12.5],"texture":"#0"},"west":{"uv":[14,12.5,16,14],"rotation":270,"texture":"#0"},"down":{"uv":[15.5,15.5,16,16],"texture":"#0"}}},{"from":[7,7.1,7.699],"to":[7.1,7.2,8.301],"rotation":{"angle":0,"axis":"y","origin":[8,8,7.95]},"faces":{"north":{"uv":[14,14,15,15],"texture":"#0"},"south":{"uv":[13.5,12,14.5,13],"rotation":180,"texture":"#0"}}},{"from":[6.15262,8.1316,7.799],"to":[6.55262,8.2316,8.201],"rotation":{"angle":45,"axis":"z","origin":[7.99691,7.99631,8]},"faces":{"north":{"uv":[15,13,14,13.5],"rotation":270,"texture":"#0"},"south":{"uv":[15,13,14,13.5],"rotation":270,"texture":"#0"},"up":{"uv":[13,12.5,15,14],"texture":"#0"},"down":{"uv":[16,14.5,14.5,16],"rotation":90,"texture":"#0"}}},{"from":[5.5255,8.75843,7.799],"to":[5.6255,9.05843,8.201],"rotation":{"angle":45,"axis":"z","origin":[7.9975,7.99843,8]},"faces":{"north":{"uv":[15,13,14,13.5],"rotation":180,"texture":"#0"},"east":{"uv":[13,12.5,15,14],"rotation":270,"texture":"#0"},"south":{"uv":[15,13,14,13.5],"texture":"#0"},"west":{"uv":[13,15.5,11,16],"rotation":270,"texture":"#0"}}},{"from":[5.5,7,7.8],"to":[5.6,7.9,8.2],"faces":{"north":{"uv":[15,13,14,13.5],"rotation":180,"texture":"#0"},"east":{"uv":[14.5,12.5,16,14],"rotation":270,"texture":"#0"},"south":{"uv":[15,13,14,13.5],"texture":"#0"},"west":{"uv":[12.5,15.5,12,16],"rotation":270,"texture":"#0"}}},{"from":[4.675,8.548,7.286],"to":[10.2,8.948,7.486],"rotation":{"angle":22.5,"axis":"x","origin":[8,8,8]},"faces":{"north":{"uv":[0,5,8,6.25],"texture":"#2"},"south":{"uv":[15.75,15.75,16,16],"texture":"#2"},"west":{"uv":[8,5,8.25,6.25],"texture":"#2"}}},{"from":[4.675,8.548,8.563],"to":[7.8,8.948,8.713],"rotation":{"angle":-22.5,"axis":"x","origin":[8,8,8]},"faces":{"east":{"uv":[15.75,15.75,16,16],"texture":"#2"},"south":{"uv":[8,5,12.5,6.25],"texture":"#2"},"west":{"uv":[8,5,8.25,6.25],"texture":"#2"},"down":{"uv":[15.75,15.75,16,16],"texture":"#2"}}},{"from":[9.62788,8.625,9.2968],"to":[9.80288,8.925,9.5968],"rotation":{"angle":22.5,"axis":"y","origin":[7.99958,8,8.00051]},"faces":{"east":{"uv":[14.5,5,15.25,5.75],"texture":"#3"},"south":{"uv":[8.25,4.75,8.75,5.5],"texture":"#3"},"west":{"uv":[15,5.5,15.75,4.75],"rotation":180,"texture":"#3"},"up":{"uv":[12.5,4.5,12.6,5],"rotation":90,"texture":"#3"},"down":{"uv":[8.5,10.5,8.75,10.75],"texture":"#3"}}},{"from":[10.2,7.58,7.55],"to":[10.8,8.905,8.45],"faces":{"north":{"uv":[14.25,11.5,15.25,7],"rotation":180,"texture":"#2"},"east":{"uv":[15.75,15.75,16,16],"texture":"#2"},"south":{"uv":[14.25,11.5,15.25,7],"rotation":180,"texture":"#2"},"west":{"uv":[15.75,15.75,16,16],"texture":"#2"},"down":{"uv":[7.25,8.75,8,10.25],"texture":"#4"}}},{"from":[10.2,8.77456,7.4649],"to":[10.8,8.92456,7.5649],"rotation":{"angle":45,"axis":"x","origin":[10.55,8.73706,7.6649]},"faces":{"north":{"uv":[12.25,5.5,13.25,5],"texture":"#2"},"east":{"uv":[15.75,15.75,16,16],"texture":"#2"},"west":{"uv":[15.75,15.75,16,16],"texture":"#2"}}},{"from":[10.2,8.77456,8.4351],"to":[10.8,8.92456,8.5351],"rotation":{"angle":-45,"axis":"x","origin":[10.55,8.73706,8.3351]},"faces":{"east":{"uv":[15.75,15.75,16,16],"texture":"#2"},"south":{"uv":[12.25,5.5,13.25,5],"texture":"#2"},"west":{"uv":[15.75,15.75,16,16],"texture":"#2"}}},{"from":[10.25,9.525,7.825],"to":[11.25,9.575,8.175],"faces":{"north":{"uv":[7,14,16,15],"texture":"#0"},"south":{"uv":[7,14,16,15],"texture":"#0"},"up":{"uv":[0,0,7,16],"rotation":90,"texture":"#0"},"down":{"uv":[10,8,10.25,8.25],"texture":"#4"}}},{"from":[10.75,7.3,7.75],"to":[10.85,7.4,8.4],"rotation":{"angle":45,"axis":"z","origin":[8,8,8]},"faces":{"north":{"uv":[13.5,13,15,14.5],"texture":"#0"},"east":{"uv":[7,13.5,14.5,15],"texture":"#0"},"south":{"uv":[13.5,13,15,14.5],"rotation":90,"texture":"#0"},"west":{"uv":[7,14.5,14.5,16],"rotation":180,"texture":"#0"},"up":{"uv":[7,12,14.5,13.5],"rotation":270,"texture":"#0"},"down":{"uv":[7,14.5,14.5,16],"rotation":90,"texture":"#0"}}},{"from":[10.60126,7.4591,7.625],"to":[10.72626,7.5841,8.5],"rotation":{"angle":45,"axis":"z","origin":[8,8,8]},"faces":{"north":{"uv":[14,15,16,13],"rotation":90,"texture":"#0"},"east":{"uv":[7,14,14.5,16],"texture":"#0"},"south":{"uv":[14,13,16,15],"rotation":90,"texture":"#0"},"west":{"uv":[7,14.5,14.5,16],"rotation":180,"texture":"#0"},"up":{"uv":[7,14,14.5,16],"rotation":90,"texture":"#0"},"down":{"uv":[7,14.5,14.5,16],"rotation":90,"texture":"#0"}}},{"from":[5.35,8.275,8.43],"to":[5.5,8.425,8.58],"faces":{"east":{"uv":[15,13,13,15],"rotation":270,"texture":"#0"},"south":{"uv":[13,13,15,15],"rotation":90,"texture":"#0"},"west":{"uv":[11.5,14,13.5,16],"texture":"#0"},"up":{"uv":[11,13,13,15],"rotation":90,"texture":"#0"},"down":{"uv":[14.5,14.5,16,16],"rotation":90,"texture":"#0"}}},{"from":[11.46213,6.48787,7.78],"to":[11.61213,6.63787,8.43],"rotation":{"angle":45,"axis":"z","origin":[8,8,8]},"faces":{"north":{"uv":[14,13,16,15],"texture":"#0"},"east":{"uv":[7.5,11,15,13],"rotation":180,"texture":"#0"},"south":{"uv":[14,13,16,15],"rotation":90,"texture":"#0"},"west":{"uv":[8.5,10,16,12],"rotation":180,"texture":"#0"},"up":{"uv":[7,13,14.5,15],"rotation":90,"texture":"#0"},"down":{"uv":[8.5,8.5,16,10.5],"rotation":90,"texture":"#0"}}},{"from":[11.27766,8.10519,8.35],"to":[11.47766,8.15519,8.45],"rotation":{"angle":22.5,"axis":"z","origin":[8,8,8]},"faces":{"east":{"uv":[14,13.5,15,14.5],"texture":"#0"},"south":{"uv":[10.5,13.5,12.5,14.5],"texture":"#0"},"west":{"uv":[8.5,0,9,1],"texture":"#0"},"up":{"uv":[8,10.5,11,13],"texture":"#0"},"down":{"uv":[15.5,15.5,16,16],"texture":"#0"}}},{"from":[11.27716,7.93519,8.35],"to":[11.87716,8.13519,8.4],"rotation":{"angle":22.5,"axis":"z","origin":[8,8,8]},"faces":{"north":{"uv":[15.5,15.5,16,16],"texture":"#0"},"east":{"uv":[12,11,12.5,13.5],"rotation":180,"texture":"#0"},"south":{"uv":[7.5,10.5,14.5,13],"rotation":180,"texture":"#0"},"west":{"uv":[14.5,11.5,15,14],"rotation":180,"texture":"#0"},"up":{"uv":[7.5,12.5,14.5,13.5],"texture":"#0"},"down":{"uv":[15.5,15.5,16,16],"texture":"#0"}}},{"from":[10.202,9.5,7.65],"to":[10.2645,9.7,8.35],"faces":{"north":{"uv":[15,0,16,3],"texture":"#0"},"east":{"uv":[7,0,16,3],"texture":"#0"},"south":{"uv":[15,0,16,3],"texture":"#0"},"west":{"uv":[7,0,16,3],"texture":"#0"},"up":{"uv":[7,0,16,0.99],"rotation":90,"texture":"#0"}}},{"from":[10.75,8.875,7.8],"to":[12.5,9.25,8.2],"faces":{"north":{"uv":[8.75,8,9.5,8.75],"rotation":180,"texture":"#2"},"south":{"uv":[9.25,8,10,8.75],"rotation":180,"texture":"#2"},"up":{"uv":[9,10,9.75,10.75],"texture":"#2"},"down":{"uv":[15.75,15.75,16,16],"texture":"#2"}}},{"from":[10.2,8.7,7.65],"to":[11.7,9.5,8.35],"faces":{"north":{"uv":[4,4.75,6,6.5],"texture":"#2"},"east":{"uv":[3,9.25,4,11],"rotation":180,"texture":"#2"},"south":{"uv":[5.25,4.75,7.25,6.5],"texture":"#2"},"west":{"uv":[4.25,5,5.25,6.75],"texture":"#2"},"up":{"uv":[10,6.75,11.75,7.75],"texture":"#3"}}},{"from":[10.8,7.55,7.5],"to":[10.95,8.8001,8.5],"rotation":{"angle":0,"axis":"y","origin":[8,8,8.005]},"faces":{"north":{"uv":[10,15.5,15,14.5],"rotation":90,"texture":"#0"},"south":{"uv":[10,12.5,15,11.5],"rotation":90,"texture":"#0"},"west":{"uv":[15.5,15.5,16,16],"texture":"#0"},"up":{"uv":[10,12.5,12.5,11.5],"rotation":90,"texture":"#0"},"down":{"uv":[8,11,11,12],"rotation":270,"texture":"#0"}}},{"from":[11.8,9.23549,7.91759],"to":[11.95,9.46049,8.09661],"rotation":{"angle":0,"axis":"x","origin":[2.0625,10.41049,8.0071]},"faces":{"west":{"uv":[11.5,15.5,10,16],"rotation":270,"texture":"#0"},"up":{"uv":[10.5,12.5,11.5,11.5],"rotation":90,"texture":"#0"}}},{"from":[15.15,9.18549,7.91759],"to":[15.35,9.46049,8.09661],"rotation":{"angle":0,"axis":"x","origin":[13.9375,10.41049,8.0071]},"faces":{"east":{"uv":[9,10.5,10,12],"rotation":180,"texture":"#0"},"up":{"uv":[9,15.01,10,14.01],"rotation":270,"texture":"#0"}}},{"from":[11.8,9.67054,8.90754],"to":[11.95,9.87054,9.08656],"rotation":{"angle":45,"axis":"x","origin":[2.0625,10.41049,8.0071]},"faces":{"west":{"uv":[11.5,15.5,10,16],"rotation":270,"texture":"#0"},"up":{"uv":[13,12.5,14,11.5],"rotation":90,"texture":"#0"}}},{"from":[15.15,9.62054,8.90754],"to":[15.35,9.87054,9.08656],"rotation":{"angle":45,"axis":"x","origin":[13.9375,10.41049,8.0071]},"faces":{"east":{"uv":[9.5,10.5,10.5,12],"rotation":180,"texture":"#0"},"up":{"uv":[12,12.49,13,11.49],"rotation":90,"texture":"#0"}}},{"from":[11.8,9.33103,8.54705],"to":[11.95,9.51005,8.74705],"rotation":{"angle":45,"axis":"x","origin":[2.0625,10.41049,8.0071]},"faces":{"north":{"uv":[9.5,15,10.5,14],"rotation":90,"texture":"#0"},"west":{"uv":[16,15.5,14.5,16],"texture":"#0"}}},{"from":[15.15,9.33103,8.54705],"to":[15.35,9.51005,8.79705],"rotation":{"angle":45,"axis":"x","origin":[13.9375,10.41049,8.0071]},"faces":{"north":{"uv":[10,15.01,11,14.01],"rotation":90,"texture":"#0"},"east":{"uv":[12,10.5,13,12],"rotation":270,"texture":"#0"}}},{"from":[11.8,9.02755,7.67134],"to":[11.95,9.20657,7.92134],"rotation":{"angle":-22.5,"axis":"x","origin":[2.0625,10.41049,8.0071]},"faces":{"south":{"uv":[13.5,12.5,14.5,11.5],"rotation":90,"texture":"#0"},"west":{"uv":[11.5,15.5,10,16],"texture":"#0"}}},{"from":[15.15,9.02755,7.69634],"to":[15.3505,9.20657,7.92134],"rotation":{"angle":-22.5,"axis":"x","origin":[13.9375,10.41049,8.0071]},"faces":{"east":{"uv":[11.5,10,12.5,11.5],"rotation":90,"texture":"#0"},"south":{"uv":[12.5,12.49,13.5,11.49],"rotation":90,"texture":"#0"}}},{"from":[11.8,9.36706,7.38183],"to":[11.95,9.56706,7.56085],"rotation":{"angle":-22.5,"axis":"x","origin":[2.0625,10.41049,8.0071]},"faces":{"west":{"uv":[10,15.5,8.5,16],"rotation":270,"texture":"#0"},"up":{"uv":[12,12.5,13,11.5],"rotation":90,"texture":"#0"}}},{"from":[15.15,9.29206,7.38183],"to":[15.3505,9.56706,7.56085],"rotation":{"angle":-22.5,"axis":"x","origin":[13.9375,10.41049,8.0071]},"faces":{"east":{"uv":[11,10.5,12,12],"rotation":180,"texture":"#0"},"up":{"uv":[11,12.49,12,11.49],"rotation":90,"texture":"#0"}}},{"from":[11.8,9.36706,8.45335],"to":[11.95,9.56706,8.63237],"rotation":{"angle":22.5,"axis":"x","origin":[2.0625,10.41049,8.0071]},"faces":{"west":{"uv":[11.5,15.5,10,16],"rotation":270,"texture":"#0"},"up":{"uv":[12,12.5,13,11.5],"rotation":90,"texture":"#0"}}},{"from":[15.15,9.29206,8.45335],"to":[15.3505,9.56706,8.63237],"rotation":{"angle":22.5,"axis":"x","origin":[13.9375,10.41049,8.0071]},"faces":{"east":{"uv":[8,10.5,9,12],"rotation":180,"texture":"#0"},"up":{"uv":[11,12.49,12,11.49],"rotation":90,"texture":"#0"}}},{"from":[11.8,9.02755,8.09286],"to":[11.95,9.20657,8.34286],"rotation":{"angle":22.5,"axis":"x","origin":[2.0625,10.41049,8.0071]},"faces":{"north":{"uv":[13.5,15,14.5,14],"rotation":90,"texture":"#0"},"west":{"uv":[16,15.5,14.5,16],"texture":"#0"}}},{"from":[15.15,9.02755,8.09286],"to":[15.3505,9.20657,8.31786],"rotation":{"angle":22.5,"axis":"x","origin":[13.9375,10.41049,8.0071]},"faces":{"north":{"uv":[10,15.01,11,14.01],"rotation":90,"texture":"#0"},"east":{"uv":[8,10,9,11.5],"rotation":270,"texture":"#0"}}},{"from":[11.8,8.8,7.5571],"to":[11.95,9.1,8.4571],"rotation":{"angle":0,"axis":"y","origin":[8,8,7.9571]},"faces":{"north":{"uv":[14.5,15,16,14],"rotation":90,"texture":"#0"},"south":{"uv":[14.5,13,16,12],"rotation":90,"texture":"#0"},"west":{"uv":[16,15.5,10,16],"texture":"#0"}}},{"from":[15.15,8.8,7.5571],"to":[15.35,9.1,8.4571],"rotation":{"angle":0,"axis":"y","origin":[8,8,7.9571]},"faces":{"north":{"uv":[13.5,15.01,15,14.01],"rotation":90,"texture":"#0"},"east":{"uv":[6.25,8.5,7,11.75],"rotation":90,"texture":"#2"},"south":{"uv":[13.5,12.49,15,11.49],"rotation":90,"texture":"#0"}}},{"from":[15.15,7.7507,7.525],"to":[15.35,8.7992,8.475],"rotation":{"angle":0,"axis":"y","origin":[8,8,8.025]},"faces":{"north":{"uv":[12.5,11,15.5,12.5],"rotation":90,"texture":"#0"},"east":{"uv":[6.25,8.5,7.75,11.75],"rotation":90,"texture":"#2"},"south":{"uv":[13,14,16,15.5],"rotation":90,"texture":"#0"},"up":{"uv":[12.5,9,14.5,12.5],"rotation":180,"texture":"#0"}}},{"from":[15.15,7.575,7.7008],"to":[15.349,7.775,8.2993],"rotation":{"angle":0,"axis":"x","origin":[8,8.225,7.775]},"faces":{"east":{"uv":[12.5,10,14,12],"rotation":270,"texture":"#0"},"down":{"uv":[12,9.5,14,11],"rotation":90,"texture":"#0"}}},{"from":[15.15,7.85321,7.27751],"to":[15.3495,8.10171,7.57751],"rotation":{"angle":-45,"axis":"x","origin":[8,8.225,7.825]},"faces":{"north":{"uv":[9,10,10,11.5],"rotation":90,"texture":"#0"},"east":{"uv":[13.5,9.5,14.5,11.5],"rotation":270,"texture":"#0"}}},{"from":[15.15,7.85321,8.42249],"to":[15.3495,8.10171,8.72249],"rotation":{"angle":45,"axis":"x","origin":[8,8.225,8.175]},"faces":{"east":{"uv":[14.5,9.5,15.5,11.5],"rotation":270,"texture":"#0"},"south":{"uv":[15,14,16,15.5],"rotation":90,"texture":"#0"}}},{"from":[6.8,7,7.7],"to":[7.4,7.8,8.3],"rotation":{"angle":0,"axis":"y","origin":[8,8,7.95]},"faces":{"north":{"uv":[13,10,16,12.5],"rotation":270,"texture":"#0"},"east":{"uv":[12.5,15.5,13,16],"rotation":270,"texture":"#0"},"south":{"uv":[13,12.5,16,10],"rotation":270,"texture":"#0"},"west":{"uv":[12.5,10.5,14,13],"texture":"#0"},"down":{"uv":[12,10,14,12.5],"rotation":90,"texture":"#0"}}},{"from":[5.71213,6.78787,7.8],"to":[6.59713,6.88787,8.2],"rotation":{"angle":0,"axis":"y","origin":[7.99713,7.99787,8]},"faces":{"north":{"uv":[15,13,14,13.5],"rotation":270,"texture":"#0"},"south":{"uv":[15,13,14,13.5],"rotation":270,"texture":"#0"},"up":{"uv":[11.5,12.5,14,14],"texture":"#0"},"down":{"uv":[13.5,15.5,13,16],"rotation":270,"texture":"#0"}}},{"from":[5.7,8,7.9],"to":[5.8,8.5,8.1],"rotation":{"angle":22.5,"axis":"z","origin":[8,8,8]},"faces":{"north":{"uv":[14,10.5,15.5,12.5],"texture":"#0"},"east":{"uv":[13.5,12.5,15.5,14],"rotation":270,"texture":"#0"},"south":{"uv":[14,12.5,15.5,10.5],"rotation":180,"texture":"#0"},"west":{"uv":[15.5,15.5,16,16],"rotation":180,"texture":"#0"},"down":{"uv":[15.5,15.5,16,16],"texture":"#0"}}},{"from":[5.8,7.65,7.549],"to":[5.9,7.75,7.65],"faces":{"north":{"uv":[14.5,12,15.5,13],"rotation":90,"texture":"#0"}}},{"from":[6.9,7.75,7.549],"to":[7,7.85,7.65],"faces":{"north":{"uv":[14,12,15,13],"rotation":90,"texture":"#0"}}},{"from":[7.2,7.7,7.549],"to":[7.3,7.8,7.65],"faces":{"north":{"uv":[14,13.5,15,14.5],"texture":"#0"}}},{"from":[10,8.625,8.375],"to":[10.175,8.925,8.575],"faces":{"east":{"uv":[9.25,5.5,9.75,6.25],"rotation":180,"texture":"#3"},"west":{"uv":[15.5,5.5,16,4.75],"rotation":180,"texture":"#3"},"up":{"uv":[12.5,4.5,12.6,5],"rotation":90,"texture":"#3"},"down":{"uv":[8.5,10.5,8.75,10.75],"texture":"#3"}}},{"from":[15,7.9,7.95],"to":[25.85,8.001,8.05],"faces":{"north":{"uv":[7,12,14.5,13],"rotation":180,"texture":"#0"},"east":{"uv":[7.25,10,7.75,10.5],"texture":"#2"},"south":{"uv":[7,12,14.5,13],"rotation":180,"texture":"#0"},"up":{"uv":[7,11.5,16,12.5],"texture":"#0"},"down":{"uv":[7,9.5,16,10.5],"texture":"#0"}}},{"from":[24.6,8.125,7.89645],"to":[26.2,8.625,8.10355],"faces":{"east":{"uv":[15.75,15.75,16,16],"texture":"#3"},"west":{"uv":[15.75,15.75,16,16],"texture":"#2"},"up":{"uv":[5.25,4.25,7,4.75],"texture":"#4"},"down":{"uv":[5.25,5.25,6.75,5.75],"texture":"#4"}}},{"from":[17.1564,9.5164,7.85],"to":[18.0964,9.8164,8.15],"rotation":{"angle":-45,"axis":"z","origin":[16.5625,9.25,7.875]},"faces":{"north":{"uv":[5.5,14.25,6.25,16],"rotation":90,"texture":"#4"},"south":{"uv":[5.5,14.25,6.25,16],"rotation":270,"texture":"#4"},"up":{"uv":[13,3,13.75,5.5],"rotation":90,"texture":"#4"}}},{"from":[15.65,8.85,7.875],"to":[17.15,9.25,8.125],"rotation":{"angle":45,"axis":"x","origin":[15.5,9.05,8]},"faces":{"north":{"uv":[13.25,4.25,13.5,5.5],"texture":"#2"},"south":{"uv":[11,8,11.25,8.5],"rotation":180,"texture":"#4"},"up":{"uv":[13,4.5,13.25,5.25],"texture":"#2"},"down":{"uv":[8.75,8,9,8.75],"texture":"#4"}}},{"from":[4.225,7.1,7.6],"to":[5.5,7.6,8.4],"faces":{"north":{"uv":[0,7.5,3.5,9.5],"texture":"#1"},"east":{"uv":[13.5,14,16,16],"rotation":180,"texture":"#1"},"south":{"uv":[0,7.5,3.5,9.5],"texture":"#1"},"west":{"uv":[0,9.5,2.5,11.5],"rotation":180,"texture":"#1"},"down":{"uv":[8,13.5,11.5,16],"rotation":180,"texture":"#1"}}},{"from":[-3.1,5.5,7.5],"to":[-3,8.075,8.5],"faces":{"north":{"uv":[8,14,16,15],"rotation":90,"texture":"#0"},"south":{"uv":[8,11.5,16,12.5],"rotation":90,"texture":"#0"},"west":{"uv":[7.5,8.5,15.5,12],"rotation":90,"texture":"#0"},"down":{"uv":[8,10.5,13.5,11.5],"rotation":90,"texture":"#0"}}},{"from":[-3,5.5,7.5],"to":[0.4,8.075,8.5],"faces":{"north":{"uv":[6,3.5,16,11.5],"texture":"#1"},"east":{"uv":[1,4,2,12],"texture":"#1"},"south":{"uv":[0,3.5,10,11.5],"texture":"#1"},"down":{"uv":[0,10.5,10,16],"rotation":180,"texture":"#1"}}},{"from":[1.69714,6.20759,7.601],"to":[4.39714,7.23259,8.399],"rotation":{"angle":22.5,"axis":"z","origin":[0.39714,7.25759,7.6875]},"faces":{"north":{"uv":[8,4.5,16,8],"texture":"#1"},"south":{"uv":[8,4.5,16,8],"texture":"#1"},"up":{"uv":[5,0,16,3],"texture":"#1"},"down":{"uv":[2,12.5,16,16],"rotation":180,"texture":"#1"}}},{"from":[4.5625,5.3375,7.7],"to":[5.5625,7.9375,8.3],"rotation":{"angle":-22.5,"axis":"z","origin":[4.5625,7.9375,7.75]},"faces":{"north":{"uv":[0,11,8.5,8],"rotation":270,"texture":"#1"},"east":{"uv":[4.5,14,13,16],"rotation":90,"texture":"#1"},"south":{"uv":[0,8,8.5,11],"rotation":270,"texture":"#1"},"west":{"uv":[4.5,5,6.5,13.5],"rotation":180,"texture":"#1"},"down":{"uv":[6.5,7.5,8.5,10.5],"rotation":270,"texture":"#1"}}},{"from":[26.099,8.5625,7.85],"to":[26.199,9.075,8.15],"rotation":{"angle":0,"axis":"y","origin":[8,7.8,8]},"faces":{"north":{"uv":[6.75,9.25,8.75,9.75],"rotation":270,"texture":"#2"},"east":{"uv":[1.75,11.5,3,12.25],"rotation":270,"texture":"#2"},"south":{"uv":[6.75,9.25,8.75,9.75],"rotation":270,"texture":"#2"},"west":{"uv":[15.75,15.75,16,16],"texture":"#3"}}},{"from":[15.42,8.155,7.95624],"to":[26.3325,8.21,8.04376],"rotation":{"angle":0,"axis":"y","origin":[8,7.9625,8]},"faces":{"east":{"uv":[15.75,15.75,16,16],"texture":"#2"},"up":{"uv":[4.25,2.5,4.5,3],"rotation":180,"texture":"#3"},"down":{"uv":[15.75,15.75,16,16],"texture":"#2"}}},{"from":[11.95,9.26049,7.91759],"to":[15.15,9.46049,8.09661],"rotation":{"angle":0,"axis":"x","origin":[13.9375,10.41049,8.0071]},"faces":{"up":{"uv":[0,0,8,1],"texture":"#1"}}},{"from":[11.95,9.67054,8.90754],"to":[15.15,9.87054,9.08656],"rotation":{"angle":45,"axis":"x","origin":[13.9375,10.41049,8.0071]},"faces":{"up":{"uv":[0,2,8,3],"texture":"#1"}}},{"from":[11.95,9.33103,8.54705],"to":[15.15,9.51005,8.74705],"rotation":{"angle":45,"axis":"x","origin":[13.9375,10.41049,8.0071]},"faces":{"north":{"uv":[8,2,16,3],"texture":"#1"}}},{"from":[11.95,9.02755,7.72134],"to":[15.15,9.20657,7.92134],"rotation":{"angle":-22.5,"axis":"x","origin":[13.9375,10.41049,8.0071]},"faces":{"south":{"uv":[0,3,8,4],"texture":"#1"}}},{"from":[11.95,9.36706,7.38183],"to":[15.15,9.56706,7.56085],"rotation":{"angle":-22.5,"axis":"x","origin":[13.9375,10.41049,8.0071]},"faces":{"up":{"uv":[8,1,16,2],"rotation":180,"texture":"#1"}}},{"from":[11.95,9.36706,8.45335],"to":[15.15,9.56706,8.63237],"rotation":{"angle":22.5,"axis":"x","origin":[13.9375,10.41049,8.0071]},"faces":{"up":{"uv":[0,1,8,2],"texture":"#1"}}},{"from":[11.95,9.02755,8.09286],"to":[15.15,9.20657,8.29286],"rotation":{"angle":22.5,"axis":"x","origin":[13.9375,10.41049,8.0071]},"faces":{"north":{"uv":[8,3,16,4],"texture":"#1"}}},{"from":[11.95,8.8,7.5571],"to":[15.15,9.1,8.4571],"rotation":{"angle":0,"axis":"y","origin":[8,8,7.9571]},"faces":{"north":{"uv":[8,4,16,5.5],"texture":"#1"},"south":{"uv":[0,4,8,5.5],"texture":"#1"},"down":{"uv":[4.5,13.5,12.5,16],"rotation":180,"texture":"#1"}}},{"from":[12.2,7.82821,8.44749],"to":[15.15,8.07671,8.74749],"rotation":{"angle":45,"axis":"x","origin":[13.775,8.2,8.2]},"faces":{"east":{"uv":[15.5,15.5,16,16],"texture":"#1"},"south":{"uv":[3.5,10,11.5,11],"texture":"#1"}}},{"from":[12.2,7.82825,7.25251],"to":[15.15,8.07677,7.55251],"rotation":{"angle":-45,"axis":"x","origin":[13.775,8.2,7.8]},"faces":{"north":{"uv":[3.5,10,11.5,11],"texture":"#1"},"east":{"uv":[15.5,15.5,16,16],"texture":"#1"}}},{"from":[12.2,7.55,7.67574],"to":[15.15,7.75,8.32426],"rotation":{"angle":0,"axis":"x","origin":[13.775,8.2,7.8]},"faces":{"east":{"uv":[15.5,15.5,16,16],"texture":"#1"},"down":{"uv":[4.5,14,12.5,16],"texture":"#1"}}},{"from":[4.1976,9.05733,7.8755],"to":[4.4226,9.20433,8.1245],"rotation":{"angle":22.5,"axis":"z","origin":[4.70447,8.80377,8.0004]},"faces":{"north":{"uv":[3.5,9,2.5,11.5],"texture":"#0"},"south":{"uv":[2.5,9,3.5,11.5],"texture":"#0"},"west":{"uv":[2,8.5,3,11],"texture":"#0"},"up":{"uv":[0.5,7,1.5,12],"rotation":270,"texture":"#0"}}},{"from":[4.1927,9.08358,7.8751],"to":[5.1397,9.28358,8.1249],"rotation":{"angle":45,"axis":"z","origin":[4.70447,8.80377,8]},"faces":{"north":{"uv":[8,5,8.25,5.75],"texture":"#2"},"south":{"uv":[8,5,8.25,5.75],"texture":"#2"},"up":{"uv":[0,3.5,1.75,4.25],"texture":"#2"}}},{"from":[4.675,9.225,7.87574],"to":[10.2,9.45,8.12426],"faces":{"up":{"uv":[0,4,8,4.75],"texture":"#2"}}},{"from":[6,7.58,8.15],"to":[10.2,8.55,8.45],"faces":{"south":{"uv":[14.25,11.5,8,8.25],"rotation":180,"texture":"#2"},"up":{"uv":[11,8,11.25,8.5],"texture":"#2"},"down":{"uv":[7.25,8.75,8,9.5],"texture":"#4"}}},{"from":[8.8,8.155,7.5],"to":[10.8,8.525,8.5],"rotation":{"angle":0,"axis":"y","origin":[8,8,7.85]},"faces":{"north":{"uv":[5,8.25,8,7.25],"rotation":180,"texture":"#4"},"south":{"uv":[5,8.25,8,7.25],"rotation":180,"texture":"#4"},"west":{"uv":[5.25,8,5.5,7],"rotation":180,"texture":"#4"},"up":{"uv":[11,3.5,14,3.75],"texture":"#4"},"down":{"uv":[15.75,15.75,16,16],"rotation":180,"texture":"#4"}}},{"from":[11.19,9.48,7.7494],"to":[11.685,9.615,8.2506],"rotation":{"angle":0,"axis":"y","origin":[10.75,9.535,8]},"faces":{"north":{"uv":[5.75,7.5,6.25,8.25],"texture":"#4"},"east":{"uv":[7,1.75,8.25,2.5],"texture":"#4"},"south":{"uv":[5.75,7.5,6.25,8.25],"texture":"#4"},"west":{"uv":[6,7.75,6.5,8.25],"texture":"#4"},"up":{"uv":[6,8.75,6.75,10],"texture":"#3"}}},{"from":[7.501,7.2,7.6995],"to":[9.301,7.6,8.3005],"rotation":{"angle":0,"axis":"y","origin":[8,8,8.0005]},"faces":{"north":{"uv":[10.25,8.75,12.25,8],"rotation":180,"texture":"#4"},"east":{"uv":[15.75,15.75,16,16],"texture":"#4"},"south":{"uv":[10.25,8.75,12.25,8],"rotation":180,"texture":"#4"},"west":{"uv":[10.25,8.75,10.75,8],"rotation":180,"texture":"#4"}}},{"from":[8.505,3.82309,7.5578],"to":[9.307,7.28809,8.24703],"rotation":{"angle":22.5,"axis":"x","origin":[11.091,5.32,8]},"faces":{"east":{"uv":[11,10.5,11.6,16],"texture":"#0"},"up":{"uv":[12,5.5,16,4.5],"texture":"#0"},"down":{"uv":[12,8.5,16,7.5],"texture":"#0"}}},{"from":[8.5052,3.8425,7.65538],"to":[9.3072,7.3075,8.34462],"rotation":{"angle":0,"axis":"y","origin":[11.091,5.32,8]},"faces":{"east":{"uv":[11,10.5,11.6,16],"texture":"#0"},"up":{"uv":[12,8,16,7],"texture":"#0"},"down":{"uv":[12,8.5,16,7.5],"texture":"#0"}}},{"from":[8.505,3.82309,7.75297],"to":[9.307,7.28809,8.4422],"rotation":{"angle":-22.5,"axis":"x","origin":[11.091,5.32,8]},"faces":{"east":{"uv":[11,10.5,11.6,16],"texture":"#0"},"up":{"uv":[12,4.5,16,5.5],"texture":"#0"},"down":{"uv":[12,7.5,16,8.5],"texture":"#0"}}},{"from":[8.50445,3.76781,7.8357],"to":[9.30645,7.23281,8.52493],"rotation":{"angle":-45,"axis":"x","origin":[11.091,5.32,8]},"faces":{"east":{"uv":[11,10.5,11.6,16],"texture":"#0"},"up":{"uv":[12,3.5,16,4.5],"texture":"#0"},"down":{"uv":[12,6.5,16,7.5],"texture":"#0"}}},{"from":[8.505,5.21097,6.16992],"to":[9.307,5.9002,9.63492],"rotation":{"angle":22.5,"axis":"x","origin":[11.091,5.32,8]},"faces":{"north":{"uv":[12,4.5,16,3.5],"rotation":180,"texture":"#0"},"east":{"uv":[13,10.5,13.6,16],"rotation":90,"texture":"#0"},"south":{"uv":[12,5.5,16,6.5],"texture":"#0"}}},{"from":[8.50555,5.23038,6.2675],"to":[9.30755,5.91962,9.7325],"rotation":{"angle":0,"axis":"x","origin":[11.091,5.32,8]},"faces":{"north":{"uv":[12,5.5,16,4.5],"rotation":180,"texture":"#0"},"east":{"uv":[9,10.5,9.6,16],"rotation":270,"texture":"#0"},"south":{"uv":[12,4.5,16,5.5],"texture":"#0"}}},{"from":[8.505,5.21097,6.36508],"to":[9.307,5.9002,9.83008],"rotation":{"angle":-22.5,"axis":"x","origin":[11.091,5.32,8]},"faces":{"north":{"uv":[12,6.5,16,5.5],"rotation":180,"texture":"#0"},"east":{"uv":[11,10.5,11.6,16],"rotation":270,"texture":"#0"},"south":{"uv":[12,3.5,16,4.5],"texture":"#0"}}},{"from":[8.50445,3.76781,7.47507],"to":[9.30645,7.23281,8.1643],"rotation":{"angle":45,"axis":"x","origin":[11.091,5.32,8]},"faces":{"east":{"uv":[11,10.5,11.6,16],"texture":"#0"},"up":{"uv":[12,3,16,4],"texture":"#0"},"down":{"uv":[12,7.5,16,6.5],"texture":"#0"}}},{"from":[7.34055,5.3275,7.7525],"to":[9.41755,5.8225,8.2475],"rotation":{"angle":0,"axis":"y","origin":[8.47905,5.65,8]},"faces":{"north":{"uv":[8,4.5,8.6,5.25],"texture":"#4"},"east":{"uv":[7,6,9.5,8.5],"rotation":180,"texture":"#0"},"south":{"uv":[8,4.5,8.6,5.25],"texture":"#4"},"west":{"uv":[9,14,10.5,15.5],"texture":"#0"},"up":{"uv":[8.5,3.5,9.1,4.25],"texture":"#4"},"down":{"uv":[7,10,7.6,10.75],"texture":"#4"}}},{"from":[7.45,3.63059,7.51951],"to":[8.56,7.48059,8.28532],"rotation":{"angle":22.5,"axis":"x","origin":[8.44,5.32,8]},"faces":{"east":{"uv":[9.5,4.5,10.5,5.5],"rotation":270,"texture":"#0"},"west":{"uv":[10,8,10.5,4.5],"rotation":180,"texture":"#0"},"up":{"uv":[9.5,6,15,5],"texture":"#0"},"down":{"uv":[9.51,7.5,15.01,8.5],"texture":"#0"}}},{"from":[7.45,3.57531,7.43678],"to":[8.56,7.42531,8.20259],"rotation":{"angle":45,"axis":"x","origin":[8.44,5.32,8]},"faces":{"east":{"uv":[10,5,11,4],"rotation":270,"texture":"#0"},"west":{"uv":[10,8,10.5,4.5],"rotation":180,"texture":"#0"},"up":{"uv":[9.5,5,15,4],"texture":"#0"},"down":{"uv":[9.51,7.5,15.01,8.5],"texture":"#0"}}},{"from":[7.4492,3.65,7.61709],"to":[8.5592,7.5,8.38291],"rotation":{"angle":0,"axis":"y","origin":[8.44,5.32,8]},"faces":{"east":{"uv":[10,6,11,7],"rotation":270,"texture":"#0"},"west":{"uv":[10,8,10.5,4.5],"rotation":180,"texture":"#0"},"up":{"uv":[9.5,8,15,7],"texture":"#0"},"down":{"uv":[9.51,7.5,15.01,8.5],"texture":"#0"}}},{"from":[7.45,5.17268,6.17258],"to":[8.56,5.9385,10.02258],"rotation":{"angle":-22.5,"axis":"x","origin":[8.44,5.32,8]},"faces":{"north":{"uv":[9.51,7.5,15.01,6.5],"rotation":180,"texture":"#0"},"east":{"uv":[10,3.5,11,4.5],"rotation":90,"texture":"#0"},"south":{"uv":[9.5,4.5,15,5.5],"texture":"#0"},"west":{"uv":[10,8,10.5,4.5],"rotation":270,"texture":"#0"}}},{"from":[7.44945,5.19209,6.075],"to":[8.55945,5.95791,9.925],"rotation":{"angle":0,"axis":"x","origin":[8.44,5.32,8]},"faces":{"north":{"uv":[9.51,6.5,15.01,5.5],"rotation":180,"texture":"#0"},"east":{"uv":[10,3.5,11,4.5],"rotation":180,"texture":"#0"},"south":{"uv":[9.51,5.5,15.01,6.5],"texture":"#0"},"west":{"uv":[10,8,10.5,6.5],"rotation":180,"texture":"#0"}}},{"from":[7.45,5.17268,5.97742],"to":[8.56,5.9385,9.82742],"rotation":{"angle":22.5,"axis":"x","origin":[8.44,5.32,8]},"faces":{"north":{"uv":[9.5,5.5,15,4.5],"rotation":180,"texture":"#0"},"east":{"uv":[10,3.5,11,4.5],"rotation":270,"texture":"#0"},"south":{"uv":[9.51,6.5,15.01,7.5],"texture":"#0"},"west":{"uv":[10,8,10.5,4.5],"rotation":90,"texture":"#0"}}},{"from":[7.45,3.57531,7.79741],"to":[8.56,7.42531,8.56322],"rotation":{"angle":-45,"axis":"x","origin":[8.44,5.32,8]},"faces":{"east":{"uv":[10,4,11,5],"rotation":270,"texture":"#0"},"west":{"uv":[10,8,10.5,4.5],"rotation":180,"texture":"#0"},"up":{"uv":[9.5,4,15,5],"texture":"#0"},"down":{"uv":[9.51,7.5,15.01,8.5],"texture":"#0"}}},{"from":[7.45,3.63059,7.71468],"to":[8.56,7.48059,8.48049],"rotation":{"angle":-22.5,"axis":"x","origin":[8.44,5.32,8]},"faces":{"east":{"uv":[9.5,5.5,10.5,4.5],"rotation":270,"texture":"#0"},"west":{"uv":[10,8,10.5,4.5],"rotation":180,"texture":"#0"},"up":{"uv":[9.5,5,15,6],"texture":"#0"},"down":{"uv":[9.51,7.5,15.01,8.5],"texture":"#0"}}}]}